<?xml version="1.0" encoding="utf-8"?>
<COLLADA xmlns="http://www.collada.org/2005/11/COLLADASchema" version="1.4.1" xmlns:xsi="http://www.w3.org/2001/XMLSchema-instance">
  <asset>
    <contributor>
      <author>Blender User</author>
      <authoring_tool>Blender 4.5.1 LTS commit date:2025-07-29, commit time:05:31, hash:b0a72b245dcf</authoring_tool>
    </contributor>
    <created>2026-07-26T22:54:29</created>
    <modified>2026-07-26T22:54:29</modified>
    <unit name="meter" meter="1"/>
    <up_axis>Z_UP</up_axis>
  </asset>
  <library_effects>
    <effect id="silver-effect">
      <profile_COMMON>
        <technique sid="common">
          <lambert>
            <emission>
              <color sid="emission">0 0 0 1</color>
            </emission>
            <diffuse>
              <color sid="diffuse">0.5 0.5 0.5 1</color>
            </diffuse>
            <reflectivity>
              <float sid="specular">0.5</float>
            </reflectivity>
            <index_of_refraction>
              <float sid="ior">1.5</float>
            </index_of_refraction>
          </lambert>
        </technique>
      </profile_COMMON>
    </effect>
    <effect id="black-effect">
      <profile_COMMON>
        <technique sid="common">
          <lambert>
            <emission>
              <color sid="emission">0 0 0 1</color>
            </emission>
            <diffuse>
              <color sid="diffuse">0.008075851 0.008075851 0.008075851 1</color>
            </diffuse>
            <index_of_refraction>
              <float sid="ior">1.5</float>
            </index_of_refraction>
          </lambert>
        </technique>
      </profile_COMMON>
    </effect>
  </library_effects>
  <library_images/>
  <library_materials>
    <material id="silver-material" name="silver">
      <instance_effect url="#silver-effect"/>
    </material>
    <material id="black-material" name="black">
      <instance_effect url="#black-effect"/>
    </material>
  </library_materials>
  <library_geometries>
    <geometry id="wheel_loader_v1_068-mesh" name="wheel loader v1.068">
      <mesh>
        <source id="wheel_loader_v1_068-mesh-positions">
          <float_array id="wheel_loader_v1_068-mesh-positions-array" count="5058">1.230729 1.676069 -0.2759962 1.230313 1.7 -0.2788725 1.725587 1.676068 -0.3475254 2.714885 1.699999 -0.4934585 2.220444 1.676068 -0.419054 2.715302 1.676068 -0.4905827 2.221667 1.653527 -0.410593 2.716525 1.653527 -0.4821222 2.223627 1.633688 -0.3970397 2.718482 1.633688 -0.4685683 2.226207 1.617701 -0.3791804 2.721065 1.617701 -0.4507094 2.229261 1.606498 -0.3580542 2.724119 1.606498 -0.4295831 2.23261 1.600729 -0.3348882 2.727466 1.600729 -0.4064169 2.236058 1.600729 -0.3110287 2.730916 1.600729 -0.3825574 2.239407 1.606498 -0.2878628 2.734265 1.606498 -0.3593915 2.24246 1.617701 -0.2667363 2.737318 1.617701 -0.3382652 2.245041 1.633688 -0.248877 2.739899 1.633688 -0.320406 2.247001 1.653527 -0.2353234 2.741858 1.653527 -0.3068524 2.248224 1.676068 -0.2268629 2.743082 1.676068 -0.2983918 2.743496 1.699999 -0.2955155 1.258924 1.7 -0.08092927 1.753367 1.676068 -0.1553342 1.752143 1.653527 -0.1637947 1.750185 1.633688 -0.1773486 1.747603 1.617702 -0.1952073 1.744549 1.606499 -0.2163336 1.741201 1.600729 -0.2395 1.737751 1.600729 -0.2633596 1.734404 1.606499 -0.2865255 1.731349 1.617702 -0.3076518 1.728768 1.633688 -0.3255107 1.726809 1.653527 -0.3390646 1.258509 1.676069 -0.08380532 1.257286 1.653527 -0.09226608 1.255327 1.633688 -0.1058197 1.252745 1.617702 -0.1236786 1.249691 1.606499 -0.1448049 1.246344 1.600729 -0.1679711 1.242895 1.600729 -0.1918306 1.239546 1.606499 -0.2149968 1.236493 1.617702 -0.236123 1.233911 1.633688 -0.2539823 1.231952 1.653527 -0.2675357 -0.09402036 1.600001 0.01359176 -0.09402036 1.8 0.01359176 -0.09454083 1.600001 -0.009304523 -0.09454083 1.8 -0.009304523 -0.08956646 1.8 -0.0316596 -0.08956646 1.600001 -0.0316596 -0.07938671 1.8 -0.05217504 -0.07938694 1.600001 -0.05217504 -0.06459331 1.8 -0.06965804 -0.06459355 1.600001 -0.06965804 -0.04604578 1.8 -0.08309245 -0.04604601 1.600001 -0.08309245 -0.02482223 1.8 -0.09169793 -0.02482223 1.600001 -0.09169793 -0.00215578 1.8 -0.09497427 -0.00215578 1.600001 -0.09497427 0.02063608 1.8 -0.09273099 0.02063608 1.600001 -0.09273099 0.04222893 1.8 -0.08509826 0.04222869 1.600001 -0.08509826 0.06136727 1.8 -0.07252025 0.06136727 1.600001 -0.07252025 0.07693982 1.8 -0.05572724 0.07693958 1.600001 -0.05572724 0.08804059 1.8 -0.03569531 0.08804059 1.600001 -0.03569555 0.09402513 1.600001 -0.01358938 0.09402513 1.8 -0.01358938 -0.05423235 1.8 0.1413321 -0.03728818 1.778338 0.1533067 0.07216095 1.8 0.1269714 0.1985502 1.8 0.1125743 0.3249354 1.8 0.09814071 0.7523472 1.788271 0.05606031 0.7499509 1.813916 0.03947901 1.556981 1.79768 -0.04267883 1.554328 1.826056 -0.06102728 2.361614 1.807089 -0.1414177 2.358707 1.838197 -0.1615338 0.7541075 1.76022 0.06823778 -0.0183568 1.753271 0.1620323 0.7551806 1.730631 0.07566285 3.71695e-4 1.727614 0.1662864 0.009589433 1.714702 0.1668617 0.01990914 1.700001 0.1662628 2.365493 1.7 -0.1145782 1.560117 1.733838 -0.02097725 2.365054 1.737034 -0.1176154 2.363748 1.773057 -0.1266438 1.558928 1.766639 -0.02920293 1.551044 1.850994 -0.0837481 2.355105 1.865538 -0.186443 1.547217 1.871813 -0.1102216 2.350912 1.888363 -0.2154667 1.542953 1.887946 -0.1397259 2.346235 1.90605 -0.2478122 1.538366 1.898953 -0.1714551 2.341207 1.918115 -0.2825978 1.533584 1.904532 -0.204545 2.335963 1.924231 -0.3188748 1.528735 1.904532 -0.2380921 2.330647 1.924231 -0.3556533 1.523952 1.898953 -0.2711821 2.325404 1.918115 -0.3919304 1.519365 1.887946 -0.3029115 2.320375 1.90605 -0.4267159 1.515101 1.871813 -0.3324156 2.315699 1.888363 -0.4590616 1.511274 1.850994 -0.3588889 2.311505 1.865538 -0.488085 1.50799 1.826056 -0.3816099 2.307905 1.838197 -0.5129945 1.505337 1.79768 -0.3999584 2.304998 1.807089 -0.5331106 1.503389 1.766639 -0.413434 2.302862 1.773057 -0.5478842 1.502201 1.73383 -0.4216614 2.301556 1.737034 -0.5569124 -0.02798604 1.700001 -0.1650919 2.301116 1.7 -0.5599499 0.7028451 1.730617 -0.2864113 -0.03804802 1.714695 -0.1627461 -0.04671812 1.727595 -0.1595878 0.7039185 1.76022 -0.2789841 -0.06346344 1.753233 -0.1502163 -0.0791614 1.778317 -0.1364827 -0.09203338 1.8 -0.120187 0.03325295 1.8 -0.1422054 0.1585459 1.8 -0.1641874 0.2838454 1.8 -0.1861331 0.28665 1.823479 -0.1667294 0.7080753 1.813916 -0.2502251 0.7056789 1.788271 -0.2668064 0.7110431 1.836451 -0.2296926 0.2899966 1.843184 -0.1435761 0.7145014 1.855265 -0.205769 0.293783 1.858515 -0.1173806 0.7183552 1.869843 -0.1791069 0.2978935 1.869006 -0.08894324 0.7224994 1.87979 -0.1504335 0.3022025 1.874331 -0.05913281 0.7268219 1.884831 -0.120531 0.3065784 1.874331 -0.02885985 0.7312036 1.884831 -0.09021496 0.7355263 1.87979 -0.0603125 0.3108871 1.869006 9.50813e-4 0.739671 1.869843 -0.03163909 0.3149974 1.858515 0.02938818 0.743525 1.855265 -0.004977226 0.318784 1.843184 0.05558371 0.7469826 1.836451 0.0189464 0.3221307 1.823479 0.07873678 2.68985 1.699999 -0.6666584 2.29568 1.7 -0.597559 2.69029 1.740986 -0.6636188 2.296102 1.739197 -0.5946519 2.691597 1.781057 -0.6545668 2.297352 1.77752 -0.5859947 2.693746 1.819318 -0.639705 2.299407 1.814111 -0.5717819 2.696687 1.854913 -0.6193657 2.302219 1.848152 -0.55233 2.700352 1.887046 -0.594003 2.305726 1.878885 -0.5280738 2.704661 1.915002 -0.5641832 2.309847 1.905622 -0.4995554 2.70952 1.938156 -0.5305729 2.314494 1.927765 -0.467412 2.714818 1.955989 -0.4939222 2.319561 1.94482 -0.4323607 2.720438 1.968105 -0.455051 2.324933 1.956405 -0.395185 2.726251 1.974231 -0.4148264 2.330493 1.962265 -0.3567159 2.732131 1.974231 -0.3741479 2.336117 1.962265 -0.3178122 2.737945 1.968105 -0.3339231 2.341677 1.956405 -0.2793431 2.743563 1.955989 -0.2950516 2.347051 1.94482 -0.2421674 2.748862 1.938156 -0.2584012 2.352118 1.927765 -0.2071166 2.753719 1.915002 -0.2247908 2.356763 1.905622 -0.1749727 2.75803 1.887046 -0.1949713 2.360885 1.878885 -0.1464543 2.761697 1.854913 -0.1696083 2.364391 1.848152 -0.1221983 2.764636 1.819318 -0.1492688 2.367204 1.814111 -0.1027464 2.766785 1.781057 -0.1344072 2.369258 1.77752 -0.0885334 2.768092 1.740986 -0.1253552 2.370509 1.739197 -0.07987642 2.768532 1.699999 -0.1223156 2.370929 1.7 -0.07696914 -0.1472284 1.79139 -0.07971811 -0.1472311 1.608609 -0.07971382 -0.1566746 1.8 -0.05908799 -0.1566746 1.600001 -0.05908799 -0.1643512 1.8 -0.03204703 -0.1643512 1.600001 -0.03204727 -0.1673963 1.8 -0.004103422 -0.1673963 1.600001 -0.004103422 -0.165724 1.8 0.02395582 -0.1657242 1.600001 0.02395582 -0.1593821 1.8 0.05134034 -0.1593823 1.600001 0.05134034 -0.1485486 1.8 0.07727837 -0.1485488 1.600001 0.07727837 -0.1335291 1.8 0.1010384 -0.1335291 1.600001 0.1010384 -0.1186316 1.791392 0.1181459 -0.118628 1.608611 0.1181492 -0.1015968 1.781047 0.1331055 -0.1015958 1.618954 0.1331062 -0.08314657 1.630541 0.1453399 -0.1351299 1.618954 -0.09888505 -0.1351289 1.781047 -0.09888601 -0.1208989 1.76946 -0.1158435 -0.1208868 1.63055 -0.1158554 -0.1050441 1.756993 -0.1303997 -0.1050176 1.643029 -0.1304211 -0.08789277 1.74387 -0.1424987 -0.08786964 1.656149 -0.1425137 -0.07027864 1.730688 -0.1519846 -0.07026982 1.66932 -0.1519889 -0.05134296 1.716774 -0.1594378 -0.05134224 1.683228 -0.1594378 -0.04034423 1.708832 -0.1625473 -0.04034447 1.691169 -0.1625471 -0.08313107 1.769452 0.1453483 -0.06381845 1.643008 0.1548109 -0.06378722 1.756973 0.1548237 -0.0439434 1.656131 0.1615579 -0.0439167 1.743852 0.1615655 -0.02436375 1.669313 0.165668 -0.02435445 1.730681 0.1656692 -0.004092693 1.683228 0.1674537 -0.004091978 1.716773 0.1674537 0.007336378 1.69117 0.1673214 0.007336139 1.708832 0.1673214 0.09498739 1.8 -0.001697778 0.09158062 1.8 -0.02526617 0.08241987 1.8 -0.04724693 0.09242582 1.8 0.02197742 0.08405685 1.8 0.04427146 0.07040643 1.8 0.06378412 0.0523324 1.8 0.07928919 0.03097033 1.8 0.08981227 0.007662296 1.8 0.09469175 -0.0161271 1.8 0.0936222 -0.03890275 1.8 0.08666968 -0.06555914 1.8 0.1415755 -0.07732582 1.8 0.1397862 -0.08823943 1.8 0.1364073 -0.09894561 1.8 0.1314272 -0.1178781 1.8 0.1180419 -0.05923414 1.8 0.07427144 -0.07584333 1.8 0.05720639 -0.08768677 1.8 0.03654742 -0.09444642 1.8 -0.01021766 -0.08893775 1.8 -0.03338527 -0.0778408 1.8 -0.0544548 -0.1464686 1.8 -0.07984399 -0.06185245 1.8 -0.07210278 -0.1320872 1.8 -0.09805107 -0.1232295 1.8 -0.1058528 -0.1137206 1.8 -0.1121785 -0.1029536 1.8 -0.1172177 -0.01946496 1.8 -0.09298276 -0.0419774 1.8 -0.08522033 0.04946327 1.8 -0.08110761 0.02773857 1.8 -0.09085988 0.004270792 1.8 -0.09490275 0.06808042 1.8 -0.0662589 -0.07584333 1.600001 0.05720639 -0.05923414 1.600001 0.07427144 -0.1178195 1.600001 0.1180939 -0.03890275 1.600001 0.08666968 -0.098917 1.600001 0.1314432 -0.08824014 1.600001 0.1364068 -0.07735753 1.600001 0.139779 -0.06557488 1.600001 0.1415748 -0.05423259 1.600001 0.1413321 -0.0161271 1.600001 0.09362196 0.007662057 1.600001 0.09469175 -0.08768677 1.600001 0.03654742 -0.09444642 1.600001 -0.01021766 -0.08893775 1.600001 -0.03338527 -0.0778408 1.600001 -0.0544548 -0.1464791 1.600001 -0.0798273 -0.06185245 1.600001 -0.07210278 -0.132112 1.600001 -0.09802651 -0.123254 1.600001 -0.105834 -0.113744 1.600001 -0.1121654 -0.1029658 1.600001 -0.1172134 -0.09203362 1.600001 -0.120187 0.03325295 1.600001 -0.1422054 -0.01946496 1.600001 -0.09298276 -0.04197764 1.600001 -0.08522033 0.1585459 1.600001 -0.1641874 0.04946327 1.600001 -0.08110761 0.02773833 1.600001 -0.09085988 0.004270792 1.600001 -0.09490275 0.2838452 1.600001 -0.1861331 0.08241987 1.600001 -0.04724717 0.06808018 1.600001 -0.0662589 0.3249354 1.600001 0.09814071 0.09498715 1.600001 -0.001697778 0.09158062 1.600001 -0.02526617 0.09242558 1.600001 0.02197742 0.1985499 1.600001 0.1125743 0.08405661 1.600001 0.04427146 0.07040643 1.600001 0.06378412 0.07216095 1.600001 0.1269714 0.0523324 1.600001 0.07928919 0.03097033 1.600001 0.08981227 0.2866497 1.576522 -0.1667294 0.3221305 1.576522 0.07873678 0.2899964 1.556817 -0.1435761 0.3187838 1.556817 0.05558347 0.293783 1.541484 -0.1173806 0.3149974 1.541484 0.02938818 0.2978933 1.530996 -0.08894324 0.3108869 1.530996 9.50575e-4 0.3022022 1.52567 -0.05913281 0.3065782 1.52567 -0.02885985 2.69029 1.659013 -0.6636188 2.715335 1.724868 -0.4903493 2.716654 1.748175 -0.4812162 2.718763 1.768454 -0.4666343 2.721525 1.784433 -0.4475186 2.72477 1.795105 -0.425071 2.728292 1.799802 -0.4007015 2.731871 1.798229 -0.3759415 2.735283 1.790483 -0.3523474 2.738309 1.77705 -0.3314004 2.740765 1.758778 -0.3144176 2.742492 1.736812 -0.3024657 2.743383 1.712532 -0.2962961 2.743383 1.687466 -0.2962961 2.768092 1.659013 -0.1253552 2.766785 1.618942 -0.1344075 2.742492 1.663187 -0.3024657 2.764636 1.580681 -0.1492688 2.740765 1.641221 -0.3144176 2.761697 1.545086 -0.1696085 2.75803 1.512952 -0.1949713 2.738309 1.622948 -0.3314004 2.753719 1.484995 -0.224791 2.748862 1.461842 -0.2584012 2.735283 1.609517 -0.3523474 2.743563 1.444009 -0.2950516 2.731871 1.601771 -0.3759415 2.737945 1.431894 -0.3339231 2.732131 1.425768 -0.3741479 2.728292 1.600196 -0.4007018 2.726251 1.425768 -0.4148264 2.720437 1.431894 -0.455051 2.72477 1.604894 -0.425071 2.714817 1.444009 -0.4939225 2.721525 1.615567 -0.4475186 2.70952 1.461842 -0.5305729 2.704661 1.484995 -0.5641832 2.718763 1.631545 -0.4666343 2.700352 1.512952 -0.594003 2.696687 1.545086 -0.6193657 2.716654 1.651824 -0.4812162 2.693746 1.580681 -0.639705 2.715335 1.67513 -0.4903493 2.691597 1.618942 -0.6545668 2.370509 1.660802 -0.07987642 2.369258 1.622479 -0.0885334 2.367204 1.585889 -0.1027464 2.364391 1.551846 -0.1221983 2.360884 1.521114 -0.1464543 2.356763 1.494378 -0.1749727 2.352118 1.472234 -0.2071168 2.347051 1.45518 -0.2421677 2.341677 1.443594 -0.2793431 2.336116 1.437735 -0.3178122 2.330493 1.437735 -0.3567159 2.324933 1.443594 -0.3951852 2.319561 1.45518 -0.4323607 2.314494 1.472234 -0.467412 2.309846 1.494378 -0.4995554 2.305726 1.521114 -0.5280738 2.302219 1.551846 -0.55233 2.299407 1.585889 -0.5717819 2.297352 1.622479 -0.5859947 2.296102 1.660802 -0.5946519 2.370488 1.659853 -0.08001971 2.370488 1.740146 -0.08001971 2.369175 1.779352 -0.08909964 2.367023 1.816698 -0.1039967 2.364078 1.851309 -0.124361 2.360415 1.882372 -0.1497161 2.356113 1.909162 -0.1794664 2.35128 1.931049 -0.2129158 2.346024 1.947519 -0.2492802 2.340469 1.958189 -0.2877064 2.334746 1.962807 -0.3272941 2.32899 1.961265 -0.3671155 2.323336 1.953598 -0.4062376 2.317915 1.939989 -0.4437428 2.312854 1.920753 -0.4787519 2.308274 1.896343 -0.5104449 2.304278 1.867332 -0.5380788 2.300966 1.834398 -0.5610056 2.298408 1.798313 -0.5786884 2.29667 1.759926 -0.5907121 2.295791 1.720133 -0.5967953 2.295791 1.679867 -0.5967953 2.301556 1.662966 -0.5569124 2.29667 1.640074 -0.5907121 2.302862 1.626942 -0.5478842 2.298408 1.601686 -0.5786884 2.304998 1.592911 -0.5331106 2.300965 1.565602 -0.5610056 2.307905 1.561802 -0.5129945 2.304278 1.532668 -0.5380788 2.311505 1.534462 -0.488085 2.308273 1.503656 -0.5104451 2.315699 1.511637 -0.4590616 2.312854 1.479247 -0.4787521 2.317914 1.460011 -0.4437428 2.320375 1.49395 -0.4267159 2.323336 1.446401 -0.4062376 2.325404 1.481885 -0.3919304 2.328989 1.438735 -0.3671155 2.330647 1.475768 -0.3556535 2.334746 1.437193 -0.3272941 2.335963 1.475768 -0.3188748 2.340468 1.44181 -0.2877064 2.341206 1.481885 -0.2825978 2.346023 1.45248 -0.2492802 2.346235 1.49395 -0.2478122 2.351279 1.468951 -0.2129161 2.350911 1.511637 -0.2154667 2.356113 1.490838 -0.1794664 2.355105 1.534462 -0.186443 2.360415 1.517627 -0.1497161 2.358706 1.561802 -0.1615338 2.364078 1.548691 -0.124361 2.361614 1.592911 -0.1414177 2.367023 1.583301 -0.1039967 2.363748 1.626942 -0.1266438 2.369175 1.620647 -0.08909964 2.365054 1.662966 -0.1176154 1.560117 1.66617 -0.02097558 1.558928 1.633361 -0.02920293 1.556981 1.60232 -0.04267883 1.554328 1.573944 -0.06102728 1.551044 1.549005 -0.0837481 1.547217 1.528187 -0.1102218 1.542953 1.512054 -0.1397259 1.538366 1.501048 -0.1714551 1.533584 1.495469 -0.204545 1.528735 1.495469 -0.2380921 1.523951 1.501048 -0.2711821 1.519365 1.512054 -0.3029115 1.515101 1.528187 -0.3324156 1.511274 1.549005 -0.3588889 1.50799 1.573944 -0.3816099 1.505337 1.60232 -0.3999584 1.503389 1.633361 -0.413434 1.502201 1.666163 -0.42166 0.7028449 1.669369 -0.2864091 -0.03805327 1.685299 -0.1627445 0.7551808 1.669384 0.07566523 0.009594917 1.685306 0.1668617 3.85284e-4 1.672406 0.1662881 0.7541075 1.63978 0.06823778 -0.01832842 1.646769 0.1620419 -0.03727269 1.621684 0.1533157 0.7499507 1.586086 0.03947901 0.7523472 1.611729 0.05606031 0.7469823 1.563549 0.0189464 0.7435248 1.544735 -0.004977226 0.7396708 1.530157 -0.03163909 0.7355261 1.520211 -0.0603125 0.7312036 1.515169 -0.09021496 0.7268219 1.515169 -0.120531 0.7224991 1.520211 -0.1504335 0.7183552 1.530157 -0.1791069 0.7145012 1.544735 -0.205769 0.7110431 1.563549 -0.2296926 0.7080753 1.586086 -0.2502251 0.7056789 1.611729 -0.2668064 -0.0791738 1.621663 -0.1364698 0.7039185 1.63978 -0.2789841 -0.063488 1.64673 -0.1501989 -0.04673075 1.672387 -0.1595823 0.0945456 1.600001 0.009306907 0.0945456 1.8 0.009306907 0.08957123 1.600001 0.03166222 0.08957123 1.8 0.03166222 0.07939147 1.600001 0.05217742 0.07939171 1.8 0.05217742 0.06459808 1.600001 0.06966018 0.06459832 1.8 0.06966042 0.04605078 1.600001 0.08309483 0.04605078 1.8 0.08309483 0.024827 1.600001 0.09170055 0.024827 1.8 0.09170055 0.002160549 1.600001 0.0949769 0.002160787 1.8 0.0949769 -0.02063131 1.600001 0.09273338 -0.02063131 1.8 0.09273338 -0.04222416 1.600001 0.08510065 -0.04222393 1.8 0.08510065 -0.0613625 1.600001 0.0725224 -0.0613625 1.8 0.0725224 -0.07693481 1.600001 0.05572938 -0.07693481 1.8 0.05572938 -0.08803582 1.600001 0.03569769 -0.08803582 1.8 0.03569793 -0.07948303 1.62114 -0.1361634 -0.09462761 1.605666 -0.1236026 -0.1045498 1.600007 -0.1166005 -0.09880781 1.608845 -0.1241712 -0.1048698 1.600252 -0.1166319 -0.1028611 1.612326 -0.1242752 -0.1093907 1.604004 -0.1167948 -0.1067135 1.616055 -0.1239008 -0.1136555 1.608088 -0.1164019 -0.1102964 1.61997 -0.1230504 -0.1175715 1.612424 -0.1154556 -0.1135509 1.624002 -0.1217422 -0.1210613 1.616916 -0.1139814 -0.1164298 1.62808 -0.1200108 -0.1240658 1.621472 -0.1120257 -0.1188714 1.632081 -0.1179318 -0.1337738 1.620009 -0.1007115 -0.1313571 1.615054 -0.1032936 -0.1444981 1.603108 -0.08370327 -0.1368098 1.6 -0.09297251 -0.1510999 1.600021 -0.07168006 -0.1149594 1.600001 -0.1114594 -0.120069 1.600003 -0.1081664 -0.1203308 1.600271 -0.1081252 -0.1245713 1.605033 -0.1070871 -0.1282699 1.610003 -0.1054563 -0.1566743 1.600001 -0.05908799 -0.1466724 1.609094 -0.0807805 -0.1003451 1.641714 -0.1338574 -0.1026046 1.644844 -0.1323277 -0.08326578 1.655865 -0.1451766 -0.08515715 1.658175 -0.1441757 -0.06535029 1.670424 -0.1541264 -0.06671428 1.671945 -0.1535828 -0.04692101 1.685139 -0.1607327 -0.04764461 1.685891 -0.1605246 -0.04161953 1.680021 -0.1615693 -0.04247665 1.680617 -0.1614851 -0.05494356 1.659938 -0.1555688 -0.05649065 1.661386 -0.1556217 -0.06409716 1.645776 -0.1497642 -0.0700066 1.642302 -0.1474018 -0.08276438 1.623683 -0.1367845 -0.08600521 1.626406 -0.1370975 -0.08916759 1.629284 -0.1370902 -0.09221553 1.632287 -0.1367571 -0.09511446 1.635383 -0.1361 -0.09783315 1.638537 -0.1351282 -0.04619383 1.684382 -0.1609125 -0.04546046 1.683627 -0.1610708 -0.0447216 1.682872 -0.1612071 -0.04397773 1.682118 -0.1613218 -0.04322934 1.681367 -0.1614146 -0.07236909 1.644445 -0.1475033 -0.07468938 1.646653 -0.1474151 -0.07695269 1.648913 -0.1471362 -0.07914543 1.651211 -0.1466674 -0.08125376 1.653534 -0.1460123 -0.05802488 1.662858 -0.1555886 -0.0595417 1.664349 -0.1554687 -0.06103634 1.665855 -0.1552617 -0.06250548 1.667373 -0.1549685 -0.06394481 1.668897 -0.1545896 -0.1043314 1.8 -0.1166784 -0.09203362 1.8 -0.1201872 -0.09462738 1.794335 -0.1236028 -0.0794866 1.778867 -0.1361594 -0.0827682 1.776324 -0.1367807 -0.06758284 1.759708 -0.1471421 -0.0699687 1.757645 -0.1474289 -0.05647253 1.738589 -0.155631 -0.0723288 1.755503 -0.14753 -0.0580058 1.737118 -0.1555976 -0.07464671 1.753298 -0.1474413 -0.05952143 1.735629 -0.1554775 -0.07690787 1.75104 -0.1471626 -0.06101512 1.734124 -0.1552708 -0.07909846 1.748744 -0.1466941 -0.06248331 1.732608 -0.1549775 -0.08120489 1.746424 -0.1460399 -0.06392168 1.731084 -0.1545991 -0.08321523 1.744095 -0.1452054 -0.06532645 1.729558 -0.1541366 -0.08510828 1.741783 -0.1442046 -0.06669116 1.728037 -0.1535928 -0.04691934 1.714862 -0.1607329 -0.04762005 1.714092 -0.1605319 -0.05492639 1.740037 -0.1555781 -0.04299759 1.72203 -0.161072 -0.04247546 1.719382 -0.1614856 -0.1026141 1.755156 -0.1323204 -0.1003506 1.758292 -0.1338531 -0.0978384 1.76147 -0.1351244 -0.09511947 1.764624 -0.1360962 -0.0922203 1.76772 -0.1367533 -0.08917236 1.770723 -0.1370863 -0.08600974 1.7736 -0.1370937 -0.1188745 1.767915 -0.1179285 -0.1164295 1.771921 -0.120011 -0.1135506 1.775999 -0.1217427 -0.1102962 1.78003 -0.1230506 -0.1067132 1.783946 -0.1239011 -0.1028609 1.787675 -0.1242756 -0.09880757 1.791156 -0.1241714 -0.1313354 1.784928 -0.1033215 -0.1337537 1.779971 -0.1007382 -0.1445167 1.79691 -0.08367061 -0.1466898 1.790925 -0.08074831 -0.1506938 1.799998 -0.07245469 -0.143053 1.799998 -0.08498907 -0.1380381 1.8 -0.09152579 -0.1282482 1.789977 -0.1054835 -0.1295979 1.800002 -0.1004505 -0.1245501 1.794946 -0.1071138 -0.120311 1.799706 -0.1081516 -0.1200234 1.800002 -0.1081967 -0.1157979 1.8 -0.1109557 -0.04322791 1.718632 -0.1614148 -0.0439763 1.717881 -0.1613223 -0.04472017 1.717128 -0.1612076 -0.04545903 1.716373 -0.161071 -0.0461924 1.715617 -0.1609129 -0.03767156 1.778861 0.1531004 -0.05575323 1.794335 0.1453421 -0.06725192 1.799994 0.1414365 -0.0596013 1.791156 0.1470713 -0.06754994 1.799748 0.1415574 -0.06345915 1.787675 0.1483187 -0.0718398 1.795998 0.1429936 -0.06726002 1.783946 0.1490509 -0.07604122 1.791913 0.1438245 -0.07093715 1.78003 0.1492497 -0.08006501 1.787577 0.144026 -0.07442879 1.775999 0.1489167 -0.08382916 1.783084 0.1436002 -0.07768011 1.771922 0.1480715 -0.08726477 1.778529 0.1425752 -0.08061051 1.76792 0.1467688 -0.09977912 1.779992 0.1344733 -0.09673023 1.784947 0.1362655 -0.1148805 1.796893 0.1211981 -0.1048824 1.8 0.1279108 -0.124617 1.799981 0.1115362 -0.07869148 1.8 0.1394536 -0.08452415 1.799998 0.1377425 -0.08478713 1.799731 0.1377768 -0.0891478 1.794968 0.1379821 -0.09315681 1.789998 0.1374652 -0.1177937 1.790908 0.1190104 -0.05833292 1.758288 0.1567962 -0.06093311 1.755158 0.1559691 -0.03874731 1.744136 0.1628155 -0.04084467 1.741826 0.1623919 -0.01903057 1.729577 0.166326 -0.02049303 1.728056 0.1661911 5.14984e-4 1.714863 0.1674435 -2.37703e-4 1.71411 0.1674487 0.005836248 1.71998 0.1667447 0.004990577 1.719384 0.1669068 -0.008641481 1.740063 0.1647622 -0.01011037 1.738615 0.1652517 -0.01906442 1.754226 0.1617877 -0.02540063 1.757699 0.1611952 -0.04064273 1.776318 0.1546254 -0.04366207 1.773595 0.1558434 -0.04669737 1.770717 0.1567316 -0.0497148 1.767714 0.1572751 -0.05268096 1.764619 0.1574659 -0.05556392 1.761465 0.1573038 0.001263141 1.715619 0.1674098 0.002011299 1.716374 0.1673543 0.002758741 1.717129 0.1672761 0.003504514 1.717883 0.167175 0.004248857 1.718634 0.1670522 -0.02763748 1.755556 0.1619617 -0.02988791 1.753348 0.1625344 -0.03213787 1.751088 0.1629073 -0.03437352 1.74879 0.1630787 -0.03658103 1.746468 0.1630475 -0.01159119 1.737143 0.1656541 -0.01307964 1.735652 0.1659684 -0.0145719 1.734146 0.1661934 -0.01606392 1.732629 0.1663281 -0.01755142 1.731105 0.1663722 -0.06499481 1.600001 0.1416003 -0.05575299 1.605666 0.1453425 -0.03767633 1.621134 0.1530976 -0.04064774 1.623677 0.1546227 -0.02314972 1.640294 0.1602599 -0.02535676 1.642357 0.1612105 -0.01009035 1.661412 0.1652553 -0.0275917 1.644498 0.1619758 -0.01157021 1.662883 0.1656577 -0.02983951 1.646703 0.1625473 -0.0130577 1.664372 0.1659717 -0.03208732 1.648961 0.1629204 -0.01454901 1.665878 0.1661963 -0.03432083 1.651257 0.1630914 -0.01604008 1.667394 0.166331 -0.03652644 1.653577 0.1630604 -0.01752662 1.668917 0.1663751 -0.03869056 1.655906 0.1628293 -0.01900482 1.670443 0.1663291 -0.0407896 1.658218 0.1624054 -0.02046775 1.671965 0.1661942 5.16415e-4 1.685139 0.1674432 -2.12193e-4 1.685909 0.1674489 -0.008622407 1.659964 0.1647665 0.004373788 1.677971 0.1666576 0.004991769 1.680619 0.1669068 -0.06094408 1.644845 0.155965 -0.05833911 1.641709 0.156794 -0.05557012 1.638531 0.1573016 -0.05268716 1.635378 0.1574637 -0.04972076 1.632281 0.157273 -0.0467031 1.629278 0.1567294 -0.04366755 1.626401 0.1558408 -0.08061432 1.632087 0.1467664 -0.07767987 1.62808 0.1480715 -0.07442831 1.624002 0.1489171 -0.07093691 1.619971 0.1492497 -0.06725978 1.616055 0.1490509 -0.06345915 1.612326 0.1483192 -0.05960106 1.608846 0.1470718 -0.09670162 1.615073 0.136286 -0.09975266 1.620031 0.1344933 -0.1149077 1.60309 0.1211721 -0.11782 1.609077 0.1189849 -0.1293175 1.600001 0.1063024 -0.1131324 1.600006 0.1220216 -0.09312868 1.610024 0.1374855 -0.1021363 1.6 0.1296088 -0.08912038 1.605056 0.1380014 -0.08476066 1.600295 0.1377966 -0.08447313 1.600001 0.1377589 -0.07566618 1.6 0.1401557 0.004250049 1.681369 0.167052 0.003505945 1.68212 0.167175 0.002760171 1.682873 0.1672756 0.002012729 1.683628 0.1673541 0.00126481 1.684384 0.1674098 2.743082 1.723931 -0.2983918 2.248224 1.723931 -0.2268629 1.753367 1.723931 -0.1553342 1.258509 1.723932 -0.08380532 1.257286 1.746473 -0.09226608 1.752143 1.746472 -0.1637947 1.255327 1.766312 -0.1058197 1.750185 1.766312 -0.1773486 1.252745 1.782299 -0.1236786 1.747603 1.782299 -0.1952073 1.249691 1.793501 -0.1448049 1.744549 1.793501 -0.2163336 1.246344 1.799271 -0.1679711 1.741201 1.799271 -0.2395 1.242895 1.799271 -0.1918303 1.737752 1.799271 -0.2633596 1.239546 1.793501 -0.2149968 1.734404 1.793501 -0.2865255 1.236493 1.782299 -0.236123 1.731349 1.782299 -0.3076518 1.233911 1.766312 -0.2539821 1.728768 1.766312 -0.3255107 1.231952 1.746473 -0.2675357 1.726809 1.746472 -0.3390646 1.230729 1.723932 -0.2759962 1.725587 1.723931 -0.3475254 2.220444 1.723931 -0.419054 2.715302 1.723931 -0.4905827 2.716525 1.746472 -0.4821222 2.221667 1.746472 -0.410593 2.718482 1.766311 -0.4685683 2.223627 1.766312 -0.3970397 2.721065 1.782299 -0.4507094 2.226207 1.782299 -0.3791804 2.724119 1.793501 -0.4295831 2.229261 1.793501 -0.3580542 2.727466 1.79927 -0.4064167 2.23261 1.79927 -0.3348882 2.730916 1.79927 -0.3825574 2.236058 1.79927 -0.3110287 2.734265 1.793501 -0.3593915 2.239407 1.793501 -0.2878628 2.737318 1.782299 -0.3382652 2.242461 1.782299 -0.2667363 2.739899 1.766311 -0.320406 2.245041 1.766312 -0.248877 2.741858 1.746472 -0.3068524 2.247001 1.746472 -0.2353234 1.258475 1.675131 -0.08403873 1.258475 1.724869 -0.08403873 1.257156 1.748176 -0.09317159 1.257156 1.651825 -0.09317159 1.255048 1.768455 -0.1077537 1.255048 1.631545 -0.1077537 1.252285 1.784434 -0.1268694 1.252285 1.615567 -0.1268694 1.24904 1.795105 -0.1493172 1.24904 1.604895 -0.1493172 1.245517 1.799803 -0.1736865 1.245517 1.600197 -0.1736865 1.241939 1.79823 -0.1984462 1.241939 1.601772 -0.1984465 1.238528 1.790484 -0.2220408 1.238527 1.609517 -0.2220408 1.235501 1.777051 -0.2429876 1.2355 1.622949 -0.2429876 1.233046 1.758779 -0.2599704 1.233046 1.641221 -0.2599704 1.231317 1.736813 -0.2719221 1.231317 1.663187 -0.2719221 1.230426 1.712533 -0.2780919 1.230426 1.687467 -0.2780919 1.230727 -1.723932 -0.2759967 1.230311 -1.700001 -0.2788727 1.725585 -1.723933 -0.3475256 2.714884 -1.700002 -0.4934588 2.220442 -1.723933 -0.4190543 2.715301 -1.723933 -0.490583 2.221665 -1.746474 -0.4105935 2.716523 -1.746474 -0.4821224 2.223625 -1.766313 -0.3970399 2.718481 -1.766314 -0.4685688 2.226206 -1.782301 -0.3791809 2.721064 -1.782301 -0.4507098 2.229259 -1.793503 -0.3580546 2.724118 -1.793503 -0.4295833 2.232608 -1.799272 -0.3348885 2.727465 -1.799273 -0.4064171 2.236057 -1.799272 -0.311029 2.730915 -1.799273 -0.3825579 2.239405 -1.793503 -0.287863 2.734263 -1.793503 -0.3593917 2.242459 -1.782301 -0.2667365 2.737317 -1.782301 -0.3382654 2.24504 -1.766313 -0.2488775 2.739898 -1.766314 -0.3204062 2.247 -1.746474 -0.2353239 2.741856 -1.746474 -0.3068526 2.248222 -1.723933 -0.2268633 2.743081 -1.723933 -0.2983921 2.743495 -1.700002 -0.295516 1.258923 -1.700001 -0.08092975 1.753365 -1.723933 -0.1553344 1.752141 -1.746474 -0.1637949 1.750183 -1.766313 -0.1773488 1.747602 -1.782301 -0.1952078 1.744547 -1.793502 -0.2163341 1.741199 -1.799272 -0.2395002 1.737751 -1.799272 -0.2633598 1.734402 -1.793502 -0.2865257 1.731348 -1.782301 -0.307652 1.728767 -1.766313 -0.3255112 1.726808 -1.746474 -0.3390648 1.258507 -1.723932 -0.08380556 1.257285 -1.746474 -0.09226632 1.255326 -1.766313 -0.1058199 1.252744 -1.7823 -0.1236789 1.24969 -1.793502 -0.1448054 1.246342 -1.799272 -0.1679716 1.242893 -1.799272 -0.1918308 1.239544 -1.793502 -0.214997 1.236492 -1.7823 -0.2361235 1.23391 -1.766313 -0.2539826 1.231951 -1.746474 -0.2675362 -0.09402203 -1.8 0.01359128 -0.09402179 -1.600001 0.01359128 -0.09454226 -1.8 -0.009304761 -0.09454226 -1.600001 -0.009304761 -0.08956789 -1.600001 -0.03166007 -0.08956813 -1.8 -0.03166007 -0.07938814 -1.600001 -0.05217528 -0.07938838 -1.8 -0.05217528 -0.06459474 -1.600001 -0.06965827 -0.06459498 -1.8 -0.06965827 -0.04604744 -1.600001 -0.08309292 -0.04604744 -1.8 -0.08309292 -0.02482366 -1.600001 -0.09169816 -0.02482366 -1.8 -0.0916984 -0.002157211 -1.600001 -0.09497451 -0.002157449 -1.8 -0.09497451 0.02063465 -1.600001 -0.09273123 0.02063441 -1.8 -0.09273123 0.0422275 -1.600001 -0.08509874 0.04222726 -1.8 -0.08509874 0.06136584 -1.600001 -0.07252049 0.06136584 -1.8 -0.07252049 0.07693815 -1.600001 -0.05572748 0.07693815 -1.8 -0.05572748 0.08803915 -1.600001 -0.03569579 0.08803915 -1.8 -0.03569579 0.0940237 -1.8 -0.01358962 0.0940237 -1.600001 -0.01358962 -0.05423378 -1.600001 0.1413319 -0.03728961 -1.621663 0.1533064 0.07215952 -1.600001 0.1269712 0.1985487 -1.600001 0.1125738 0.324934 -1.600001 0.09814047 0.7523458 -1.61173 0.05605983 0.7499492 -1.586086 0.03947854 1.55698 -1.602322 -0.0426793 1.554327 -1.573945 -0.06102752 2.361613 -1.592913 -0.1414179 2.358705 -1.561804 -0.161534 0.7541061 -1.639781 0.06823754 -0.01835823 -1.64673 0.1620318 0.7551792 -1.66937 0.07566261 3.70264e-4 -1.672387 0.1662862 0.009588003 -1.685299 0.1668615 0.01990771 -1.700001 0.1662623 2.365492 -1.700002 -0.1145787 1.560115 -1.666164 -0.02097749 2.365053 -1.662967 -0.1176156 2.363747 -1.626944 -0.1266443 1.558926 -1.633363 -0.02920341 1.551043 -1.549007 -0.08374834 2.355103 -1.534464 -0.1864433 1.547216 -1.528188 -0.1102221 2.35091 -1.511639 -0.2154669 1.542952 -1.512056 -0.1397261 2.346234 -1.493952 -0.2478125 1.538365 -1.501049 -0.1714553 2.341205 -1.481886 -0.282598 1.533582 -1.49547 -0.2045452 2.335961 -1.475771 -0.3188753 1.528734 -1.49547 -0.2380926 2.330646 -1.475771 -0.3556538 1.52395 -1.501049 -0.2711823 2.325402 -1.481886 -0.3919306 1.519364 -1.512056 -0.3029118 2.320374 -1.493952 -0.4267163 1.5151 -1.528188 -0.3324158 2.315697 -1.511639 -0.4590619 1.511272 -1.549007 -0.3588891 2.311504 -1.534464 -0.4880853 1.507989 -1.573945 -0.3816102 2.307904 -1.561804 -0.5129948 1.505336 -1.602322 -0.3999586 2.304996 -1.592913 -0.5331109 1.503388 -1.633363 -0.4134345 2.30286 -1.626944 -0.5478845 1.502199 -1.666171 -0.4216616 2.301555 -1.662967 -0.5569129 -0.02798748 -1.700001 -0.1650924 2.301115 -1.700002 -0.5599501 0.7028437 -1.669385 -0.2864118 -0.03804945 -1.685306 -0.1627464 -0.04671955 -1.672406 -0.159588 0.703917 -1.639781 -0.2789846 -0.06346487 -1.646769 -0.1502165 -0.07916283 -1.621684 -0.1364829 -0.09203481 -1.600001 -0.1201875 0.03325152 -1.600001 -0.1422057 0.1585445 -1.600001 -0.1641876 0.283844 -1.600001 -0.1861336 0.2866485 -1.576523 -0.1667296 0.7080739 -1.586086 -0.2502253 0.7056775 -1.61173 -0.2668066 0.7110417 -1.56355 -0.2296929 0.2899952 -1.556817 -0.1435763 0.7145 -1.544736 -0.2057693 0.2937815 -1.541486 -0.1173808 0.7183538 -1.530158 -0.1791071 0.2978921 -1.530996 -0.08894371 0.7224979 -1.520211 -0.1504337 0.302201 -1.52567 -0.05913305 0.7268205 -1.51517 -0.1205313 0.3065767 -1.52567 -0.02886009 0.7312021 -1.51517 -0.09021544 0.7355249 -1.520211 -0.06031274 0.3108857 -1.530996 9.50336e-4 0.7396696 -1.530158 -0.03163957 0.314996 -1.541486 0.02938771 0.7435234 -1.544736 -0.004977464 0.3187826 -1.556817 0.05558323 0.7469812 -1.56355 0.01894593 0.322129 -1.576523 0.07873654 2.689848 -1.700002 -0.6666589 2.295679 -1.700002 -0.5975595 2.690289 -1.659016 -0.6636191 2.2961 -1.660804 -0.5946522 2.691596 -1.618944 -0.654567 2.29735 -1.622481 -0.5859952 2.693745 -1.580684 -0.6397052 2.299405 -1.585891 -0.5717821 2.696686 -1.545089 -0.6193662 2.302217 -1.551848 -0.5523303 2.70035 -1.512955 -0.5940032 2.305724 -1.521116 -0.5280743 2.70466 -1.484999 -0.5641837 2.309845 -1.49438 -0.4995556 2.709519 -1.461845 -0.5305731 2.314493 -1.472237 -0.4674122 2.714816 -1.444012 -0.4939227 2.31956 -1.455182 -0.4323609 2.720436 -1.431896 -0.4550512 2.324931 -1.443596 -0.3951855 2.726249 -1.425771 -0.4148269 2.330492 -1.437737 -0.3567162 2.73213 -1.425771 -0.3741481 2.336115 -1.437737 -0.3178125 2.737943 -1.431896 -0.3339233 2.341676 -1.443596 -0.2793434 2.743561 -1.444012 -0.2950518 2.34705 -1.455182 -0.2421679 2.748861 -1.461845 -0.2584014 2.352117 -1.472237 -0.207117 2.753718 -1.484999 -0.2247912 2.356761 -1.49438 -0.1749732 2.758029 -1.512955 -0.1949715 2.360883 -1.521116 -0.1464548 2.761696 -1.545089 -0.1696088 2.36439 -1.551848 -0.1221985 2.764635 -1.580684 -0.1492693 2.367202 -1.585891 -0.1027467 2.766784 -1.618944 -0.1344077 2.369256 -1.622481 -0.08853387 2.768091 -1.659016 -0.1253554 2.370507 -1.660804 -0.07987666 2.768531 -1.700002 -0.1223158 2.370928 -1.700002 -0.07696962 -0.1472299 -1.608611 -0.07971835 -0.1472325 -1.791392 -0.07971429 -0.156676 -1.600001 -0.05908823 -0.156676 -1.8 -0.05908823 -0.1643526 -1.600001 -0.03204751 -0.1643526 -1.8 -0.03204751 -0.1673977 -1.600001 -0.004103899 -0.1673979 -1.8 -0.004103899 -0.1657257 -1.600001 0.02395558 -0.1657257 -1.8 0.02395558 -0.1593835 -1.600001 0.0513401 -0.1593837 -1.8 0.0513401 -0.1485502 -1.600001 0.07727789 -0.1485502 -1.8 0.07727789 -0.1335306 -1.600001 0.1010379 -0.1335308 -1.8 0.1010379 -0.118633 -1.608609 0.1181457 -0.1186294 -1.79139 0.118149 -0.1015982 -1.618954 0.1331052 -0.1015975 -1.781047 0.1331059 -0.083148 -1.76946 0.1453394 -0.1351313 -1.781047 -0.09888529 -0.1351304 -1.618954 -0.09888625 -0.1209006 -1.630541 -0.1158437 -0.1208882 -1.769452 -0.1158556 -0.1050455 -1.643008 -0.1303999 -0.105019 -1.756973 -0.1304214 -0.08789443 -1.656131 -0.1424992 -0.08787107 -1.743852 -0.1425139 -0.07028007 -1.669313 -0.1519851 -0.07027125 -1.730682 -0.1519892 -0.05134439 -1.683228 -0.1594381 -0.05134367 -1.716773 -0.1594383 -0.04034566 -1.69117 -0.1625475 -0.0403459 -1.708832 -0.1625473 -0.0831325 -1.63055 0.145348 -0.06381988 -1.756993 0.1548104 -0.06378865 -1.643029 0.1548235 -0.04394483 -1.74387 0.1615576 -0.04391813 -1.656149 0.1615653 -0.02436518 -1.730688 0.1656677 -0.02435588 -1.66932 0.1656689 -0.004094123 -1.716774 0.1674535 -0.004093408 -1.683228 0.1674535 0.007334709 -1.708832 0.1673212 0.007334709 -1.69117 0.1673209 0.09498572 -1.600001 -0.001698017 0.09157919 -1.600001 -0.02526664 0.08241844 -1.600001 -0.0472474 0.09242439 -1.600001 0.02197718 0.08405518 -1.600001 0.04427099 0.070405 -1.600001 0.06378388 0.05233097 -1.600001 0.07928872 0.0309689 -1.600001 0.0898118 0.007660865 -1.600001 0.09469151 -0.01612854 -1.600001 0.09362173 -0.03890419 -1.600001 0.08666944 -0.06556081 -1.600001 0.1415753 -0.07732725 -1.600001 0.139786 -0.08824086 -1.600001 0.1364071 -0.09894704 -1.600001 0.131427 -0.1178796 -1.600001 0.1180415 -0.05923557 -1.600001 0.07427096 -0.07584476 -1.600001 0.05720615 -0.0876882 -1.600001 0.03654694 -0.09444785 -1.600001 -0.01021814 -0.08893918 -1.600001 -0.03338551 -0.07784223 -1.600001 -0.05445504 -0.1464703 -1.600001 -0.07984423 -0.06185388 -1.600001 -0.07210302 -0.1320886 -1.600001 -0.09805154 -0.1232309 -1.600001 -0.105853 -0.113722 -1.600001 -0.1121788 -0.1029553 -1.600001 -0.117218 -0.0194664 -1.600001 -0.09298324 -0.04197907 -1.600001 -0.08522057 0.04946184 -1.600001 -0.08110809 0.02773714 -1.600001 -0.09086012 0.004269361 -1.600001 -0.09490323 0.06807899 -1.600001 -0.06625938 -0.07584476 -1.8 0.05720615 -0.05923557 -1.8 0.07427096 -0.1178209 -1.8 0.1180937 -0.03890419 -1.8 0.08666944 -0.09891843 -1.8 0.131443 -0.08824181 -1.8 0.1364066 -0.07735896 -1.8 0.1397788 -0.06557631 -1.8 0.1415746 -0.05423402 -1.8 0.1413319 -0.01612854 -1.8 0.09362173 0.007660627 -1.8 0.09469151 -0.08768844 -1.8 0.03654694 -0.09444785 -1.8 -0.01021814 -0.08893918 -1.8 -0.03338551 -0.07784223 -1.8 -0.05445528 -0.1464805 -1.8 -0.07982778 -0.06185388 -1.8 -0.07210302 -0.1321134 -1.8 -0.09802675 -0.1232554 -1.8 -0.1058344 -0.1137454 -1.8 -0.1121656 -0.1029672 -1.8 -0.1172137 -0.09203505 -1.8 -0.1201875 0.03325152 -1.8 -0.1422057 -0.01946663 -1.8 -0.09298324 -0.04197907 -1.8 -0.08522057 0.1585445 -1.8 -0.1641876 0.04946184 -1.8 -0.08110809 0.0277369 -1.8 -0.09086012 0.004269361 -1.8 -0.09490323 0.2838438 -1.8 -0.1861336 0.0824182 -1.8 -0.0472474 0.06807875 -1.8 -0.06625938 0.3249338 -1.8 0.09814047 0.09498572 -1.8 -0.001698017 0.09157919 -1.8 -0.02526664 0.09242415 -1.8 0.02197718 0.1985485 -1.8 0.1125738 0.08405518 -1.8 0.04427099 0.070405 -1.8 0.06378388 0.07215929 -1.8 0.1269712 0.05233073 -1.8 0.07928872 0.0309689 -1.8 0.0898118 0.2866483 -1.82348 -0.1667296 0.322129 -1.82348 0.07873654 0.289995 -1.843184 -0.1435763 0.3187823 -1.843184 0.05558323 0.2937813 -1.858516 -0.117381 0.314996 -1.858516 0.02938771 0.2978919 -1.869006 -0.08894371 0.3108854 -1.869006 9.50336e-4 0.3022008 -1.874331 -0.05913305 0.3065767 -1.874331 -0.02886009 2.690289 -1.740989 -0.6636191 2.715334 -1.675133 -0.4903498 2.716652 -1.651827 -0.4812167 2.718761 -1.631547 -0.4666345 2.721524 -1.615569 -0.4475188 2.724768 -1.604897 -0.4250712 2.728291 -1.600199 -0.400702 2.731869 -1.601773 -0.3759418 2.735281 -1.609519 -0.3523476 2.738308 -1.622951 -0.3314006 2.740763 -1.641223 -0.3144178 2.74249 -1.66319 -0.3024662 2.743382 -1.687469 -0.2962964 2.743382 -1.712535 -0.2962964 2.768091 -1.740989 -0.1253554 2.766783 -1.781059 -0.1344077 2.74249 -1.736814 -0.3024662 2.764635 -1.819321 -0.1492693 2.740763 -1.75878 -0.3144178 2.761695 -1.854916 -0.1696088 2.758028 -1.887049 -0.1949715 2.738308 -1.777053 -0.3314006 2.753718 -1.915005 -0.2247912 2.74886 -1.938158 -0.2584016 2.735281 -1.790485 -0.3523476 2.743561 -1.955992 -0.2950518 2.731869 -1.798231 -0.3759418 2.737943 -1.968107 -0.3339233 2.73213 -1.974234 -0.3741481 2.728291 -1.799805 -0.400702 2.726249 -1.974234 -0.4148269 2.720436 -1.968107 -0.4550514 2.724768 -1.795107 -0.4250712 2.714816 -1.955992 -0.4939227 2.721524 -1.784435 -0.4475188 2.709518 -1.938158 -0.5305731 2.704659 -1.915005 -0.5641837 2.718761 -1.768457 -0.4666345 2.70035 -1.887049 -0.5940032 2.696686 -1.854916 -0.6193662 2.716652 -1.748178 -0.4812167 2.693744 -1.819321 -0.6397052 2.715334 -1.724871 -0.4903498 2.691596 -1.781059 -0.654567 2.370507 -1.739199 -0.07987666 2.369256 -1.777522 -0.08853387 2.367202 -1.814113 -0.1027467 2.36439 -1.848156 -0.1221985 2.360883 -1.878887 -0.1464548 2.356761 -1.905624 -0.1749732 2.352116 -1.927767 -0.207117 2.34705 -1.944822 -0.2421679 2.341676 -1.956407 -0.2793434 2.336115 -1.962267 -0.3178125 2.330492 -1.962267 -0.3567164 2.324931 -1.956407 -0.3951855 2.319559 -1.944822 -0.4323609 2.314493 -1.927767 -0.4674122 2.309845 -1.905624 -0.4995556 2.305724 -1.878887 -0.5280743 2.302217 -1.848156 -0.5523303 2.299405 -1.814113 -0.5717821 2.29735 -1.777522 -0.5859952 2.2961 -1.739199 -0.5946522 2.370487 -1.740148 -0.08001995 2.370487 -1.659855 -0.08001995 2.369174 -1.620649 -0.08909988 2.367022 -1.583303 -0.1039972 2.364077 -1.548692 -0.1243615 2.360413 -1.517629 -0.1497163 2.356112 -1.49084 -0.1794667 2.351278 -1.468953 -0.2129163 2.346022 -1.452482 -0.2492804 2.340467 -1.441812 -0.2877066 2.334745 -1.437195 -0.3272944 2.328989 -1.438737 -0.3671157 2.323334 -1.446403 -0.4062379 2.317914 -1.460013 -0.443743 2.312853 -1.479249 -0.4787524 2.308272 -1.503658 -0.5104451 2.304277 -1.53267 -0.5380793 2.300964 -1.565604 -0.5610061 2.298406 -1.601688 -0.5786886 2.296669 -1.640076 -0.5907123 2.29579 -1.679869 -0.5967956 2.29579 -1.720134 -0.5967956 2.301555 -1.737035 -0.5569129 2.296669 -1.759928 -0.5907126 2.30286 -1.773059 -0.5478845 2.298406 -1.798315 -0.5786886 2.304996 -1.807091 -0.5331109 2.300964 -1.8344 -0.5610061 2.307904 -1.838199 -0.512995 2.304277 -1.867334 -0.5380793 2.311504 -1.86554 -0.4880855 2.308272 -1.896345 -0.5104454 2.315697 -1.888365 -0.4590619 2.312852 -1.920755 -0.4787524 2.317914 -1.939991 -0.443743 2.320374 -1.906052 -0.4267163 2.323334 -1.9536 -0.4062379 2.325402 -1.918117 -0.3919306 2.328989 -1.961267 -0.3671157 2.330646 -1.924232 -0.3556538 2.334744 -1.962808 -0.3272944 2.335961 -1.924232 -0.3188753 2.340467 -1.958191 -0.2877066 2.341205 -1.918117 -0.2825983 2.346022 -1.947521 -0.2492806 2.346234 -1.906052 -0.2478127 2.351278 -1.931051 -0.2129163 2.35091 -1.888365 -0.2154669 2.356112 -1.909164 -0.1794669 2.355103 -1.86554 -0.1864433 2.360413 -1.882374 -0.1497163 2.358705 -1.838199 -0.161534 2.364077 -1.851311 -0.1243615 2.361613 -1.807091 -0.1414179 2.367022 -1.8167 -0.1039972 2.363747 -1.773059 -0.1266443 2.369174 -1.779354 -0.08909988 2.365053 -1.737035 -0.1176156 1.560116 -1.733831 -0.02097606 1.558926 -1.76664 -0.02920341 1.55698 -1.797681 -0.0426793 1.554327 -1.826057 -0.06102752 1.551042 -1.850996 -0.08374834 1.547216 -1.871814 -0.1102221 1.542952 -1.887947 -0.1397261 1.538365 -1.898954 -0.1714553 1.533582 -1.904533 -0.2045452 1.528733 -1.904533 -0.2380926 1.52395 -1.898954 -0.2711823 1.519364 -1.887947 -0.3029118 1.5151 -1.871814 -0.3324158 1.511272 -1.850996 -0.3588891 1.507988 -1.826057 -0.3816102 1.505336 -1.797681 -0.3999586 1.503388 -1.76664 -0.4134345 1.502199 -1.733839 -0.4216602 0.7028434 -1.730632 -0.2864094 -0.0380547 -1.714703 -0.1627447 0.7551794 -1.730618 0.07566475 0.009593486 -1.714695 0.1668612 3.83854e-4 -1.727595 0.1662876 0.7541061 -1.760221 0.06823754 -0.01832985 -1.753233 0.1620414 -0.03727412 -1.778317 0.1533155 0.7499492 -1.813916 0.03947854 0.7523456 -1.788272 0.05605983 0.7469809 -1.836452 0.01894593 0.7435234 -1.855266 -0.004977464 0.7396693 -1.869844 -0.03163957 0.7355247 -1.879791 -0.06031274 0.7312021 -1.884832 -0.09021544 0.7268205 -1.884832 -0.1205313 0.7224977 -1.879791 -0.150434 0.7183535 -1.869844 -0.1791071 0.7144997 -1.855266 -0.2057693 0.7110415 -1.836452 -0.2296929 0.7080739 -1.813916 -0.2502253 0.7056775 -1.788272 -0.2668066 -0.07917523 -1.778338 -0.1364703 0.703917 -1.760221 -0.2789846 -0.06348943 -1.753271 -0.1501994 -0.04673218 -1.727614 -0.1595828 0.09454417 -1.8 0.00930643 0.09454417 -1.600001 0.009306669 0.0895698 -1.8 0.03166198 0.0895698 -1.600001 0.03166198 0.07939004 -1.8 0.05217695 0.07939028 -1.600001 0.05217719 0.06459665 -1.8 0.06965994 0.06459689 -1.600001 0.06965994 0.04604911 -1.8 0.08309435 0.04604935 -1.600001 0.08309435 0.02482557 -1.8 0.09170031 0.02482557 -1.600001 0.09170031 0.002159118 -1.8 0.09497642 0.002159118 -1.600001 0.09497666 -0.02063274 -1.8 0.0927329 -0.02063274 -1.600001 0.0927329 -0.04222559 -1.8 0.08510041 -0.04222559 -1.600001 0.08510041 -0.06136393 -1.8 0.07252192 -0.06136393 -1.600001 0.07252216 -0.07693648 -1.8 0.05572915 -0.07693624 -1.600001 0.05572915 -0.08803749 -1.8 0.03569746 -0.08803725 -1.600001 0.03569746 -0.07948446 -1.778861 -0.1361637 -0.09462904 -1.794335 -0.1236028 -0.1045513 -1.799994 -0.1166007 -0.09880948 -1.791156 -0.1241717 -0.1048712 -1.79975 -0.1166322 -0.1028625 -1.787675 -0.1242754 -0.1093921 -1.795998 -0.116795 -0.1067149 -1.783946 -0.1239013 -0.1136569 -1.791913 -0.1164021 -0.1102981 -1.780032 -0.1230506 -0.117573 -1.787577 -0.1154558 -0.1135523 -1.775999 -0.1217427 -0.1210627 -1.783084 -0.1139817 -0.1164312 -1.771922 -0.120011 -0.1240673 -1.778529 -0.1120259 -0.1188728 -1.76792 -0.117932 -0.1337752 -1.779992 -0.100712 -0.1313586 -1.784947 -0.1032938 -0.1444995 -1.796893 -0.08370375 -0.1368114 -1.800002 -0.09297299 -0.1511013 -1.799981 -0.0716803 -0.1149611 -1.8 -0.1114599 -0.1200706 -1.799998 -0.1081669 -0.1203322 -1.799731 -0.1081254 -0.1245727 -1.794968 -0.1070873 -0.1282713 -1.789998 -0.1054565 -0.1566758 -1.8 -0.05908823 -0.1466739 -1.790908 -0.08078074 -0.1003465 -1.758288 -0.1338577 -0.1026062 -1.755158 -0.132328 -0.08326721 -1.744136 -0.1451768 -0.08515858 -1.741826 -0.144176 -0.06535172 -1.729577 -0.1541266 -0.06671595 -1.728056 -0.1535832 -0.04692244 -1.714863 -0.1607329 -0.04764604 -1.71411 -0.1605248 -0.0416212 -1.71998 -0.1615695 -0.04247808 -1.719384 -0.1614856 -0.05494499 -1.740063 -0.155569 -0.05649209 -1.738615 -0.1556222 -0.06409883 -1.754226 -0.1497645 -0.07000803 -1.757699 -0.1474022 -0.08276581 -1.776318 -0.1367847 -0.08600664 -1.773595 -0.1370978 -0.08916926 -1.770717 -0.1370906 -0.09221696 -1.767714 -0.1367573 -0.0951159 -1.764619 -0.1361002 -0.09783458 -1.761465 -0.1351284 -0.04619526 -1.715619 -0.1609129 -0.04546189 -1.716374 -0.1610713 -0.04472303 -1.717129 -0.1612076 -0.04397916 -1.717883 -0.1613223 -0.04323077 -1.718634 -0.1614151 -0.07237052 -1.755556 -0.1475038 -0.07469081 -1.753348 -0.1474153 -0.07695436 -1.751088 -0.1471364 -0.07914686 -1.748791 -0.1466677 -0.08125543 -1.746468 -0.1460125 -0.05802631 -1.737143 -0.1555888 -0.05954313 -1.735652 -0.1554689 -0.06103777 -1.734146 -0.1552619 -0.06250691 -1.732629 -0.1549687 -0.06394624 -1.731105 -0.1545898 -0.1043329 -1.6 -0.1166789 -0.09203505 -1.600001 -0.1201875 -0.09462904 -1.605666 -0.1236033 -0.07948803 -1.621134 -0.1361596 -0.08276987 -1.623677 -0.1367809 -0.06758427 -1.640294 -0.1471424 -0.06997013 -1.642358 -0.1474292 -0.05647397 -1.661412 -0.1556313 -0.07233023 -1.644498 -0.1475303 -0.05800724 -1.662883 -0.1555981 -0.07464814 -1.646703 -0.1474416 -0.05952286 -1.664372 -0.155478 -0.0769093 -1.648961 -0.1471629 -0.06101655 -1.665878 -0.1552712 -0.07909989 -1.651257 -0.1466946 -0.06248474 -1.667394 -0.154978 -0.08120632 -1.653577 -0.1460404 -0.06392312 -1.668917 -0.1545996 -0.08321666 -1.655906 -0.1452059 -0.06532788 -1.670443 -0.1541368 -0.08510971 -1.658219 -0.1442048 -0.06669259 -1.671965 -0.1535933 -0.04692077 -1.685139 -0.1607332 -0.04762148 -1.68591 -0.1605322 -0.05492782 -1.659964 -0.1555783 -0.04299926 -1.677971 -0.1610722 -0.04247689 -1.680619 -0.1614859 -0.1026155 -1.644845 -0.1323208 -0.100352 -1.641709 -0.1338534 -0.09783983 -1.638531 -0.1351246 -0.0951209 -1.635378 -0.1360967 -0.09222173 -1.632281 -0.1367535 -0.08917379 -1.629278 -0.1370868 -0.08601117 -1.626401 -0.137094 -0.1188759 -1.632087 -0.1179289 -0.1164309 -1.62808 -0.1200113 -0.113552 -1.624002 -0.1217429 -0.1102979 -1.619971 -0.1230509 -0.1067147 -1.616055 -0.1239013 -0.1028623 -1.612327 -0.1242759 -0.098809 -1.608846 -0.1241717 -0.1313369 -1.615074 -0.1033217 -0.1337554 -1.620031 -0.1007385 -0.1445181 -1.60309 -0.08367109 -0.1466913 -1.609077 -0.08074855 -0.1506953 -1.600004 -0.07245492 -0.1430544 -1.600003 -0.08498954 -0.1380395 -1.600001 -0.09152626 -0.1282496 -1.610024 -0.1054837 -0.1295993 -1.599999 -0.1004509 -0.1245517 -1.605056 -0.107114 -0.1203124 -1.600295 -0.1081519 -0.1200249 -1.6 -0.1081972 -0.1157994 -1.600001 -0.1109561 -0.04322934 -1.681369 -0.1614151 -0.04397773 -1.68212 -0.1613225 -0.0447216 -1.682873 -0.1612079 -0.0454607 -1.683629 -0.1610713 -0.04619383 -1.684384 -0.1609132 -0.03767299 -1.62114 0.1531 -0.05575466 -1.605666 0.1453418 -0.06725335 -1.600007 0.1414361 -0.05960297 -1.608845 0.1470711 -0.06755137 -1.600252 0.1415569 -0.06346058 -1.612326 0.1483185 -0.07184123 -1.604004 0.1429934 -0.06726145 -1.616055 0.1490507 -0.07604265 -1.608088 0.1438243 -0.07093858 -1.61997 0.1492493 -0.08006644 -1.612424 0.1440258 -0.07443022 -1.624002 0.1489164 -0.08383059 -1.616917 0.1435999 -0.07768177 -1.62808 0.1480712 -0.0872662 -1.621472 0.142575 -0.08061194 -1.632081 0.1467685 -0.09978055 -1.620009 0.134473 -0.0967319 -1.615054 0.1362652 -0.1148822 -1.603108 0.1211977 -0.1048839 -1.6 0.1279103 -0.1246185 -1.600021 0.111536 -0.07869291 -1.600001 0.1394534 -0.08452582 -1.600003 0.1377422 -0.08478856 -1.600271 0.1377766 -0.08914923 -1.605033 0.1379818 -0.09315824 -1.610003 0.137465 -0.1177952 -1.609094 0.1190102 -0.05833435 -1.641714 0.1567959 -0.06093454 -1.644844 0.1559689 -0.03874874 -1.655865 0.1628153 -0.0408461 -1.658176 0.1623914 -0.019032 -1.670424 0.1663258 -0.02049446 -1.671945 0.1661908 5.13554e-4 -1.685139 0.1674432 -2.39372e-4 -1.685891 0.1674485 0.005834817 -1.680021 0.1667442 0.004989147 -1.680618 0.1669065 -0.008642911 -1.659939 0.164762 -0.0101118 -1.661386 0.1652514 -0.01906585 -1.645776 0.1617875 -0.02540206 -1.642302 0.161195 -0.04064416 -1.623684 0.1546251 -0.0436635 -1.626406 0.1558432 -0.04669904 -1.629285 0.1567313 -0.04971623 -1.632287 0.1572749 -0.05268263 -1.635383 0.1574656 -0.05556535 -1.638537 0.1573035 0.001261711 -1.684382 0.1674096 0.002009868 -1.683627 0.1673541 0.002757072 -1.682872 0.1672756 0.003503084 -1.682118 0.1671748 0.004247426 -1.681367 0.1670517 -0.02763891 -1.644445 0.1619613 -0.02988934 -1.646653 0.1625339 -0.0321393 -1.648913 0.1629071 -0.03437495 -1.651211 0.1630785 -0.03658246 -1.653534 0.1630473 -0.01159262 -1.662858 0.1656539 -0.01308107 -1.664349 0.1659681 -0.01457333 -1.665856 0.1661932 -0.01606535 -1.667373 0.1663279 -0.01755285 -1.668897 0.166372 -0.06499624 -1.8 0.1416001 -0.05575442 -1.794335 0.1453423 -0.03767776 -1.778867 0.1530973 -0.04064917 -1.776324 0.1546225 -0.02315115 -1.759708 0.1602597 -0.0253582 -1.757645 0.1612102 -0.01009178 -1.73859 0.1652548 -0.02759313 -1.755503 0.1619756 -0.01157164 -1.737118 0.1656572 -0.02984094 -1.753298 0.1625471 -0.01305913 -1.735629 0.1659712 -0.03208875 -1.75104 0.1629202 -0.01455044 -1.734124 0.1661961 -0.03432226 -1.748744 0.1630909 -0.01604151 -1.732608 0.1663305 -0.03652787 -1.746424 0.1630601 -0.01752805 -1.731084 0.1663749 -0.03869199 -1.744095 0.1628291 -0.01900625 -1.729558 0.1663289 -0.04079103 -1.741783 0.1624052 -0.02046918 -1.728037 0.1661937 5.14984e-4 -1.714862 0.1674427 -2.13623e-4 -1.714092 0.1674485 -0.008623838 -1.740037 0.164766 0.004372358 -1.722031 0.1666572 0.004990339 -1.719382 0.1669063 -0.06094551 -1.755156 0.1559646 -0.05834078 -1.758292 0.1567935 -0.05557155 -1.76147 0.1573014 -0.05268859 -1.764624 0.1574635 -0.04972219 -1.76772 0.1572725 -0.04670453 -1.770723 0.1567289 -0.04366898 -1.773601 0.1558406 -0.08061575 -1.767915 0.1467661 -0.0776813 -1.771921 0.148071 -0.07442975 -1.775999 0.1489167 -0.07093834 -1.78003 0.1492495 -0.06726121 -1.783946 0.1490507 -0.06346058 -1.787675 0.148319 -0.05960249 -1.791156 0.1470713 -0.09670305 -1.784928 0.1362857 -0.09975409 -1.779971 0.1344931 -0.1149094 -1.796912 0.1211717 -0.1178214 -1.790925 0.1189844 -0.1293191 -1.8 0.1063022 -0.1131339 -1.799996 0.1220214 -0.09313035 -1.789977 0.1374852 -0.1021378 -1.800002 0.1296086 -0.08912181 -1.794946 0.1380012 -0.08476209 -1.799706 0.1377964 -0.08447456 -1.8 0.1377587 -0.07566761 -1.800002 0.1401555 0.004248619 -1.718632 0.1670517 0.003504514 -1.717881 0.1671745 0.002758741 -1.717129 0.1672754 0.002011299 -1.716373 0.1673538 0.00126338 -1.715618 0.1674096 2.743081 -1.67607 -0.2983921 2.248223 -1.67607 -0.2268633 1.753365 -1.67607 -0.1553344 1.258507 -1.676069 -0.08380556 1.257285 -1.653528 -0.09226632 1.752141 -1.653529 -0.1637949 1.255326 -1.633689 -0.1058199 1.750183 -1.633689 -0.1773488 1.252744 -1.617703 -0.1236789 1.747602 -1.617703 -0.1952078 1.24969 -1.6065 -0.1448054 1.744547 -1.6065 -0.2163341 1.246342 -1.60073 -0.1679716 1.741199 -1.600731 -0.2395002 1.242893 -1.60073 -0.1918308 1.737751 -1.600731 -0.2633598 1.239544 -1.6065 -0.214997 1.734402 -1.6065 -0.2865257 1.236492 -1.617703 -0.2361235 1.731348 -1.617703 -0.307652 1.23391 -1.633689 -0.2539826 1.728767 -1.633689 -0.3255112 1.231951 -1.653528 -0.2675362 1.726808 -1.653529 -0.3390648 1.230727 -1.676069 -0.2759967 1.725585 -1.67607 -0.3475256 2.220442 -1.67607 -0.4190543 2.715301 -1.67607 -0.490583 2.716523 -1.653529 -0.4821224 2.221665 -1.653529 -0.4105935 2.718481 -1.63369 -0.4685686 2.223625 -1.63369 -0.3970399 2.721064 -1.617703 -0.4507098 2.226206 -1.617703 -0.3791809 2.724118 -1.606501 -0.4295833 2.229259 -1.6065 -0.3580546 2.727465 -1.600731 -0.4064171 2.232608 -1.600731 -0.3348885 2.730915 -1.600731 -0.3825579 2.236057 -1.600731 -0.311029 2.734263 -1.606501 -0.3593917 2.239405 -1.6065 -0.287863 2.737318 -1.617703 -0.3382654 2.242459 -1.617703 -0.2667365 2.739898 -1.63369 -0.3204062 2.24504 -1.63369 -0.2488775 2.741856 -1.653529 -0.3068526 2.247 -1.653529 -0.2353239 1.258474 -1.72487 -0.08403897 1.258474 -1.675132 -0.08403897 1.257154 -1.651826 -0.09317183 1.257154 -1.748177 -0.09317183 1.255046 -1.631546 -0.1077539 1.255046 -1.768456 -0.1077539 1.252283 -1.615568 -0.1268696 1.252283 -1.784435 -0.1268696 1.249039 -1.604896 -0.1493175 1.249039 -1.795106 -0.1493175 1.245516 -1.600198 -0.1736867 1.245516 -1.799804 -0.1736867 1.241937 -1.601773 -0.1984467 1.241937 -1.798231 -0.1984467 1.238526 -1.609518 -0.2220411 1.238526 -1.790485 -0.2220411 1.235499 -1.62295 -0.2429878 1.235499 -1.777052 -0.2429881 1.233044 -1.641222 -0.2599707 1.233044 -1.75878 -0.2599707 1.231316 -1.663189 -0.2719226 1.231316 -1.736814 -0.2719226 1.230425 -1.687468 -0.2780924 1.230425 -1.712534 -0.2780924</float_array>
          <technique_common>
            <accessor source="#wheel_loader_v1_068-mesh-positions-array" count="1686" stride="3">
              <param name="X" type="float"/>
              <param name="Y" type="float"/>
              <param name="Z" type="float"/>
            </accessor>
          </technique_common>
        </source>
        <source id="wheel_loader_v1_068-mesh-normals">
          <float_array id="wheel_loader_v1_068-mesh-normals-array" count="9897">0.142015 0.1205522 0.9824963 0.1420145 0.1205378 0.9824981 0.142015 0.1205518 0.9824963 0.1420152 0.1205357 0.9824984 0.1420159 0.1205339 0.9824984 0.1420133 0.1205375 0.9824983 0.1337605 0.3546119 0.9253965 0.1337605 0.3546122 0.9253963 0.1337602 0.3546116 0.9253966 0.1337629 0.3545951 0.9254026 0.1177337 0.5680763 0.814511 0.1177337 0.5680761 0.8145112 0.1177344 0.5680776 0.81451 0.1177322 0.5680767 0.814511 0.09486621 0.7485052 0.6563081 0.09486621 0.7485052 0.6563081 0.09486675 0.7485066 0.6563065 0.09486591 0.7485048 0.6563087 0.06648087 0.8854607 0.4599346 0.06648087 0.8854607 0.4599347 0.06648087 0.885461 0.4599341 0.06648093 0.8854597 0.4599363 0.03423839 0.9709398 0.2368623 0.03423839 0.9709398 0.2368622 0.03423839 0.9709398 0.2368622 0.03423833 0.9709374 0.2368717 4.71936e-7 1 0 4.71936e-7 1 0 4.71936e-7 1 0 4.71928e-7 1 1.6998e-6 -0.03423738 0.9709388 -0.2368665 -0.03423738 0.9709389 -0.2368662 -0.0342372 0.9709377 -0.236871 -0.0342375 0.9709408 -0.2368586 -0.06647962 0.8854623 -0.4599316 -0.06647962 0.8854622 -0.4599316 -0.06647944 0.8854625 -0.4599311 -0.0664801 0.8854613 -0.4599334 -0.09486532 0.7485067 -0.6563066 -0.09486526 0.748507 -0.6563063 -0.0948652 0.748505 -0.6563085 -0.09486615 0.7485085 -0.6563044 -0.1177318 0.5680797 -0.814509 -0.1177318 0.5680798 -0.8145089 -0.117731 0.5680752 -0.8145121 -0.1177339 0.5680797 -0.8145086 -0.1337623 0.3545954 -0.9254025 -0.1337623 0.3545953 -0.9254025 -0.1337625 0.3545954 -0.9254025 -0.13376 0.3546027 -0.9254 -0.1420135 0.1205402 -0.9824979 -0.1420136 0.1205431 -0.9824977 -0.1420136 0.1205432 -0.9824976 -0.1420152 0.1205436 -0.9824973 -0.142017 0.1205472 -0.9824967 -0.1337607 0.3545988 -0.9254014 -0.1337607 0.3545989 -0.9254015 -0.1177315 0.5680829 -0.8145068 -0.1177315 0.5680828 -0.8145069 -0.09486699 0.748498 -0.6563163 -0.09486699 0.7484977 -0.6563166 -0.06647974 0.8854625 -0.4599311 -0.06647974 0.8854625 -0.4599311 -0.03423696 0.9709385 -0.2368676 -0.03423696 0.9709384 -0.236868 4.7193e-7 1 2.88352e-6 4.7193e-7 1 3.02089e-6 0.03423869 0.9709379 0.2368699 0.03423875 0.9709379 0.2368699 0.06648033 0.8854619 0.4599322 0.06648033 0.885462 0.4599322 0.09486663 0.7485 0.6563141 0.09486663 0.7485 0.6563141 0.1177311 0.5680838 0.8145061 0.1177311 0.5680841 0.8145059 0.133761 0.3546 0.9254009 0.133761 0.3545998 0.925401 -0.1420133 0.12054 -0.982498 -0.1337608 0.3545997 -0.9254012 -0.1337615 0.3546051 -0.9253989 -0.1177324 0.568086 -0.8145044 -0.1177314 0.568071 -0.814515 -0.09486722 0.7485012 -0.6563127 -0.09486526 0.7485029 -0.6563109 -0.06647956 0.885462 -0.4599321 -0.06647992 0.8854609 -0.4599341 -0.03423696 0.9709405 -0.2368593 -0.03423738 0.9709376 -0.2368713 4.7193e-7 1 0 4.71932e-7 1 -9.88982e-6 0.03423875 0.9709368 0.2368744 0.03423798 0.9709404 0.2368596 0.06648027 0.8854625 0.4599311 0.06648129 0.8854588 0.4599381 0.09486645 0.7484995 0.6563146 0.09486562 0.7485115 0.656301 0.1177303 0.5680802 0.8145087 0.1177356 0.5680772 0.8145101 0.1337612 0.3545997 0.9254011 0.1337617 0.3545986 0.9254014 0.9997418 0 -0.02272564 0.9997417 0 -0.02272564 0.9761264 0 0.2172039 0.9761263 0 0.2172038 0.8957886 -9.90009e-7 0.4444804 0.8957851 0 0.4444875 0.8957848 0 0.4444881 0.8957889 -1.06747e-6 0.4444798 0.7633841 -9.14981e-7 0.6459449 0.7633844 -9.14981e-7 0.6459447 0.7633843 -9.14981e-7 0.6459447 0.7633841 -9.1498e-7 0.6459448 0.5866082 -7.11655e-7 0.809871 0.5866085 -7.11656e-7 0.8098708 0.5866085 -7.11656e-7 0.8098707 0.5866082 -7.11655e-7 0.8098709 0.375752 0 0.9267203 0.3757549 -4.12509e-7 0.9267192 0.3757551 -4.44785e-7 0.9267191 0.3757517 0 0.9267204 0.1430588 0 0.9897142 0.1430594 0 0.9897142 0.1430595 0 0.9897142 0.1430587 0 0.9897142 -0.09795147 0 0.9951912 -0.09795075 0 0.9951913 -0.09795069 0 0.9951913 -0.09795153 0 0.9951913 -0.3332785 3.65363e-7 0.9428284 -0.3332754 0 0.9428296 -0.3332751 0 0.9428296 -0.3332788 3.9395e-7 0.9428284 -0.5492159 0 0.8356806 -0.5492192 6.12877e-7 0.8356783 -0.5492194 6.6083e-7 0.8356782 -0.5492156 0 0.8356808 -0.7332545 8.01439e-7 0.6799543 -0.7332502 0 0.679959 -0.7332498 0 0.6799594 -0.7332549 8.64146e-7 0.6799539 -0.874671 -4.55597e-7 0.4847172 -0.874677 9.48303e-7 0.4847066 -0.8746774 1.06747e-6 0.4847056 -0.8746705 -5.74766e-7 0.484718 -0.9652544 -4.06659e-7 0.2613121 -0.9652538 0 0.2613144 0.09519058 0.5375942 0.8378134 0.09549844 0.5367054 0.8383481 0.09580528 0.5351671 0.8392958 0.09560972 0.5361549 0.8386875 0.09587913 0.534802 0.8395202 0.09772419 0.5226871 0.8469051 0.09688305 0.5467821 0.8316509 0.09627157 0.5467765 0.8317254 0.09570437 0.546786 0.8317847 0.09567725 0.5467961 0.8317812 0.09567719 0.5467965 0.831781 0.09567624 0.5467985 0.8317797 0.09567624 0.5467987 0.8317796 0.1069421 0.4015669 0.9095645 0.106988 0.4005958 0.9099872 0.1070051 0.3995074 0.9104635 0.1070506 0.397999 0.9111186 0.1146203 0.2456987 0.9625458 0.1146652 0.2450697 0.9627009 0.1146246 0.2445568 0.9628361 0.1146631 0.2433978 0.9631252 0.117722 0.12792 0.9847731 0.1187747 0.04296016 0.9919915 0.1186265 0.1021851 0.9876669 0.1184707 0.08258599 0.9895172 0.1184708 0.0825572 0.9895197 0.1184707 0.08258557 0.9895172 0.1184708 0.08255678 0.9895196 0.1145874 0.2455465 0.9625886 0.1145948 0.2454152 0.9626212 0.1145945 0.2454187 0.9626203 0.1069211 0.4015665 0.9095671 0.1069199 0.401575 0.9095634 0.106921 0.4015668 0.9095671 0.1069199 0.4015752 0.9095635 0.1145871 0.2455502 0.9625876 0.08117121 0.6770731 0.7314255 0.08117043 0.6770792 0.73142 0.08117121 0.677073 0.7314257 0.08117043 0.6770794 0.7314198 0.06379073 0.788918 0.6111785 0.06379228 0.7888998 0.6112019 0.06379079 0.7889178 0.6111788 0.06379234 0.7888993 0.6112026 0.04401683 0.879215 0.4743877 0.04401761 0.8792077 0.4744011 0.04401689 0.8792147 0.4743881 0.04401767 0.8792075 0.4744015 0.02239137 0.945527 0.3247728 0.02238631 0.945541 0.3247323 0.02239131 0.9455271 0.3247724 0.02238619 0.9455415 0.3247313 -5.10428e-4 0.9860705 0.1663271 -5.1317e-4 0.9860743 0.1663051 -5.1045e-4 0.9860706 0.1663268 -5.1326e-4 0.9860744 0.1663045 -0.02404916 0.9997048 0.003473579 -0.02404791 0.9997048 0.003478586 -0.02404916 0.9997048 0.003473699 -0.02404791 0.9997048 0.003478825 -0.04758816 0.9860697 -0.1593797 -0.04758411 0.986075 -0.1593486 -0.0475881 0.9860698 -0.1593792 -0.04758405 0.9860751 -0.1593475 -0.07049107 0.9455261 -0.317823 -0.0704872 0.9455434 -0.3177725 -0.07049101 0.9455264 -0.3178222 -0.07048714 0.9455438 -0.3177711 -0.09211707 0.8792141 -0.4674366 -0.09211963 0.8792116 -0.4674411 -0.09211713 0.879214 -0.4674368 -0.09211963 0.8792115 -0.4674412 -0.1118896 0.7889118 -0.6042341 -0.1118931 0.7889017 -0.6042467 -0.1118897 0.7889118 -0.6042342 -0.1118931 0.7889016 -0.6042469 -0.1292697 0.6770738 -0.7244725 -0.1292695 0.6770816 -0.7244653 -0.1292697 0.6770738 -0.7244726 -0.1292695 0.6770818 -0.7244651 -0.1437769 0.5467997 -0.8248263 -0.1437752 0.5467954 -0.8248295 -0.1437768 0.5468001 -0.824826 -0.1437752 0.5467953 -0.8248295 -0.1550201 0.4015728 -0.9026119 -0.1550204 0.401568 -0.9026139 -0.1550201 0.4015726 -0.9026119 -0.1550204 0.4015678 -0.902614 -0.1626823 0.245534 -0.9556398 -0.1626833 0.245412 -0.9556711 -0.1626822 0.2455307 -0.9556407 -0.1626833 0.2454087 -0.9556719 -0.1665777 0.08295691 -0.9825325 -0.1665768 0.08256858 -0.9825653 -0.1665765 0.0828008 -0.9825459 -0.1665768 0.0825656 -0.9825657 -0.1665757 0.08294087 -0.9825342 -0.165397 0.04402887 -0.9852439 -0.1659603 0.1278586 -0.9778085 -0.162679 0.2456541 -0.9556096 -0.162674 0.244954 -0.9557901 -0.1626741 0.2442365 -0.9559738 -0.1626694 0.2432846 -0.9562172 -0.1553495 0.397828 -0.9042121 -0.1459586 0.5375246 -0.83052 -0.1459133 0.5372394 -0.8307126 -0.1458192 0.5358642 -0.8316168 -0.1458052 0.536015 -0.8315219 -0.1457839 0.5347015 -0.8323709 -0.1351988 0.6407312 -0.7557677 -0.1425811 0.5467813 -0.825046 -0.143184 0.5467734 -0.8249468 -0.1438474 0.5467919 -0.8248191 -0.1461017 0.5226563 -0.8399314 -0.1549745 0.4015754 -0.9026186 -0.154997 0.4015742 -0.9026153 -0.1549972 0.4015741 -0.9026151 -0.1293143 0.6770658 -0.7244721 -0.1282028 0.6771144 -0.7246242 -0.1287388 0.677102 -0.7245408 -0.1173911 0.7645843 -0.6337431 -0.1114531 0.7889189 -0.6043055 -0.1109983 0.7889265 -0.6043794 -0.1114473 0.788919 -0.6043065 -0.09674113 0.8650363 -0.4922941 -0.09177857 0.879232 -0.4674698 -0.09142917 0.8792405 -0.467522 -0.09177327 0.8792322 -0.4674704 -0.07386505 0.9390566 -0.3357331 -0.07027518 0.9455302 -0.3178586 -0.07005006 0.9455336 -0.3178982 -0.07027125 0.9455303 -0.3178594 -0.04853439 0.9852397 -0.1641561 -0.04943478 0.9844259 -0.1687068 -0.0479843 0.9856303 -0.161958 -0.04750794 0.9860751 -0.1593704 -0.02413225 0.9997027 0.003492176 -0.02421408 0.9997007 0.003497183 -0.02421408 0.9997007 0.003497779 -0.02413225 0.9997027 0.003492414 -4.34696e-4 0.9860757 0.1662967 -1.53456e-4 0.9856207 0.1689729 3.65339e-5 0.9851179 0.1718802 0.02261209 0.9455345 0.3247359 3.62906e-4 0.9844242 0.1758097 0.02283358 0.9455384 0.3247087 0.0226081 0.9455345 0.3247362 0.04435849 0.8792303 0.4743274 0.02422952 0.9390549 0.3429123 0.04470354 0.8792383 0.4742802 0.04435318 0.8792303 0.4743279 0.06390482 0.7889152 0.6111702 0.04662072 0.8650373 0.4995367 0.06469017 0.7889217 0.6110792 0.06423282 0.7889137 0.6111378 0.08113276 0.6770799 0.7314235 0.06687188 0.7645857 0.6410436 0.08223956 0.6771178 0.7312648 0.0816949 0.6771066 0.7313362 0.08434826 0.6407299 0.7631191 -0.1721878 0.07468992 -0.9822285 -0.1721891 0.07469499 -0.9822279 -0.1721879 0.07469028 -0.9822285 -0.1721892 0.07469534 -0.9822279 -0.1690031 0.222423 -0.9601907 -0.169004 0.2224279 -0.9601893 -0.1690031 0.2224233 -0.9601905 -0.1690041 0.2224282 -0.9601892 -0.1627035 0.3651711 -0.9166122 -0.1627047 0.3651669 -0.9166135 -0.1627036 0.3651708 -0.9166122 -0.1627048 0.3651667 -0.9166136 -0.1534312 0.4997819 -0.8524535 -0.1534296 0.4997889 -0.8524497 -0.1534311 0.4997824 -0.8524532 -0.1534296 0.4997894 -0.8524495 -0.1413931 0.6232252 -0.7691544 -0.1413919 0.6232067 -0.7691695 -0.141393 0.6232239 -0.7691553 -0.1413918 0.6232054 -0.7691706 -0.1268541 0.7327223 -0.6686001 -0.1268548 0.7327101 -0.6686133 -0.1268542 0.7327215 -0.668601 -0.1268548 0.7327093 -0.6686142 -0.1101425 0.8258703 -0.552998 -0.1101419 0.8258743 -0.5529922 -0.1101425 0.8258706 -0.5529975 -0.1101418 0.8258746 -0.5529919 -0.09163552 0.9005638 -0.4249565 -0.09163576 0.9005654 -0.4249528 -0.09163552 0.9005638 -0.4249563 -0.09163576 0.9005656 -0.4249526 -0.07174199 0.9551421 -0.2873268 -0.07174068 0.9551513 -0.2872965 -0.07174187 0.9551427 -0.2873248 -0.07174056 0.955152 -0.2872945 -0.05090981 0.9883869 -0.1431767 -0.05091005 0.9883857 -0.1431855 -0.05090981 0.9883869 -0.1431773 -0.05091011 0.9883856 -0.1431861 -0.02959513 0.9995528 0.004283368 -0.02959513 0.9995529 0.004275321 -0.02959513 0.9995529 0.004282832 -0.02959513 0.9995529 0.004274725 -0.00828135 0.9883865 0.1517356 -0.008280992 0.9883862 0.1517377 -0.00828135 0.9883864 0.1517357 -0.008280932 0.9883862 0.1517378 0.01255387 0.9551392 0.2958914 0.01255249 0.9551535 0.2958449 0.01255375 0.9551401 0.2958883 0.01255244 0.9551545 0.2958416 0.03245139 0.9005619 0.433515 0.03245145 0.9005613 0.4335164 0.03245139 0.9005619 0.4335151 0.03245151 0.9005612 0.4335165 0.05095905 0.8258712 0.5615516 0.05095845 0.8258764 0.561544 0.05095899 0.8258715 0.5615511 0.05095839 0.8258767 0.5615434 0.06766849 0.7327252 0.6771521 0.06766903 0.7327122 0.6771659 0.06766855 0.7327243 0.677153 0.06766909 0.7327114 0.6771669 0.08220034 0.6232292 0.7777072 0.08219993 0.6232023 0.7777288 0.08220034 0.6232275 0.7777087 0.08219987 0.6232004 0.7777303 0.09423822 0.4997765 0.8610126 0.09423911 0.4997928 0.861003 0.09423828 0.4997776 0.8610119 0.09423917 0.4997939 0.8610023 0.1035133 0.3651683 0.9251687 0.1035137 0.36517 0.925168 0.1035133 0.3651684 0.9251686 0.1035137 0.3651701 0.925168 0.109812 0.2224222 0.9687466 0.1098123 0.2224223 0.9687464 0.109812 0.2224222 0.9687466 0.1098123 0.2224223 0.9687464 0.1129978 0.07469016 0.990784 0.1129987 0.07469844 0.9907833 0.1129978 0.07469069 0.9907839 0.1129988 0.07469898 0.9907832 -0.90922 3.25611e-6 -0.4163161 -0.909231 1.98677e-7 -0.4162923 -0.9092211 2.93821e-6 -0.4163136 -0.9092317 0 -0.4162908 -0.9619868 0 -0.2730964 -0.9619862 3.01878e-7 -0.2730985 -0.9619867 0 -0.2730966 -0.9619861 3.31324e-7 -0.2730987 -0.9941149 1.65663e-7 -0.108331 -0.9941151 0 -0.1083301 -0.9941149 1.5094e-7 -0.1083309 -0.9941151 0 -0.1083301 -0.9982288 0 0.05949217 -0.9982292 1.05658e-6 0.05948448 -0.9982289 0 0.05949139 -0.9982293 1.15964e-6 0.0594837 -0.9742162 1.15963e-6 0.2256167 -0.974216 1.15963e-6 0.2256174 -0.9742162 1.15963e-6 0.2256168 -0.974216 1.15963e-6 0.2256174 -0.9227483 9.93961e-7 0.3854032 -0.9227485 1.1449e-6 0.3854026 -0.9227483 1.00868e-6 0.3854032 -0.9227486 1.15962e-6 0.3854026 -0.8452791 1.07681e-6 0.5343253 -0.8452757 0 0.5343307 -0.8452787 9.81109e-7 0.5343257 -0.8452754 0 0.5343312 -0.7541363 0 0.6567179 -0.7541218 -2.53296e-6 0.6567347 -0.7541354 -1.71272e-7 0.656719 -0.7541202 -2.80702e-6 0.6567364 -0.6598559 7.86633e-7 0.7513922 -0.6598491 -4.15124e-7 0.7513982 -0.6598555 6.97927e-7 0.7513927 -0.6598483 -5.70322e-7 0.7513989 -0.5526403 4.54211e-7 0.83342 -0.8456277 -4.49503e-7 -0.5337733 -0.8456197 1.51998e-6 -0.5337859 -0.8456271 -3.04126e-7 -0.5337742 -0.8456186 1.77433e-6 -0.5337876 -0.766023 7.7864e-7 -0.6428133 -0.7659678 -1.17581e-5 -0.6428791 -0.6762928 4.04975e-6 -0.736633 -0.676196 -1.833e-5 -0.7367218 -0.5764246 1.99575e-5 -0.8171503 -0.5762984 -1.19873e-5 -0.8172394 -0.4741407 2.58096e-5 -0.8804491 -0.4740341 -6.56475e-6 -0.8805065 -0.3662493 1.23997e-5 -0.9305168 -0.3662074 -7.84813e-6 -0.9305333 -0.2720546 -5.8449e-6 -0.9622818 -0.2720393 -9.22632e-6 -0.9622862 -0.2016842 -1.0512e-5 -0.9794506 -0.5525779 1.15279e-5 0.8334613 -0.4400187 -4.86737e-6 0.8979887 -0.4398922 1.91163e-5 0.8980506 -0.3214426 -1.88624e-5 0.9469292 -0.3212879 1.5429e-5 0.9469817 -0.2054237 -2.25912e-5 0.9786732 -0.2052994 1.20875e-5 0.9786993 -0.08774995 -6.05415e-6 0.9961425 -0.08773171 1.87141e-6 0.9961442 0.01157635 -2.46851e-7 0.9999331 0.01158016 1.56285e-7 0.999933 0.08389866 1.13453e-6 0.9964743 4.32196e-7 1 6.42498e-7 3.36781e-7 1 7.11111e-7 5.31449e-7 1 -1.6436e-6 5.18196e-7 1 -1.5432e-6 4.79505e-7 1 3.25393e-6 5.8165e-7 1 0 3.27173e-7 1 0 7.94464e-7 1 0 6.13469e-7 1 0 4.44532e-7 1 0 0 1 0 0 1 -2.58008e-6 0 1 -1.75467e-6 0 1 -7.24787e-6 0 1 2.7563e-6 0 1 2.13349e-7 0 1 -4.53352e-6 0 1 6.05326e-6 0 1 -3.9316e-6 0 1 2.87318e-6 1.77163e-6 1 9.11925e-6 6.70791e-7 1 -1.77925e-6 2.05008e-6 1 6.85724e-7 1.29982e-6 1 -5.16513e-6 1.46052e-6 1 1.11674e-6 1.4986e-6 1 -2.75015e-6 1.56875e-6 1 6.10719e-6 1.60827e-6 1 -2.96337e-6 1.6285e-6 1 1.60625e-6 1.64693e-6 1 -3.94247e-6 1.61409e-6 1 6.95117e-6 1.61659e-6 1 -3.86861e-6 1.52737e-6 1 5.8391e-6 1.56802e-6 1 -6.09632e-6 1.46676e-6 1 0 2.36368e-7 1 -5.81863e-7 1.02676e-6 1 -1.76291e-6 1.79775e-6 1 -4.42549e-6 0 1 -2.13046e-6 0 1 3.17592e-6 0 1 3.05353e-6 0 1 8.40912e-7 4.29831e-7 1 1.41975e-6 0 1 6.62936e-6 0 1 1.03873e-5 0 1 -5.78959e-7 5.34136e-7 1 -3.51159e-6 0 1 9.05944e-6 6.44837e-7 1 -5.78831e-6 -1.46052e-6 -1 -1.44488e-6 -1.29982e-6 -1 -8.23368e-7 -1.36065e-6 -1 -6.09635e-6 -1.18797e-6 -1 0 -3.09548e-6 -1 0 -4.08078e-7 -1 0 -1.76739e-6 -1 -3.068e-6 0 -1 -3.3808e-7 0 -1 1.21865e-6 0 -1 8.42724e-6 0 -1 -6.6748e-6 0 -1 0 -1.4986e-6 -1 4.19923e-7 -1.56874e-6 -1 1.31675e-6 -1.60826e-6 -1 -2.31402e-7 -1.6285e-6 -1 -1.03261e-6 -1.64693e-6 -1 0 -1.61409e-6 -1 0 -1.61659e-6 -1 1.2151e-6 -1.52737e-6 -1 2.05841e-7 -1.65909e-6 -1 7.93562e-6 -6.51362e-7 -1 1.54209e-6 -1.02696e-6 -1 1.3179e-5 0 -1 4.11646e-7 0 -1 7.48536e-6 0 -1 -4.55954e-6 0 -1 -1.13468e-5 0 -1 3.38534e-6 -4.29831e-7 -1 1.64615e-6 0 -1 1.78244e-6 0 -1 1.33883e-6 0 -1 4.83591e-7 -5.34136e-7 -1 1.72635e-6 -3.36781e-7 -1 0 -4.79503e-7 -1 -1.71403e-6 -6.44833e-7 -1 1.13965e-6 -4.32196e-7 -1 6.40989e-7 -5.3145e-7 -1 1.6778e-6 -5.18199e-7 -1 2.56562e-6 -5.81649e-7 -1 2.63912e-7 -3.27173e-7 -1 1.74005e-6 -7.94466e-7 -1 -4.5586e-6 -6.13471e-7 -1 -2.38038e-6 -4.44533e-7 -1 3.46993e-6 0 -1 5.3936e-6 0 -1 4.26452e-6 -0.9897142 6.62897e-6 0.1430597 -0.9897142 5.12602e-6 0.1430592 -0.9897146 9.87539e-6 0.1430561 -0.9897146 7.81492e-6 0.1430559 -0.9897143 -1.91426e-6 0.1430578 -0.9897145 -2.93769e-7 0.1430566 -0.9897145 -7.22086e-6 0.1430568 -0.9897143 1.00978e-6 0.1430584 -0.9897147 9.60066e-6 0.1430558 -0.9897148 5.10934e-6 0.1430546 -0.989714 -9.49661e-6 0.1430604 -0.9897142 -6.85998e-5 0.1430591 0.9897143 3.04778e-6 -0.1430583 0.9897142 1.55832e-6 -0.1430591 0.9897139 2.14878e-7 -0.1430613 0.9897143 -1.57715e-6 -0.1430583 0.9897153 5.56861e-6 -0.1430512 0.9897138 8.10245e-6 -0.1430622 0.9897133 -1.17151e-5 -0.1430655 0.9897149 -8.07085e-7 -0.143054 0.9897148 -3.68091e-6 -0.1430552 0.9897151 -1.78646e-6 -0.1430529 0.9897174 2.80315e-5 -0.1430374 0.9897151 1.20065e-5 -0.1430532 0.9897159 1.42586e-5 -0.1430477 0.9897131 -5.0879e-6 -0.1430664 0.9897122 -5.83389e-6 -0.1430726 0.9897137 -4.0107e-6 -0.1430621 0.9897133 -7.67659e-6 -0.1430657 0.9897142 -8.76623e-6 -0.1430592 0.9897146 -1.03449e-6 -0.1430558 0.9897148 -3.28707e-6 -0.1430556 0.9897124 7.46069e-6 -0.1430715 0.9897164 -6.25531e-6 -0.1430436 0.9897136 6.55282e-6 -0.1430632 0.9897139 -1.58545e-6 -0.1430616 0.9897142 1.62425e-6 -0.1430593 0.9897153 -2.28702e-6 -0.1430513 0.989714 9.56512e-7 -0.1430599 0.9897121 1.41569e-5 -0.1430733 0.989713 6.02398e-6 -0.143067 0.9897138 -2.74887e-6 -0.1430621 0.9897142 -2.79223e-6 -0.1430593 0.9897148 -1.80402e-5 -0.1430546 0.9897141 -9.77511e-6 -0.1430597 0.989714 -1.21983e-5 -0.1430602 0.9897144 -6.1764e-6 -0.1430575 0.9897139 0 -0.1430614 0.989714 1.22697e-5 -0.1430603 0.9897145 6.6993e-6 -0.1430572 0.989714 9.75483e-6 -0.1430602 0.9897148 1.79683e-5 -0.143055 0.9897142 2.76962e-6 -0.1430591 0.9897131 -5.95269e-6 -0.1430673 0.9897138 3.27335e-6 -0.1430622 0.9897117 -1.51443e-5 -0.1430769 0.9897154 -8.62773e-7 -0.1430511 0.9897143 -3.03347e-6 -0.1430581 0.9897142 -5.93963e-6 -0.1430593 0.9897139 -1.97044e-6 -0.1430615 0.989713 -1.15253e-5 -0.1430677 0.9897115 -7.50731e-6 -0.1430779 0.9897173 5.17907e-6 -0.1430379 0.9897146 5.27746e-6 -0.1430563 0.989714 4.82316e-6 -0.1430605 0.9897139 3.1119e-6 -0.1430615 0.9897134 5.15509e-6 -0.143065 0.9897149 2.12791e-6 -0.1430546 0.9897128 -7.43986e-7 -0.1430684 0.989716 -1.20319e-5 -0.1430467 0.9897139 8.76125e-7 -0.1430618 0.989715 -1.2006e-5 -0.1430532 0.9897152 1.78583e-6 -0.1430521 0.9897173 -2.80312e-5 -0.1430376 0.9897147 3.68086e-6 -0.1430557 0.9897151 8.05743e-7 -0.1430526 0.9897132 1.1715e-5 -0.143066 0.9897153 -5.56947e-6 -0.143051 0.9897137 -8.10222e-6 -0.1430624 0.1129983 -0.07469218 0.9907838 0.1129975 -0.07469695 0.9907835 0.1129982 -0.07469248 0.9907838 0.1129975 -0.07469725 0.9907835 0.1098124 -0.2224242 0.968746 0.1098134 -0.2224239 0.968746 0.1098124 -0.2224242 0.968746 0.1098135 -0.2224238 0.968746 0.1035135 -0.3651719 0.9251673 0.1035125 -0.3651763 0.9251657 0.1035134 -0.3651722 0.9251672 0.1035124 -0.3651766 0.9251656 0.09423911 -0.4997812 0.8610097 0.09424126 -0.4997712 0.8610153 0.09423923 -0.4997805 0.8610101 0.09424144 -0.4997705 0.8610158 0.0822004 -0.6232159 0.777718 0.0822013 -0.6232128 0.7777204 0.08220046 -0.6232156 0.7777181 0.08220136 -0.6232125 0.7777206 0.06766694 -0.7327196 0.6771582 0.06766515 -0.732719 0.677159 0.06766682 -0.7327196 0.6771582 0.06766504 -0.732719 0.6771591 0.0509563 -0.825865 0.5615606 0.05095541 -0.8258689 0.5615552 0.05095624 -0.8258654 0.5615603 0.05095535 -0.8258692 0.5615548 0.03244465 -0.9005711 0.4334964 0.03244519 -0.9005698 0.433499 0.03244465 -0.900571 0.4334965 0.03244525 -0.9005697 0.4334992 0.0125541 -0.9551429 0.2958793 0.01255053 -0.9551454 0.2958711 0.01255387 -0.955143 0.2958788 0.01255023 -0.9551456 0.2958706 -0.00828737 -0.9883918 0.1517006 -0.008284747 -0.9883889 0.1517191 -0.008287191 -0.9883916 0.1517019 -0.008284568 -0.9883888 0.1517204 -0.02959609 -0.9995528 0.004276096 -0.02959644 -0.9995529 0.004282832 -0.02959614 -0.9995529 0.004276514 -0.02959644 -0.9995529 0.004283308 -0.05090683 -0.9883911 -0.1431491 -0.05090862 -0.9883894 -0.1431594 -0.05090695 -0.988391 -0.1431498 -0.05090874 -0.9883893 -0.1431601 -0.07174646 -0.9551408 -0.2873299 -0.07174432 -0.9551444 -0.2873187 -0.07174634 -0.9551411 -0.2873291 -0.0717442 -0.9551447 -0.2873179 -0.09163725 -0.9005737 -0.4249351 -0.09163624 -0.900571 -0.4249407 -0.09163719 -0.9005735 -0.4249355 -0.09163618 -0.9005709 -0.4249411 -0.1101468 -0.8258703 -0.5529973 -0.1101483 -0.825868 -0.5530006 -0.1101469 -0.8258701 -0.5529975 -0.1101484 -0.8258677 -0.5530008 -0.126858 -0.7327111 -0.6686117 -0.1268557 -0.7327182 -0.6686043 -0.1268578 -0.7327116 -0.6686112 -0.1268556 -0.7327187 -0.6686038 -0.1413918 -0.6232136 -0.769164 -0.1413905 -0.6232166 -0.7691619 -0.1413917 -0.6232137 -0.7691639 -0.1413904 -0.6232168 -0.7691617 -0.1534301 -0.499777 -0.8524566 -0.1534312 -0.4997703 -0.8524603 -0.1534301 -0.4997766 -0.8524568 -0.1534312 -0.4997698 -0.8524605 -0.1627038 -0.3651826 -0.9166074 -0.1627048 -0.3651725 -0.9166113 -0.1627038 -0.3651819 -0.9166077 -0.1627048 -0.3651717 -0.9166116 -0.1690045 -0.2224197 -0.9601911 -0.169003 -0.2224271 -0.9601897 -0.1690044 -0.2224203 -0.9601911 -0.1690029 -0.2224276 -0.9601897 -0.1721886 -0.07469159 -0.9822282 -0.1721883 -0.07469439 -0.9822281 -0.1721886 -0.07469177 -0.9822283 -0.1721883 -0.07469457 -0.9822281 -0.9897152 6.73425e-6 0.1430518 -0.9897152 -6.10531e-7 0.1430516 -0.9897156 2.2248e-6 0.1430491 -0.9897165 -4.33593e-6 0.1430431 -0.9897156 -7.36797e-6 0.1430491 -0.9897138 3.33649e-6 0.143062 -0.9897129 1.23519e-6 0.143068 -0.9897133 7.42321e-6 0.143065 -0.9897157 7.60707e-6 0.1430488 -0.9897181 -1.97286e-6 0.1430317 -0.9897167 -2.46492e-7 0.1430418 -0.9897121 -3.72449e-6 0.1430733 -0.989713 -6.88219e-6 0.143067 -0.989718 -6.97334e-6 0.1430332 -0.989719 -6.52916e-6 0.1430261 -0.9897162 -3.15468e-6 0.1430452 -0.9897121 7.03344e-6 0.143074 -0.9897125 1.64124e-5 0.1430708 -0.9897123 2.0464e-5 0.1430724 -0.9897122 1.38816e-5 0.1430726 -0.9897145 6.19726e-6 0.1430573 -0.989714 -8.86528e-6 0.14306 -0.9897149 -1.29652e-5 0.1430541 -0.9897153 -1.30415e-5 0.1430516 -0.9897143 7.14718e-6 0.1430582 -0.989716 1.67524e-5 0.1430466 -0.9897146 2.95924e-5 0.1430563 -0.9897157 3.12707e-5 0.143049 -0.9897174 1.87205e-5 0.1430364 -0.9897175 2.93005e-5 0.1430363 -0.9897162 1.61848e-5 0.1430452 -0.989716 -4.46826e-6 0.1430471 -0.9897143 -5.54634e-6 0.1430584 -0.9897148 -1.73272e-5 0.1430553 -0.9897136 -6.36259e-7 0.1430634 -0.9897122 0 0.143073 -0.98971 3.21697e-6 0.1430882 -0.9897107 -1.17517e-6 0.1430837 -0.9897127 -3.6473e-6 0.1430695 -0.9897137 9.18764e-6 0.143062 -0.9897152 4.48531e-6 0.1430527 -0.9897153 0 0.1430509 -0.9897151 -4.48534e-6 0.1430524 -0.9897139 -9.18758e-6 0.1430615 -0.9897125 8.47702e-6 0.1430708 -0.98971 9.6562e-6 0.1430883 -0.9897088 5.7582e-6 0.1430961 -0.9897108 3.12113e-6 0.1430832 -0.9897121 6.35919e-7 0.143074 -0.9897146 2.65532e-5 0.1430563 -0.9897145 1.12763e-5 0.143057 -0.9897167 5.01989e-6 0.1430413 -0.9897169 -2.1577e-5 0.1430407 -0.9897174 -2.26229e-5 0.1430368 -0.9897185 -3.41149e-5 0.1430292 -0.9897145 -2.51848e-5 0.1430565 -0.9897128 -2.44384e-5 0.1430687 -0.9897162 -9.54525e-6 0.1430454 -0.9897152 -1.65465e-6 0.1430518 -0.9897153 1.01108e-5 0.143051 -0.9897146 1.25897e-5 0.143056 -0.9897137 3.69948e-6 0.1430622 -0.9897149 -4.74614e-6 0.1430544 -0.9897134 -1.35017e-5 0.1430649 -0.989713 -1.57578e-5 0.1430669 -0.9897125 -1.24687e-5 0.1430706 -0.989712 -4.63248e-7 0.1430742 -0.9897155 4.70138e-6 0.14305 -0.9897177 1.01515e-5 0.1430349 -0.9897167 8.51624e-6 0.1430417 -0.9897128 4.63107e-6 0.143069 -0.9897125 -9.11806e-7 0.1430705 -0.9897169 -1.97548e-7 0.1430408 -0.989718 7.46226e-6 0.1430321 -0.9897154 -3.59532e-7 0.1430503 -0.9897131 -1.0511e-6 0.1430661 -0.9897131 -1.0648e-5 0.1430671 -0.9897133 -8.99977e-6 0.1430649 -0.9897145 7.00938e-6 0.1430577 0.1184767 -0.08255785 0.9895188 0.118471 -0.08280718 0.9894987 0.1184766 -0.08256101 0.9895186 0.1184685 -0.08297371 0.9894851 0.1145952 -0.2454155 0.9626211 0.1145866 -0.2455337 0.962592 0.1145949 -0.2454186 0.9626203 0.1145864 -0.245537 0.9625911 0.10692 -0.4015753 0.9095633 0.1069195 -0.4015739 0.909564 0.10692 -0.4015752 0.9095634 0.1069195 -0.4015738 0.909564 0.09567797 -0.5467888 0.8317859 0.09567618 -0.5467983 0.8317798 0.09567791 -0.5467892 0.8317857 0.09567618 -0.5467984 0.8317799 0.08116871 -0.6770788 0.7314205 0.08117151 -0.677071 0.7314274 0.08116877 -0.6770786 0.7314207 0.08117157 -0.6770709 0.7314276 0.06379115 -0.7889133 0.6111846 0.06378924 -0.7889212 0.6111745 0.06379109 -0.7889135 0.6111842 0.06378924 -0.7889213 0.6111745 0.0440188 -0.8792095 0.4743975 0.04401981 -0.8792066 0.4744028 0.0440188 -0.8792094 0.4743977 0.04401975 -0.8792068 0.4744026 0.02238631 -0.9455374 0.3247429 0.02238446 -0.9455429 0.3247269 0.02238625 -0.9455376 0.3247424 0.02238452 -0.9455428 0.3247271 -5.10066e-4 -0.9860699 0.1663313 -5.10494e-4 -0.9860696 0.1663328 -5.10102e-4 -0.9860699 0.1663315 -5.10545e-4 -0.9860696 0.1663327 -0.02405095 -0.9997048 0.003482043 -0.02405029 -0.9997048 0.00347352 -0.02405089 -0.9997047 0.003481864 -0.02405029 -0.9997048 0.003473579 -0.04759168 -0.9860676 -0.1593918 -0.04758954 -0.9860702 -0.159377 -0.04759162 -0.9860677 -0.1593914 -0.04758948 -0.9860702 -0.1593766 -0.07048708 -0.9455409 -0.31778 -0.07048463 -0.945541 -0.3177801 -0.07048702 -0.9455409 -0.31778 -0.07048469 -0.9455408 -0.3177806 -0.09211832 -0.8792091 -0.4674459 -0.09212017 -0.8792057 -0.4674518 -0.09211838 -0.8792089 -0.4674461 -0.09212017 -0.879206 -0.4674515 -0.1118921 -0.7889119 -0.6042335 -0.1118897 -0.7889155 -0.6042293 -0.111892 -0.7889121 -0.6042333 -0.1118897 -0.7889155 -0.6042293 -0.129269 -0.6770806 -0.7244663 -0.129271 -0.6770715 -0.7244745 -0.129269 -0.6770803 -0.7244665 -0.129271 -0.6770714 -0.7244746 -0.1437779 -0.5467855 -0.8248355 -0.1437764 -0.5468018 -0.824825 -0.1437779 -0.546786 -0.8248352 -0.1437764 -0.5468019 -0.824825 -0.1550181 -0.4015725 -0.9026123 -0.1550201 -0.4015717 -0.9026123 -0.1550182 -0.4015725 -0.9026123 -0.1550202 -0.4015718 -0.9026123 -0.1626822 -0.24541 -0.9556717 -0.1626815 -0.2455496 -0.9556361 -0.1626815 -0.2455457 -0.955637 -0.1627156 -0.2445617 -0.9558835 -0.1665803 -0.08258736 -0.9825631 -0.1665802 -0.08258765 -0.9825632 -0.1665832 -0.08256649 -0.9825644 -0.1659095 -0.1021733 -0.9808337 -0.1669949 -0.04293072 -0.9850227 0.1184672 -0.08295536 0.9894867 0.1203652 -0.04406523 0.9917512 0.1177238 -0.1278322 0.9847843 0.1145818 -0.2456595 0.9625604 0.1146367 -0.2449653 0.9627307 0.1146829 -0.2443348 0.9628854 0.1147617 -0.243296 0.9631391 0.1070563 -0.3978145 0.9111986 0.09519588 -0.5375271 0.8378559 0.09526276 -0.5373347 0.8379716 0.09565144 -0.5358282 0.8388916 0.09562259 -0.5360363 0.8387619 0.09588211 -0.5347227 0.8395704 0.08434665 -0.6407482 0.7631039 0.09688192 -0.5467996 0.8316395 0.09627521 -0.5467944 0.8317133 0.09579437 -0.5467949 0.8317685 0.09772533 -0.5226519 0.8469266 0.1069654 -0.4015647 0.9095628 0.1069427 -0.4015653 0.909565 0.1069424 -0.4015654 0.909565 0.08136188 -0.6770825 0.7313956 0.08223932 -0.6770952 0.7312858 0.0817005 -0.6770857 0.731355 0.06687152 -0.7645739 0.6410577 0.06389868 -0.7889178 0.6111676 0.06468874 -0.7889217 0.6110793 0.06423836 -0.7889161 0.6111342 0.04662406 -0.8650223 0.4995624 0.04435235 -0.8792302 0.4743282 0.04470425 -0.8792381 0.4742805 0.04435765 -0.8792305 0.4743272 0.02422273 -0.9390787 0.3428477 0.02260631 -0.9455331 0.3247402 0.02283054 -0.9455384 0.3247089 0.02261042 -0.945533 0.3247402 -6.57449e-5 -0.9852394 0.1711825 3.64467e-4 -0.984419 0.1758385 -1.5556e-4 -0.985624 0.1689536 -4.34266e-4 -0.9860751 0.166301 -0.02413249 -0.9997027 0.003492474 -0.02421522 -0.9997006 0.003505051 -0.02413249 -0.9997028 0.003492772 -0.04750889 -0.9860743 -0.1593747 -0.02421516 -0.9997006 0.003505289 -0.04799014 -0.9856254 -0.1619865 -0.04864102 -0.9851164 -0.1648626 -0.07027262 -0.9455316 -0.3178552 -0.04944086 -0.9844205 -0.1687362 -0.07005214 -0.9455361 -0.3178903 -0.07027673 -0.9455313 -0.3178551 -0.09210592 -0.8792 -0.4674654 -0.07385694 -0.9390754 -0.3356823 -0.09142774 -0.8792445 -0.4675148 -0.09177756 -0.8792362 -0.467462 -0.1117783 -0.7889154 -0.6042501 -0.09674561 -0.8650223 -0.492318 -0.1109988 -0.7889218 -0.6043854 -0.1114539 -0.7889163 -0.6043089 -0.1290743 -0.677078 -0.7245035 -0.1173962 -0.7645701 -0.6337592 -0.1282069 -0.6770963 -0.7246404 -0.1287482 -0.6770882 -0.7245519 -0.1435146 -0.5467976 -0.8248735 -0.1351947 -0.6407406 -0.7557606 -0.1425815 -0.5468057 -0.8250297 -0.1431892 -0.5467939 -0.8249323 -0.1549977 -0.4015733 -0.9026155 -0.1460958 -0.5226999 -0.8399053 -0.1457833 -0.5351591 -0.8320769 -0.1457765 -0.534774 -0.8323257 -0.145798 -0.5361682 -0.8314245 -0.1458083 -0.5367035 -0.8310772 -0.1459496 -0.5375984 -0.8304738 -0.1550748 -0.400584 -0.9030417 -0.1551921 -0.3995137 -0.9034956 -0.1553357 -0.3979863 -0.9041448 -0.162638 -0.2457039 -0.9556038 -0.162643 -0.2450197 -0.9557785 -0.1627612 -0.2433938 -0.9561738 -0.1659564 -0.1279327 -0.9777995 -0.1665833 -0.0825662 -0.9825645 -0.1626821 -0.2454063 -0.9556727 -0.9897145 -2.20956e-6 0.1430577 -0.9897144 -2.33437e-6 0.1430575 -0.9897142 -7.13008e-6 0.1430591 -0.9897143 -5.86509e-6 0.1430588 -0.9897145 -9.24084e-7 0.1430572 -0.9897146 -3.64625e-6 0.1430568 -0.9897146 -2.93847e-6 0.1430568 -0.9897145 -8.2638e-6 0.1430577 -0.9897146 1.14987e-5 0.1430562 -0.989715 6.86106e-5 0.1430531 -0.989714 1.32352e-5 0.1430611 -0.9897149 1.35584e-5 0.1430544 -0.9997418 0 0.02272564 -0.9997417 0 0.02272564 -0.9761268 0 -0.2172015 -0.9761268 0 -0.2172016 -0.8957828 0 -0.4444922 -0.8957865 1.06748e-6 -0.4444844 -0.7633799 9.14988e-7 -0.6459499 -0.7633843 1.67746e-6 -0.6459447 -0.58662 1.67748e-6 -0.8098624 -0.5866087 0 -0.8098705 -0.3757601 0 -0.9267171 -0.3757608 0 -0.9267168 -0.1430595 0 -0.9897142 -0.1430609 1.69972e-7 -0.9897139 0.09796118 0 -0.9951903 0.09796106 0 -0.9951903 0.3332746 0 -0.9428298 0.333279 -3.9395e-7 -0.9428283 0.5492277 -6.60827e-7 -0.8356729 0.5492227 0 -0.835676 0.7332551 0 -0.6799537 0.7332547 0 -0.6799541 0.8746706 0 -0.484718 0.8746681 5.59159e-7 -0.4847226 0.9652537 3.04997e-7 -0.2613148 0.9652546 0 -0.2613118 -0.1199129 -0.5523058 -0.8249723 -0.225304 -0.5766546 -0.7853073 -0.2799145 -0.5131299 -0.811385 -0.3027644 -0.499225 -0.8118548 -0.3027644 -0.499225 -0.8118547 -0.3027644 -0.499225 -0.8118547 -0.3680565 -0.4528198 -0.8120892 -0.3510269 -0.458431 -0.8164687 -0.4457497 -0.3791194 -0.8109105 -0.4446883 -0.379568 -0.8112832 -0.4412173 -0.381045 -0.8124852 -0.4402273 -0.3814776 -0.812819 -0.518829 -0.3010307 -0.8001231 -0.5197129 -0.3005846 -0.7997171 -0.5225876 -0.2990493 -0.7984183 -0.5234085 -0.2985796 -0.7980563 -0.5860118 -0.2199481 -0.7798801 -0.5986912 -0.2115535 -0.7725374 -0.6461381 -0.1374025 -0.7507504 -0.6648847 -0.1221495 -0.7368907 -0.6983274 -0.05535584 -0.7136349 -0.7595102 0.009781002 -0.650422 -0.756762 -0.02877408 -0.6530569 -0.8030228 -0.08418774 -0.5899721 -0.7842364 -0.131656 -0.6063333 -0.772895 -0.3659782 -0.5183564 -0.363839 -0.5696625 -0.7369571 -0.3856459 -0.4984073 -0.7764455 -0.462312 -0.4069387 -0.7878252 -0.498443 -0.3921442 -0.7731607 -0.5107968 -0.3802863 -0.7710183 0.5903409 0.4767398 0.6513193 0.5903409 0.4767398 0.6513193 0.5903409 0.4767399 0.6513193 -0.6164164 -0.401229 -0.6775295 -0.6746371 -0.2776131 -0.683956 -0.6394318 -0.2357071 -0.7318259 -0.6905895 -0.1518923 -0.7071174 -0.9136854 0.04021227 -0.404428 -0.8661487 -0.0732243 -0.4943933 -0.8312976 -0.03099364 -0.5549629 -0.6510084 -0.002861678 -0.7590652 -0.6275874 -0.07428699 -0.7749939 -0.5554915 0.005361378 -0.831505 -0.5267143 -0.06399339 -0.8476303 -0.4553076 0.01296848 -0.8902398 -0.4212689 -0.05423492 -0.9053128 -0.351207 0.01959818 -0.9360928 -0.3152424 -0.04089123 -0.9481299 -0.2469374 0.03048372 -0.9685519 -0.1527019 -0.06929051 -0.9858403 -0.1477196 -0.07311618 -0.9863229 -0.1575447 -0.06556946 -0.9853327 -0.2024972 -0.1545936 -0.9670035 -0.1450256 -0.1903629 -0.9709426 -0.2057908 -0.254303 -0.9449763 -0.2384414 -0.2368171 -0.9418404 -0.2366062 -0.2381483 -0.9419676 -0.2421187 -0.2340851 -0.9415852 -0.106743 -0.4286475 -0.897144 -0.1483591 -0.4111906 -0.8993954 -0.2125341 -0.4819524 -0.8500301 -0.2847176 -0.4368525 -0.8532853 -0.2335296 -0.4602196 -0.8565407 -0.3467165 -0.3788567 -0.8580533 -0.3173151 -0.3952282 -0.862036 -0.4071163 -0.3182435 -0.856141 -0.4046942 -0.3198441 -0.8566927 -0.3999333 -0.3230559 -0.8577226 -0.3975873 -0.3246148 -0.8582248 -0.4651998 -0.2557412 -0.8474583 -0.4672092 -0.2541 -0.8468465 -0.4711449 -0.2509918 -0.8455919 -0.4730767 -0.249416 -0.8449794 -0.5202728 -0.1920498 -0.8321257 -0.5424325 -0.1709419 -0.8225241 -0.5718004 -0.1279769 -0.8103496 -0.6044669 -0.09069794 -0.7914505 -0.2310407 0.00905627 -0.9729019 -0.2179654 -0.007072269 -0.975931 -0.2039245 -0.02275186 -0.9787222 -0.1893184 -0.03756421 -0.981197 -0.1738943 -0.05182009 -0.9834001 -0.1576167 -0.06550949 -0.9853252 -0.2645269 -0.3345236 -0.9044996 -0.215424 -0.360624 -0.9074926 -0.3093022 -0.2888601 -0.9060309 -0.2809453 -0.3064424 -0.9094849 -0.3534459 -0.2424396 -0.9034927 -0.3510227 -0.2442077 -0.9039611 -0.3466935 -0.2473191 -0.9047856 -0.3442928 -0.2490367 -0.9052311 -0.396773 -0.1956266 -0.8968286 -0.3988656 -0.1938767 -0.8962801 -0.4026213 -0.1907277 -0.895276 -0.4046774 -0.1890458 -0.8947056 -0.4390674 -0.1486223 -0.8860763 -0.4613766 -0.1271528 -0.8780455 -0.4799302 -0.1018347 -0.8713763 -0.5138592 -0.06410735 -0.855476 -0.2223787 -0.1324037 -0.965928 -0.2437292 -0.2329088 -0.9414614 -0.1967058 -0.2616596 -0.9449027 -0.2722021 -0.201151 -0.9409806 -0.2451249 -0.219893 -0.9442251 -0.3008359 -0.169605 -0.9384732 -0.2983865 -0.171501 -0.9389106 -0.2944238 -0.1746108 -0.939588 -0.2920577 -0.176454 -0.9399821 -0.3294256 -0.1384594 -0.9339743 -0.3316274 -0.1365591 -0.9334747 -0.3350999 -0.1334815 -0.9326794 -0.3372153 -0.1316007 -0.9321842 -0.3581371 -0.1076298 -0.9274448 -0.3821227 -0.08327966 -0.9203515 -0.3803868 -0.08555108 -0.9208621 -0.3850211 -0.07958585 -0.9194699 -0.3868042 -0.0772472 -0.9189207 -0.4212139 -0.03870791 -0.906135 -0.235491 -0.1154514 -0.9649949 -0.1777106 -0.1634238 -0.9704183 -0.2096704 -0.1353542 -0.9683582 -0.5578604 -0.3321358 -0.7605772 -0.5541256 -0.3340952 -0.7624469 -0.5549215 -0.3336756 -0.7620518 -0.248999 -0.09922194 -0.9634078 -0.2467017 -0.1012737 -0.9637853 -0.2429375 -0.104332 -0.964415 -0.2407175 -0.1063187 -0.9647547 -0.2629624 -0.08369594 -0.961169 -0.2725515 -0.07432085 -0.9592666 -0.2705867 -0.07652592 -0.9596493 -0.2755317 -0.07099097 -0.9586671 -0.2775695 -0.06867027 -0.9582483 -0.2974988 -0.04830199 -0.9534996 -0.2994289 -0.04587322 -0.9530152 -0.2945781 -0.05191338 -0.9542164 -0.2926275 -0.05440837 -0.9546774 -0.3271414 -0.01447117 -0.9448646 -0.6268322 -0.2441146 -0.7399253 -0.7086194 -0.1367483 -0.6922127 -0.558611 -0.3317296 -0.7602034 -0.7412408 -0.1756875 -0.6478396 -0.2241987 0.5764412 -0.7857802 -0.1198956 0.5523083 -0.8249732 -0.2125091 0.4819796 -0.850021 -0.1540407 0.4176283 -0.8954653 -0.2138141 0.3690887 -0.9044651 -0.211727 0.3704598 -0.9043955 -0.2175694 0.3666192 -0.9045739 -0.1472698 0.3011857 -0.9421247 -0.1996883 0.2646588 -0.9434407 -0.2412589 0.2261464 -0.9437437 -0.2391304 0.2279031 -0.9438627 -0.2448821 0.2232869 -0.9434913 -0.2469448 0.2215625 -0.9433602 -0.2693758 0.1980476 -0.9424511 -0.2925403 0.1769995 -0.9397294 -0.2944404 0.1746808 -0.9395698 -0.29772 0.1708623 -0.9392384 -0.2997136 0.1685034 -0.9390305 -0.3365533 0.1307926 -0.932537 -0.3348252 0.1330899 -0.9328339 -0.3319918 0.1368721 -0.9332993 -0.3302379 0.1392017 -0.933577 -0.3783894 0.08361744 -0.9218621 -0.360644 0.1104407 -0.9261419 -0.4179808 0.03554999 -0.9077601 -0.3910051 0.08207446 -0.9167219 -0.4550118 -0.01289498 -0.8903921 -0.421153 0.0541321 -0.9053729 -0.3511353 -0.0196408 -0.9361188 -0.3157013 0.03990906 -0.948019 -0.2460014 -0.02913111 -0.9688317 -0.2154732 0.2645015 -0.9400054 -0.1503734 0.1960291 -0.9689998 -0.2679628 0.0968725 -0.9585466 -0.05363261 0.1437723 -0.9881565 -0.526539 0.06412696 -0.847729 -0.5554436 -0.005506396 -0.8315361 -0.4853136 0.1080156 -0.8676424 -0.5095497 0.05943816 -0.8583858 -0.4422222 0.1523233 -0.8838763 -0.4587585 0.1243479 -0.8798172 -0.397843 0.1966828 -0.8961232 -0.3994059 0.1943836 -0.8959297 -0.4022337 0.190325 -0.8955358 -0.403746 0.188085 -0.8953287 -0.3521553 0.2410915 -0.904357 -0.3502797 0.2434325 -0.9044584 -0.3469446 0.2476699 -0.9045933 -0.3451041 0.2499275 -0.9046764 -0.3058588 0.2848705 -0.9084599 -0.2834438 0.3092261 -0.9077659 -0.2588548 0.3282276 -0.9084387 -0.2195394 0.3652532 -0.9046506 -0.6276561 0.07425701 -0.7749412 -0.6510655 0.002779901 -0.7590165 -0.5781378 0.1351698 -0.804665 -0.5992699 0.08506101 -0.7960152 -0.5241292 0.1964396 -0.8286737 -0.5392658 0.1675829 -0.8252929 -0.4664435 0.2571905 -0.8463354 -0.467892 0.2549639 -0.8462095 -0.4707109 0.2504612 -0.8459909 -0.472113 0.2482892 -0.8458497 -0.4057244 0.3167032 -0.8573721 -0.403956 0.3190301 -0.8573445 -0.4004624 0.3235676 -0.8572829 -0.3987497 0.3258378 -0.8572214 -0.3426589 0.3744337 -0.8616173 -0.3204305 0.3988577 -0.8592071 -0.2780689 0.4296789 -0.8591006 -0.2386872 0.4661446 -0.8519024 -0.7143417 0.07422798 -0.6958493 -0.7489105 0.02016991 -0.6623643 -0.8029889 0.08426344 -0.5900073 -0.8313309 0.0309121 -0.5549175 -0.86519 0.07183319 -0.4962724 -0.9124119 -0.02948468 -0.40821 -0.8399779 0.179516 -0.5120657 -0.7900659 0.1176005 -0.6016361 -0.7879208 0.121751 -0.6036205 -0.7897796 0.1181929 -0.6018961 -0.7874346 0.122586 -0.6040857 -0.7417508 0.176511 -0.6470315 -0.6869923 0.1126814 -0.7178751 -0.6060415 0.2435646 -0.7572253 -0.7053621 0.2399107 -0.6670137 -0.6625074 0.2629472 -0.7013864 -0.6201097 0.2138798 -0.7547975 -0.5363703 0.321294 -0.7804339 -0.5377311 0.3190822 -0.7804051 -0.5405118 0.3144553 -0.7803621 -0.5872409 0.3654583 -0.7222108 0.5643928 -0.4425814 0.6968376 -0.4954987 0.3615842 -0.7897709 -0.5133074 0.3436402 -0.7864013 -0.454451 0.3889962 -0.8013466 -0.3996912 0.4459486 -0.8008601 -0.3699856 0.45509 -0.8099407 -0.2797161 0.5128693 -0.8116182 -0.1578118 0.06533241 -0.9853056 -0.1737182 0.05196106 -0.9834237 -0.1893373 0.03756839 -0.9811932 -0.2040346 0.02260589 -0.9787027 -0.2178118 0.007230579 -0.975964 -0.2312811 -0.009276509 -0.9728428 -0.1793177 0.1649488 -0.9698646 -0.2169306 0.1310336 -0.9673528 -0.2194639 0.1289119 -0.9670664 -0.2130917 0.1341972 -0.9677722 -0.6687073 0.1641513 -0.7251793 -0.2958237 0.05746132 -0.9535128 -0.3254124 0.01296889 -0.9454833 -0.2793543 0.07071906 -0.9575804 -0.2983927 0.04493278 -0.9533851 -0.5417971 0.3123207 -0.7803281 -0.2684903 0.07831311 -0.9600937 -0.2636384 0.08420783 -0.9609391 -0.2655332 0.08194428 -0.960613 -0.2702951 0.07609921 -0.9597654 -0.2483492 0.09851986 -0.9636476 -0.2388255 0.1085354 -0.964978 -0.240938 0.1066462 -0.9646635 -0.2355387 0.1116214 -0.9654337 -0.2334477 0.1135871 -0.9657123 -0.2106378 0.1362303 -0.9680254 0.1185798 0.5522744 0.8251861 0.006299674 0.5766217 0.816987 -0.03868556 0.5131264 0.857441 -0.06088966 0.4985651 0.8647111 -0.1230436 0.4528343 0.8830637 -0.1053329 0.4584865 0.8824371 -0.1978255 0.3791268 0.9039513 -0.196745 0.3795763 0.9039984 -0.193111 0.3810341 0.9041687 -0.1920955 0.3814359 0.9042156 -0.2710795 0.3009923 0.9142865 -0.2720105 0.300539 0.9141589 -0.2750802 0.2989964 0.9137461 -0.2759649 0.2985761 0.9136169 -0.3411602 0.2199781 0.9139033 -0.3554879 0.2115041 0.9104363 -0.4071114 0.1374604 0.9029757 -0.4290018 0.1221895 0.8950012 -0.4677196 0.05533319 0.8821433 -0.5442258 -0.009771585 0.8388819 -0.5408798 0.0287556 0.8406082 -0.6030818 0.08418077 0.7932252 -0.5804372 0.1316555 0.8035916 -0.5944486 0.3659412 0.7160432 -0.140264 0.5682452 0.8108165 -0.1499444 0.4985381 0.8538013 -0.2203691 0.4069103 0.8864883 -0.2590849 0.392154 0.8826609 -0.2707545 0.3802519 0.8843646 -0.2707545 0.3802519 0.8843646 -0.2707545 0.380252 0.8843646 -0.3818339 0.4778894 0.7910908 -0.3818338 0.4778894 0.7910908 -0.3818337 0.4778893 0.7910909 -0.3993591 0.4011947 0.8243514 -0.4533585 0.2775794 0.8470041 -0.4060288 0.2356666 0.8829507 -0.4620597 0.1519121 0.8737411 -0.7617619 -0.04020226 0.6466087 -0.6907123 0.07322317 0.7194129 -0.6401409 0.03098702 0.7676324 -0.4094355 0.002821505 0.9123348 -0.3824393 0.074328 0.9209862 -0.2972797 -0.005326271 0.9547756 -0.2650166 0.06417185 0.9621062 -0.184442 -0.01279789 0.9827602 -0.1476004 0.05430644 0.987555 -0.0717138 -0.01952183 0.9972343 -0.03388023 0.04085528 0.9985906 0.03744542 -0.03048175 0.9988337 0.1327797 0.06934601 0.9887167 0.1377474 0.07321381 0.9877579 0.1277348 0.06590211 0.9896165 0.07976353 0.1547076 0.9847352 0.1360647 0.190512 0.9722096 0.07045954 0.2544505 0.9645157 0.03794026 0.2368211 0.9708123 0.03981399 0.2381624 0.9704089 0.03436517 0.2340705 0.9716122 0.1516819 0.4286272 0.8906578 0.1124032 0.4112065 0.9045854 0.03685498 0.4819826 0.8754054 -0.03141164 0.4368662 0.8989779 0.01857423 0.4602383 0.8876011 -0.08958113 0.378821 0.9211243 -0.06021797 0.3952353 0.916604 -0.1480327 0.3182279 0.9363852 -0.1455281 0.3198876 0.9362124 -0.1406925 0.32305 0.9358655 -0.1382539 0.3246347 0.9356806 -0.2061597 0.2557335 0.9445098 -0.2082775 0.2540835 0.9444904 -0.2124243 0.2509334 0.944409 -0.2144844 0.2493737 0.9443565 -0.2633208 0.1920969 0.9453894 -0.2872935 0.1709653 0.9424613 -0.3189329 0.1279488 0.9391012 -0.35556 0.09071069 0.9302412 0.05392932 -0.008960425 0.9985046 0.06714445 0.006878614 0.9977197 0.08142596 0.02258551 0.9964236 0.09655177 0.0378555 0.9946078 0.1115261 0.05168026 0.9924169 0.1278685 0.0655235 0.9896243 0.002444624 0.3345093 0.9423894 0.05039232 0.3606505 0.9313388 -0.03999185 0.2889059 0.9565219 -0.01196569 0.3064165 0.9518224 -0.08325862 0.2423447 0.9666111 -0.08074665 0.2441763 0.9663633 -0.07633644 0.2473025 0.9659266 -0.07387405 0.2490265 0.9656751 -0.1265625 0.1956276 0.9724771 -0.1287738 0.1938535 0.9725421 -0.1326118 0.1907285 0.9726443 -0.1347492 0.1890434 0.9726795 -0.1701189 0.1486757 0.9741433 -0.1938482 0.1271919 0.9727513 -0.2136101 0.1017438 0.9716064 -0.2505748 0.06407046 0.9659749 0.06018745 0.1324165 0.9893652 0.0327813 0.2328788 0.9719532 0.07892078 0.2616678 0.961926 0.005304336 0.2010753 0.9795615 0.03236061 0.2199225 0.9749805 -0.0226224 0.1696974 0.9852366 -0.02028995 0.1715114 0.9849732 -0.01630449 0.1746159 0.9845017 -0.01403695 0.1763566 0.9842264 -0.05149656 0.1384344 0.9890319 -0.05372691 0.1365866 0.9891701 -0.057316 0.1334026 0.9894033 -0.05944103 0.1316209 0.9895164 -0.08086937 0.1076079 0.9908989 -0.1058175 0.08336144 0.9908853 -0.1040244 0.08559358 0.9908848 -0.1088701 0.07956761 0.9908664 -0.1107527 0.07723224 0.9908426 -0.1474336 0.03863185 0.9883172 0.04718869 0.1153451 0.992204 0.1042992 0.1633605 0.9810377 0.07304632 0.1352711 0.9881123 -0.3196357 0.3321371 0.8874221 -0.3155053 0.3340954 0.8881649 -0.3164173 0.3336483 0.8880084 0.03426456 0.0995146 0.994446 0.03659486 0.1014849 0.9941639 0.04012846 0.1045846 0.9937061 0.04243701 0.1064263 0.9934147 0.0198096 0.083557 0.9963061 0.01012927 0.07426047 0.9971875 0.01220142 0.07651424 0.9969939 0.007013976 0.07079809 0.997466 0.004948616 0.06847041 0.9976409 -0.01530671 0.04818624 0.9987212 -0.01735949 0.04584753 0.9987977 -0.01223587 0.05203425 0.9985704 -0.01021003 0.05447757 0.9984629 -0.04619705 0.01448929 0.9988273 -0.3917284 0.2440652 0.8871196 -0.4835669 0.1367699 0.864556 -0.320492 0.3316903 0.8872805 -0.5274228 0.1757115 0.8312345 0.02040237 -0.5740253 0.8185834 0.1186154 -0.552305 0.8251605 0.03689318 -0.4819954 0.8753967 0.1058599 -0.4176271 0.9024307 0.05109572 -0.3691071 0.9279813 0.05310511 -0.3705049 0.9273112 0.04755395 -0.3665745 0.9291726 0.1255763 -0.3012502 0.9452402 0.07565182 -0.2646626 0.9613691 0.03592389 -0.2262166 0.9734144 0.03803759 -0.2279952 0.972919 0.03236722 -0.2232798 0.9742169 0.03031468 -0.2216072 0.9746647 0.008545458 -0.1980774 0.9801492 -0.01442724 -0.1770306 0.9840997 -0.01638644 -0.1747607 0.9844747 -0.01964378 -0.1707857 0.9851124 -0.02163726 -0.1684141 0.9854788 -0.05871361 -0.1307747 0.9896721 -0.05704087 -0.1330739 0.9894634 -0.05407071 -0.1368827 0.9891105 -0.05229276 -0.139273 0.9888724 -0.101867 -0.08362334 0.9912771 -0.08367747 -0.1103504 0.990364 -0.1438392 -0.0355429 0.9889627 -0.1154565 -0.08199292 0.9899228 -0.1842441 0.01291215 0.9827958 -0.1474804 -0.05418235 0.9875798 -0.07164973 0.0195598 0.9972381 -0.03434783 -0.03994524 0.9986113 0.03852927 0.0290578 0.998835 0.05960208 -0.2645308 0.9625337 0.1302499 -0.1960841 0.9718981 0.0145958 -0.09702157 0.9951753 0.2285286 -0.1439053 0.9628427 -0.2649128 -0.06411063 0.9621388 -0.2972295 0.005485832 0.9547904 -0.2197766 -0.1080012 0.9695535 -0.245594 -0.05946224 0.9675474 -0.173859 -0.1523338 0.972917 -0.1908206 -0.1243764 0.9737136 -0.1278035 -0.1966622 0.9721061 -0.1294436 -0.1943769 0.9723487 -0.132184 -0.1902441 0.9727973 -0.1337512 -0.188058 0.9730082 -0.08162879 -0.2411241 0.9670553 -0.0798074 -0.2434647 0.9666208 -0.07654422 -0.2476218 0.9658284 -0.07479852 -0.2499075 0.9653764 -0.03606051 -0.284909 0.9578761 -0.01476168 -0.309244 0.9508682 0.009024381 -0.3282269 0.9445558 0.04560852 -0.3652467 0.9297929 -0.3825046 -0.07428622 0.9209625 -0.4095156 -0.002750992 0.9122991 -0.3266102 -0.1351846 0.9354416 -0.3493511 -0.08504742 0.9331242 -0.2679654 -0.1964673 0.9431836 -0.2834721 -0.1676183 0.9442181 -0.2077307 -0.2571222 0.9437883 -0.2091488 -0.254831 0.9440964 -0.211937 -0.2504646 0.944643 -0.2132934 -0.2482688 0.9449172 -0.1463443 -0.3167033 0.9371672 -0.1446492 -0.31905 0.9366343 -0.1413451 -0.3235856 0.9355822 -0.1396672 -0.3258453 0.9350498 -0.08463537 -0.3744641 0.9233707 -0.06401598 -0.3988611 0.9147742 -0.02342247 -0.4296716 0.9026815 0.01229363 -0.4661118 0.8846404 -0.4880586 -0.07419335 0.8696518 -0.5306794 -0.02018743 0.8473322 -0.6030289 -0.08428007 0.7932547 -0.6401509 -0.03094744 0.7676257 -0.7063211 -0.08691722 0.7025353 -0.7756363 0.1154099 0.6205393 -0.682691 -0.1993328 0.7029932 -0.5873755 -0.1175449 0.800733 -0.5402774 -0.187448 0.8203437 -0.5627775 -0.1351053 0.8154926 -0.445266 -0.2705793 0.8535367 -0.3870106 -0.390347 0.8353754 -0.2947328 -0.319062 0.9007397 -0.2986788 -0.3123154 0.9018039 -0.2973698 -0.3144531 0.9014935 -0.2497637 -0.3636149 0.8974421 -0.2521989 -0.3617028 0.8975337 -0.245698 -0.3682824 0.8966609 -0.2440925 -0.3690393 0.8967881 0.3712595 0.4661465 -0.8030404 0.3712596 0.4661466 -0.8030403 0.3712596 0.4661467 -0.8030403 -0.1184366 -0.4691398 0.8751461 -0.1274383 -0.4568443 0.8803709 -0.2081825 -0.3883514 0.8976877 -0.03534764 -0.5100586 0.8594131 0.1276746 -0.06538128 0.9896588 0.1116836 -0.05183953 0.9923909 0.09627288 -0.03756493 0.9946458 0.08157986 -0.02276593 0.9964067 0.06727689 -0.007054626 0.9977094 0.05376487 0.009148061 0.9985118 0.1027569 -0.1650333 0.9809205 0.06599843 -0.1310811 0.9891724 0.06344586 -0.1289392 0.9896209 0.06962889 -0.1341508 0.9885118 -0.4359974 -0.1641461 0.8848516 -0.01359766 -0.05760276 0.998247 -0.04439842 -0.01288563 0.9989309 -0.3667694 -0.2435902 0.8978552 -0.4555979 -0.1126334 0.8830314 0.003136098 -0.07053214 0.9975046 -0.01629173 -0.04482799 0.9988619 -0.2934404 -0.321267 0.9003779 -0.3809757 -0.2139361 0.8994937 0.0144186 -0.07842218 0.996816 0.01940381 -0.08437323 0.9962453 0.01751124 -0.08205991 0.9964736 0.01261228 -0.07616192 0.9970157 0.03469043 -0.09849619 0.9945327 0.04416483 -0.1085458 0.99311 0.04200613 -0.1065521 0.9934194 0.04726511 -0.1113938 0.9926518 0.04947507 -0.1134451 0.9923117 0.0721246 -0.1362459 0.9880462 -0.1420147 -0.1205461 -0.9824971 -0.1420133 -0.1205419 -0.9824978 -0.1420149 -0.1205447 -0.9824972 -0.1420117 -0.1205389 -0.9824985 -0.1420148 -0.1205425 -0.9824975 -0.1420148 -0.1205424 -0.9824976 -0.1337623 -0.3546051 -0.9253988 -0.1337618 -0.3546007 -0.9254006 -0.1337614 -0.3545997 -0.9254011 -0.1337613 -0.3545997 -0.925401 -0.1177319 -0.5680671 -0.8145176 -0.1177337 -0.5680814 -0.8145075 -0.1177325 -0.5680777 -0.8145102 -0.1177325 -0.5680776 -0.8145103 -0.09486943 -0.7484874 -0.6563281 -0.09486973 -0.7484788 -0.6563377 -0.09487009 -0.748482 -0.6563341 -0.09487015 -0.7484821 -0.6563341 -0.06647658 -0.8854814 -0.4598953 -0.06647592 -0.8854771 -0.4599037 -0.0664761 -0.8854777 -0.4599023 -0.0664761 -0.8854778 -0.4599024 -0.03423887 -0.9709376 -0.2368713 -0.03423863 -0.9709373 -0.2368726 -0.03423863 -0.9709367 -0.2368753 -0.03423863 -0.9709365 -0.2368754 -4.71932e-7 -1 0 -4.71932e-7 -1 0 -4.71932e-7 -1 0 -4.71932e-7 -1 0 0.03423768 -0.9709385 0.2368676 0.03423821 -0.9709358 0.2368786 0.03423821 -0.9709364 0.236876 0.03423821 -0.9709364 0.2368759 0.06647604 -0.8854804 0.4598973 0.06647545 -0.8854792 0.4598997 0.06647551 -0.8854805 0.4598971 0.06647551 -0.8854807 0.4598969 0.09486782 -0.748482 0.6563344 0.09486913 -0.7484873 0.6563281 0.09486889 -0.7484865 0.6563291 0.09486889 -0.7484865 0.656329 0.1177333 -0.5680755 0.8145116 0.1177312 -0.5680752 0.8145121 0.1177319 -0.5680805 0.8145084 0.117732 -0.5680809 0.8145081 0.1337621 -0.3546018 0.9254 0.133762 -0.3546013 0.9254004 0.133761 -0.3546001 0.9254009 0.133761 -0.3545999 0.9254009 0.142015 -0.1205534 0.9824962 0.1420131 -0.120537 0.9824984 0.1420134 -0.1205365 0.9824985 0.1420129 -0.1205376 0.9824984 0.1420143 -0.1205387 0.9824981 0.1420143 -0.1205388 0.9824981 0.1337609 -0.3545922 0.925404 0.1337614 -0.3546131 0.9253959 0.1337609 -0.3546125 0.9253962 0.1337609 -0.3546127 0.9253962 0.1177319 -0.5680705 0.8145153 0.1177347 -0.5680756 0.8145114 0.1177331 -0.5680707 0.8145151 0.117733 -0.5680702 0.8145154 0.09486764 -0.7484831 0.6563332 0.09486812 -0.7484877 0.6563279 0.09486818 -0.7484863 0.6563295 0.09486812 -0.7484863 0.6563295 0.06647592 -0.8854767 0.4599046 0.06647574 -0.8854787 0.4599004 0.06647557 -0.8854776 0.459903 0.06647557 -0.8854773 0.4599032 0.03423786 -0.9709381 0.2368696 0.03423798 -0.9709362 0.2368769 0.03423798 -0.9709364 0.2368764 0.03423798 -0.9709364 0.2368765 -4.7193e-7 -1 0 -4.71935e-7 -1 -1.93162e-6 -4.71935e-7 -1 0 -4.71935e-7 -1 0 -0.03423899 -0.9709374 -0.2368718 -0.03423887 -0.9709364 -0.2368758 -0.03423887 -0.9709364 -0.2368759 -0.03423887 -0.9709364 -0.2368759 -0.06647628 -0.8854773 -0.4599031 -0.06647616 -0.8854821 -0.4598939 -0.06647616 -0.8854814 -0.4598952 -0.06647616 -0.8854814 -0.4598951 -0.09486854 -0.7484841 -0.6563319 -0.09486943 -0.74849 -0.6563251 -0.09486931 -0.7484881 -0.6563273 -0.09486925 -0.7484881 -0.6563273 -0.1177343 -0.5680763 -0.814511 -0.1177322 -0.568071 -0.8145149 -0.1177325 -0.5680746 -0.8145123 -0.1177326 -0.5680748 -0.8145123 -0.1337623 -0.354604 -0.9253993 -0.1337621 -0.3545949 -0.9254027 -0.133762 -0.3545949 -0.9254028 -0.133762 -0.3545948 -0.9254028 -0.9897269 0 0.1429709 -0.9897253 0 0.1429827 -0.9897252 0 0.1429831 -0.9897131 0 0.1430672 -0.9897131 0 0.1430668 -0.9897125 0 0.1430705 -0.9897125 0 0.1430706 -0.9897153 0 0.1430515 -0.9897152 0 0.1430516 -0.9897137 0 0.1430629 -0.9897136 0 0.1430632 -0.9897139 0 0.1430614 -0.989714 0 0.1430609 -0.9897136 0 0.1430631 -0.9897131 6.75783e-7 0.1430669 -0.9897139 4.13379e-7 0.143061 -0.9897128 1.86386e-6 0.1430686 -0.9897179 1.14345e-6 0.1430335 -0.989718 1.74972e-6 0.1430323 -0.9897121 1.10255e-6 0.1430736 -0.9897134 0 0.1430646 -0.9897102 0 0.143087 -0.9897101 0 0.1430872 -0.9897279 0 0.1429637 -0.989728 0 0.1429634 0.1420148 0.1205437 0.9824974 0.1420148 0.1205391 0.982498 0.1420148 0.1205435 0.9824973 0.1420134 0.1205329 0.982499 0.1420119 0.1205267 0.9824998 0.1420146 0.120539 0.982498 0.1337612 0.3546035 0.9253996 0.1337612 0.3546034 0.9253996 0.1337617 0.3546062 0.9253985 0.1337622 0.3545951 0.9254027 0.1177327 0.5680758 0.8145115 0.1177327 0.5680759 0.8145115 0.1177329 0.5680751 0.814512 0.1177347 0.5680714 0.8145142 0.09486949 0.7484822 0.6563339 0.09486955 0.7484822 0.6563339 0.09486919 0.7484797 0.6563367 0.0948686 0.7484876 0.656328 0.06647658 0.8854772 0.4599035 0.06647658 0.885477 0.4599035 0.06647646 0.8854773 0.4599031 0.06647574 0.8854833 0.4598919 0.03423869 0.9709379 0.2368698 0.03423869 0.9709379 0.2368699 0.03423869 0.970938 0.2368698 0.03423911 0.9709366 0.2368751 4.71933e-7 1 0 4.71933e-7 1 0 4.71934e-7 1 0 4.71928e-7 1 1.00444e-6 -0.03423827 0.9709373 -0.2368727 -0.03423827 0.9709373 -0.2368727 -0.03423827 0.9709373 -0.2368727 -0.03423768 0.9709376 -0.2368716 -0.06647509 0.8854812 -0.4598956 -0.06647509 0.8854812 -0.4598957 -0.06647515 0.8854835 -0.4598913 -0.0664758 0.8854783 -0.4599015 -0.0948686 0.7484828 -0.6563335 -0.09486854 0.7484827 -0.6563334 -0.09486907 0.7484847 -0.6563312 -0.09486752 0.7484874 -0.6563282 -0.1177321 0.568076 -0.8145115 -0.1177321 0.568076 -0.8145115 -0.1177319 0.5680751 -0.8145121 -0.1177328 0.568067 -0.8145177 -0.1337616 0.3545949 -0.9254029 -0.1337616 0.3545948 -0.9254029 -0.1337608 0.3545922 -0.925404 -0.1337614 0.3546056 -0.9253987 -0.1420148 0.1205438 -0.9824973 -0.142014 0.1205376 -0.9824982 -0.142014 0.1205374 -0.9824982 -0.1420134 0.1205372 -0.9824984 -0.1420121 0.1205303 -0.9824994 -0.1337617 0.3546003 -0.9254007 -0.1337617 0.3546003 -0.9254007 -0.1177324 0.5680793 -0.8145092 -0.1177324 0.5680794 -0.8145091 -0.09486895 0.7484819 -0.6563343 -0.09486895 0.7484819 -0.6563344 -0.06647557 0.8854812 -0.4598956 -0.06647557 0.8854813 -0.4598957 -0.03423792 0.9709376 -0.2368714 -0.03423792 0.9709375 -0.2368714 4.71933e-7 1 -6.44282e-6 4.71933e-7 1 -6.43729e-6 0.03423923 0.9709374 0.2368719 0.03423923 0.9709374 0.2368719 0.0664761 0.8854799 0.4598981 0.0664761 0.88548 0.4598979 0.09486877 0.7484867 0.6563289 0.09486871 0.7484868 0.6563289 0.117733 0.5680705 0.8145151 0.117733 0.5680704 0.8145152 0.1337609 0.3546025 0.9254001 0.1337609 0.3546025 0.9254 -0.1420162 0.1205338 -0.9824984 -0.1337621 0.3546018 -0.9254 -0.1337603 0.3546019 -0.9254003 -0.1177318 0.5680768 -0.814511 -0.1177338 0.5680747 -0.8145122 -0.09486931 0.7484836 -0.6563324 -0.094868 0.7484831 -0.6563332 -0.06647568 0.8854825 -0.4598933 -0.06647485 0.8854796 -0.4598991 -0.03423792 0.9709377 -0.236871 -0.03423798 0.9709376 -0.2368713 4.71934e-7 1 -9.88985e-6 4.71931e-7 1 0 0.03423923 0.9709372 0.2368727 0.03423857 0.9709381 0.236869 0.06647598 0.8854784 0.4599011 0.06647604 0.8854773 0.4599031 0.09486877 0.7484868 0.6563287 0.09486919 0.7484868 0.6563287 0.1177329 0.5680717 0.8145144 0.1177331 0.5680701 0.8145155 0.1337606 0.3546019 0.9254003 0.1337625 0.3546007 0.9254004 0.999742 -1.11831e-6 -0.02271544 0.9997418 0 -0.02272588 0.9761288 -1.03716e-6 0.2171924 0.9761269 0 0.2172009 0.9761268 0 0.2172016 0.976129 -1.11831e-6 0.2171916 0.8957828 -1.06748e-6 0.444492 0.8957828 -1.06748e-6 0.4444922 0.8957829 -1.06748e-6 0.4444921 0.7633844 -9.14981e-7 0.6459445 0.7633844 -9.14981e-7 0.6459447 0.7633844 -9.14981e-7 0.6459445 0.5866158 0 0.8098655 0.5866197 -6.36443e-7 0.8098627 0.58662 -6.86241e-7 0.8098624 0.5866154 0 0.8098657 0.375751 -1.02118e-6 0.9267207 0.3757433 0 0.9267238 0.3757426 0 0.9267241 0.3757517 -1.10108e-6 0.9267204 0.1430512 -2.43283e-7 0.9897153 0.1430588 -1.10695e-6 0.9897142 0.1430595 -1.18026e-6 0.9897142 0.1430506 -1.69972e-7 0.9897155 -0.09795081 0 0.9951913 -0.09795147 0 0.9951912 -0.09795153 0 0.9951913 -0.09795075 0 0.9951913 -0.3332654 3.9984e-7 0.9428331 -0.3332664 3.94409e-7 0.9428327 -0.3332665 3.93948e-7 0.9428328 -0.3332653 4.00301e-7 0.9428331 -0.5492231 0 0.8356758 -0.5492277 6.12874e-7 0.8356727 -0.5492282 6.60827e-7 0.8356726 -0.5492227 0 0.835676 -0.7332547 0 0.6799541 -0.7332551 0 0.6799538 -0.7332551 0 0.6799537 -0.8746706 0 0.484718 -0.8746705 0 0.4847182 -0.8746705 0 0.4847182 -0.8746706 0 0.484718 -0.9652546 0 0.2613118 -0.9652544 0 0.2613121 0.09550189 0.5367079 0.838346 0.09580695 0.5351737 0.8392916 0.09561711 0.5361336 0.8387004 0.09587603 0.5348212 0.8395082 0.0977236 0.522676 0.8469119 0.09688371 0.5468037 0.8316366 0.09627127 0.5467944 0.8317138 0.0959438 0.5467834 0.8317589 0.09567809 0.5467793 0.8317922 0.09567815 0.5467795 0.8317921 0.09567779 0.5467903 0.8317849 0.09567779 0.5467907 0.8317847 0.1069423 0.4015731 0.9095618 0.1069898 0.4005435 0.91001 0.1070062 0.3994696 0.91048 0.1070504 0.3979899 0.9111226 0.1146209 0.2457 0.9625455 0.1146626 0.2450736 0.9627001 0.1146253 0.2445581 0.9628357 0.1146612 0.2434018 0.9631243 0.117724 0.1279211 0.9847728 0.1187715 0.04294359 0.9919925 0.1186258 0.1021795 0.9876677 0.1184721 0.08258664 0.989517 0.1184709 0.08255183 0.98952 0.118472 0.0825861 0.9895171 0.1184709 0.08255136 0.9895201 0.1145865 0.2455545 0.9625866 0.1145942 0.2454196 0.9626201 0.1145939 0.2454232 0.9626192 0.10692 0.4015703 0.9095655 0.1069198 0.4015726 0.9095646 0.10692 0.4015704 0.9095655 0.1069198 0.4015725 0.9095646 0.1145862 0.2455582 0.9625858 0.08117163 0.6770717 0.7314268 0.08117055 0.6770828 0.7314167 0.08117163 0.6770719 0.7314266 0.08117049 0.6770832 0.7314163 0.06379032 0.7889187 0.6111776 0.06379097 0.7889097 0.6111893 0.06379026 0.7889188 0.6111776 0.06379103 0.7889094 0.6111896 0.04401725 0.8792204 0.4743775 0.0440188 0.8792112 0.4743943 0.04401725 0.8792203 0.4743777 0.04401886 0.8792111 0.4743947 0.02238917 0.9455323 0.3247576 0.02238678 0.9455382 0.3247407 0.02238911 0.9455325 0.3247573 0.02238672 0.9455384 0.3247403 -5.09938e-4 0.98607 0.1663308 -5.11752e-4 0.9860734 0.1663101 -5.09942e-4 0.9860699 0.1663308 -5.11795e-4 0.9860736 0.1663097 -0.0240491 0.9997048 0.003475785 -0.02404916 0.9997048 0.003476142 -0.02404916 0.9997048 0.003475666 -0.02404916 0.9997048 0.003476083 -0.04758834 0.9860699 -0.159379 -0.04758715 0.9860721 -0.1593654 -0.04758834 0.9860699 -0.159379 -0.04758709 0.9860721 -0.1593651 -0.07048821 0.9455356 -0.3177956 -0.07048672 0.9455401 -0.3177821 -0.07048815 0.9455357 -0.3177952 -0.07048666 0.9455403 -0.3177818 -0.09211605 0.8792181 -0.4674296 -0.09211879 0.8792117 -0.4674409 -0.09211611 0.8792178 -0.4674299 -0.09211885 0.8792115 -0.4674412 -0.1118895 0.7889149 -0.6042303 -0.1118908 0.7889085 -0.6042384 -0.1118895 0.7889149 -0.6042302 -0.1118908 0.7889083 -0.6042386 -0.1292704 0.6770722 -0.7244738 -0.1292691 0.6770827 -0.7244644 -0.1292704 0.6770724 -0.7244738 -0.129269 0.677083 -0.7244641 -0.1437772 0.5467854 -0.8248357 -0.1437769 0.5467853 -0.8248358 -0.1437772 0.5467853 -0.8248357 -0.1437769 0.5467852 -0.8248359 -0.1550195 0.4015784 -0.9026094 -0.1550194 0.4015755 -0.9026107 -0.1550195 0.4015784 -0.9026094 -0.1550194 0.4015754 -0.9026108 -0.1626825 0.2455376 -0.9556389 -0.1626837 0.2454178 -0.9556695 -0.1626825 0.2455346 -0.9556397 -0.1626837 0.2454146 -0.9556704 -0.1665758 0.08297079 -0.9825316 -0.1665772 0.08289843 -0.9825376 -0.1665766 0.08280122 -0.9825458 -0.1665761 0.08256101 -0.9825661 -0.1665772 0.08294081 -0.982534 -0.1653991 0.04404455 -0.9852427 -0.165959 0.1278555 -0.9778091 -0.1626783 0.2456453 -0.955612 -0.1626727 0.245005 -0.9557773 -0.1626734 0.244274 -0.9559642 -0.1626682 0.2432895 -0.9562162 -0.1553524 0.3978206 -0.9042149 -0.1459587 0.537523 -0.8305209 -0.1459131 0.5372353 -0.8307152 -0.1458162 0.5358229 -0.8316439 -0.1458052 0.5360712 -0.8314858 -0.1457852 0.5347179 -0.8323602 -0.1351932 0.6407453 -0.7557567 -0.14258 0.5468031 -0.8250318 -0.1431838 0.5467954 -0.8249323 -0.1436607 0.5467949 -0.8248497 -0.1461025 0.5226479 -0.8399365 -0.1549738 0.4015809 -0.9026162 -0.1549962 0.4015805 -0.9026125 -0.1549964 0.4015805 -0.9026126 -0.1290777 0.677085 -0.7244964 -0.1282062 0.6770957 -0.724641 -0.1287418 0.6770857 -0.7245554 -0.1173956 0.764572 -0.6337571 -0.1114528 0.7889167 -0.6043086 -0.1109985 0.7889265 -0.6043794 -0.111447 0.7889167 -0.6043096 -0.09674173 0.8650351 -0.492296 -0.09177821 0.8792358 -0.4674627 -0.09142881 0.8792442 -0.4675152 -0.09177291 0.879236 -0.4674632 -0.07386183 0.9390637 -0.335714 -0.07027494 0.9455345 -0.317846 -0.07005101 0.9455391 -0.3178818 -0.07027101 0.9455345 -0.3178468 -0.04853665 0.9852388 -0.1641607 -0.04943948 0.9844197 -0.1687417 -0.04798787 0.9856246 -0.1619919 -0.04750835 0.9860744 -0.1593747 -0.02413159 0.9997028 0.003487884 -0.02421414 0.9997007 0.00350064 -0.02421414 0.9997007 0.00350064 -0.02413159 0.9997028 0.003487884 -4.33258e-4 0.9860745 0.1663042 -1.55406e-4 0.9856256 0.1689444 3.88794e-5 0.9851083 0.171935 0.02261114 0.9455323 0.3247421 3.6555e-4 0.9844208 0.1758285 0.02283197 0.9455377 0.3247112 0.0226072 0.9455321 0.3247429 0.04403007 0.8792111 0.4743936 0.02422624 0.9390668 0.3428802 0.04470282 0.8792397 0.4742777 0.04435241 0.8792318 0.4743252 0.06423896 0.7889137 0.6111372 0.04662078 0.8650373 0.4995367 0.06469058 0.7889235 0.611077 0.06423318 0.7889134 0.6111381 0.08122736 0.6770729 0.7314195 0.06687253 0.7645707 0.6410614 0.08224099 0.6770995 0.7312816 0.08169615 0.6770876 0.7313537 0.08434718 0.6407437 0.7631075 -0.1721883 0.0746988 -0.9822278 -0.1721889 0.07470142 -0.9822275 -0.1721884 0.07469898 -0.9822277 -0.172189 0.0747016 -0.9822275 -0.1690027 0.2224165 -0.9601922 -0.1690031 0.2224196 -0.9601915 -0.1690028 0.2224167 -0.9601922 -0.1690031 0.2224198 -0.9601914 -0.1627032 0.3651842 -0.9166069 -0.1627033 0.3651789 -0.916609 -0.1627032 0.3651838 -0.916607 -0.1627033 0.3651785 -0.9166092 -0.1534305 0.4997723 -0.8524593 -0.1534305 0.4997716 -0.8524597 -0.1534305 0.4997722 -0.8524593 -0.1534305 0.4997716 -0.8524597 -0.1413901 0.6232151 -0.7691631 -0.1413908 0.6232162 -0.7691621 -0.1413902 0.6232152 -0.7691631 -0.1413908 0.6232163 -0.769162 -0.1268538 0.7327211 -0.6686015 -0.1268541 0.7327235 -0.6685988 -0.1268538 0.7327213 -0.6686013 -0.1268541 0.7327237 -0.6685986 -0.1101441 0.8258725 -0.5529945 -0.1101443 0.8258785 -0.5529856 -0.1101441 0.825873 -0.5529939 -0.1101443 0.8258789 -0.552985 -0.09163832 0.9005595 -0.4249647 -0.09163796 0.9005619 -0.4249598 -0.09163826 0.9005597 -0.4249644 -0.09163796 0.9005621 -0.4249594 -0.07174468 0.9551423 -0.2873256 -0.07174444 0.955146 -0.2873132 -0.07174462 0.9551425 -0.2873248 -0.07174444 0.9551463 -0.2873123 -0.05090641 0.98839 -0.1431564 -0.05090677 0.9883891 -0.1431622 -0.05090641 0.98839 -0.1431568 -0.05090677 0.9883891 -0.1431626 -0.02959513 0.9995528 0.004283308 -0.02959519 0.9995529 0.004277408 -0.02959513 0.9995529 0.004282951 -0.02959519 0.9995529 0.00427699 -0.008285045 0.9883908 0.1517073 -0.008284628 0.9883897 0.1517145 -0.008285045 0.9883907 0.1517078 -0.008284628 0.9883896 0.1517149 0.01255369 0.955141 0.2958856 0.01255315 0.9551466 0.2958677 0.01255363 0.9551413 0.2958844 0.01255309 0.9551469 0.2958664 0.03244912 0.9005622 0.4335147 0.03244906 0.9005596 0.4335199 0.03244912 0.9005619 0.433515 0.03244906 0.9005594 0.4335203 0.05095666 0.825865 0.5615606 0.0509566 0.8258803 0.5615383 0.05095666 0.8258661 0.5615591 0.0509566 0.8258814 0.5615367 0.06766611 0.7327247 0.6771527 0.06766629 0.7327211 0.6771567 0.06766611 0.7327244 0.677153 0.06766629 0.7327208 0.677157 0.08220165 0.6232185 0.7777158 0.08220136 0.6232159 0.7777178 0.08220165 0.6232183 0.7777159 0.0822013 0.6232157 0.7777178 0.09424221 0.4997788 0.8610108 0.09424048 0.4997664 0.8610182 0.09424209 0.4997779 0.8610113 0.09424036 0.4997655 0.8610188 0.103514 0.3651798 0.9251642 0.1035134 0.3651731 0.9251669 0.103514 0.3651794 0.9251644 0.1035133 0.3651726 0.925167 0.1098124 0.2224251 0.9687458 0.1098132 0.2224274 0.9687452 0.1098125 0.2224252 0.9687458 0.1098132 0.2224276 0.9687451 0.1129968 0.07469075 0.9907841 0.1129986 0.07469427 0.9907836 0.1129969 0.07469099 0.990784 0.1129987 0.07469451 0.9907836 -0.9092198 3.81752e-6 -0.4163164 -0.9092326 2.32932e-7 -0.4162888 -0.9092211 3.44479e-6 -0.4163135 -0.9092333 0 -0.416287 -0.9619861 0 -0.2730986 -0.9619861 0 -0.2730986 -0.9941149 0 -0.108331 -0.9941141 1.05658e-6 -0.1083387 -0.9941148 0 -0.1083317 -0.994114 1.15964e-6 -0.1083395 -0.9982293 1.3253e-6 0.05948323 -0.9982289 0 0.05949091 -0.9982293 1.20751e-6 0.05948394 -0.9982289 0 0.05949163 -0.9742142 0 0.2256252 -0.9742159 1.05657e-6 0.2256178 -0.9742144 0 0.2256246 -0.9742161 1.15963e-6 0.2256171 -0.9227501 1.15963e-6 0.3853989 -0.9227476 0 0.3854051 -0.9227498 1.05658e-6 0.3853995 -0.9227473 0 0.3854057 -0.8452756 0 0.5343306 -0.8452787 9.05639e-7 0.5343257 -0.8452759 0 0.5343301 -0.8452791 9.93975e-7 0.5343253 -0.7541401 9.23728e-7 0.6567135 -0.7541224 -2.44273e-6 0.6567339 -0.7541391 6.96093e-7 0.6567149 -0.7541205 -2.80697e-6 0.6567361 -0.659856 8.4282e-7 0.7513922 -0.6598539 4.33127e-7 0.751394 -0.6598558 8.12579e-7 0.7513923 -0.6598536 3.80218e-7 0.7513942 -0.5526297 1.16797e-6 0.8334271 -0.8456249 2.24754e-7 -0.5337777 -0.8456192 1.5971e-6 -0.5337867 -0.8456245 3.26053e-7 -0.5337783 -0.8456185 1.77433e-6 -0.5337879 -0.7660284 7.78645e-7 -0.6428069 -0.7659671 -1.31317e-5 -0.6428797 -0.6762878 2.88151e-6 -0.7366375 -0.6761957 -1.826e-5 -0.7367221 -0.5764394 1.99574e-5 -0.8171399 -0.5762962 -1.56823e-5 -0.817241 -0.4741374 2.20277e-5 -0.8804509 -0.4740331 -9.9103e-6 -0.880507 -0.3662396 8.81011e-6 -0.9305207 -0.3662188 -1.16106e-6 -0.9305288 -0.2720459 1.06272e-6 -0.9622844 -0.2720235 -9.36783e-6 -0.9622907 -0.2017065 -1.05127e-5 -0.979446 -0.5525784 1.01946e-5 0.8334611 -0.4400174 -6.42499e-6 0.8979893 -0.4398939 1.72511e-5 0.8980498 -0.3214517 -2.08583e-5 0.946926 -0.3212876 1.54409e-5 0.9469817 -0.205425 -2.25913e-5 0.9786729 -0.2052974 1.20903e-5 0.9786997 -0.08774924 -6.05415e-6 0.9961427 -0.08773177 1.86602e-6 0.9961442 0.01157695 -2.46851e-7 0.9999331 0.01160985 1.34973e-5 0.9999327 0.08390659 1.34509e-5 0.9964737 4.32195e-7 1 6.40991e-7 3.36781e-7 1 -4.90226e-7 5.31451e-7 1 -1.5761e-6 5.18198e-7 1 -8.69397e-7 4.79505e-7 1 1.3575e-6 5.81649e-7 1 2.63911e-7 3.27172e-7 1 1.69644e-6 7.94463e-7 1 0 6.1347e-7 1 0 4.44531e-7 1 -5.82592e-7 0 1 5.39359e-6 0 1 -4.79495e-6 0 1 -6.32408e-6 0 1 -2.67768e-6 0 1 -2.94519e-6 0 1 2.237e-6 0 1 6.05314e-6 0 1 6.10407e-6 0 1 4.91481e-6 1.77163e-6 1 3.73244e-6 6.70791e-7 1 -4.72577e-6 2.05008e-6 1 3.55122e-6 1.29982e-6 1 2.05842e-7 1.46052e-6 1 0 1.4986e-6 1 -2.09962e-7 1.56874e-6 1 -1.24857e-6 1.60826e-6 1 3.04051e-6 1.6285e-6 1 -1.26208e-6 1.64693e-6 1 1.08909e-6 1.61409e-6 1 4.00996e-6 1.61659e-6 1 -7.22423e-7 1.52737e-6 1 8.27197e-6 1.56802e-6 1 0 1.46676e-6 1 1.74038e-5 2.36368e-7 1 -1.77522e-5 1.02676e-6 1 -6.17879e-6 1.79775e-6 1 -1.32765e-5 0 1 -2.19396e-6 0 1 2.26263e-6 0 1 -6.10718e-6 0 1 -1.96852e-6 0 1 -1.15e-6 0 1 3.91125e-6 4.29831e-7 1 5.5233e-7 0 1 -1.78245e-6 0 1 1.93847e-6 0 1 -1.72861e-6 5.34135e-7 1 3.48897e-7 6.44838e-7 1 -3.64422e-6 -1.46052e-6 -1 -8.5389e-7 -1.29981e-6 -1 2.17091e-6 -1.36065e-6 -1 7.39266e-7 -1.18796e-6 -1 4.35092e-6 -3.09544e-6 -1 -1.76589e-5 -4.08079e-7 -1 5.67071e-6 -1.76737e-6 -1 -9.25471e-6 0 -1 1.67602e-6 0 -1 -6.97743e-6 0 -1 -1.22437e-5 0 -1 -5.2162e-7 0 -1 -4.10855e-6 0 -1 -1.29005e-6 -1.4986e-6 -1 3.59001e-6 -1.56874e-6 -1 -3.08024e-6 -1.60826e-6 -1 3.83754e-6 -1.6285e-6 -1 2.2947e-6 -1.64693e-6 -1 8.39346e-7 -1.61409e-6 -1 -1.04981e-6 -1.61659e-6 -1 -1.90502e-6 -1.52737e-6 -1 6.17526e-7 -1.65909e-6 -1 8.89989e-6 -6.51362e-7 -1 -9.25906e-6 -1.02695e-6 -1 7.96465e-6 0 -1 -8.04738e-6 0 -1 8.39301e-6 0 -1 1.22081e-5 0 -1 1.96583e-6 0 -1 -1.08874e-6 0 -1 -1.21064e-5 -4.29831e-7 -1 1.07542e-6 0 -1 3.87014e-6 0 -1 2.16592e-6 0 -1 1.0387e-5 0 -1 -5.51253e-6 0 -1 1.63899e-6 -5.34135e-7 -1 1.61609e-7 0 -1 2.69681e-6 0 -1 2.13227e-6 -3.36781e-7 -1 7.12491e-7 -4.79503e-7 -1 -4.02397e-6 -6.44839e-7 -1 -1.22976e-6 -4.32196e-7 -1 0 -5.3145e-7 -1 2.59293e-6 -5.18198e-7 -1 3.40943e-6 -5.8165e-7 -1 3.43929e-6 -3.27172e-7 -1 5.12324e-7 -7.94466e-7 -1 4.91912e-6 -6.1347e-7 -1 0 -4.44531e-7 -1 0 -0.9897145 8.83821e-6 0.1430575 -0.9897145 6.76172e-6 0.1430575 -0.9897142 8.83604e-7 0.1430591 -0.9897142 -3.54265e-7 0.1430588 -0.9897145 1.49304e-6 0.1430572 -0.9897145 -2.40625e-6 0.1430573 -0.9897143 1.76484e-6 0.1430581 -0.9897147 -4.67963e-6 0.143056 -0.9897143 -8.49705e-6 0.1430585 -0.9897145 1.29171e-5 0.1430568 -0.9897144 -5.42325e-6 0.1430574 -0.989715 -5.71755e-5 0.1430531 0.9897145 -2.95291e-6 -0.1430572 0.9897142 0 -0.1430591 0.9897138 0 -0.1430616 0.9897144 2.95233e-6 -0.1430581 0.9897159 1.12808e-5 -0.1430469 0.9897134 8.95512e-6 -0.143065 0.9897131 -1.79098e-5 -0.1430672 0.9897152 -8.10267e-7 -0.1430522 0.9897152 -3.39596e-6 -0.143052 0.9897148 -8.30061e-6 -0.1430556 0.9897165 2.28609e-5 -0.1430435 0.989714 3.14754e-6 -0.1430609 0.9897162 1.45417e-5 -0.1430447 0.9897148 -2.95251e-6 -0.1430551 0.9897137 -9.14323e-7 -0.1430628 0.9897136 -6.18638e-7 -0.143063 0.9897132 -4.37052e-6 -0.1430664 0.9897152 -6.29562e-6 -0.1430521 0.9897139 0 -0.1430617 0.9897149 -5.33766e-6 -0.1430544 0.9897127 9.56069e-6 -0.1430688 0.9897171 -7.25575e-6 -0.1430385 0.9897121 1.0881e-5 -0.1430739 0.9897124 5.15506e-6 -0.1430712 0.9897133 1.07717e-6 -0.143065 0.9897161 -5.65005e-6 -0.1430459 0.9897146 -1.15885e-6 -0.1430557 0.989712 1.25107e-5 -0.1430742 0.9897138 -9.22415e-7 -0.1430616 0.9897139 -9.50419e-6 -0.1430613 0.9897141 -3.14169e-6 -0.14306 0.9897143 -1.13204e-5 -0.1430584 0.9897136 -4.89142e-6 -0.1430633 0.9897136 -6.82993e-6 -0.1430631 0.9897145 -8.47262e-6 -0.1430571 0.9897139 0 -0.1430614 0.9897138 5.30045e-7 -0.1430623 0.9897143 4.02327e-6 -0.1430583 0.9897139 7.6996e-6 -0.1430607 0.9897143 6.1124e-6 -0.1430578 0.9897142 6.3787e-6 -0.1430591 0.9897138 0 -0.143062 0.9897137 2.72778e-6 -0.1430621 0.9897128 -1.05454e-5 -0.1430687 0.9897163 0 -0.1430448 0.9897148 2.15313e-6 -0.1430552 0.9897134 -1.61551e-6 -0.1430641 0.9897127 -1.0971e-5 -0.1430698 0.9897127 -7.83828e-6 -0.1430693 0.9897128 -1.01773e-5 -0.1430691 0.9897164 6.23005e-6 -0.143044 0.9897149 3.30705e-6 -0.1430543 0.9897153 6.98841e-6 -0.1430512 0.9897146 -2.08582e-6 -0.1430557 0.9897132 4.561e-6 -0.1430662 0.9897136 2.31474e-6 -0.1430634 0.9897128 1.93097e-6 -0.1430684 0.9897159 -9.169e-6 -0.143047 0.9897139 -2.1648e-6 -0.1430616 0.9897143 -1.24056e-5 -0.1430578 0.9897145 1.34536e-5 -0.1430567 0.9897171 -2.80443e-5 -0.1430389 0.9897149 6.90459e-6 -0.1430546 0.9897149 1.31587e-6 -0.1430546 0.9897127 1.71585e-5 -0.143069 0.9897157 -1.1919e-5 -0.143049 0.9897136 -1.37023e-5 -0.1430633 0.112998 -0.07469016 0.990784 0.1129975 -0.07469415 0.9907838 0.1129979 -0.07469046 0.9907839 0.1129975 -0.07469445 0.9907838 0.1098111 -0.2224291 0.968745 0.1098122 -0.2224277 0.9687452 0.1098112 -0.222429 0.968745 0.1098122 -0.2224276 0.9687452 0.1035132 -0.3651676 0.9251691 0.1035141 -0.3651668 0.9251692 0.1035133 -0.3651675 0.925169 0.1035141 -0.3651667 0.9251693 0.09423989 -0.4997789 0.861011 0.09424149 -0.4997724 0.8610146 0.09424 -0.4997785 0.8610113 0.09424161 -0.499772 0.8610149 0.08219933 -0.6232219 0.7777133 0.08219987 -0.6232292 0.7777072 0.08219939 -0.6232224 0.7777129 0.08219993 -0.6232298 0.7777069 0.06766444 -0.7327289 0.6771484 0.06767004 -0.7327095 0.6771689 0.0676648 -0.7327276 0.6771497 0.0676704 -0.7327081 0.6771703 0.0509597 -0.8258672 0.5615572 0.05095589 -0.825877 0.5615432 0.0509594 -0.8258678 0.5615562 0.05095565 -0.8258776 0.5615422 0.03245013 -0.9005618 0.4335154 0.03245049 -0.9005598 0.4335193 0.03245019 -0.9005617 0.4335157 0.03245049 -0.9005598 0.4335197 0.01255661 -0.9551429 0.2958793 0.01254796 -0.9551517 0.2958509 0.01255607 -0.9551434 0.2958774 0.01254737 -0.9551523 0.295849 -0.008283436 -0.9883864 0.151736 -0.00828129 -0.988386 0.1517381 -0.008283317 -0.9883863 0.1517362 -0.008281171 -0.988386 0.1517382 -0.02959626 -0.9995528 0.004276096 -0.02959644 -0.9995528 0.004278481 -0.02959626 -0.9995529 0.004276216 -0.02959644 -0.9995528 0.004278659 -0.05091035 -0.9883868 -0.1431772 -0.05091172 -0.9883859 -0.1431837 -0.05091041 -0.9883868 -0.1431776 -0.05091184 -0.9883857 -0.1431841 -0.07174676 -0.9551424 -0.2873247 -0.07173913 -0.9551512 -0.2872978 -0.07174628 -0.955143 -0.2873229 -0.0717386 -0.9551517 -0.2872959 -0.09163713 -0.9005593 -0.4249655 -0.09163653 -0.9005647 -0.4249541 -0.09163707 -0.9005597 -0.4249647 -0.09163653 -0.9005651 -0.4249532 -0.1101443 -0.8258717 -0.5529958 -0.1101421 -0.8258737 -0.5529933 -0.1101442 -0.8258717 -0.5529956 -0.110142 -0.8258738 -0.5529931 -0.1268535 -0.7327235 -0.6685989 -0.1268578 -0.7327162 -0.6686062 -0.1268538 -0.732723 -0.6685994 -0.126858 -0.7327156 -0.6686067 -0.1413893 -0.6232195 -0.7691596 -0.1413902 -0.6232256 -0.7691546 -0.1413894 -0.6232199 -0.7691593 -0.1413903 -0.6232261 -0.7691542 -0.1534308 -0.4997761 -0.8524571 -0.1534312 -0.4997718 -0.8524594 -0.1534308 -0.4997758 -0.8524571 -0.1534312 -0.4997716 -0.8524596 -0.1627043 -0.3651751 -0.9166104 -0.1627041 -0.3651677 -0.9166133 -0.1627042 -0.3651745 -0.9166105 -0.1627041 -0.3651672 -0.9166136 -0.1690042 -0.2224228 -0.9601904 -0.1690033 -0.2224193 -0.9601914 -0.1690041 -0.2224226 -0.9601905 -0.1690032 -0.222419 -0.9601916 -0.1721894 -0.07469588 -0.9822278 -0.1721881 -0.07470309 -0.9822275 -0.1721893 -0.07469636 -0.9822278 -0.1721881 -0.07470357 -0.9822274 -0.989715 1.9719e-5 0.1430529 -0.9897153 -1.83138e-6 0.1430514 -0.9897152 -9.46894e-7 0.1430524 -0.9897151 -2.06903e-5 0.1430528 -0.9897152 -2.19567e-5 0.1430521 -0.9897161 7.61213e-6 0.1430459 -0.9897157 8.62367e-6 0.1430486 -0.9897143 5.96427e-6 0.1430584 -0.9897147 -5.63432e-6 0.1430557 -0.9897163 -1.29982e-5 0.1430443 -0.9897156 -1.00424e-5 0.1430497 -0.9897132 -5.30694e-6 0.1430664 -0.9897137 -3.5356e-6 0.1430624 -0.9897166 -3.88779e-6 0.1430427 -0.9897175 -2.83463e-6 0.1430367 -0.989716 -6.60746e-6 0.1430463 -0.9897133 2.8886e-7 0.1430659 -0.9897127 6.3542e-6 0.1430693 -0.9897114 6.22728e-6 0.1430788 -0.9897123 1.32335e-5 0.1430722 -0.9897158 2.14393e-5 0.1430483 -0.9897153 1.53455e-5 0.1430511 -0.9897141 -3.62311e-6 0.1430596 -0.9897134 -1.29812e-5 0.143064 -0.9897143 6.40824e-7 0.1430585 -0.9897162 8.14686e-6 0.1430457 -0.9897145 2.56702e-5 0.1430572 -0.989716 3.16251e-5 0.1430466 -0.9897172 2.36678e-5 0.1430382 -0.9897177 4.402e-5 0.1430348 -0.9897163 6.85089e-6 0.1430443 -0.9897163 -1.88186e-5 0.143045 -0.9897133 -1.97614e-5 0.1430658 -0.9897133 -2.70315e-5 0.1430649 -0.9897114 -3.54139e-6 0.1430786 -0.9897102 2.96019e-6 0.1430869 -0.9897084 5.24559e-6 0.1430993 -0.9897091 -1.0406e-6 0.1430947 -0.9897113 -8.93268e-6 0.1430791 -0.9897132 7.64123e-6 0.1430662 -0.9897156 6.30395e-6 0.1430492 -0.9897165 0 0.1430432 -0.9897157 -4.60742e-6 0.1430484 -0.9897136 -1.00037e-5 0.1430628 -0.9897122 8.55502e-6 0.1430726 -0.9897106 -1.44628e-6 0.1430844 -0.98971 -7.30992e-6 0.143088 -0.9897111 -1.45128e-5 0.1430806 -0.989712 -7.99348e-6 0.1430745 -0.9897133 2.21932e-5 0.1430656 -0.9897131 1.62345e-5 0.1430667 -0.9897162 1.74971e-5 0.1430451 -0.9897164 -8.82158e-6 0.143044 -0.9897168 -2.11012e-5 0.143041 -0.9897167 -3.92053e-5 0.1430414 -0.9897155 -3.16254e-5 0.1430496 -0.9897145 -2.56703e-5 0.1430567 -0.9897162 -8.147e-6 0.1430457 -0.9897142 -6.40855e-7 0.1430591 -0.9897143 1.2981e-5 0.1430582 -0.9897147 8.74924e-6 0.1430556 -0.9897152 -6.02709e-6 0.1430516 -0.9897152 -1.14887e-5 0.1430518 -0.9897116 -1.05029e-5 0.1430767 -0.9897112 -5.18944e-6 0.1430796 -0.9897126 -8.61532e-6 0.1430698 -0.9897133 -1.27939e-6 0.1430655 -0.9897168 3.34802e-6 0.1430416 -0.9897183 5.8274e-6 0.1430303 -0.9897173 9.53585e-6 0.1430378 -0.9897138 7.04118e-6 0.1430618 -0.9897128 7.61466e-6 0.1430687 -0.9897156 6.37841e-6 0.1430495 -0.9897169 9.99543e-6 0.1430408 -0.9897162 -3.92476e-6 0.1430453 -0.989715 -9.61913e-6 0.1430528 -0.9897149 -1.01065e-5 0.1430546 -0.9897146 -3.15146e-6 0.1430557 -0.9897146 2.19568e-5 0.1430561 0.1184779 -0.08255314 0.9895191 0.1184707 -0.0828076 0.9894987 0.1184778 -0.08255642 0.9895188 0.1184644 -0.08299154 0.989484 0.1145938 -0.2454211 0.9626197 0.1145867 -0.2455346 0.9625917 0.1145935 -0.2454241 0.962619 0.1145865 -0.2455377 0.9625909 0.1069208 -0.4015578 0.9095711 0.1069191 -0.4015728 0.9095645 0.1069207 -0.4015582 0.9095709 0.1069191 -0.401573 0.9095645 0.09567594 -0.5468049 0.8317756 0.0956766 -0.5467931 0.8317832 0.09567594 -0.5468046 0.8317758 0.09567666 -0.5467926 0.8317835 0.08116912 -0.6770748 0.7314242 0.08117151 -0.6770725 0.731426 0.08116918 -0.6770747 0.7314242 0.08117151 -0.6770728 0.7314258 0.06379282 -0.7889018 0.6111994 0.06378853 -0.7889176 0.6111794 0.0637927 -0.7889022 0.6111987 0.06378847 -0.7889178 0.6111791 0.04401719 -0.8792072 0.4744021 0.04401671 -0.8792171 0.4743837 0.04401713 -0.8792075 0.4744014 0.04401665 -0.8792174 0.4743832 0.02238357 -0.9455399 0.3247359 0.02239173 -0.9455275 0.3247714 0.02238374 -0.9455396 0.3247369 0.02239185 -0.9455273 0.324772 -5.15477e-4 -0.9860764 0.1662922 -5.10001e-4 -0.9860705 0.1663274 -5.1531e-4 -0.9860763 0.1662932 -5.09961e-4 -0.9860705 0.1663277 -0.02404886 -0.9997048 0.003474175 -0.02404987 -0.9997047 0.003475666 -0.02404886 -0.9997048 0.003474116 -0.02404987 -0.9997047 0.003475546 -0.04758358 -0.9860768 -0.159337 -0.04759019 -0.9860695 -0.1593804 -0.04758375 -0.9860767 -0.1593382 -0.04759025 -0.9860695 -0.1593807 -0.07048571 -0.9455414 -0.3177788 -0.07049256 -0.9455255 -0.3178243 -0.07048594 -0.945541 -0.31778 -0.07049268 -0.9455254 -0.3178249 -0.0921216 -0.8792137 -0.4674367 -0.09211772 -0.8792117 -0.4674411 -0.09212148 -0.8792136 -0.4674367 -0.09211766 -0.8792119 -0.4674409 -0.1118953 -0.7889056 -0.6042413 -0.1118897 -0.7889163 -0.6042283 -0.1118951 -0.7889057 -0.604241 -0.1118896 -0.7889162 -0.6042283 -0.1292697 -0.6770766 -0.7244699 -0.1292706 -0.6770725 -0.7244736 -0.1292697 -0.6770765 -0.7244701 -0.1292706 -0.6770727 -0.7244734 -0.1437774 -0.5467988 -0.8248268 -0.1437767 -0.5467975 -0.8248279 -0.1437773 -0.5467987 -0.8248268 -0.1437767 -0.546797 -0.824828 -0.15502 -0.4015636 -0.902616 -0.1550197 -0.4015787 -0.9026094 -0.1550199 -0.401564 -0.9026159 -0.1550197 -0.4015789 -0.9026092 -0.1626829 -0.2454168 -0.9556699 -0.1626812 -0.2455493 -0.9556362 -0.1626812 -0.2455456 -0.9556372 -0.1627187 -0.2445067 -0.955897 -0.1665823 -0.08258658 -0.982563 -0.1665823 -0.08258694 -0.9825628 -0.1665825 -0.08256262 -0.9825649 -0.1659078 -0.1021764 -0.9808336 -0.1669927 -0.04294383 -0.9850226 0.1184669 -0.08295446 0.9894869 0.1203675 -0.0440666 0.9917509 0.1177229 -0.1278339 0.9847842 0.1145816 -0.245653 0.9625621 0.1146361 -0.2449572 0.9627329 0.1146824 -0.2443282 0.9628872 0.1147615 -0.2432879 0.9631412 0.1070571 -0.3978217 0.9111953 0.09519666 -0.5375306 0.8378536 0.0952664 -0.5373283 0.8379754 0.0956524 -0.5358313 0.8388895 0.0956186 -0.5360521 0.8387523 0.09587931 -0.5347395 0.83956 0.08434855 -0.6407343 0.7631152 0.09688287 -0.546782 0.8316509 0.09627658 -0.5467759 0.8317253 0.09579503 -0.5467891 0.8317722 0.09772467 -0.5226417 0.8469331 0.1069653 -0.4015722 0.9095594 0.1069424 -0.4015729 0.9095618 0.1069421 -0.4015729 0.9095618 0.08122324 -0.6770755 0.7314177 0.08223921 -0.6771181 0.7312646 0.08169955 -0.6771092 0.7313333 0.06687039 -0.7645843 0.6410456 0.06389915 -0.7889127 0.6111742 0.06468957 -0.7889188 0.6110832 0.0642389 -0.7889109 0.6111409 0.04661965 -0.8650388 0.4995344 0.04435157 -0.8792299 0.4743288 0.04470211 -0.8792399 0.4742774 0.04435688 -0.8792301 0.4743279 0.02422851 -0.9390562 0.3429089 0.02260744 -0.9455308 0.3247469 0.02283269 -0.9455348 0.3247191 0.02261143 -0.9455308 0.3247464 -6.54344e-5 -0.9852413 0.1711715 3.61925e-4 -0.9844258 0.1758006 -1.54488e-4 -0.9856222 0.1689641 -4.36189e-4 -0.9860767 0.1662907 -0.02413308 -0.9997027 0.003492474 -0.02421522 -0.9997007 0.003496825 -0.02413314 -0.9997027 0.003492116 -0.04750818 -0.9860775 -0.1593556 -0.02421522 -0.9997007 0.003496229 -0.04798418 -0.9856288 -0.1619679 -0.04863768 -0.9851198 -0.1648437 -0.0702725 -0.9455321 -0.3178534 -0.04943561 -0.984424 -0.1687174 -0.07005161 -0.9455355 -0.3178922 -0.07027649 -0.9455322 -0.3178525 -0.0917735 -0.8792319 -0.4674708 -0.07386577 -0.9390547 -0.3357381 -0.09142988 -0.8792404 -0.4675223 -0.09177881 -0.8792321 -0.4674696 -0.1117778 -0.7889134 -0.6042527 -0.09674298 -0.8650398 -0.4922874 -0.1109985 -0.7889222 -0.6043849 -0.1114534 -0.7889142 -0.6043117 -0.1290706 -0.6770912 -0.7244918 -0.1173925 -0.7645884 -0.6337379 -0.1282029 -0.677109 -0.7246292 -0.1287445 -0.6771017 -0.7245401 -0.143655 -0.5467877 -0.8248554 -0.1351978 -0.6407315 -0.7557677 -0.1425812 -0.5467803 -0.8250466 -0.1431896 -0.5467724 -0.8249465 -0.1549972 -0.4015796 -0.9026128 -0.1460968 -0.5226991 -0.8399056 -0.1457836 -0.5351704 -0.8320697 -0.1457781 -0.534801 -0.8323081 -0.1457989 -0.5361945 -0.8314074 -0.1458076 -0.53671 -0.8310732 -0.145948 -0.5375998 -0.8304732 -0.1550762 -0.4005874 -0.9030399 -0.1551952 -0.3994761 -0.9035117 -0.1553372 -0.3979898 -0.9041429 -0.1626375 -0.2456951 -0.9556061 -0.162639 -0.2450667 -0.9557672 -0.1627604 -0.2433948 -0.9561737 -0.1659598 -0.1279266 -0.9777997 -0.1665825 -0.08256226 -0.9825649 -0.1626828 -0.2454133 -0.9556708 -0.9897144 -1.10483e-5 0.1430574 -0.9897145 -6.15939e-6 0.1430572 -0.9897145 -8.01403e-6 0.143057 -0.9897145 -5.86533e-6 0.1430568 -0.9897146 -5.43155e-7 0.1430564 -0.9897145 6.86453e-6 0.143057 -0.9897146 -2.40832e-6 0.143056 -0.9897142 -8.84514e-6 0.1430589 -0.9897143 1.03999e-5 0.1430581 -0.989715 0 0.1430535 -0.9897136 0 0.1430635 -0.989715 1.8397e-5 0.1430533 -0.9997418 0 0.02272588 -0.9997417 0 0.02272564 -0.9761273 3.04989e-7 -0.2171994 -0.8957808 0 -0.4444963 -0.8957869 1.57581e-6 -0.4444838 -0.7633843 1.7283e-6 -0.6459447 -0.5866087 6.86239e-7 -0.8098705 -0.5866078 7.11655e-7 -0.8098712 -0.3757732 4.44781e-7 -0.9267116 -0.3757699 0 -0.9267131 -0.1430492 0 -0.9897156 -0.1430595 1.18026e-6 -0.9897142 0.09796202 1.18661e-6 -0.9951903 0.09797167 0 -0.9951893 0.3332665 0 -0.9428328 0.3332653 0 -0.9428331 0.5492348 0 -0.8356682 0.5492277 9.91241e-7 -0.8356729 0.7332449 8.13315e-7 -0.6799647 0.7332551 -9.14979e-7 -0.6799537 0.8746702 -1.01664e-6 -0.4847186 0.8746708 -1.06748e-6 -0.4847174 0.9652546 -1.11831e-6 -0.2613118 0.9652544 -1.11831e-6 -0.2613121 -0.1199135 -0.5522945 -0.8249798 -0.2253152 -0.5766556 -0.7853034 -0.2798969 -0.5131494 -0.8113787 -0.3013882 -0.4996056 -0.8121327 -0.3680807 -0.4527951 -0.812092 -0.351015 -0.4584175 -0.8164815 -0.4457095 -0.3791097 -0.8109371 -0.4446786 -0.3795557 -0.8112944 -0.4412452 -0.3810094 -0.8124867 -0.4402828 -0.3814345 -0.8128092 -0.518816 -0.3010731 -0.8001157 -0.5197584 -0.3005709 -0.7996926 -0.5225735 -0.2990507 -0.7984269 -0.5234286 -0.2986015 -0.7980348 -0.5860427 -0.2199432 -0.7798584 -0.5987293 -0.2115431 -0.7725107 -0.6461567 -0.1374115 -0.7507327 -0.6648681 -0.1221717 -0.736902 -0.6983497 -0.05535024 -0.7136135 -0.7595201 0.009772062 -0.6504105 -0.7567543 -0.02879607 -0.6530649 -0.8030017 -0.0842089 -0.5899975 -0.7842505 -0.1316121 -0.6063246 -0.7729377 -0.3658623 -0.5183745 0.3636569 0.5715928 0.735551 0.3636569 0.5715929 0.735551 0.3636569 0.5715928 0.7355511 -0.3856593 -0.4984232 -0.7764286 -0.4623581 -0.4068833 -0.7878269 -0.4984501 -0.3921138 -0.7731716 -0.5106545 -0.3799336 -0.7712863 -0.5106546 -0.3799337 -0.7712863 -0.5106545 -0.3799336 -0.7712863 0.5905592 0.4773594 0.6506673 -0.6164314 -0.401174 -0.6775484 -0.6746257 -0.277586 -0.6839782 -0.6394149 -0.2356855 -0.7318477 -0.6905779 -0.1519058 -0.7071258 -0.9136818 0.04021054 -0.4044364 -0.8661506 -0.07321882 -0.4943907 -0.8313109 -0.03098183 -0.5549437 -0.6510023 -0.002863049 -0.7590705 -0.627568 -0.0743221 -0.7750062 -0.5554932 0.005334198 -0.831504 -0.5266821 -0.06398767 -0.8476506 -0.4552662 0.01296889 -0.8902609 -0.4211738 -0.05436575 -0.9053491 -0.3511124 0.01947927 -0.9361308 -0.3152588 -0.04088199 -0.9481248 -0.2468854 0.03047055 -0.9685656 -0.1526121 -0.06934958 -0.98585 -0.1475321 -0.07322555 -0.9863429 -0.1571931 -0.06538331 -0.9854011 -0.202328 -0.1547093 -0.9670205 -0.1449357 -0.190419 -0.9709451 -0.205692 -0.2543609 -0.9449822 -0.2385369 -0.2367402 -0.9418355 -0.2365568 -0.2381894 -0.9419696 -0.2420806 -0.2340968 -0.9415922 -0.1066699 -0.4286715 -0.8971413 -0.1483752 -0.4111987 -0.899389 -0.2125468 -0.481951 -0.8500277 -0.2847173 -0.4368454 -0.8532891 -0.2334998 -0.4602333 -0.8565415 -0.3466364 -0.378883 -0.8580741 -0.3173509 -0.3952163 -0.8620281 -0.4071744 -0.3182004 -0.8561294 -0.4046816 -0.3198543 -0.8566948 -0.3999795 -0.3230182 -0.8577154 -0.3975641 -0.3246281 -0.8582304 -0.4651837 -0.2557377 -0.8474683 -0.4671994 -0.2541285 -0.8468433 -0.4711312 -0.2509953 -0.8455986 -0.4730587 -0.2494334 -0.8449842 -0.5202556 -0.1920651 -0.8321328 -0.5424428 -0.1709261 -0.8225207 -0.5717801 -0.1279748 -0.8103641 -0.6044693 -0.09068059 -0.7914505 -0.2312401 0.00922662 -0.9728531 -0.2179481 -0.007072269 -0.9759348 -0.2039244 -0.02275073 -0.9787222 -0.189301 -0.03756439 -0.9812003 -0.1738799 -0.05180507 -0.9834033 -0.1576215 -0.0655201 -0.9853236 -0.2645534 -0.3345122 -0.9044961 -0.2154375 -0.3606384 -0.9074838 -0.3093423 -0.2888255 -0.9060282 -0.2808831 -0.3064858 -0.9094895 -0.3534392 -0.2424503 -0.9034925 -0.3510714 -0.2441594 -0.9039553 -0.3466505 -0.2473434 -0.9047955 -0.3443529 -0.2489933 -0.9052202 -0.3967452 -0.1956499 -0.8968358 -0.3988781 -0.1939049 -0.8962685 -0.4026679 -0.1907704 -0.895246 -0.4046804 -0.189056 -0.8947021 -0.4390336 -0.1486411 -0.8860899 -0.4613885 -0.1271754 -0.8780359 -0.4799724 -0.1017853 -0.871359 -0.5138424 -0.06410515 -0.8554863 -0.2224097 -0.1324221 -0.9659184 -0.2437915 -0.2328462 -0.9414609 -0.1967201 -0.2616498 -0.9449025 -0.2722107 -0.2011441 -0.9409795 -0.2451594 -0.2198407 -0.9442284 -0.3008317 -0.1696177 -0.9384723 -0.2983207 -0.1715269 -0.9389268 -0.2944552 -0.1745932 -0.9395815 -0.2920342 -0.1764582 -0.9399886 -0.3294197 -0.1384472 -0.9339781 -0.3316499 -0.1365311 -0.9334708 -0.3350652 -0.1335114 -0.9326876 -0.3372089 -0.1316139 -0.9321845 -0.3580995 -0.1076559 -0.9274562 -0.3821247 -0.08331137 -0.9203477 -0.3803916 -0.08557301 -0.9208581 -0.3850541 -0.07956647 -0.9194577 -0.3868166 -0.07722079 -0.9189178 -0.4212287 -0.03867226 -0.9061296 -0.2355745 -0.1154726 -0.9649719 -0.1777908 -0.1633634 -0.9704138 -0.209659 -0.1353479 -0.9683616 -0.5578951 -0.3321068 -0.7605645 -0.5541132 -0.3340784 -0.7624632 -0.554926 -0.3336613 -0.7620548 -0.2490326 -0.09922993 -0.9633983 -0.2466674 -0.1012699 -0.9637944 -0.2429999 -0.1043804 -0.964394 -0.2406919 -0.1063278 -0.96476 -0.2629426 -0.0836907 -0.9611749 -0.2725869 -0.07434415 -0.9592547 -0.2706255 -0.07653552 -0.9596376 -0.275581 -0.07094544 -0.9586563 -0.277586 -0.06867665 -0.958243 -0.2975982 -0.04813504 -0.9534771 -0.2994409 -0.04589575 -0.9530104 -0.2946168 -0.05189043 -0.9542057 -0.292672 -0.05424463 -0.9546731 -0.3271698 -0.0144667 -0.9448549 -0.6268633 -0.2440871 -0.7399081 -0.7086182 -0.1367473 -0.6922143 -0.5586154 -0.3316883 -0.7602183 -0.7412315 -0.1756724 -0.6478542 -0.2241556 0.5764597 -0.7857789 -0.1198788 0.5523175 -0.8249694 -0.2124977 0.4819912 -0.8500173 -0.1540204 0.4176234 -0.8954712 -0.2137992 0.3690524 -0.9044834 -0.2117221 0.3704601 -0.9043966 -0.2175559 0.3666045 -0.9045832 -0.1472822 0.3012003 -0.942118 -0.1996214 0.2647119 -0.94344 -0.2412756 0.2261665 -0.9437345 -0.2390509 0.2279738 -0.9438658 -0.2448032 0.2233435 -0.9434983 -0.2469665 0.2215787 -0.9433506 -0.2693713 0.1980527 -0.9424512 -0.292527 0.1769988 -0.9397337 -0.2945325 0.1747112 -0.9395354 -0.2977575 0.170835 -0.9392315 -0.2997986 0.1684527 -0.9390125 -0.3365046 0.1308421 -0.9325476 -0.3348271 0.1330472 -0.9328394 -0.3319139 0.1368933 -0.9333239 -0.3302248 0.1392015 -0.9335817 -0.378383 0.08361339 -0.9218651 -0.3605829 0.1104693 -0.9261623 -0.4179881 0.03554987 -0.9077568 -0.3910461 0.08198273 -0.9167126 -0.4550503 -0.01295357 -0.8903716 -0.4210758 0.05419445 -0.9054049 -0.351104 -0.01955109 -0.9361323 -0.3157992 0.03988242 -0.9479876 -0.245827 -0.02908235 -0.9688773 -0.2154564 0.2645043 -0.9400085 -0.1503753 0.1960458 -0.9689961 -0.2680127 0.09685224 -0.9585347 -0.05366289 0.1437762 -0.9881542 -0.5265535 0.06404495 -0.8477262 -0.5554311 -0.005459189 -0.8315447 -0.4853315 0.1080173 -0.8676322 -0.5095601 0.0594424 -0.8583795 -0.4422631 0.1523412 -0.8838527 -0.4587535 0.1243344 -0.8798217 -0.3977903 0.1967322 -0.8961359 -0.3994512 0.1944212 -0.8959013 -0.4022268 0.1903387 -0.8955361 -0.4037688 0.1880983 -0.8953155 -0.3521605 0.2410897 -0.9043555 -0.3503275 0.2434116 -0.9044454 -0.346912 0.2476307 -0.9046166 -0.3451308 0.2498843 -0.9046782 -0.3058488 0.2848648 -0.908465 -0.2834012 0.3092545 -0.9077696 -0.2587618 0.3282812 -0.9084458 -0.2195394 0.3652366 -0.9046573 -0.6276107 0.07429516 -0.7749743 -0.6510463 0.002808809 -0.7590328 -0.5781661 0.1351701 -0.8046448 -0.5992799 0.08506202 -0.7960076 -0.5241189 0.1964414 -0.8286798 -0.5392775 0.1675693 -0.8252881 -0.4664431 0.2571685 -0.8463422 -0.4679301 0.2548807 -0.8462136 -0.4707185 0.2505067 -0.8459732 -0.4721145 0.2482998 -0.8458459 -0.4057554 0.3166701 -0.8573696 -0.4039673 0.319047 -0.8573328 -0.4004737 0.323598 -0.8572661 -0.3987125 0.3258934 -0.8572175 -0.3426355 0.3744823 -0.8616054 -0.320445 0.3988599 -0.8592007 -0.2780846 0.4296681 -0.8591008 -0.2387791 0.4660761 -0.8519142 -0.7143316 0.07424515 -0.6958579 -0.7488963 0.02019357 -0.6623796 -0.8029682 0.08428657 -0.5900322 -0.8313438 0.03089153 -0.5548995 -0.8651979 0.07180327 -0.4962629 -0.9123933 -0.02948212 -0.4082514 -0.8399839 0.1795799 -0.5120334 -0.7900474 0.1176103 -0.6016586 -0.7878915 0.1217302 -0.6036627 -0.7897915 0.118205 -0.6018781 -0.7874425 0.1225693 -0.6040788 -0.7417676 0.1764839 -0.6470195 -0.6869964 0.1126641 -0.7178738 -0.6060531 0.2435531 -0.7572196 -0.7053576 0.2398957 -0.6670238 -0.6624968 0.2629243 -0.7014049 -0.6201269 0.2138659 -0.7547874 -0.5363621 0.3213014 -0.7804365 -0.5377181 0.3190966 -0.7804082 -0.5405012 0.314463 -0.7803663 -0.5872406 0.3654791 -0.7222004 0.5639905 -0.442964 0.6969201 -0.495446 0.3618513 -0.7896817 -0.5133987 0.3435798 -0.786368 -0.4543868 0.3890441 -0.8013597 -0.3997426 0.4458802 -0.8008725 -0.3699527 0.4550366 -0.8099857 -0.2797777 0.5127675 -0.8116612 -0.157839 0.06535792 -0.9852995 -0.1737285 0.05196011 -0.9834219 -0.1893372 0.03757399 -0.981193 -0.2040343 0.02262979 -0.9787021 -0.2178241 0.007205367 -0.9759615 -0.2312983 -0.009270787 -0.9728388 -0.1792284 0.165013 -0.96987 -0.2169027 0.1310015 -0.9673634 -0.2194127 0.1288983 -0.9670798 -0.2130547 0.1341987 -0.9677802 -0.6687245 0.1641597 -0.7251616 -0.2958236 0.05746352 -0.9535126 -0.3254576 0.01287978 -0.945469 -0.2793378 0.07071578 -0.9575854 -0.2983619 0.04494076 -0.9533943 -0.5417931 0.3123419 -0.7803224 -0.2685132 0.07836002 -0.9600836 -0.2636726 0.08419799 -0.9609306 -0.2655037 0.08192873 -0.9606225 -0.2702751 0.07609319 -0.9597715 -0.2483501 0.09852546 -0.9636467 -0.2389563 0.1086034 -0.964938 -0.2409684 0.1066012 -0.9646608 -0.2355186 0.1115933 -0.9654419 -0.2334478 0.1135826 -0.9657127 -0.2106325 0.1362254 -0.9680272 0.1185757 0.5522815 0.8251819 0.006279706 0.5766246 0.8169851 -0.03868252 0.5131586 0.8574218 -0.05993419 0.499099 0.86447 -0.1230594 0.4528192 0.8830692 -0.1054394 0.458437 0.8824501 -0.1978278 0.3791512 0.9039406 -0.1967456 0.3795855 0.9039946 -0.1930904 0.3810431 0.9041693 -0.1920436 0.3814833 0.9042067 -0.2710713 0.3009976 0.9142872 -0.2720205 0.3005578 0.9141498 -0.2751296 0.299005 0.9137285 -0.2759745 0.2985851 0.913611 -0.3411347 0.219968 0.9139154 -0.3554998 0.2115113 0.91043 -0.4070998 0.1374511 0.9029823 -0.4289987 0.1221882 0.8950029 -0.4677252 0.05532509 0.8821408 -0.5442363 -0.009770691 0.8388752 -0.540883 0.02873116 0.8406071 -0.6031125 0.08416199 0.7932037 -0.5804396 0.1316699 0.8035876 -0.5944819 0.3659827 0.7159944 0.1399834 -0.569509 -0.8099779 0.1399834 -0.569509 -0.8099779 0.1399834 -0.569509 -0.8099779 -0.1499853 0.4984138 0.8538666 -0.2202965 0.406939 0.8864933 -0.2590709 0.3921591 0.8826628 -0.2718898 0.3798124 0.8842051 0.3824453 -0.4764411 -0.7916689 -0.3993442 0.4012414 0.8243359 -0.4533524 0.2775894 0.8470041 -0.4060285 0.2356777 0.8829479 -0.4620696 0.1519153 0.8737353 -0.7617639 -0.04021698 0.6466053 -0.69069 0.07321 0.7194357 -0.6401197 0.0309866 0.7676501 -0.4094336 0.002801954 0.9123357 -0.3824293 0.07432252 0.9209908 -0.2972776 -0.005326807 0.9547763 -0.2650504 0.06408387 0.9621027 -0.1844766 -0.01285493 0.9827529 -0.1476004 0.05431342 0.9875547 -0.07171511 -0.01952469 0.9972341 -0.03387039 0.04085505 0.9985909 0.037449 -0.0305171 0.9988325 0.1327872 0.06933856 0.9887163 0.1378967 0.0733003 0.9877305 0.1279695 0.06566381 0.989602 0.07980591 0.1547412 0.9847264 0.1361291 0.1905563 0.972192 0.07057279 0.2544977 0.9644949 0.03791499 0.2367504 0.9708305 0.03981566 0.2381623 0.9704089 0.03440243 0.2340961 0.9716047 0.1516858 0.4286527 0.8906449 0.1123571 0.4111838 0.9046015 0.03681766 0.4819343 0.8754336 -0.03130954 0.4369099 0.8989602 0.018588 0.460241 0.8875994 -0.08965194 0.3787762 0.9211358 -0.06022429 0.3952033 0.9166174 -0.1479783 0.318275 0.9363778 -0.1454591 0.3199068 0.9362166 -0.1406929 0.3230784 0.9358558 -0.1382467 0.3246478 0.9356771 -0.2061535 0.2557336 0.9445111 -0.2083361 0.2540783 0.9444789 -0.2124083 0.2509985 0.9443953 -0.2144886 0.2493748 0.9443553 -0.2633306 0.1920513 0.945396 -0.287279 0.1709749 0.9424641 -0.3189343 0.127943 0.9391015 -0.3555799 0.09071505 0.9302332 0.05391621 -0.008962213 0.9985054 0.06715416 0.006872773 0.997719 0.0815984 0.02275663 0.9964055 0.09639573 0.03768414 0.9946296 0.1116855 0.05182349 0.9923914 0.1277298 0.06541866 0.9896492 0.002403557 0.3344981 0.9423934 0.05046826 0.360685 0.9313213 -0.03999775 0.2888998 0.9565234 -0.01201927 0.3063648 0.9518384 -0.08320349 0.2423988 0.9666024 -0.08073127 0.2441641 0.9663677 -0.07622611 0.2473572 0.9659214 -0.07383579 0.2490598 0.9656695 -0.1265626 0.1956363 0.9724754 -0.1287742 0.1938591 0.972541 -0.1326237 0.1907513 0.9726381 -0.134757 0.1890575 0.9726757 -0.1701349 0.148633 0.974147 -0.1938585 0.1271625 0.9727532 -0.2135915 0.1017687 0.9716079 -0.250594 0.06407427 0.9659696 0.06010657 0.1323372 0.9893807 0.03277009 0.2328629 0.9719573 0.07887595 0.261649 0.9619348 0.005304336 0.2010819 0.9795601 0.03235244 0.219929 0.9749793 -0.02269423 0.1696445 0.985244 -0.02027273 0.1715157 0.9849728 -0.01625752 0.1745887 0.9845073 -0.01397639 0.1763978 0.9842198 -0.05146151 0.1384834 0.9890269 -0.05368959 0.1366184 0.9891678 -0.05731225 0.1334802 0.9893929 -0.05944252 0.1316195 0.9895165 -0.08089071 0.1075769 0.9909006 -0.1058326 0.08333885 0.9908856 -0.1040362 0.08557164 0.9908854 -0.1089056 0.07956868 0.9908625 -0.1107478 0.07725989 0.990841 -0.1474272 0.03864312 0.9883177 0.04738539 0.1154812 0.9921789 0.1042993 0.1633539 0.9810388 0.07304447 0.135276 0.9881118 -0.3196386 0.3321355 0.8874217 -0.3155306 0.3341166 0.8881479 -0.3164129 0.3336821 0.8879973 0.03411644 0.09936064 0.9944666 0.03655946 0.1014431 0.9941694 0.04002696 0.1043912 0.9937306 0.04240477 0.1063882 0.9934201 0.01995599 0.08370971 0.9962903 0.01020139 0.07427251 0.9971858 0.01222687 0.07654029 0.9969915 0.007004439 0.07079017 0.9974667 0.004949271 0.06848031 0.9976402 -0.01537591 0.0481916 0.9987198 -0.01736313 0.04582446 0.9987987 -0.01224976 0.05202066 0.9985709 -0.01021301 0.05449324 0.9984619 -0.04619246 0.01449137 0.9988275 -0.3917159 0.2440567 0.8871274 -0.4835681 0.1367844 0.8645531 -0.3204764 0.331728 0.8872719 -0.5274208 0.1757305 0.8312318 0.02040153 -0.5740459 0.818569 0.1186413 -0.5523258 0.8251427 0.03689509 -0.4819841 0.8754029 0.1058388 -0.4176145 0.9024392 0.05106401 -0.3690533 0.9280045 0.05301231 -0.3704476 0.9273393 0.04757732 -0.3666281 0.9291503 0.1254893 -0.301178 0.9452748 0.07564359 -0.2646686 0.9613682 0.03587627 -0.2262079 0.9734182 0.03795093 -0.2279202 0.97294 0.03235244 -0.2232814 0.974217 0.03032797 -0.2216109 0.9746636 0.008554697 -0.198052 0.9801542 -0.01442134 -0.1770238 0.984101 -0.01629567 -0.1747804 0.9844726 -0.0195555 -0.1708481 0.9851033 -0.0215044 -0.1685412 0.9854601 -0.0587725 -0.1307345 0.9896739 -0.05707263 -0.1329578 0.9894772 -0.05412286 -0.1368938 0.9891061 -0.05238121 -0.1391942 0.9888788 -0.1018043 -0.08367091 0.9912796 -0.08363974 -0.1103994 0.9903618 -0.1438334 -0.0355429 0.9889634 -0.1154506 -0.08198666 0.989924 -0.1842615 0.01291358 0.9827924 -0.1475051 -0.05409926 0.9875807 -0.07170641 0.01966285 0.997232 -0.03435474 -0.0399546 0.9986107 0.03854036 0.0290662 0.9988343 0.05972701 -0.2646075 0.9625049 0.1303098 -0.1961291 0.971881 0.01454675 -0.09699696 0.9951785 0.228458 -0.1438506 0.9628676 -0.2649211 -0.06411647 0.9621362 -0.2972397 0.005495429 0.9547871 -0.2197909 -0.1080172 0.9695486 -0.2456225 -0.05943238 0.9675419 -0.1738177 -0.1523907 0.9729155 -0.1908297 -0.1243445 0.9737159 -0.1278567 -0.1966198 0.9721077 -0.1293497 -0.1944131 0.9723539 -0.1322136 -0.1902643 0.9727894 -0.1336776 -0.1881233 0.9730056 -0.0816344 -0.2411301 0.9670533 -0.07982331 -0.2434882 0.9666135 -0.07657486 -0.2476472 0.9658194 -0.07481259 -0.2499307 0.9653693 -0.03606629 -0.2849146 0.9578742 -0.01485186 -0.3091494 0.9508976 0.009023606 -0.3281977 0.944566 0.04568248 -0.3653085 0.929765 -0.382527 -0.07426428 0.920955 -0.4094882 -0.002789139 0.9123111 -0.3266308 -0.1351621 0.9354377 -0.3493449 -0.08504927 0.9331264 -0.26803 -0.196456 0.9431675 -0.2834969 -0.1675758 0.9442182 -0.20766 -0.2572156 0.9437784 -0.2091712 -0.2549256 0.9440658 -0.2118785 -0.250494 0.9446482 -0.2132858 -0.2482783 0.9449165 -0.1463363 -0.3166975 0.9371705 -0.144635 -0.3190276 0.9366442 -0.1413152 -0.3235638 0.9355942 -0.139674 -0.325835 0.9350523 -0.08473193 -0.3743515 0.9234075 -0.06402957 -0.3988625 0.9147727 -0.02334761 -0.4297453 0.9026482 0.01231521 -0.4661225 0.8846345 -0.4880559 -0.07422965 0.8696503 -0.5306439 -0.02018952 0.8473544 -0.60304 -0.08429044 0.7932451 -0.6401579 -0.03093063 0.7676205 -0.7063365 -0.08689159 0.702523 -0.7756069 0.1154896 0.6205611 -0.6826936 -0.1993368 0.7029896 -0.5873697 -0.1175274 0.8007398 -0.5402972 -0.1874364 0.8203333 -0.5627624 -0.1351017 0.8155035 -0.4452597 -0.2705875 0.8535374 -0.3869974 -0.3903342 0.8353875 -0.2947247 -0.3190525 0.9007458 -0.2986609 -0.3122967 0.9018162 -0.2974358 -0.3144514 0.9014723 -0.2497553 -0.3636046 0.8974486 -0.2517757 -0.3616026 0.897693 -0.245263 -0.367919 0.896929 -0.2441458 -0.3690052 0.8967877 -0.3707802 -0.4660311 0.8033288 -0.1183863 -0.4691817 0.8751304 -0.1274412 -0.4568184 0.8803839 -0.2081853 -0.3883314 0.8976958 -0.03533351 -0.5100733 0.859405 0.1278326 -0.06550759 0.9896301 0.1115562 -0.05170416 0.9924122 0.09647065 -0.03773725 0.9946203 0.08156883 -0.02274596 0.9964082 0.06729763 -0.007051765 0.997708 0.05364644 0.009319186 0.9985165 0.1026937 -0.1649753 0.9809369 0.06598681 -0.1310893 0.9891721 0.06359714 -0.1290814 0.9895926 0.06980484 -0.134245 0.9884866 -0.4360042 -0.1641455 0.8848484 -0.01378446 -0.05736625 0.9982581 -0.0443986 -0.01288664 0.9989309 -0.3668138 -0.2435564 0.8978464 -0.4556061 -0.1126161 0.8830293 0.003137886 -0.07057279 0.9975017 -0.01623266 -0.04490423 0.9988595 -0.2934432 -0.321292 0.900368 -0.3809344 -0.2139257 0.8995137 0.01441985 -0.07837277 0.9968199 0.01935112 -0.08430749 0.996252 0.01740187 -0.08195871 0.9964838 0.01253956 -0.07609158 0.997022 0.03488481 -0.09869605 0.9945061 0.04405075 -0.1084514 0.9931254 0.04213166 -0.1066642 0.9934021 0.04733145 -0.1114832 0.9926385 0.04930329 -0.1133115 0.9923354 0.07211124 -0.1362466 0.9880471 -0.1420144 -0.1205376 -0.9824982 -0.1420149 -0.1205412 -0.9824976 -0.1420137 -0.1205364 -0.9824984 -0.1420161 -0.1205461 -0.9824969 -0.1420136 -0.1205305 -0.9824991 -0.1420136 -0.1205303 -0.9824991 -0.1337623 -0.3546062 -0.9253984 -0.1337608 -0.3545981 -0.9254018 -0.1337611 -0.3545983 -0.9254016 -0.1337611 -0.3545984 -0.9254016 -0.1177335 -0.5680801 -0.8145083 -0.1177319 -0.5680794 -0.8145092 -0.117732 -0.568082 -0.8145073 -0.117732 -0.5680821 -0.8145071 -0.09486699 -0.7485071 -0.6563059 -0.09486627 -0.7484952 -0.6563196 -0.09486663 -0.7484998 -0.6563144 -0.09486669 -0.7484998 -0.6563142 -0.06648063 -0.8854671 -0.4599223 -0.06648045 -0.8854619 -0.4599325 -0.06648045 -0.8854619 -0.4599322 -0.06648045 -0.8854619 -0.4599323 -0.03423833 -0.9709398 -0.2368622 -0.03423804 -0.9709371 -0.2368734 -0.03423815 -0.9709385 -0.2368674 -0.03423815 -0.9709387 -0.2368671 -4.71934e-7 -1 -1.3135e-6 -4.71933e-7 -1 -6.74506e-7 -4.71933e-7 -1 -6.46532e-7 0.03423714 -0.9709381 0.2368696 0.03423756 -0.9709404 0.2368604 0.0342375 -0.9709389 0.2368662 0.0342375 -0.9709388 0.2368667 0.06647962 -0.885462 0.4599321 0.06647956 -0.8854614 0.4599332 0.06647968 -0.8854618 0.4599326 0.06647968 -0.8854617 0.4599327 0.09486514 -0.7485013 0.6563128 0.09486579 -0.7485069 0.6563063 0.09486544 -0.7485025 0.6563113 0.09486538 -0.7485023 0.6563115 0.1177319 -0.5680756 0.8145117 0.1177324 -0.5680781 0.8145101 0.1177322 -0.5680774 0.8145105 0.1177321 -0.5680772 0.8145105 0.1337617 -0.3546008 0.9254005 0.1337603 -0.3546011 0.9254006 0.1337603 -0.354601 0.9254007 0.1337603 -0.354601 0.9254007 0.1420147 -0.1205424 0.9824975 0.1420147 -0.1205372 0.9824982 0.1420139 -0.1205332 0.9824988 0.1420155 -0.1205412 0.9824976 0.1420117 -0.1205351 0.9824988 0.1420117 -0.1205353 0.9824989 0.133762 -0.3545975 0.9254017 0.1337611 -0.354603 0.9253997 0.1337611 -0.3546034 0.9253997 0.1337611 -0.3546035 0.9253996 0.117733 -0.5680843 0.8145055 0.1177317 -0.5680782 0.8145101 0.1177322 -0.5680812 0.8145079 0.1177322 -0.5680813 0.8145078 0.09486633 -0.7485045 0.656309 0.09486532 -0.7484966 0.6563181 0.09486573 -0.7485002 0.6563138 0.09486579 -0.7485005 0.6563136 0.06647986 -0.8854671 0.4599223 0.06647992 -0.8854622 0.4599319 0.06648004 -0.8854633 0.4599295 0.06648004 -0.8854634 0.4599294 0.0342375 -0.9709396 0.2368631 0.03423708 -0.9709368 0.2368746 0.0342372 -0.970939 0.2368657 0.0342372 -0.9709391 0.2368653 -4.7193e-7 -1 -9.88988e-6 -4.71932e-7 -1 1.15896e-6 -4.71932e-7 -1 0 -4.71932e-7 -1 0 -0.03423815 -0.9709402 -0.2368605 -0.03423833 -0.9709381 -0.2368693 -0.03423833 -0.9709374 -0.2368722 -0.03423833 -0.9709374 -0.2368724 -0.06648057 -0.8854614 -0.4599331 -0.06648051 -0.8854665 -0.4599233 -0.06648045 -0.8854652 -0.459926 -0.06648045 -0.8854652 -0.459926 -0.09486532 -0.7485001 -0.6563141 -0.09486687 -0.7485039 -0.6563096 -0.09486675 -0.7485021 -0.6563117 -0.09486675 -0.7485019 -0.6563118 -0.1177319 -0.5680685 -0.8145167 -0.117733 -0.5680842 -0.8145056 -0.1177325 -0.5680825 -0.8145068 -0.1177325 -0.5680825 -0.814507 -0.1337618 -0.3546062 -0.9253985 -0.133762 -0.3545944 -0.9254029 -0.133762 -0.3545949 -0.9254028 -0.133762 -0.3545948 -0.9254028 -0.9897251 0 0.1429835 -0.9897251 0 0.1429839 -0.9897251 0 0.1429839 -0.989713 0 0.143067 -0.9897131 0 0.143067 -0.9897125 0 0.1430705 -0.9897125 0 0.1430706 -0.9897152 0 0.1430516 -0.9897152 0 0.1430517 -0.9897136 0 0.1430629 -0.9897136 0 0.1430631 -0.989714 0 0.1430606 -0.989714 0 0.1430608 -0.9897137 0 0.143063 -0.9897131 6.7579e-7 0.1430671 -0.9897137 4.13386e-7 0.1430619 -0.9897129 1.51622e-6 0.1430683 -0.9897179 1.09381e-6 0.1430337 -0.9897181 9.05471e-7 0.1430315 -0.9897121 1.10256e-6 0.1430736 -0.9897133 0 0.1430654 -0.9897105 0 0.1430849 -0.9897105 0 0.1430847 -0.9897279 0 0.1429638 -0.9897282 0 0.1429625</float_array>
          <technique_common>
            <accessor source="#wheel_loader_v1_068-mesh-normals-array" count="3299" stride="3">
              <param name="X" type="float"/>
              <param name="Y" type="float"/>
              <param name="Z" type="float"/>
            </accessor>
          </technique_common>
        </source>
        <vertices id="wheel_loader_v1_068-mesh-vertices">
          <input semantic="POSITION" source="#wheel_loader_v1_068-mesh-positions"/>
        </vertices>
        <triangles material="black-material" count="2540">
          <input semantic="VERTEX" source="#wheel_loader_v1_068-mesh-vertices" offset="0"/>
          <input semantic="NORMAL" source="#wheel_loader_v1_068-mesh-normals" offset="1"/>
          <p>0 0 2 1 1 2 2 1 3 3 1 2 2 1 4 4 3 3 4 5 5 5 3 5 4 6 6 7 5 8 6 9 7 9 5 9 6 10 8 11 7 12 8 13 9 13 7 13 8 14 10 15 9 16 10 17 11 17 9 17 10 18 12 19 11 20 12 21 13 21 11 21 12 22 14 23 13 24 14 25 15 25 13 25 14 26 16 27 15 28 16 29 17 29 15 29 16 30 18 31 17 32 18 33 19 33 17 33 18 34 20 35 19 36 20 37 21 37 19 37 20 38 22 39 21 40 22 41 23 41 21 41 22 42 24 43 23 44 24 45 25 45 23 45 24 46 26 47 25 48 26 49 27 49 25 49 26 50 28 51 27 52 28 51 26 50 29 53 26 50 30 54 29 53 26 47 24 46 30 55 24 46 31 56 30 55 24 43 22 42 31 57 22 42 32 58 31 57 22 39 20 38 32 59 20 38 33 60 32 59 20 35 18 34 33 61 18 34 34 62 33 61 18 31 16 30 34 63 16 30 35 64 34 63 16 27 14 26 35 65 14 26 36 66 35 65 14 23 12 22 36 67 12 22 37 68 36 67 12 19 10 18 37 69 10 18 38 70 37 69 10 15 8 14 38 71 8 14 39 72 38 71 8 11 6 10 39 73 6 10 40 74 39 73 6 7 4 6 40 75 4 6 2 76 40 75 29 77 30 77 41 77 30 55 31 56 41 78 41 79 31 79 42 79 31 57 32 58 42 80 42 81 32 81 43 81 32 59 33 60 43 82 43 83 33 83 44 83 33 61 34 62 44 84 44 85 34 85 45 85 34 63 35 64 45 86 45 87 35 87 46 87 35 65 36 66 46 88 46 89 36 89 47 89 36 67 37 68 47 90 47 91 37 91 48 91 37 69 38 70 48 92 48 93 38 93 49 93 38 71 39 72 49 94 49 95 39 95 50 95 39 73 40 74 50 96 50 97 40 97 51 97 40 75 2 76 51 98 51 99 2 99 0 99 52 100 54 100 53 100 54 101 55 101 53 101 54 102 56 102 55 103 54 102 57 103 56 102 57 104 58 105 56 106 57 104 59 107 58 105 59 108 60 109 58 110 59 108 61 111 60 109 61 112 62 113 60 114 61 112 63 115 62 113 63 116 64 117 62 118 63 116 65 119 64 117 65 120 66 121 64 122 65 120 67 123 66 121 67 124 68 125 66 126 67 124 69 127 68 125 69 128 70 129 68 130 69 128 71 131 70 129 71 132 72 133 70 134 71 132 73 135 72 133 73 136 74 137 72 138 73 136 75 139 74 137 75 140 76 141 74 142 75 140 77 143 76 141 77 144 78 144 76 144 78 145 79 145 76 145 80 146 81 146 82 146 82 147 81 148 83 149 83 149 81 148 84 150 84 151 81 151 85 151 84 152 85 153 86 154 86 154 85 153 87 155 86 154 87 155 88 156 88 156 87 155 89 157 88 156 89 157 90 158 85 159 81 160 91 161 91 161 81 160 92 162 91 163 92 164 93 165 93 165 92 164 94 166 93 167 94 167 95 167 96 168 97 168 95 168 95 169 97 169 93 169 93 170 97 171 98 172 98 172 97 171 99 173 98 174 99 175 100 176 89 177 87 178 100 179 100 179 87 178 101 180 100 176 101 181 98 174 98 174 101 181 93 165 88 182 90 183 102 184 102 184 90 183 103 185 102 186 103 187 104 188 104 188 103 187 105 189 104 190 105 191 106 192 106 192 105 191 107 193 106 194 107 195 108 196 108 196 107 195 109 197 108 198 109 199 110 200 110 200 109 199 111 201 110 202 111 203 112 204 112 204 111 203 113 205 112 206 113 207 114 208 114 208 113 207 115 209 114 210 115 211 116 212 116 212 115 211 117 213 116 214 117 215 118 216 118 216 117 215 119 217 118 218 119 219 120 220 120 220 119 219 121 221 120 222 121 223 122 224 122 224 121 223 123 225 122 226 123 227 124 228 124 228 123 227 125 229 124 230 125 231 126 232 126 232 125 231 127 233 126 234 127 235 128 236 128 236 127 235 129 237 128 238 129 239 130 240 130 240 129 239 131 241 128 238 130 240 132 242 132 243 130 243 133 243 132 244 133 244 134 244 132 245 134 246 135 247 135 247 134 246 136 248 135 249 136 249 137 249 138 250 139 251 137 252 137 252 139 251 140 253 137 252 140 253 141 254 142 255 143 255 141 255 141 256 143 257 144 258 141 259 144 259 137 259 137 260 144 261 135 262 143 263 142 264 145 265 145 266 142 266 146 266 145 267 146 268 147 269 147 270 146 270 148 270 147 271 148 272 149 273 149 274 148 274 150 274 149 275 150 276 151 277 151 278 150 279 152 280 151 278 152 280 153 281 153 282 152 283 154 284 153 282 154 284 155 285 155 286 154 287 156 288 155 286 156 288 108 198 108 196 156 289 106 194 154 287 157 290 156 288 156 289 157 291 158 292 156 289 158 292 106 194 106 192 158 293 104 190 157 294 159 294 158 294 158 293 159 295 160 296 158 293 160 296 104 190 104 188 160 297 102 186 159 298 161 298 160 298 160 297 161 299 162 300 160 297 162 300 102 186 102 184 162 301 88 182 161 302 163 302 162 302 162 301 163 303 86 304 162 301 86 304 88 182 163 305 84 305 86 305 101 180 87 178 85 159 93 165 101 181 91 163 91 161 101 180 85 159 155 286 108 198 110 200 153 282 155 285 110 202 153 282 110 202 112 204 151 278 153 281 112 206 151 278 112 206 114 208 149 275 151 277 114 210 149 275 114 210 116 212 147 271 149 273 116 214 147 271 116 214 118 216 145 267 147 269 118 218 145 267 118 218 120 220 143 263 145 265 120 222 143 263 120 222 122 224 144 258 143 257 122 226 144 258 122 226 124 228 135 262 144 261 124 230 135 262 124 230 126 232 132 245 135 247 126 234 132 245 126 234 128 236 164 306 165 307 166 308 166 308 165 307 167 309 166 310 167 311 168 312 168 312 167 311 169 313 168 314 169 315 170 316 170 316 169 315 171 317 170 318 171 319 172 320 172 320 171 319 173 321 172 322 173 323 174 324 174 324 173 323 175 325 174 326 175 327 176 328 176 328 175 327 177 329 176 330 177 331 178 332 178 332 177 331 179 333 178 334 179 335 180 336 180 336 179 335 181 337 180 338 181 339 182 340 182 340 181 339 183 341 182 342 183 343 184 344 184 344 183 343 185 345 184 346 185 347 186 348 186 348 185 347 187 349 186 350 187 351 188 352 188 352 187 351 189 353 188 354 189 355 190 356 190 356 189 355 191 357 190 358 191 359 192 360 192 360 191 359 193 361 192 362 193 363 194 364 194 364 193 363 195 365 194 366 195 367 196 368 196 368 195 367 197 369 196 370 197 371 198 372 198 372 197 371 199 373 198 374 199 375 200 376 200 376 199 375 201 377 200 378 201 379 202 380 202 380 201 379 203 381 202 382 203 383 204 384 204 384 203 383 205 385 204 386 205 387 206 388 206 388 205 387 207 389 208 390 209 391 210 392 210 392 209 391 211 393 210 394 211 395 212 396 212 396 211 395 213 397 212 398 213 399 214 400 214 400 213 399 215 401 214 402 215 403 216 404 216 404 215 403 217 405 216 406 217 407 218 408 218 408 217 407 219 409 218 410 219 411 220 412 220 412 219 411 221 413 220 414 221 415 222 416 222 416 221 415 223 417 222 418 223 419 224 420 224 420 223 419 225 421 224 422 225 423 226 424 226 424 225 423 227 425 226 426 227 426 228 426 209 427 208 428 229 429 229 429 208 428 230 430 229 431 230 431 231 431 229 432 231 432 232 432 232 433 231 433 233 433 232 434 233 434 234 434 234 435 233 435 235 435 234 436 235 436 236 436 236 437 235 437 237 437 236 438 237 438 238 438 238 439 237 439 239 439 238 440 239 440 240 440 240 441 239 441 241 441 240 442 241 442 242 442 242 443 241 443 130 443 226 444 228 444 243 444 243 445 228 445 244 445 243 446 244 446 245 446 245 447 244 447 246 447 245 448 246 448 247 448 247 449 246 449 248 449 247 450 248 450 249 450 249 451 248 451 250 451 249 452 250 452 251 452 251 453 250 453 252 453 251 454 252 454 253 454 253 455 252 455 96 455 84 456 141 457 254 458 141 457 255 459 254 458 141 457 256 460 255 459 254 458 257 461 84 456 257 461 83 462 84 456 257 461 258 463 83 462 258 463 259 464 83 462 259 464 82 465 83 462 259 464 260 466 82 465 260 466 261 466 82 465 261 466 262 467 82 465 262 467 80 468 82 465 262 467 263 469 80 468 263 469 264 470 80 468 264 471 265 472 80 473 264 471 266 474 265 472 266 474 264 471 267 466 264 471 268 475 267 466 264 471 269 476 268 475 264 471 270 477 269 476 270 477 222 478 269 476 270 477 271 479 222 478 271 479 220 480 222 478 271 479 272 481 220 480 272 481 218 482 220 480 272 481 53 483 218 482 53 483 216 484 218 482 53 483 214 485 216 484 53 483 273 486 214 485 273 486 212 487 214 485 273 486 274 488 212 487 274 488 210 489 212 487 274 488 275 490 210 489 275 491 276 492 210 493 275 491 277 494 276 492 277 494 278 495 276 492 277 494 279 496 278 495 279 496 277 494 280 466 277 494 281 466 280 466 277 494 138 497 281 466 139 498 138 497 282 499 138 497 283 500 282 499 138 497 277 494 283 500 140 501 139 498 284 502 139 498 285 466 284 502 139 498 286 503 285 466 141 457 140 501 256 460 140 501 287 504 256 460 140 501 284 502 287 504 286 503 139 498 282 499 221 505 288 506 223 507 223 507 288 506 289 508 223 509 289 510 290 511 290 511 289 510 291 512 290 511 291 512 292 513 292 513 291 512 293 514 293 514 291 512 294 515 294 515 291 512 295 516 295 516 291 512 296 516 296 516 291 512 297 516 296 516 297 516 298 516 288 506 221 505 299 517 299 517 221 505 219 518 299 517 219 518 52 519 52 519 219 518 217 520 52 519 217 520 215 521 52 519 215 521 300 522 300 522 215 521 213 523 300 522 213 523 301 524 301 524 213 523 211 525 301 524 211 525 302 526 302 526 211 525 303 527 302 526 303 527 304 528 304 528 303 527 305 529 304 528 305 529 306 530 306 530 307 531 304 528 304 528 307 531 308 532 304 528 308 532 309 516 310 533 311 534 309 535 309 535 311 534 312 516 309 535 312 516 304 516 313 536 314 537 310 533 310 533 314 537 315 516 310 533 315 516 316 516 317 538 318 539 313 536 313 536 318 539 319 540 313 536 319 540 314 537 320 541 321 542 317 538 317 538 321 542 322 543 317 538 322 543 318 539 321 542 320 541 323 544 323 544 320 541 324 545 323 544 324 545 325 546 325 546 324 545 326 547 326 547 324 545 327 548 326 547 327 548 328 549 328 549 327 548 329 550 329 550 327 548 298 516 298 516 327 548 296 516 316 516 311 534 310 533 317 551 330 552 320 553 320 553 330 552 331 554 331 554 330 552 332 555 331 554 332 555 333 556 333 556 332 555 334 557 333 556 334 557 335 558 335 558 334 557 336 559 335 558 336 559 337 560 337 560 336 559 338 561 337 560 338 561 339 562 340 563 164 564 3 565 3 565 164 564 166 566 3 565 166 566 341 567 341 567 166 566 168 568 341 567 168 568 170 569 341 567 170 569 342 570 342 570 170 569 172 571 342 570 172 571 343 572 343 572 172 571 174 573 343 572 174 573 176 574 343 572 176 574 344 575 344 575 176 574 178 576 344 575 178 576 180 577 344 575 180 577 345 578 345 578 180 577 182 579 345 578 182 579 346 580 346 580 182 579 184 581 346 580 184 581 186 582 346 580 186 582 347 583 347 583 186 582 188 584 347 583 188 584 190 585 347 583 190 585 348 586 348 586 190 585 192 587 348 586 192 587 349 588 349 588 192 587 194 589 349 588 194 589 196 590 349 588 196 590 350 591 350 591 196 590 198 592 350 591 198 592 200 593 350 591 200 593 351 594 351 594 200 593 202 595 351 594 202 595 352 596 352 596 202 595 204 597 352 596 204 597 206 598 352 596 206 598 353 599 353 599 206 598 354 600 353 599 354 600 355 601 353 599 355 601 356 602 356 602 355 601 357 603 356 602 357 603 358 604 358 604 357 603 359 605 358 604 359 605 360 606 358 604 360 606 361 607 361 607 360 606 362 608 361 607 362 608 363 609 361 607 363 609 364 610 364 610 363 609 365 611 364 610 365 611 366 612 366 612 365 611 367 613 366 612 367 613 368 614 366 612 368 614 369 615 369 615 368 614 370 616 369 615 370 616 371 617 369 615 371 617 372 618 372 618 371 617 373 619 372 618 373 619 374 620 374 620 373 619 375 621 374 620 375 621 376 622 374 620 376 622 377 623 377 623 376 622 378 624 377 623 378 624 379 625 377 623 379 625 380 626 380 626 379 625 381 627 380 626 381 627 382 628 382 628 381 627 383 629 382 628 383 629 340 563 382 628 340 563 3 565 206 630 207 631 354 632 354 632 207 631 384 633 354 634 384 635 355 636 355 636 384 635 385 637 355 638 385 639 357 640 357 640 385 639 386 641 357 642 386 643 359 644 359 644 386 643 387 645 359 646 387 647 360 648 360 648 387 647 388 649 360 650 388 651 362 652 362 652 388 651 389 653 362 654 389 655 363 656 363 656 389 655 390 657 363 658 390 659 365 660 365 660 390 659 391 661 365 662 391 663 367 664 367 664 391 663 392 665 367 666 392 667 368 668 368 668 392 667 393 669 368 670 393 671 370 672 370 672 393 671 394 673 370 674 394 675 371 676 371 676 394 675 395 677 371 678 395 679 373 680 373 680 395 679 396 681 373 682 396 683 375 684 375 684 396 683 397 685 375 686 397 687 376 688 376 688 397 687 398 689 376 690 398 691 378 692 378 692 398 691 399 693 378 694 399 695 379 696 379 696 399 695 400 697 379 698 400 699 381 700 381 700 400 699 401 701 381 702 401 703 383 704 383 704 401 703 402 705 383 706 402 707 340 708 340 708 402 707 403 709 340 710 403 711 164 712 164 712 403 711 165 713 404 714 207 715 97 716 97 716 207 715 405 717 97 716 405 717 99 718 99 718 405 717 406 719 99 718 406 719 100 720 100 720 406 719 407 721 100 720 407 721 89 722 89 722 407 721 408 723 89 722 408 723 90 724 90 724 408 723 409 725 90 724 409 725 103 726 103 726 409 725 410 727 103 726 410 727 105 728 105 728 410 727 411 729 105 728 411 729 107 730 107 730 411 729 412 731 107 730 412 731 109 732 109 732 412 731 413 733 109 732 413 733 111 734 111 734 413 733 414 735 111 734 414 735 113 736 113 736 414 735 415 737 113 736 415 737 115 738 115 738 415 737 416 739 115 738 416 739 117 740 117 740 416 739 417 741 117 740 417 741 119 742 119 742 417 741 418 743 119 742 418 743 419 744 119 742 419 744 121 745 121 745 419 744 420 746 121 745 420 746 123 747 123 747 420 746 421 748 123 747 421 748 125 749 125 749 421 748 422 750 125 749 422 750 127 751 127 751 422 750 423 752 127 751 423 752 129 753 129 753 423 752 424 754 129 753 424 754 131 755 131 755 424 754 425 756 131 755 425 756 426 757 426 757 425 756 427 758 426 757 427 758 428 759 428 759 427 758 429 760 428 759 429 760 430 761 430 761 429 760 431 762 430 761 431 762 432 763 432 763 431 762 433 764 432 763 433 764 434 765 434 765 433 764 435 766 434 765 435 766 436 767 436 767 435 766 437 768 436 767 437 768 438 769 436 767 438 769 439 770 439 770 438 769 440 771 439 770 440 771 441 772 441 772 440 771 442 773 441 772 442 773 443 774 443 774 442 773 444 775 443 774 444 775 445 776 445 776 444 775 446 777 445 776 446 777 447 778 447 778 446 777 448 779 447 778 448 779 449 780 449 780 448 779 450 781 449 780 450 781 451 782 451 782 450 781 452 783 451 782 452 783 453 784 453 784 452 783 454 785 453 784 454 785 455 786 455 786 454 785 456 787 455 786 456 787 457 788 457 788 456 787 458 789 457 788 458 789 459 790 459 790 458 789 460 791 459 790 460 791 461 792 461 792 460 791 404 714 461 792 404 714 97 716 97 793 96 794 461 795 461 795 96 794 462 796 461 797 462 798 459 799 459 799 462 798 463 800 459 801 463 802 457 803 457 803 463 802 464 804 457 805 464 806 455 807 455 807 464 806 465 808 455 809 465 810 453 811 453 811 465 810 466 812 453 813 466 814 451 815 451 815 466 814 467 816 451 817 467 818 449 819 449 819 467 818 468 820 449 821 468 822 447 823 447 823 468 822 469 824 447 825 469 826 445 827 445 827 469 826 470 828 445 829 470 830 443 831 443 831 470 830 471 832 443 833 471 834 441 835 441 835 471 834 472 836 441 837 472 838 439 839 439 839 472 838 473 840 439 841 473 842 436 843 436 843 473 842 474 844 436 845 474 846 434 847 434 847 474 846 475 848 434 849 475 850 432 851 432 851 475 850 476 852 432 853 476 854 430 855 430 855 476 854 477 856 430 857 477 858 428 859 428 859 477 858 478 860 428 861 478 862 479 863 479 863 478 862 480 864 479 865 480 866 131 867 131 868 480 868 481 868 131 869 481 869 130 869 462 796 96 794 482 870 482 871 96 871 483 871 482 872 483 872 484 872 482 873 484 874 485 875 485 875 484 874 486 876 485 877 486 877 487 877 296 878 327 879 487 880 487 880 327 879 324 881 487 880 324 881 320 882 331 883 488 883 320 883 320 884 488 885 489 886 320 887 489 887 487 887 487 888 489 889 485 890 488 891 331 892 490 893 490 894 331 894 333 894 490 895 333 896 491 897 491 898 333 898 335 898 491 899 335 900 492 901 492 902 335 902 337 902 492 903 337 904 493 905 493 906 337 907 339 908 493 906 339 908 494 909 494 910 339 911 495 912 494 910 495 912 471 832 471 834 495 913 472 836 339 911 338 914 495 912 495 913 338 915 496 916 495 913 496 916 472 836 472 838 496 917 473 840 338 915 336 918 496 916 496 917 336 919 497 920 496 917 497 920 473 840 473 842 497 921 474 844 336 922 334 922 497 922 497 921 334 923 498 924 497 921 498 924 474 844 474 846 498 925 475 848 334 926 332 926 498 926 498 925 332 927 499 928 498 925 499 928 475 848 475 850 499 929 476 852 332 930 330 930 499 930 499 929 330 931 500 932 499 929 500 932 476 852 476 854 500 933 477 856 330 934 317 934 500 934 500 933 317 935 501 936 500 933 501 936 477 856 477 858 501 937 478 860 501 938 317 938 502 938 502 939 317 940 313 941 502 939 313 941 310 942 310 943 309 943 502 943 501 937 502 944 503 945 503 945 502 944 504 946 503 947 504 948 480 864 480 864 504 948 505 949 480 950 505 950 481 950 131 867 426 951 479 865 479 863 426 952 428 861 463 800 462 798 482 873 463 800 482 873 485 875 464 804 463 802 485 890 465 808 464 806 489 886 489 889 464 804 485 890 466 812 465 810 488 891 488 885 465 808 489 886 467 816 466 814 490 895 490 893 466 812 488 891 468 820 467 818 491 899 491 897 467 816 490 895 469 824 468 822 492 903 492 901 468 820 491 899 470 828 469 826 493 906 493 905 469 824 492 903 471 832 470 830 494 910 494 909 470 828 493 906 480 864 478 862 503 947 503 945 478 860 501 937 84 953 163 954 141 955 141 955 163 954 142 956 142 956 163 954 146 957 146 957 163 954 161 958 146 957 161 958 148 959 148 959 161 958 159 960 148 959 159 960 157 961 154 962 152 963 157 961 157 961 152 963 150 964 157 961 150 964 148 959 78 965 506 965 79 965 506 966 507 966 79 966 506 967 508 967 507 967 508 968 509 968 507 968 508 969 510 969 509 969 510 970 511 970 509 970 510 971 512 971 511 971 512 972 513 972 511 972 512 973 514 973 513 973 514 974 515 974 513 974 514 975 516 975 515 975 516 976 517 976 515 976 516 977 518 977 517 977 518 978 519 978 517 978 518 979 520 979 519 979 520 980 521 980 519 980 520 981 522 981 521 981 522 982 523 982 521 982 522 983 524 983 523 983 524 984 525 984 523 984 524 985 526 985 525 985 526 986 527 986 525 986 526 987 528 987 527 987 528 988 529 988 527 988 528 989 52 989 529 989 52 990 53 990 529 990 530 991 309 991 531 991 531 992 309 992 532 992 531 993 532 993 533 993 533 994 532 995 534 996 533 997 534 997 535 997 535 998 534 998 536 998 535 999 536 1000 537 1001 537 1001 536 1000 538 1002 537 1003 538 1004 539 1005 539 1005 538 1004 540 1006 539 1007 540 1007 541 1007 541 1008 540 1008 542 1008 541 1009 542 1009 543 1009 543 1010 542 1010 544 1010 543 1011 544 1011 545 1011 545 1012 544 1012 546 1012 546 1013 544 1013 547 1013 546 1014 547 1014 548 1014 548 1015 547 1015 549 1015 548 1016 549 1016 550 1016 532 1017 551 1017 534 1017 534 1018 551 1018 536 1018 536 1019 551 1019 538 1019 538 1020 551 1020 552 1020 538 1021 552 1021 553 1021 553 1022 549 1023 552 1024 553 1025 549 1025 554 1025 554 1026 549 1026 555 1026 554 1027 555 1027 542 1027 542 1028 555 1028 544 1028 556 1029 557 1029 550 1029 550 1030 557 1030 548 1030 557 1031 546 1031 548 1031 543 1032 545 1032 558 1032 558 1033 545 1033 559 1033 558 1034 559 1034 560 1034 560 1035 559 1035 561 1035 560 1036 561 1036 562 1036 562 1037 561 1037 563 1037 562 1038 563 1038 564 1038 564 1039 563 1039 565 1039 564 1040 565 1040 130 1040 130 1041 566 1042 567 1043 567 1044 566 1044 568 1044 567 1045 568 1045 569 1045 569 1046 568 1046 570 1046 569 1047 570 1048 571 1049 571 1050 570 1050 530 1050 571 1051 530 1051 572 1051 572 1052 530 1052 531 1052 572 1053 531 1053 573 1053 573 1054 531 1054 533 1054 573 1055 533 1055 574 1055 574 1056 533 1056 535 1056 574 1057 535 1058 575 1059 575 1059 535 1058 537 1060 575 1061 537 1062 576 1063 576 1063 537 1062 539 1064 576 1065 539 1065 577 1065 577 1066 539 1066 541 1066 577 1067 541 1067 558 1067 558 1068 541 1068 543 1068 564 1069 130 1069 578 1069 578 1070 130 1070 579 1070 579 1071 130 1071 580 1071 580 1072 130 1072 581 1072 581 1073 130 1073 582 1073 582 1074 130 1041 567 1043 571 1075 572 1075 583 1075 583 1076 572 1076 573 1076 583 1077 573 1077 584 1077 584 1078 573 1078 574 1078 584 1079 574 1080 585 1081 585 1081 574 1080 575 1082 585 1083 575 1084 586 1085 586 1085 575 1084 576 1086 586 1087 576 1087 587 1087 587 1088 576 1088 577 1088 587 1089 577 1089 560 1089 560 1090 577 1090 558 1090 582 1091 567 1091 569 1091 569 1047 571 1049 588 1092 588 1093 571 1093 583 1093 588 1094 583 1094 589 1094 589 1095 583 1095 584 1095 589 1096 584 1097 590 1098 590 1098 584 1097 585 1099 590 1100 585 1101 591 1102 591 1102 585 1101 586 1103 591 1104 586 1104 592 1104 592 1105 586 1106 587 1107 592 1105 587 1107 562 1108 562 1109 587 1109 560 1109 581 1110 582 1110 588 1110 588 1111 582 1111 569 1111 581 1112 588 1112 589 1112 540 1113 538 1114 553 1115 581 1116 589 1117 580 1118 580 1118 589 1117 590 1119 580 1120 590 1120 579 1120 579 1121 590 1122 591 1123 579 1121 591 1123 578 1124 578 1125 591 1126 592 1127 578 1125 592 1127 564 1128 564 1129 592 1129 562 1129 554 1130 542 1130 540 1130 547 1131 544 1131 555 1131 553 1115 554 1132 540 1113 547 1133 555 1133 549 1133 593 1134 594 1134 595 1134 595 1135 594 1135 596 1135 595 1136 596 1136 597 1136 597 1137 596 1137 598 1137 597 1138 598 1139 599 1140 599 1141 598 1141 600 1141 599 1142 600 1142 601 1142 601 1143 600 1144 602 1145 601 1143 602 1145 603 1146 603 1147 602 1147 604 1147 603 1148 604 1149 605 1150 605 1150 604 1149 606 1151 605 1152 606 1153 607 1154 607 1154 606 1153 608 1155 607 1156 608 1156 609 1156 609 1157 608 1157 610 1157 609 1158 610 1158 611 1158 611 1159 610 1159 612 1159 611 1160 612 1160 613 1160 613 1161 612 1161 614 1161 614 1162 612 1162 615 1162 614 1163 615 1163 616 1163 616 1164 615 1164 130 1164 598 1165 617 1165 600 1165 600 1166 617 1166 618 1166 600 1167 618 1167 619 1167 619 1168 618 1168 130 1168 613 1169 620 1169 611 1169 611 1170 620 1170 621 1170 611 1171 621 1171 609 1171 609 1172 621 1172 622 1172 609 1173 622 1173 607 1173 607 1174 622 1174 623 1174 607 1175 623 1176 605 1177 605 1177 623 1176 624 1178 605 1179 624 1180 603 1181 603 1181 624 1180 625 1182 603 1183 625 1183 601 1183 601 1184 625 1184 626 1184 601 1185 626 1185 599 1185 599 1140 626 1186 597 1138 620 1187 627 1187 621 1187 621 1188 627 1188 628 1188 621 1189 628 1189 622 1189 622 1190 628 1190 629 1190 622 1191 629 1191 623 1191 623 1192 629 1192 630 1192 623 1193 630 1194 624 1195 624 1195 630 1194 631 1196 624 1197 631 1198 625 1199 625 1199 631 1198 632 1200 625 1201 632 1201 626 1201 626 1202 632 1202 633 1202 626 1203 633 1203 597 1203 597 1204 633 1204 595 1204 628 1205 627 1205 634 1205 634 1206 627 1206 635 1206 634 1207 635 1207 636 1207 636 1208 635 1208 637 1208 636 1209 637 1209 638 1209 638 1210 637 1210 210 1210 638 1211 639 1211 636 1211 636 1212 639 1213 634 1214 639 1213 640 1215 634 1214 634 1216 640 1216 641 1216 634 1217 641 1217 629 1217 629 1218 641 1218 630 1218 640 1219 642 1219 641 1219 641 1220 642 1220 643 1220 641 1221 643 1221 630 1221 630 1222 643 1223 631 1224 643 1225 642 1225 644 1225 644 1226 645 1226 642 1226 644 1227 645 1227 631 1227 631 1228 645 1228 646 1228 631 1229 646 1229 632 1229 632 1230 646 1230 593 1230 632 1231 593 1231 633 1231 633 1232 593 1232 595 1232 619 1233 130 1233 647 1233 647 1234 130 1234 648 1234 648 1235 130 1235 649 1235 649 1236 130 1236 650 1236 650 1237 130 1237 651 1237 651 1238 130 1238 615 1238 602 1239 600 1239 619 1239 602 1240 619 1241 647 1242 629 1243 628 1243 634 1243 651 1244 615 1244 612 1244 651 1245 612 1245 610 1245 650 1246 651 1246 610 1246 650 1247 610 1247 608 1247 644 1248 631 1224 643 1223 649 1249 650 1250 608 1251 649 1249 608 1251 606 1252 649 1253 606 1253 648 1253 648 1254 606 1255 604 1256 648 1254 604 1256 647 1257 647 1242 604 1258 602 1240 652 1259 80 1259 653 1259 653 1260 80 1260 654 1260 653 1261 654 1261 655 1261 655 1262 654 1262 656 1262 655 1263 656 1263 657 1263 657 1264 656 1264 658 1264 657 1265 658 1266 659 1267 659 1267 658 1266 660 1268 659 1269 660 1270 661 1271 661 1271 660 1270 662 1272 661 1273 662 1273 663 1273 663 1274 662 1274 664 1274 663 1275 664 1275 665 1275 665 1276 664 1276 666 1276 665 1277 666 1277 667 1277 667 1278 666 1278 668 1278 668 1279 666 1279 669 1279 668 1280 669 1280 670 1280 670 1281 669 1281 671 1281 670 1282 671 1282 672 1282 654 1283 673 1283 656 1283 656 1284 673 1284 658 1284 658 1285 673 1285 660 1285 660 1286 673 1286 674 1286 660 1287 674 1288 675 1289 675 1290 674 1291 671 1292 675 1293 671 1293 676 1293 676 1294 671 1294 677 1294 676 1295 677 1295 664 1295 664 1296 677 1296 666 1296 222 1297 678 1297 672 1297 672 1298 678 1298 670 1298 678 1299 668 1299 670 1299 665 1300 667 1300 679 1300 679 1301 667 1301 680 1301 679 1302 680 1302 681 1302 681 1303 680 1303 682 1303 681 1304 682 1304 683 1304 683 1305 682 1305 684 1305 683 1306 684 1306 685 1306 685 1307 684 1307 686 1307 685 1308 686 1308 96 1308 96 1309 687 1310 688 1311 688 1312 687 1312 689 1312 688 1313 689 1313 690 1313 690 1314 689 1314 691 1314 690 1315 691 1316 692 1317 692 1318 691 1318 652 1318 692 1319 652 1319 693 1319 693 1320 652 1320 653 1320 693 1321 653 1321 694 1321 694 1322 653 1322 655 1322 694 1323 655 1323 695 1323 695 1324 655 1324 657 1324 695 1325 657 1326 696 1327 696 1327 657 1326 659 1328 696 1329 659 1330 697 1331 697 1331 659 1330 661 1332 697 1333 661 1333 698 1333 698 1334 661 1334 663 1334 698 1335 663 1335 679 1335 679 1336 663 1336 665 1336 685 1337 96 1337 699 1337 699 1338 96 1338 700 1338 700 1339 96 1339 701 1339 701 1340 96 1340 702 1340 702 1341 96 1341 703 1341 703 1342 96 1309 688 1311 692 1343 693 1343 704 1343 704 1344 693 1344 694 1344 704 1345 694 1345 705 1345 705 1346 694 1346 695 1346 705 1347 695 1348 706 1349 706 1349 695 1348 696 1350 706 1351 696 1352 707 1353 707 1353 696 1352 697 1354 707 1355 697 1355 708 1355 708 1356 697 1356 698 1356 708 1357 698 1357 681 1357 681 1358 698 1358 679 1358 703 1359 688 1359 690 1359 690 1315 692 1317 709 1360 709 1361 692 1361 704 1361 709 1362 704 1362 710 1362 710 1363 704 1363 705 1363 710 1364 705 1365 711 1366 711 1366 705 1365 706 1367 711 1368 706 1369 712 1370 712 1370 706 1369 707 1371 712 1372 707 1372 713 1372 713 1373 707 1374 708 1375 713 1373 708 1375 683 1376 683 1377 708 1377 681 1377 702 1378 703 1378 709 1378 709 1379 703 1379 690 1379 702 1380 709 1380 710 1380 662 1381 660 1382 675 1383 702 1384 710 1385 701 1386 701 1386 710 1385 711 1387 701 1388 711 1388 700 1388 700 1389 711 1390 712 1391 700 1389 712 1391 699 1392 699 1393 712 1394 713 1395 699 1393 713 1395 685 1396 685 1397 713 1397 683 1397 676 1398 664 1398 662 1398 669 1399 666 1399 677 1399 675 1383 676 1400 662 1381 669 1401 677 1401 671 1401 714 1402 296 1402 715 1402 715 1403 296 1403 716 1403 715 1404 716 1404 717 1404 717 1405 716 1405 718 1405 717 1406 718 1407 719 1408 719 1409 718 1409 720 1409 719 1410 720 1410 721 1410 721 1411 720 1412 722 1413 721 1411 722 1413 723 1414 723 1415 722 1415 724 1415 723 1416 724 1417 725 1418 725 1418 724 1417 726 1419 725 1420 726 1421 727 1422 727 1422 726 1421 728 1423 727 1424 728 1424 729 1424 729 1425 728 1425 730 1425 729 1426 730 1426 731 1426 731 1427 730 1427 732 1427 731 1428 732 1428 733 1428 733 1429 732 1429 734 1429 734 1430 732 1430 735 1430 734 1431 735 1431 736 1431 736 1432 735 1432 96 1432 718 1433 737 1433 720 1433 720 1434 737 1434 738 1434 720 1435 738 1435 739 1435 739 1436 738 1436 96 1436 733 1437 740 1437 731 1437 731 1438 740 1438 741 1438 731 1439 741 1439 729 1439 729 1440 741 1440 742 1440 729 1441 742 1441 727 1441 727 1442 742 1442 743 1442 727 1443 743 1444 725 1445 725 1445 743 1444 744 1446 725 1447 744 1448 723 1449 723 1449 744 1448 745 1450 723 1451 745 1451 721 1451 721 1452 745 1452 746 1452 721 1453 746 1453 719 1453 719 1408 746 1454 717 1406 740 1455 747 1455 741 1455 741 1456 747 1456 748 1456 741 1457 748 1457 742 1457 742 1458 748 1458 749 1458 742 1459 749 1459 743 1459 743 1460 749 1460 750 1460 743 1461 750 1462 744 1463 744 1463 750 1462 751 1464 744 1465 751 1466 745 1467 745 1467 751 1466 752 1468 745 1469 752 1469 746 1469 746 1470 752 1470 753 1470 746 1471 753 1471 717 1471 717 1472 753 1472 715 1472 748 1473 747 1473 754 1473 754 1474 747 1474 755 1474 754 1475 755 1475 756 1475 756 1476 755 1476 757 1476 756 1477 757 1477 758 1477 758 1478 757 1478 223 1478 758 1479 759 1479 756 1479 756 1480 759 1480 754 1480 754 1481 759 1481 760 1481 760 1482 759 1482 761 1482 760 1483 761 1483 762 1483 762 1484 761 1484 763 1484 762 1485 763 1486 751 1487 751 1488 763 1489 764 1490 751 1488 764 1490 765 1491 761 1492 763 1493 764 1494 714 1495 753 1495 765 1495 765 1496 753 1496 752 1496 765 1497 752 1497 751 1497 753 1498 714 1498 715 1498 739 1499 96 1499 766 1499 766 1500 96 1500 767 1500 767 1501 96 1501 768 1501 768 1502 96 1502 769 1502 769 1503 96 1503 770 1503 770 1504 96 1504 735 1504 722 1505 720 1505 739 1505 722 1506 739 1507 766 1508 749 1509 748 1509 754 1509 770 1510 735 1510 732 1510 770 1511 732 1511 730 1511 750 1512 749 1512 760 1512 760 1513 749 1513 754 1513 769 1514 770 1514 730 1514 769 1515 730 1515 728 1515 751 1487 750 1516 762 1485 762 1517 750 1517 760 1517 768 1518 769 1519 728 1520 768 1518 728 1520 726 1521 768 1522 726 1522 767 1522 767 1523 726 1524 724 1525 767 1523 724 1525 766 1526 766 1508 724 1527 722 1506 771 1528 28 1528 772 1528 28 1529 773 1530 772 1531 28 1529 29 1532 773 1530 29 1532 774 1533 773 1530 774 1534 775 1534 773 1534 775 1535 776 1536 773 1537 775 1538 777 1538 776 1538 777 1539 778 1540 776 1541 777 1542 779 1542 778 1542 779 1543 780 1544 778 1545 779 1546 781 1546 780 1546 781 1547 782 1548 780 1549 781 1550 783 1550 782 1550 783 1551 784 1552 782 1553 783 1554 785 1554 784 1554 785 1555 786 1556 784 1557 785 1558 787 1558 786 1558 787 1559 788 1560 786 1561 787 1562 789 1562 788 1562 789 1563 790 1564 788 1565 789 1566 791 1566 790 1566 791 1567 792 1568 790 1569 791 1570 793 1570 792 1570 793 1571 794 1572 792 1573 793 1574 795 1574 794 1574 795 1575 796 1576 794 1577 795 1578 1 1578 796 1578 1 1579 797 1580 796 1581 1 1579 3 1582 797 1580 3 1582 798 1583 797 1580 798 1584 799 1584 797 1584 799 1585 800 1586 797 1587 799 1588 801 1588 800 1588 801 1589 802 1590 800 1591 801 1592 803 1592 802 1592 803 1593 804 1594 802 1595 803 1596 805 1596 804 1596 805 1597 806 1598 804 1599 805 1600 807 1600 806 1600 807 1601 808 1602 806 1603 807 1604 809 1604 808 1604 809 1605 810 1606 808 1607 809 1608 811 1608 810 1608 811 1609 812 1610 810 1611 811 1612 813 1612 812 1612 813 1613 814 1614 812 1615 813 1616 815 1616 814 1616 815 1617 816 1618 814 1619 815 1620 817 1620 816 1620 817 1621 818 1622 816 1623 817 1624 771 1624 818 1624 771 1625 772 1626 818 1627 776 1536 772 1626 773 1537 776 1536 818 1627 772 1626 778 1540 818 1622 776 1541 778 1540 816 1623 818 1622 780 1544 816 1618 778 1545 780 1544 814 1619 816 1618 782 1548 814 1614 780 1549 782 1548 812 1615 814 1614 784 1552 812 1610 782 1553 784 1552 810 1611 812 1610 786 1556 810 1606 784 1557 786 1556 808 1607 810 1606 788 1560 808 1602 786 1561 788 1560 806 1603 808 1602 790 1564 806 1598 788 1565 790 1564 804 1599 806 1598 792 1568 804 1594 790 1569 792 1568 802 1595 804 1594 794 1572 802 1590 792 1573 794 1572 800 1591 802 1590 796 1576 800 1586 794 1577 796 1576 797 1587 800 1586 29 1628 820 1629 819 1630 820 1629 821 1631 819 1630 821 1631 822 1632 819 1630 821 1631 823 1633 822 1632 823 1633 824 1634 822 1632 823 1633 825 1635 824 1634 825 1635 826 1636 824 1634 825 1635 827 1637 826 1636 827 1637 828 1638 826 1636 827 1637 829 1639 828 1638 829 1639 830 1640 828 1638 829 1639 831 1641 830 1640 831 1641 832 1642 830 1640 831 1641 833 1643 832 1642 833 1643 834 1644 832 1642 833 1643 835 1645 834 1644 835 1645 836 1646 834 1644 835 1645 837 1647 836 1646 837 1647 838 1648 836 1646 837 1647 839 1649 838 1648 839 1649 840 1650 838 1648 839 1649 841 1651 840 1650 841 1651 842 1652 840 1650 843 1653 845 1654 844 1655 845 1654 846 1656 844 1655 845 1654 847 1657 846 1656 847 1658 848 1658 846 1658 847 1659 849 1660 848 1661 849 1662 850 1662 848 1662 849 1663 851 1664 850 1665 851 1666 852 1666 850 1666 851 1667 853 1668 852 1669 853 1670 854 1670 852 1670 853 1671 855 1672 854 1673 855 1674 856 1674 854 1674 855 1675 857 1676 856 1677 857 1678 858 1678 856 1678 857 1679 859 1680 858 1681 859 1682 860 1682 858 1682 859 1683 861 1684 860 1685 861 1686 862 1686 860 1686 861 1687 863 1688 862 1689 863 1690 864 1690 862 1690 863 1691 865 1692 864 1693 865 1694 866 1694 864 1694 865 1695 867 1696 866 1697 867 1698 868 1698 866 1698 867 1699 869 1700 868 1701 869 1702 870 1702 868 1702 869 1703 871 1704 870 1705 871 1704 869 1703 872 1706 869 1703 873 1707 872 1706 869 1700 867 1699 873 1708 867 1699 874 1709 873 1708 867 1696 865 1695 874 1710 865 1695 875 1711 874 1710 865 1692 863 1691 875 1712 863 1691 876 1713 875 1712 863 1688 861 1687 876 1714 861 1687 877 1715 876 1714 861 1684 859 1683 877 1716 859 1683 878 1717 877 1716 859 1680 857 1679 878 1718 857 1679 879 1719 878 1718 857 1676 855 1675 879 1720 855 1675 880 1721 879 1720 855 1672 853 1671 880 1722 853 1671 881 1723 880 1722 853 1668 851 1667 881 1724 851 1667 882 1725 881 1724 851 1664 849 1663 882 1726 849 1663 883 1727 882 1726 849 1660 847 1659 883 1728 847 1659 845 1729 883 1728 872 1730 873 1730 884 1730 873 1708 874 1709 884 1731 884 1732 874 1732 885 1732 874 1710 875 1711 885 1733 885 1734 875 1734 886 1734 875 1712 876 1713 886 1735 886 1736 876 1736 887 1736 876 1714 877 1715 887 1737 887 1738 877 1738 888 1738 877 1716 878 1717 888 1739 888 1740 878 1740 889 1740 878 1718 879 1719 889 1741 889 1742 879 1742 890 1742 879 1720 880 1721 890 1743 890 1744 880 1744 891 1744 880 1722 881 1723 891 1745 891 1746 881 1746 892 1746 881 1724 882 1725 892 1747 892 1748 882 1748 893 1748 882 1726 883 1727 893 1749 893 1750 883 1750 894 1750 883 1728 845 1729 894 1751 894 1752 845 1752 843 1752 895 1753 897 1753 896 1753 897 1754 898 1754 896 1754 897 1755 899 1756 898 1757 897 1755 900 1758 899 1756 900 1759 901 1760 899 1760 900 1759 902 1761 901 1760 902 1762 903 1763 901 110 902 1762 904 1764 903 1763 904 1765 905 1766 903 1767 904 1765 906 1768 905 1766 906 1769 907 1770 905 1771 906 1769 908 1772 907 1770 908 1773 909 1774 907 1775 908 1773 910 1776 909 1774 910 1777 911 1778 909 1779 910 1777 912 1780 911 1778 912 1781 913 1782 911 1783 912 1781 914 1784 913 1782 914 1785 915 1786 913 1787 914 1785 916 1788 915 1786 916 1789 917 1790 915 1791 916 1789 918 1789 917 1790 918 1792 919 1793 917 1794 918 1792 920 1795 919 1793 920 1796 921 1796 919 1796 921 1797 922 1797 919 1797 923 146 924 146 925 146 925 1798 924 1799 926 1800 926 1800 924 1799 927 1801 927 1802 924 1802 928 1802 927 1803 928 1804 929 1805 929 1805 928 1804 930 1806 929 1805 930 1806 931 1807 931 1807 930 1806 932 1808 931 1807 932 1808 933 1809 928 1810 924 1811 934 1812 934 1812 924 1811 935 1813 934 1814 935 1815 936 1816 936 1816 935 1815 937 1817 936 1818 937 1818 938 1818 939 1819 940 1819 938 1819 938 1820 940 1820 936 1820 936 1821 940 1822 941 1823 941 1823 940 1822 942 1824 941 1825 942 1826 943 1827 932 1828 930 1829 943 1830 943 1830 930 1829 944 1831 943 1827 944 1832 941 1825 941 1825 944 1832 936 1816 931 1833 933 1834 945 1835 945 1835 933 1834 946 1836 945 1837 946 1838 947 1839 947 1839 946 1838 948 1840 947 1841 948 1842 949 1843 949 1843 948 1842 950 1844 949 1845 950 1846 951 1847 951 1847 950 1846 952 1848 951 1849 952 1850 953 1851 953 1851 952 1850 954 1852 953 1853 954 1854 955 1855 955 1855 954 1854 956 1856 955 1857 956 1858 957 1859 957 1859 956 1858 958 1860 957 1861 958 1862 959 1863 959 1863 958 1862 960 1864 959 1865 960 1866 961 1867 961 1867 960 1866 962 1868 961 1869 962 1870 963 1871 963 1871 962 1870 964 1872 963 1873 964 1874 965 1875 965 1875 964 1874 966 1876 965 1877 966 1878 967 1879 967 1879 966 1878 968 1880 967 1881 968 1882 969 1883 969 1883 968 1882 970 1884 969 1885 970 1886 971 1887 971 1887 970 1886 972 1888 971 1889 972 1890 973 1891 973 1891 972 1890 974 1892 971 1889 973 1891 975 1893 975 1894 973 1894 976 1894 975 1895 976 1895 977 1895 975 1896 977 1897 978 1898 978 1898 977 1897 979 1899 978 1900 979 1900 980 1900 981 1901 982 1902 980 1903 980 1903 982 1902 983 1904 980 1903 983 1904 984 1905 985 1906 986 1906 984 1906 984 1907 986 1908 987 1909 984 1910 987 1910 980 1910 980 1911 987 1912 978 1913 986 1914 985 1915 988 1916 988 1917 985 1917 989 1917 988 1918 989 1919 990 1920 990 1921 989 1921 991 1921 990 1922 991 1923 992 1924 992 1925 991 1925 993 1925 992 1926 993 1927 994 1928 994 1929 993 1930 995 1931 994 1929 995 1931 996 1932 996 1933 995 1934 997 1935 996 1933 997 1935 998 1936 998 1937 997 1938 999 1939 998 1937 999 1939 951 1849 951 1847 999 1940 949 1845 997 1938 1000 1941 999 1939 999 1940 1000 1942 1001 1943 999 1940 1001 1943 949 1845 949 1843 1001 1944 947 1841 1000 1945 1002 1945 1001 1945 1001 1944 1002 1946 1003 1947 1001 1944 1003 1947 947 1841 947 1839 1003 1948 945 1837 1002 1949 1004 1949 1003 1949 1003 1948 1004 1950 1005 1951 1003 1948 1005 1951 945 1837 945 1835 1005 1952 931 1833 1004 1953 1006 1953 1005 1953 1005 1952 1006 1954 929 1955 1005 1952 929 1955 931 1833 1006 1956 927 1956 929 1956 944 1831 930 1829 928 1810 936 1816 944 1832 934 1814 934 1812 944 1831 928 1810 998 1937 951 1849 953 1851 996 1933 998 1936 953 1853 996 1933 953 1853 955 1855 994 1929 996 1932 955 1857 994 1929 955 1857 957 1859 992 1926 994 1928 957 1861 992 1926 957 1861 959 1863 990 1922 992 1924 959 1865 990 1922 959 1865 961 1867 988 1918 990 1920 961 1869 988 1918 961 1869 963 1871 986 1914 988 1916 963 1873 986 1914 963 1873 965 1875 987 1909 986 1908 965 1877 987 1909 965 1877 967 1879 978 1913 987 1912 967 1881 978 1913 967 1881 969 1883 975 1896 978 1898 969 1885 975 1896 969 1885 971 1887 1007 1957 1008 1958 1009 1959 1009 1959 1008 1958 1010 1960 1009 1961 1010 1962 1011 1963 1011 1963 1010 1962 1012 1964 1011 1965 1012 1966 1013 1967 1013 1967 1012 1966 1014 1968 1013 1969 1014 1970 1015 1971 1015 1971 1014 1970 1016 1972 1015 1973 1016 1974 1017 1975 1017 1975 1016 1974 1018 1976 1017 1977 1018 1978 1019 1979 1019 1979 1018 1978 1020 1980 1019 1981 1020 1982 1021 1983 1021 1983 1020 1982 1022 1984 1021 1985 1022 1986 1023 1987 1023 1987 1022 1986 1024 1988 1023 1989 1024 1990 1025 1991 1025 1991 1024 1990 1026 1992 1025 1993 1026 1994 1027 1995 1027 1995 1026 1994 1028 1996 1027 1997 1028 1998 1029 1999 1029 1999 1028 1998 1030 2000 1029 2001 1030 2002 1031 2003 1031 2003 1030 2002 1032 2004 1031 2005 1032 2006 1033 2007 1033 2007 1032 2006 1034 2008 1033 2009 1034 2010 1035 2011 1035 2011 1034 2010 1036 2012 1035 2013 1036 2014 1037 2015 1037 2015 1036 2014 1038 2016 1037 2017 1038 2018 1039 2019 1039 2019 1038 2018 1040 2020 1039 2021 1040 2022 1041 2023 1041 2023 1040 2022 1042 2024 1041 2025 1042 2026 1043 2027 1043 2027 1042 2026 1044 2028 1043 2029 1044 2030 1045 2031 1045 2031 1044 2030 1046 2032 1045 2033 1046 2034 1047 2035 1047 2035 1046 2034 1048 2036 1047 2037 1048 2038 1049 2039 1049 2039 1048 2038 1050 2040 1051 2041 1052 2042 1053 2043 1053 2043 1052 2042 1054 2044 1053 2045 1054 2046 1055 2046 1055 2046 1054 2046 1056 2045 1055 2047 1056 2048 1057 2049 1057 2049 1056 2048 1058 2050 1057 2051 1058 2052 1059 2053 1059 2053 1058 2052 1060 2054 1059 2055 1060 2056 1061 2057 1061 2057 1060 2056 1062 2058 1061 2059 1062 2060 1063 2061 1063 2061 1062 2060 1064 2062 1063 2063 1064 2064 1065 2065 1065 2065 1064 2064 1066 2066 1065 2067 1066 2068 1067 2069 1067 2069 1066 2068 1068 2070 1067 2071 1068 2072 1069 2073 1069 2073 1068 2072 1070 2074 1069 2075 1070 2075 1071 2075 1052 2076 1051 2077 1072 2078 1072 2078 1051 2077 1073 2079 1072 2080 1073 2080 1074 2080 1072 2081 1074 2081 1075 2081 1075 2082 1074 2082 1076 2082 1075 2083 1076 2083 1077 2083 1077 2084 1076 2084 1078 2084 1077 2085 1078 2085 1079 2085 1079 2086 1078 2086 1080 2086 1079 2087 1080 2087 1081 2087 1081 2088 1080 2088 1082 2088 1081 2089 1082 2089 1083 2089 1083 2090 1082 2090 1084 2090 1083 2091 1084 2091 1085 2091 1085 2092 1084 2092 973 2092 1069 2093 1071 2093 1086 2093 1086 2094 1071 2094 1087 2094 1086 2095 1087 2095 1088 2095 1088 2096 1087 2096 1089 2096 1088 2097 1089 2097 1090 2097 1090 2098 1089 2098 1091 2098 1090 2099 1091 2099 1092 2099 1092 2100 1091 2100 1093 2100 1092 2101 1093 2101 1094 2101 1094 2102 1093 2102 1095 2102 1094 2103 1095 2103 1096 2103 1096 2104 1095 2104 939 2104 927 2105 984 2106 1097 2107 984 2106 1098 2108 1097 2107 984 2106 1099 2109 1098 2108 1097 2107 1100 2110 927 2105 1100 2110 926 2111 927 2105 1100 2110 1101 2112 926 2111 1101 2112 1102 2113 926 2111 1102 2113 925 2114 926 2111 1102 2113 1103 2115 925 2114 1103 2115 1104 2116 925 2114 1104 2116 1105 2117 925 2114 1105 2117 923 2118 925 2114 1105 2117 1106 466 923 2118 1106 466 1107 466 923 2118 1107 2119 1108 2120 923 2121 1107 2119 1109 466 1108 2120 1109 466 1107 2119 1110 2122 1107 2119 1111 2123 1110 2122 1107 2119 1112 2124 1111 2123 1107 2119 1113 2125 1112 2124 1113 2125 1065 2126 1112 2124 1113 2125 1114 2127 1065 2126 1114 2127 1063 2128 1065 2126 1114 2127 1115 2129 1063 2128 1115 2129 1061 2130 1063 2128 1115 2129 896 2131 1061 2130 896 2131 1059 2132 1061 2130 896 2131 1057 2133 1059 2132 896 2131 1116 2134 1057 2133 1116 2134 1055 2135 1057 2133 1116 2134 1117 2136 1055 2135 1117 2136 1053 2137 1055 2135 1117 2136 1118 2138 1053 2137 1118 2139 1119 2140 1053 2141 1118 2139 1120 2142 1119 2140 1120 2142 1121 2143 1119 2140 1120 2142 1122 2144 1121 2143 1122 2144 1120 2142 1123 2145 1120 2142 1124 2146 1123 2145 1120 2142 981 2147 1124 2146 982 2148 981 2147 1125 2149 981 2147 1126 2150 1125 2149 981 2147 1120 2142 1126 2150 983 2151 982 2148 1127 2152 982 2148 1128 466 1127 2152 982 2148 1129 466 1128 466 984 2106 983 2151 1099 2109 983 2151 1130 2153 1099 2109 983 2151 1127 2152 1130 2153 1129 466 982 2148 1125 2149 1064 2154 1131 2155 1066 2156 1066 2156 1131 2155 1132 2157 1066 2158 1132 2159 1133 2160 1133 2160 1132 2159 1134 2161 1133 2160 1134 2161 1135 2162 1135 2162 1134 2161 1136 2163 1136 2163 1134 2161 1137 516 1137 516 1134 2161 1138 516 1138 516 1134 2161 1139 2164 1139 2164 1134 2161 1140 2165 1139 2164 1140 2165 1141 2166 1131 2155 1064 2154 1142 2167 1142 2167 1064 2154 1062 2168 1142 2167 1062 2168 895 2169 895 2169 1062 2168 1060 2170 895 2169 1060 2170 1058 2171 895 2169 1058 2171 1143 2172 1143 2172 1058 2171 1056 2173 1143 2172 1056 2173 1144 2174 1144 2174 1056 2173 1054 2175 1144 2174 1054 2175 1145 2176 1145 2176 1054 2175 1146 2177 1145 2176 1146 2177 1147 2178 1147 2178 1146 2177 1148 2179 1147 2178 1148 2179 1149 2180 1149 2180 1150 2181 1147 2178 1147 2178 1150 2181 1151 2182 1147 2178 1151 2182 1152 2183 1153 2184 1154 2185 1152 2186 1152 2186 1154 2185 1155 2187 1152 2186 1155 2187 1147 2188 1156 2189 1157 2190 1153 2184 1153 2184 1157 2190 1158 2191 1153 2184 1158 2191 1159 2192 1160 2193 1161 2194 1156 2189 1156 2189 1161 2194 1162 2195 1156 2189 1162 2195 1157 2190 1163 2196 1164 2197 1160 2193 1160 2193 1164 2197 1165 2198 1160 2193 1165 2198 1161 2194 1164 2197 1163 2196 1166 2199 1166 2199 1163 2196 1167 2200 1166 2199 1167 2200 1168 2201 1168 2201 1167 2200 1169 2202 1169 2202 1167 2200 1170 2203 1169 2202 1170 2203 1171 516 1171 516 1170 2203 1172 516 1172 516 1170 2203 1141 2166 1141 2166 1170 2203 1139 2164 1159 2192 1154 2185 1153 2184 1160 2204 1173 2205 1163 2206 1163 2206 1173 2205 1174 2207 1174 2207 1173 2205 1175 2208 1174 2207 1175 2208 1176 2209 1176 2209 1175 2208 1177 2210 1176 2209 1177 2210 1178 2211 1178 2211 1177 2210 1179 2212 1178 2211 1179 2212 1180 2213 1180 2213 1179 2212 1181 2214 1180 2213 1181 2214 1182 2215 1183 2216 1007 2217 846 2218 846 2218 1007 2217 1009 2219 846 2218 1009 2219 1184 2220 1184 2220 1009 2219 1011 2221 1184 2220 1011 2221 1013 2222 1184 2220 1013 2222 1185 2223 1185 2223 1013 2222 1015 2224 1185 2223 1015 2224 1186 2225 1186 2225 1015 2224 1017 2226 1186 2225 1017 2226 1019 2227 1186 2225 1019 2227 1187 2228 1187 2228 1019 2227 1021 2229 1187 2228 1021 2229 1023 2230 1187 2228 1023 2230 1188 2231 1188 2231 1023 2230 1025 2232 1188 2231 1025 2232 1189 2233 1189 2233 1025 2232 1027 2234 1189 2233 1027 2234 1029 2235 1189 2233 1029 2235 1190 2236 1190 2236 1029 2235 1031 2237 1190 2236 1031 2237 1033 2238 1190 2236 1033 2238 1191 2239 1191 2239 1033 2238 1035 2240 1191 2239 1035 2240 1192 2241 1192 2241 1035 2240 1037 2242 1192 2241 1037 2242 1039 2243 1192 2241 1039 2243 1193 2244 1193 2244 1039 2243 1041 2245 1193 2244 1041 2245 1043 2246 1193 2244 1043 2246 1194 2247 1194 2247 1043 2246 1045 2248 1194 2247 1045 2248 1195 2249 1195 2249 1045 2248 1047 2250 1195 2249 1047 2250 1049 2251 1195 2249 1049 2251 1196 2252 1196 2252 1049 2251 1197 2253 1196 2252 1197 2253 1198 2254 1196 2252 1198 2254 1199 2255 1199 2255 1198 2254 1200 2256 1199 2255 1200 2256 1201 2257 1201 2257 1200 2256 1202 2258 1201 2257 1202 2258 1203 2259 1201 2257 1203 2259 1204 2260 1204 2260 1203 2259 1205 2261 1204 2260 1205 2261 1206 2262 1204 2260 1206 2262 1207 2263 1207 2263 1206 2262 1208 2264 1207 2263 1208 2264 1209 2265 1209 2265 1208 2264 1210 2266 1209 2265 1210 2266 1211 2267 1209 2265 1211 2267 1212 2268 1212 2268 1211 2267 1213 2269 1212 2268 1213 2269 1214 2270 1212 2268 1214 2270 1215 2271 1215 2271 1214 2270 1216 2272 1215 2271 1216 2272 1217 2273 1217 2273 1216 2272 1218 2274 1217 2273 1218 2274 1219 2275 1217 2273 1219 2275 1220 2276 1220 2276 1219 2275 1221 2277 1220 2276 1221 2277 1222 2278 1220 2276 1222 2278 1223 2279 1223 2279 1222 2278 1224 2280 1223 2279 1224 2280 1225 2281 1225 2281 1224 2280 1226 2282 1225 2281 1226 2282 1183 2216 1225 2281 1183 2216 846 2218 1049 2283 1050 2284 1197 2285 1197 2285 1050 2284 1227 2286 1197 2287 1227 2288 1198 2289 1198 2289 1227 2288 1228 2290 1198 2291 1228 2292 1200 2293 1200 2293 1228 2292 1229 2294 1200 2295 1229 2296 1202 2297 1202 2297 1229 2296 1230 2298 1202 2299 1230 2300 1203 2301 1203 2301 1230 2300 1231 2302 1203 2303 1231 2304 1205 2305 1205 2305 1231 2304 1232 2306 1205 2307 1232 2308 1206 2309 1206 2309 1232 2308 1233 2310 1206 2311 1233 2312 1208 2313 1208 2313 1233 2312 1234 2314 1208 2315 1234 2316 1210 2317 1210 2317 1234 2316 1235 2318 1210 2319 1235 2320 1211 2321 1211 2321 1235 2320 1236 2322 1211 2323 1236 2324 1213 2325 1213 2325 1236 2324 1237 2326 1213 2327 1237 2328 1214 2329 1214 2329 1237 2328 1238 2330 1214 2331 1238 2332 1216 2333 1216 2333 1238 2332 1239 2334 1216 2335 1239 2336 1218 2337 1218 2337 1239 2336 1240 2338 1218 2339 1240 2340 1219 2341 1219 2341 1240 2340 1241 2342 1219 2343 1241 2344 1221 2345 1221 2345 1241 2344 1242 2346 1221 2347 1242 2348 1222 2349 1222 2349 1242 2348 1243 2350 1222 2351 1243 2352 1224 2353 1224 2353 1243 2352 1244 2354 1224 2355 1244 2356 1226 2357 1226 2357 1244 2356 1245 2358 1226 2359 1245 2360 1183 2361 1183 2361 1245 2360 1246 2362 1183 2363 1246 2364 1007 2365 1007 2365 1246 2364 1008 2366 1247 2367 1050 2368 940 2369 940 2369 1050 2368 1248 2370 940 2369 1248 2370 942 2371 942 2371 1248 2370 1249 2372 942 2371 1249 2372 943 2373 943 2373 1249 2372 1250 2374 943 2373 1250 2374 932 2375 932 2375 1250 2374 1251 2376 932 2375 1251 2376 933 2377 933 2377 1251 2376 1252 2378 933 2377 1252 2378 946 2379 946 2379 1252 2378 1253 2380 946 2379 1253 2380 948 2381 948 2381 1253 2380 1254 2382 948 2381 1254 2382 950 2383 950 2383 1254 2382 1255 2384 950 2383 1255 2384 952 2385 952 2385 1255 2384 1256 2386 952 2385 1256 2386 954 2387 954 2387 1256 2386 1257 2388 954 2387 1257 2388 956 2389 956 2389 1257 2388 1258 2390 956 2389 1258 2390 958 2391 958 2391 1258 2390 1259 2392 958 2391 1259 2392 960 2393 960 2393 1259 2392 1260 2394 960 2393 1260 2394 962 2395 962 2395 1260 2394 1261 2396 962 2395 1261 2396 1262 2397 962 2395 1262 2397 964 2398 964 2398 1262 2397 1263 2399 964 2398 1263 2399 966 2400 966 2400 1263 2399 1264 2401 966 2400 1264 2401 968 2402 968 2402 1264 2401 1265 2403 968 2402 1265 2403 970 2404 970 2404 1265 2403 1266 2405 970 2404 1266 2405 972 2406 972 2406 1266 2405 1267 2407 972 2406 1267 2407 974 2408 974 2408 1267 2407 1268 2409 974 2408 1268 2409 1269 2410 1269 2410 1268 2409 1270 2411 1269 2410 1270 2411 1271 2412 1271 2412 1270 2411 1272 2413 1271 2412 1272 2413 1273 2414 1273 2414 1272 2413 1274 2415 1273 2414 1274 2415 1275 2416 1275 2416 1274 2415 1276 2417 1275 2416 1276 2417 1277 2418 1277 2418 1276 2417 1278 2419 1277 2418 1278 2419 1279 2420 1279 2420 1278 2419 1280 2421 1279 2420 1280 2421 1281 2422 1279 2420 1281 2422 1282 2423 1282 2423 1281 2422 1283 2424 1282 2423 1283 2424 1284 2425 1284 2425 1283 2424 1285 2426 1284 2425 1285 2426 1286 2427 1286 2427 1285 2426 1287 2428 1286 2427 1287 2428 1288 2429 1288 2429 1287 2428 1289 2430 1288 2429 1289 2430 1290 2431 1290 2431 1289 2430 1291 2432 1290 2431 1291 2432 1292 2433 1292 2433 1291 2432 1293 2434 1292 2433 1293 2434 1294 2435 1294 2435 1293 2434 1295 2436 1294 2435 1295 2436 1296 2437 1296 2437 1295 2436 1297 2438 1296 2437 1297 2438 1298 2439 1298 2439 1297 2438 1299 2440 1298 2439 1299 2440 1300 2441 1300 2441 1299 2440 1301 2442 1300 2441 1301 2442 1302 2443 1302 2443 1301 2442 1303 2444 1302 2443 1303 2444 1304 2445 1304 2445 1303 2444 1247 2367 1304 2445 1247 2367 940 2369 940 2446 939 2447 1304 2448 1304 2448 939 2447 1305 2449 1304 2450 1305 2451 1302 2452 1302 2452 1305 2451 1306 2453 1302 2454 1306 2455 1300 2456 1300 2456 1306 2455 1307 2457 1300 2458 1307 2459 1298 2460 1298 2460 1307 2459 1308 2461 1298 2462 1308 2463 1296 2464 1296 2464 1308 2463 1309 2465 1296 2466 1309 2467 1294 2468 1294 2468 1309 2467 1310 2469 1294 2470 1310 2471 1292 2472 1292 2472 1310 2471 1311 2473 1292 2474 1311 2475 1290 2476 1290 2476 1311 2475 1312 2477 1290 2478 1312 2479 1288 2480 1288 2480 1312 2479 1313 2481 1288 2482 1313 2483 1286 2484 1286 2484 1313 2483 1314 2485 1286 2486 1314 2487 1284 2488 1284 2488 1314 2487 1315 2489 1284 2490 1315 2491 1282 2492 1282 2492 1315 2491 1316 2493 1282 2494 1316 2495 1279 2496 1279 2496 1316 2495 1317 2497 1279 2498 1317 2499 1277 2500 1277 2500 1317 2499 1318 2501 1277 2502 1318 2503 1275 2504 1275 2504 1318 2503 1319 2505 1275 2506 1319 2507 1273 2508 1273 2508 1319 2507 1320 2509 1273 2510 1320 2511 1271 2512 1271 2512 1320 2511 1321 2513 1271 2514 1321 2515 1322 2516 1322 2516 1321 2515 1323 2517 1322 2518 1323 2519 974 2520 974 2521 1323 2521 1324 2521 974 2522 1324 2522 973 2522 1305 2449 939 2447 1325 2523 1325 2524 939 2524 1326 2524 1325 2525 1326 2525 1327 2525 1325 2526 1327 2527 1328 2528 1328 2528 1327 2527 1329 2529 1328 2530 1329 2530 1330 2530 1139 2531 1170 2532 1330 2533 1330 2533 1170 2532 1167 2534 1330 2533 1167 2534 1163 2535 1174 2536 1331 2536 1163 2536 1163 2537 1331 2538 1332 2539 1163 2540 1332 2540 1330 2540 1330 2541 1332 2542 1328 2543 1331 2544 1174 2545 1333 2546 1333 2547 1174 2547 1176 2547 1333 2548 1176 2549 1334 2550 1334 2551 1176 2551 1178 2551 1334 2552 1178 2553 1335 2554 1335 2555 1178 2555 1180 2555 1335 2556 1180 2557 1336 2558 1336 2559 1180 2560 1182 2561 1336 2559 1182 2561 1337 2562 1337 2563 1182 2564 1338 2565 1337 2563 1338 2565 1314 2485 1314 2487 1338 2566 1315 2489 1182 2564 1181 2567 1338 2565 1338 2566 1181 2568 1339 2569 1338 2566 1339 2569 1315 2489 1315 2491 1339 2570 1316 2493 1181 2568 1179 2571 1339 2569 1339 2570 1179 2572 1340 2573 1339 2570 1340 2573 1316 2493 1316 2495 1340 2574 1317 2497 1179 2575 1177 2575 1340 2575 1340 2574 1177 2576 1341 2577 1340 2574 1341 2577 1317 2497 1317 2499 1341 2578 1318 2501 1177 2579 1175 2579 1341 2579 1341 2578 1175 2580 1342 2581 1341 2578 1342 2581 1318 2501 1318 2503 1342 2582 1319 2505 1175 2583 1173 2583 1342 2583 1342 2582 1173 2584 1343 2585 1342 2582 1343 2585 1319 2505 1319 2507 1343 2586 1320 2509 1173 2587 1160 2587 1343 2587 1343 2586 1160 2588 1344 2589 1343 2586 1344 2589 1320 2509 1320 2511 1344 2590 1321 2513 1344 2591 1160 2591 1345 2591 1345 2592 1160 2593 1156 2594 1345 2592 1156 2594 1153 2595 1153 2596 1152 2596 1345 2596 1344 2590 1345 2597 1346 2598 1346 2598 1345 2597 1347 2599 1346 2600 1347 2601 1323 2517 1323 2517 1347 2601 1348 2602 1323 2603 1348 2603 1324 2603 974 2520 1269 2604 1322 2518 1322 2516 1269 2605 1271 2514 1306 2453 1305 2451 1325 2526 1306 2453 1325 2526 1328 2528 1307 2457 1306 2455 1328 2543 1308 2461 1307 2459 1332 2539 1332 2542 1307 2457 1328 2543 1309 2465 1308 2463 1331 2544 1331 2538 1308 2461 1332 2539 1310 2469 1309 2467 1333 2548 1333 2546 1309 2465 1331 2544 1311 2473 1310 2471 1334 2552 1334 2550 1310 2469 1333 2548 1312 2477 1311 2475 1335 2556 1335 2554 1311 2473 1334 2552 1313 2481 1312 2479 1336 2559 1336 2558 1312 2477 1335 2556 1314 2485 1313 2483 1337 2563 1337 2562 1313 2481 1336 2559 1323 2517 1321 2515 1346 2600 1346 2598 1321 2513 1344 2590 927 2606 1006 2607 984 2608 984 2608 1006 2607 985 2609 985 2609 1006 2607 989 2610 989 2610 1006 2607 1004 2611 989 2610 1004 2611 991 2612 991 2612 1004 2611 1002 2613 991 2612 1002 2613 1000 2614 997 2615 995 2616 1000 2614 1000 2614 995 2616 993 2617 1000 2614 993 2617 991 2612 921 2618 1349 2618 922 2618 1349 2619 1350 2619 922 2619 1349 2620 1351 2620 1350 2620 1351 968 1352 968 1350 968 1351 2621 1353 2621 1352 2621 1353 2622 1354 2622 1352 2622 1353 2623 1355 2623 1354 2623 1355 971 1356 971 1354 971 1355 2624 1357 2624 1356 2624 1357 2625 1358 2625 1356 2625 1357 2626 1359 2626 1358 2626 1359 2627 1360 2627 1358 2627 1359 2628 1361 2628 1360 2628 1361 2629 1362 2629 1360 2629 1361 2630 1363 2630 1362 2630 1363 2631 1364 2631 1362 2631 1363 2632 1365 2632 1364 2632 1365 2633 1366 2633 1364 2633 1365 2634 1367 2634 1366 2634 1367 2635 1368 2635 1366 2635 1367 2636 1369 2636 1368 2636 1369 2637 1370 2637 1368 2637 1369 2638 1371 2638 1370 2638 1371 2639 1372 2639 1370 2639 1371 2640 895 2640 1372 2640 895 2641 896 2641 1372 2641 1373 2642 1152 2642 1374 2642 1374 2643 1152 2643 1375 2643 1374 2644 1375 2644 1376 2644 1376 2645 1375 2645 1377 2645 1376 2646 1377 2646 1378 2646 1378 2647 1377 2647 1379 2647 1378 2648 1379 2649 1380 2650 1380 2650 1379 2649 1381 2651 1380 2652 1381 2653 1382 2654 1382 2654 1381 2653 1383 2655 1382 2656 1383 2656 1384 2656 1384 2657 1383 2657 1385 2657 1384 2658 1385 2658 1386 2658 1386 2659 1385 2659 1387 2659 1386 2660 1387 2660 1388 2660 1388 2661 1387 2661 1389 2661 1389 2662 1387 2662 1390 2662 1389 2663 1390 2663 1391 2663 1391 2664 1390 2664 1392 2664 1391 2665 1392 2665 1393 2665 1375 2666 1377 2667 1394 2668 1377 2669 1394 2669 1379 2669 1379 2670 1394 2670 1381 2670 1381 2671 1394 2671 1395 2671 1381 2672 1395 2673 1396 2674 1396 2675 1392 2675 1395 2675 1396 2676 1392 2676 1397 2676 1397 2677 1392 2677 1398 2677 1397 2678 1398 2678 1385 2678 1385 2679 1398 2679 1387 2679 1399 2680 1400 2680 1393 2680 1393 2681 1400 2681 1391 2681 1400 2682 1389 2682 1391 2682 1386 2683 1388 2683 1401 2683 1401 2684 1388 2684 1402 2684 1401 2685 1402 2685 1403 2685 1403 2686 1402 2686 1404 2686 1403 2687 1404 2687 1405 2687 1405 2688 1404 2688 1406 2688 1405 2689 1406 2689 1407 2689 1407 2690 1406 2690 1408 2690 1407 2691 1408 2691 973 2691 973 2692 1409 2693 1410 2694 1410 2695 1409 2695 1411 2695 1410 2696 1411 2696 1412 2696 1412 2697 1411 2697 1413 2697 1412 2698 1413 2699 1414 2700 1414 2701 1413 2701 1373 2701 1414 2702 1373 2702 1415 2702 1415 2703 1373 2703 1374 2703 1415 2704 1374 2704 1416 2704 1416 2705 1374 2705 1376 2705 1416 2706 1376 2706 1417 2706 1417 2707 1376 2707 1378 2707 1417 2708 1378 2709 1418 2710 1418 2710 1378 2709 1380 2711 1418 2712 1380 2713 1419 2714 1419 2714 1380 2713 1382 2715 1419 2716 1382 2716 1420 2716 1420 2717 1382 2717 1384 2717 1420 2718 1384 2718 1401 2718 1401 2719 1384 2719 1386 2719 1407 2720 973 2720 1421 2720 1421 2721 973 2721 1422 2721 1422 2722 973 2722 1423 2722 1423 2723 973 2723 1424 2723 1424 2724 973 2724 1425 2724 1425 2725 973 2692 1410 2694 1414 2726 1415 2726 1426 2726 1426 2727 1415 2727 1416 2727 1426 2728 1416 2728 1427 2728 1427 2729 1416 2729 1417 2729 1427 2730 1417 2731 1428 2732 1428 2732 1417 2731 1418 2733 1428 2734 1418 2735 1429 2736 1429 2736 1418 2735 1419 2737 1429 2738 1419 2738 1430 2738 1430 2739 1419 2739 1420 2739 1430 2740 1420 2740 1403 2740 1403 2741 1420 2741 1401 2741 1425 2742 1410 2742 1412 2742 1412 2698 1414 2700 1431 2743 1431 2744 1414 2744 1426 2744 1431 2745 1426 2745 1432 2745 1432 2746 1426 2746 1427 2746 1432 2747 1427 2748 1433 2749 1433 2749 1427 2748 1428 2750 1433 2751 1428 2752 1434 2753 1434 2753 1428 2752 1429 2754 1434 2755 1429 2755 1435 2755 1435 2756 1429 2757 1430 2758 1435 2756 1430 2758 1405 2759 1405 2760 1430 2760 1403 2760 1424 2761 1425 2761 1431 2761 1431 2762 1425 2762 1412 2762 1424 2763 1431 2763 1432 2763 1383 2764 1381 2765 1396 2766 1424 2767 1432 2768 1423 2769 1423 2769 1432 2768 1433 2770 1423 2771 1433 2771 1422 2771 1422 2772 1433 2773 1434 2774 1422 2772 1434 2774 1421 2775 1421 2776 1434 2777 1435 2778 1421 2776 1435 2778 1407 2779 1407 2780 1435 2780 1405 2780 1397 2781 1385 2781 1383 2781 1390 2782 1387 2782 1398 2782 1396 2766 1397 2783 1383 2764 1390 2784 1398 2784 1392 2784 1436 2785 1437 2785 1438 2785 1438 2786 1437 2786 1439 2786 1438 2787 1439 2787 1440 2787 1440 2788 1439 2788 1441 2788 1440 2789 1441 2790 1442 2791 1442 2792 1441 2792 1443 2792 1442 2793 1443 2793 1444 2793 1444 2794 1443 2795 1445 2796 1444 2794 1445 2796 1446 2797 1446 2798 1445 2798 1447 2798 1446 2799 1447 2800 1448 2801 1448 2801 1447 2800 1449 2802 1448 2803 1449 2804 1450 2805 1450 2805 1449 2804 1451 2806 1450 2807 1451 2807 1452 2807 1452 2808 1451 2808 1453 2808 1452 2809 1453 2809 1454 2809 1454 2810 1453 2810 1455 2810 1454 2811 1455 2811 1456 2811 1456 2812 1455 2812 1457 2812 1457 2813 1455 2813 1458 2813 1457 2814 1458 2814 1459 2814 1459 2815 1458 2815 973 2815 1441 2816 1460 2816 1443 2816 1443 2817 1460 2817 1461 2817 1443 2818 1461 2818 1462 2818 1462 2819 1461 2819 973 2819 1456 2820 1463 2820 1454 2820 1454 2821 1463 2821 1464 2821 1454 2822 1464 2822 1452 2822 1452 2823 1464 2823 1465 2823 1452 2824 1465 2824 1450 2824 1450 2825 1465 2825 1466 2825 1450 2826 1466 2827 1448 2828 1448 2828 1466 2827 1467 2829 1448 2830 1467 2831 1446 2832 1446 2832 1467 2831 1468 2833 1446 2834 1468 2834 1444 2834 1444 2835 1468 2835 1469 2835 1444 2836 1469 2836 1442 2836 1442 2791 1469 2837 1440 2789 1463 2838 1470 2838 1464 2838 1464 2839 1470 2839 1471 2839 1464 2840 1471 2840 1465 2840 1465 2841 1471 2841 1472 2841 1465 2842 1472 2842 1466 2842 1466 2843 1472 2843 1473 2843 1466 2844 1473 2845 1467 2846 1467 2846 1473 2845 1474 2847 1467 2848 1474 2849 1468 2850 1468 2850 1474 2849 1475 2851 1468 2852 1475 2852 1469 2852 1469 2853 1475 2853 1476 2853 1469 2854 1476 2854 1440 2854 1440 2855 1476 2855 1438 2855 1471 2856 1470 2856 1477 2856 1477 2857 1470 2857 1478 2857 1477 2858 1478 2858 1479 2858 1479 2859 1478 2859 1480 2859 1479 2860 1480 2860 1481 2860 1481 2861 1480 2861 1053 2861 1481 2862 1482 2862 1479 2862 1479 2863 1482 2864 1477 2865 1482 2864 1483 2866 1477 2865 1477 2867 1483 2867 1484 2867 1477 2868 1484 2868 1472 2868 1472 2869 1484 2869 1473 2869 1483 2870 1485 2870 1484 2870 1484 2871 1485 2871 1486 2871 1484 2872 1486 2872 1473 2872 1473 2873 1486 2874 1474 2875 1486 2876 1485 2876 1487 2876 1487 2877 1488 2877 1485 2877 1487 2878 1488 2878 1474 2878 1474 2879 1488 2879 1489 2879 1474 2880 1489 2880 1475 2880 1475 2881 1489 2881 1436 2881 1475 2882 1436 2882 1476 2882 1476 2883 1436 2883 1438 2883 1462 2884 973 2884 1490 2884 1490 2885 973 2885 1491 2885 1491 2886 973 2886 1492 2886 1492 2887 973 2887 1493 2887 1493 2888 973 2888 1494 2888 1494 2889 973 2889 1458 2889 1445 2890 1443 2890 1462 2890 1445 2891 1462 2892 1490 2893 1472 2894 1471 2894 1477 2894 1494 2895 1458 2895 1455 2895 1494 2896 1455 2896 1453 2896 1493 2897 1494 2897 1453 2897 1493 2898 1453 2898 1451 2898 1487 2899 1474 2875 1486 2874 1492 2900 1493 2901 1451 2902 1492 2900 1451 2902 1449 2903 1492 2904 1449 2904 1491 2904 1491 2905 1449 2906 1447 2907 1491 2905 1447 2907 1490 2908 1490 2893 1447 2909 1445 2891 1495 2910 923 2910 1496 2910 1496 2911 923 2911 1497 2911 1496 2912 1497 2912 1498 2912 1498 2913 1497 2913 1499 2913 1498 2914 1499 2914 1500 2914 1500 2915 1499 2915 1501 2915 1500 2916 1501 2917 1502 2918 1502 2918 1501 2917 1503 2919 1502 2920 1503 2921 1504 2922 1504 2922 1503 2921 1505 2923 1504 2924 1505 2924 1506 2924 1506 2925 1505 2925 1507 2925 1506 2926 1507 2926 1508 2926 1508 2927 1507 2927 1509 2927 1508 2928 1509 2928 1510 2928 1510 2929 1509 2929 1511 2929 1511 2930 1509 2930 1512 2930 1511 2931 1512 2931 1513 2931 1513 2932 1512 2932 1514 2932 1513 2933 1514 2933 1515 2933 1497 2934 1499 2935 1516 2936 1499 2937 1516 2937 1501 2937 1501 2938 1516 2938 1503 2938 1503 2939 1516 2939 1517 2939 1503 2940 1517 2940 1518 2940 1518 2941 1514 2941 1517 2941 1518 2942 1514 2942 1519 2942 1519 2943 1514 2943 1520 2943 1519 2944 1520 2944 1507 2944 1507 2945 1520 2945 1509 2945 1065 2946 1521 2946 1515 2946 1515 2947 1521 2947 1513 2947 1521 2948 1511 2948 1513 2948 1508 2949 1510 2949 1522 2949 1522 2950 1510 2950 1523 2950 1522 2951 1523 2951 1524 2951 1524 2952 1523 2952 1525 2952 1524 2953 1525 2953 1526 2953 1526 2954 1525 2954 1527 2954 1526 2955 1527 2955 1528 2955 1528 2956 1527 2956 1529 2956 1528 2957 1529 2957 939 2957 939 2958 1530 2959 1531 2960 1531 2961 1530 2961 1532 2961 1531 2962 1532 2962 1533 2962 1533 2963 1532 2963 1534 2963 1533 2964 1534 2965 1535 2966 1535 2967 1534 2967 1495 2967 1535 2968 1495 2968 1536 2968 1536 2969 1495 2969 1496 2969 1536 2970 1496 2970 1537 2970 1537 2971 1496 2971 1498 2971 1537 2972 1498 2972 1538 2972 1538 2973 1498 2973 1500 2973 1538 2974 1500 2975 1539 2976 1539 2976 1500 2975 1502 2977 1539 2978 1502 2979 1540 2980 1540 2980 1502 2979 1504 2981 1540 2982 1504 2982 1541 2982 1541 2983 1504 2983 1506 2983 1541 2984 1506 2984 1522 2984 1522 2985 1506 2985 1508 2985 1528 2986 939 2986 1542 2986 1542 2987 939 2987 1543 2987 1543 2988 939 2988 1544 2988 1544 2989 939 2989 1545 2989 1545 2990 939 2990 1546 2990 1546 2991 939 2958 1531 2960 1535 2992 1536 2992 1547 2992 1547 2993 1536 2993 1537 2993 1547 2994 1537 2994 1548 2994 1548 2995 1537 2995 1538 2995 1548 2996 1538 2997 1549 2998 1549 2998 1538 2997 1539 2999 1549 3000 1539 3001 1550 3002 1550 3002 1539 3001 1540 3003 1550 3004 1540 3004 1551 3004 1551 3005 1540 3005 1541 3005 1551 3006 1541 3006 1524 3006 1524 3007 1541 3007 1522 3007 1546 3008 1531 3008 1533 3008 1533 2964 1535 2966 1552 3009 1552 3010 1535 3010 1547 3010 1552 3011 1547 3011 1553 3011 1553 3012 1547 3012 1548 3012 1553 3013 1548 3014 1554 3015 1554 3015 1548 3014 1549 3016 1554 3017 1549 3018 1555 3019 1555 3019 1549 3018 1550 3020 1555 3021 1550 3021 1556 3021 1556 3022 1550 3023 1551 3024 1556 3022 1551 3024 1526 3025 1526 3026 1551 3026 1524 3026 1545 3027 1546 3027 1552 3027 1552 3028 1546 3028 1533 3028 1545 3029 1552 3029 1553 3029 1505 3030 1503 3031 1518 3032 1545 3033 1553 3034 1544 3035 1544 3035 1553 3034 1554 3036 1544 3037 1554 3037 1543 3037 1543 3038 1554 3039 1555 3040 1543 3038 1555 3040 1542 3041 1542 3042 1555 3043 1556 3044 1542 3042 1556 3044 1528 3045 1528 3046 1556 3046 1526 3046 1519 3047 1507 3047 1505 3047 1512 3048 1509 3048 1520 3048 1518 3032 1519 3049 1505 3030 1512 3050 1520 3050 1514 3050 1557 3051 1139 3051 1558 3051 1558 3052 1139 3052 1559 3052 1558 3053 1559 3053 1560 3053 1560 3054 1559 3054 1561 3054 1560 3055 1561 3056 1562 3057 1562 3058 1561 3058 1563 3058 1562 3059 1563 3059 1564 3059 1564 3060 1563 3061 1565 3062 1564 3060 1565 3062 1566 3063 1566 3064 1565 3064 1567 3064 1566 3065 1567 3066 1568 3067 1568 3067 1567 3066 1569 3068 1568 3069 1569 3070 1570 3071 1570 3071 1569 3070 1571 3072 1570 3073 1571 3073 1572 3073 1572 3074 1571 3074 1573 3074 1572 3075 1573 3075 1574 3075 1574 3076 1573 3076 1575 3076 1574 3077 1575 3077 1576 3077 1576 3078 1575 3078 1577 3078 1577 3079 1575 3079 1578 3079 1577 3080 1578 3080 1579 3080 1579 3081 1578 3081 939 3081 1561 3082 1580 3082 1563 3082 1563 3083 1580 3083 1581 3083 1563 3084 1581 3084 1582 3084 1582 3085 1581 3085 939 3085 1576 3086 1583 3086 1574 3086 1574 3087 1583 3087 1584 3087 1574 3088 1584 3088 1572 3088 1572 3089 1584 3089 1585 3089 1572 3090 1585 3090 1570 3090 1570 3091 1585 3091 1586 3091 1570 3092 1586 3093 1568 3094 1568 3094 1586 3093 1587 3095 1568 3096 1587 3097 1566 3098 1566 3098 1587 3097 1588 3099 1566 3100 1588 3100 1564 3100 1564 3101 1588 3101 1589 3101 1564 3102 1589 3102 1562 3102 1562 3057 1589 3103 1560 3055 1583 3104 1590 3104 1584 3104 1584 3105 1590 3105 1591 3105 1584 3106 1591 3106 1585 3106 1585 3107 1591 3107 1592 3107 1585 3108 1592 3108 1586 3108 1586 3109 1592 3109 1593 3109 1586 3110 1593 3111 1587 3112 1587 3112 1593 3111 1594 3113 1587 3114 1594 3115 1588 3116 1588 3116 1594 3115 1595 3117 1588 3118 1595 3118 1589 3118 1589 3119 1595 3119 1596 3119 1589 3120 1596 3120 1560 3120 1560 3121 1596 3121 1558 3121 1591 3122 1590 3122 1597 3122 1597 3123 1590 3123 1598 3123 1597 3124 1598 3124 1599 3124 1599 3125 1598 3125 1600 3125 1599 3126 1600 3126 1601 3126 1601 3127 1600 3127 1066 3127 1601 3128 1602 3128 1599 3128 1599 3129 1602 3129 1597 3129 1597 3130 1602 3130 1603 3130 1603 3131 1602 3131 1604 3131 1603 3132 1604 3132 1605 3132 1605 3133 1604 3133 1606 3133 1605 3134 1606 3135 1594 3136 1594 3137 1606 3138 1607 3139 1594 3137 1607 3139 1608 3140 1604 3141 1607 3141 1606 3141 1557 3142 1596 3142 1608 3142 1608 3143 1596 3143 1595 3143 1608 3144 1595 3144 1594 3144 1596 3145 1557 3145 1558 3145 1582 3146 939 3146 1609 3146 1609 3147 939 3147 1610 3147 1610 3148 939 3148 1611 3148 1611 3149 939 3149 1612 3149 1612 3150 939 3150 1613 3150 1613 3151 939 3151 1578 3151 1565 3152 1563 3152 1582 3152 1565 3153 1582 3154 1609 3155 1592 3156 1591 3156 1597 3156 1613 3157 1578 3157 1575 3157 1613 3158 1575 3158 1573 3158 1593 3159 1592 3159 1603 3159 1603 3160 1592 3160 1597 3160 1612 3161 1613 3161 1573 3161 1612 3162 1573 3162 1571 3162 1594 3136 1593 3163 1605 3134 1605 3164 1593 3164 1603 3164 1611 3165 1612 3166 1571 3167 1611 3165 1571 3167 1569 3168 1611 3169 1569 3169 1610 3169 1610 3170 1569 3171 1567 3172 1610 3170 1567 3172 1609 3173 1609 3155 1567 3174 1565 3153 1614 3175 871 3175 1615 3175 871 3176 1616 3177 1615 3178 871 3176 872 3179 1616 3177 872 3179 1617 3180 1616 3177 1617 3181 1618 3181 1616 3181 1618 3182 1619 3183 1616 3184 1618 3185 1620 3185 1619 3185 1620 3186 1621 3187 1619 3188 1620 3189 1622 3189 1621 3189 1622 3190 1623 3191 1621 3192 1622 3193 1624 3193 1623 3193 1624 3194 1625 3195 1623 3196 1624 3197 1626 3197 1625 3197 1626 3198 1627 3199 1625 3200 1626 1554 1628 1554 1627 1554 1628 3201 1629 3202 1627 3203 1628 3204 1630 3204 1629 3204 1630 3205 1631 3206 1629 3207 1630 3208 1632 3208 1631 3208 1632 3209 1633 3210 1631 3211 1632 3212 1634 3212 1633 3212 1634 3213 1635 3214 1633 3215 1634 3216 1636 3216 1635 3216 1636 3217 1637 3218 1635 3219 1636 3220 1638 3220 1637 3220 1638 3221 1639 3222 1637 3223 1638 3224 844 3224 1639 3224 844 3225 1640 3226 1639 3227 844 3225 846 3228 1640 3226 846 3228 1641 3229 1640 3226 1641 3230 1642 3230 1640 3230 1642 3231 1643 3232 1640 3233 1642 3234 1644 3234 1643 3234 1644 3235 1645 3236 1643 3237 1644 3238 1646 3238 1645 3238 1646 3239 1647 3240 1645 3241 1646 3242 1648 3242 1647 3242 1648 3243 1649 3244 1647 3245 1648 3246 1650 3246 1649 3246 1650 3247 1651 3248 1649 3249 1650 3250 1652 3250 1651 3250 1652 3251 1653 3252 1651 3253 1652 3254 1654 3254 1653 3254 1654 3255 1655 3256 1653 3257 1654 3258 1656 3258 1655 3258 1656 3259 1657 3260 1655 3261 1656 3262 1658 3262 1657 3262 1658 3263 1659 3264 1657 3265 1658 3266 1660 3266 1659 3266 1660 3267 1661 3268 1659 3269 1660 3270 1614 3270 1661 3270 1614 3271 1615 3272 1661 3273 1619 3183 1615 3272 1616 3184 1619 3183 1661 3273 1615 3272 1621 3187 1661 3268 1619 3188 1621 3187 1659 3269 1661 3268 1623 3191 1659 3264 1621 3192 1623 3191 1657 3265 1659 3264 1625 3195 1657 3260 1623 3196 1625 3195 1655 3261 1657 3260 1627 3199 1655 3256 1625 3200 1627 3199 1653 3257 1655 3256 1629 3202 1653 3252 1627 3203 1629 3202 1651 3253 1653 3252 1631 3206 1651 3248 1629 3207 1631 3206 1649 3249 1651 3248 1633 3210 1649 3244 1631 3211 1633 3210 1647 3245 1649 3244 1635 3214 1647 3240 1633 3215 1635 3214 1645 3241 1647 3240 1637 3218 1645 3236 1635 3219 1637 3218 1643 3237 1645 3236 1639 3222 1643 3232 1637 3223 1639 3222 1640 3233 1643 3232 872 3274 1663 3275 1662 3276 1663 3275 1664 3277 1662 3276 1664 3277 1665 3278 1662 3276 1664 3277 1666 3279 1665 3278 1666 3279 1667 3280 1665 3278 1666 3279 1668 3281 1667 3280 1668 3281 1669 3282 1667 3280 1668 3281 1670 3283 1669 3282 1670 3283 1671 3284 1669 3282 1670 3283 1672 3285 1671 3284 1672 3285 1673 3286 1671 3284 1672 3285 1674 3287 1673 3286 1674 3287 1675 3288 1673 3286 1674 3287 1676 3289 1675 3288 1676 3289 1677 3290 1675 3288 1676 3289 1678 3291 1677 3290 1678 3291 1679 3292 1677 3290 1678 3291 1680 3293 1679 3292 1680 3293 1681 3294 1679 3292 1680 3293 1682 3295 1681 3294 1682 3295 1683 3296 1681 3294 1682 3295 1684 3297 1683 3296 1684 3297 1685 3298 1683 3296</p>
        </triangles>
      </mesh>
    </geometry>
  </library_geometries>
  <library_visual_scenes>
    <visual_scene id="Scene" name="Scene">
      <node id="BoomCylinder_001" name="BoomCylinder.001" type="NODE">
        <matrix sid="transform">1 0 0 0 0 1 0 0 0 0 1 0 0 0 0 1</matrix>
        <instance_geometry url="#wheel_loader_v1_068-mesh" name="BoomCylinder.001">
          <bind_material>
            <technique_common>
              <instance_material symbol="silver-material" target="#silver-material"/>
              <instance_material symbol="black-material" target="#black-material"/>
            </technique_common>
          </bind_material>
        </instance_geometry>
      </node>
    </visual_scene>
  </library_visual_scenes>
  <scene>
    <instance_visual_scene url="#Scene"/>
  </scene>
</COLLADA>