<?xml version="1.0" encoding="utf-8"?>
<COLLADA xmlns="http://www.collada.org/2005/11/COLLADASchema" version="1.4.1" xmlns:xsi="http://www.w3.org/2001/XMLSchema-instance">
  <asset>
    <contributor>
      <author>Blender User</author>
      <authoring_tool>Blender 4.5.1 LTS commit date:2025-07-29, commit time:05:31, hash:b0a72b245dcf</authoring_tool>
    </contributor>
    <created>2026-07-26T22:54:29</created>
    <modified>2026-07-26T22:54:29</modified>
    <unit name="meter" meter="1"/>
    <up_axis>Z_UP</up_axis>
  </asset>
  <library_effects>
    <effect id="black-effect">
      <profile_COMMON>
        <technique sid="common">
          <lambert>
            <emission>
              <color sid="emission">0 0 0 1</color>
            </emission>
            <diffuse>
              <color sid="diffuse">0.008075851 0.008075851 0.008075851 1</color>
            </diffuse>
            <index_of_refraction>
              <float sid="ior">1.5</float>
            </index_of_refraction>
          </lambert>
        </technique>
      </profile_COMMON>
    </effect>
  </library_effects>
  <library_images/>
  <library_materials>
    <material id="black-material" name="black">
      <instance_effect url="#black-effect"/>
    </material>
  </library_materials>
  <library_geometries>
    <geometry id="wheel_loader_v1_048-mesh" name="wheel loader v1.048">
      <mesh>
        <source id="wheel_loader_v1_048-mesh-positions">
          <float_array id="wheel_loader_v1_048-mesh-positions-array" count="4860">-0.1324265 -1.600001 -0.2835169 -0.1324262 -1.8 -0.2835169 -0.169218 -1.600001 -0.2631917 -0.169218 -1.8 -0.2631917 -0.2029547 -1.600001 -0.2381205 -0.2029547 -1.8 -0.2381205 -0.2330281 -1.600001 -0.208755 -0.2330281 -1.8 -0.208755 -0.2588959 -1.600001 -0.1756248 -0.2588959 -1.8 -0.1756248 -0.2800913 -1.600001 -0.1393275 -0.2800911 -1.8 -0.1393275 -0.296232 -1.600001 -0.1005177 -0.296232 -1.8 -0.1005177 -0.3070276 -1.600001 -0.05989551 -0.3070273 -1.8 -0.05989551 -0.3122826 -1.600001 -0.01819276 -0.3122826 -1.8 -0.01819276 -0.3119032 -1.600001 0.02383852 -0.3119032 -1.8 0.02383852 -0.3058951 -1.600001 0.06543922 -0.3058951 -1.8 0.06543922 3.420804 -1.8 -2.194451 3.392498 -1.8 -2.191344 3.420804 -1.600001 -2.194451 3.392498 -1.600001 -2.191344 3.365341 -1.8 -2.182764 3.36534 -1.600001 -2.182764 3.340387 -1.8 -2.169042 3.340387 -1.600001 -2.169042 3.318595 -1.8 -2.150707 3.318595 -1.600001 -2.150707 3.300808 -1.8 -2.128468 3.300808 -1.600001 -2.128468 3.287712 -1.8 -2.10318 3.287711 -1.600001 -2.10318 3.279809 -1.8 -2.075819 3.279809 -1.600001 -2.075819 3.277405 -1.8 -2.047443 3.277405 -1.600001 -2.047443 3.280596 -1.8 -2.019144 3.280596 -1.600001 -2.019144 3.611514 -1.8 -1.666842 3.611514 -1.600001 -1.666842 3.609462 -1.8 -1.689652 3.609462 -1.600001 -1.689652 3.612925 -1.600001 -1.712291 3.612925 -1.8 -1.712291 3.621706 -1.600001 -1.733442 3.621706 -1.8 -1.733442 3.635295 -1.600001 -1.751877 3.635295 -1.8 -1.751877 3.6529 -1.600001 -1.766525 3.6529 -1.8 -1.766525 3.6735 -1.600001 -1.776534 3.6735 -1.8 -1.776534 3.695896 -1.600001 -1.781321 3.695896 -1.8 -1.781321 3.718789 -1.600001 -1.780611 3.718789 -1.8 -1.780611 3.740844 -1.600001 -1.774443 3.740844 -1.8 -1.774443 3.760781 -1.600001 -1.763175 3.760781 -1.8 -1.763175 3.777444 -1.600001 -1.747463 3.777444 -1.8 -1.747463 3.789862 -1.600001 -1.72822 3.789862 -1.8 -1.72822 3.797315 -1.8 -1.706566 3.797315 -1.600001 -1.706566 -0.0927124 -1.8 0.01986265 -0.0927124 -1.600001 0.01986265 -0.09476613 -1.8 -0.002946853 -0.09476613 -1.600001 -0.002946853 -0.0913012 -1.600001 -0.02558565 -0.0913012 -1.8 -0.02558565 -0.08251953 -1.600001 -0.04673671 -0.08251953 -1.8 -0.04673671 -0.0689311 -1.600001 -0.06517171 -0.0689311 -1.8 -0.06517171 -0.05132555 -1.600001 -0.0798192 -0.05132555 -1.8 -0.0798192 -0.03072619 -1.600001 -0.08982801 -0.03072619 -1.8 -0.08982801 -0.008330345 -1.600001 -0.09461593 -0.008330345 -1.8 -0.09461593 0.01456069 -1.600001 -0.09390544 0.01456069 -1.8 -0.09390544 0.03661608 -1.600001 -0.08773708 0.03661608 -1.8 -0.08773708 0.05655479 -1.600001 -0.07646989 0.05655479 -1.8 -0.07646989 0.07321763 -1.600001 -0.06075811 0.07321763 -1.8 -0.06075811 0.08563613 -1.600001 -0.04151582 0.08563613 -1.8 -0.04151582 0.09308886 -1.8 -0.01985979 0.09308886 -1.600001 -0.01985979 7.254202 -1.8 -2.445618 7.254202 -1.600001 -2.445618 7.252142 -1.8 -2.468426 7.252142 -1.600001 -2.468426 7.255609 -1.600001 -2.491065 7.255609 -1.8 -2.491065 7.26439 -1.600001 -2.512216 7.26439 -1.8 -2.512216 7.277983 -1.600001 -2.530652 7.277983 -1.8 -2.530652 7.295585 -1.600001 -2.545299 7.295585 -1.8 -2.545299 7.316184 -1.600001 -2.555308 7.316184 -1.8 -2.555308 7.33858 -1.600001 -2.560096 7.33858 -1.8 -2.560096 7.361477 -1.600001 -2.559386 7.361477 -1.8 -2.559386 7.383525 -1.600001 -2.553215 7.383525 -1.8 -2.553215 7.403465 -1.600001 -2.541949 7.403465 -1.8 -2.541949 7.420132 -1.600001 -2.526239 7.420132 -1.8 -2.526239 7.432547 -1.600001 -2.506995 7.432547 -1.8 -2.506995 7.440003 -1.8 -2.485341 7.440003 -1.600001 -2.485341 4.102759 -1.8 -1.449748 4.102759 -1.600001 -1.449748 4.100707 -1.8 -1.472558 4.100707 -1.600001 -1.472558 4.104171 -1.600001 -1.495196 4.104171 -1.8 -1.495196 4.112951 -1.600001 -1.516347 4.112951 -1.8 -1.516347 4.12654 -1.600001 -1.534783 4.12654 -1.8 -1.534783 4.144146 -1.600001 -1.54943 4.144146 -1.8 -1.54943 4.164745 -1.600001 -1.559439 4.164745 -1.8 -1.559439 4.187141 -1.600001 -1.564226 4.187141 -1.8 -1.564226 4.210031 -1.600001 -1.563515 4.210031 -1.8 -1.563515 4.232086 -1.600001 -1.557347 4.232086 -1.8 -1.557347 4.252024 -1.600001 -1.546079 4.252024 -1.8 -1.546079 4.268689 -1.600001 -1.530369 4.268689 -1.8 -1.530369 4.281108 -1.600001 -1.511126 4.281108 -1.8 -1.511126 4.288561 -1.8 -1.489471 4.288561 -1.600001 -1.489471 4.102759 1.600001 -1.449748 4.102759 1.8 -1.449748 4.100707 1.600001 -1.472558 4.100707 1.8 -1.472558 4.104171 1.8 -1.495196 4.104171 1.600001 -1.495196 4.112951 1.8 -1.516347 4.112951 1.600001 -1.516347 4.12654 1.8 -1.534783 4.12654 1.600001 -1.534783 4.144146 1.8 -1.54943 4.144146 1.600001 -1.54943 4.164745 1.8 -1.559439 4.164745 1.600001 -1.559439 4.187141 1.8 -1.564226 4.187141 1.600001 -1.564226 4.210031 1.8 -1.563515 4.210031 1.600001 -1.563515 4.232085 1.8 -1.557347 4.232085 1.600001 -1.557347 4.252023 1.8 -1.546079 4.252023 1.600001 -1.546079 4.268689 1.8 -1.530369 4.268689 1.600001 -1.530369 4.281108 1.8 -1.511126 4.281108 1.600001 -1.511126 4.288561 1.600001 -1.489471 4.288561 1.8 -1.489471 3.611514 1.600001 -1.666842 3.611514 1.8 -1.666842 3.609462 1.600001 -1.689652 3.609462 1.8 -1.689652 3.612925 1.8 -1.712291 3.612925 1.600001 -1.712291 3.621706 1.8 -1.733442 3.621706 1.600001 -1.733442 3.635295 1.8 -1.751877 3.635295 1.600001 -1.751877 3.6529 1.8 -1.766525 3.6529 1.600001 -1.766525 3.6735 1.8 -1.776534 3.6735 1.600001 -1.776534 3.695896 1.8 -1.781321 3.695896 1.600001 -1.781321 3.718789 1.8 -1.780611 3.718789 1.600001 -1.780611 3.740844 1.8 -1.774443 3.740844 1.600001 -1.774443 3.760781 1.8 -1.763175 3.760781 1.600001 -1.763175 3.777444 1.8 -1.747463 3.777444 1.600001 -1.747463 3.789862 1.8 -1.72822 3.789862 1.600001 -1.72822 3.797315 1.600001 -1.706566 3.797315 1.8 -1.706566 7.254202 1.600001 -2.445618 7.254202 1.8 -2.445618 7.252142 1.600001 -2.468426 7.252142 1.8 -2.468426 7.255609 1.8 -2.491065 7.255609 1.600001 -2.491065 7.26439 1.8 -2.512216 7.26439 1.600001 -2.512216 7.277983 1.8 -2.530652 7.277983 1.600001 -2.530652 7.295585 1.8 -2.545299 7.295585 1.600001 -2.545299 7.316184 1.8 -2.555308 7.316184 1.600001 -2.555308 7.33858 1.8 -2.560096 7.33858 1.600001 -2.560096 7.361476 1.8 -2.559386 7.361476 1.600001 -2.559386 7.383525 1.8 -2.553215 7.383525 1.600001 -2.553215 7.403465 1.8 -2.541949 7.403465 1.600001 -2.541949 7.420132 1.8 -2.526239 7.420132 1.600001 -2.526239 7.432547 1.8 -2.506995 7.432547 1.600001 -2.506995 7.440002 1.600001 -2.485341 7.440002 1.8 -2.485341 -0.09271264 1.600001 0.01986265 -0.09271264 1.8 0.01986265 -0.09476637 1.600001 -0.002946853 -0.09476637 1.8 -0.002946853 -0.09130144 1.8 -0.02558565 -0.09130144 1.600001 -0.02558565 -0.08251953 1.8 -0.04673671 -0.08251953 1.600001 -0.04673671 -0.0689311 1.8 -0.06517171 -0.0689311 1.600001 -0.06517171 -0.05132579 1.8 -0.0798192 -0.05132579 1.600001 -0.0798192 -0.03072643 1.8 -0.08982801 -0.03072643 1.600001 -0.08982801 -0.008330583 1.8 -0.09461593 -0.008330583 1.600001 -0.09461593 0.01456046 1.8 -0.09390544 0.01456046 1.600001 -0.09390544 0.03661608 1.8 -0.08773708 0.03661608 1.600001 -0.08773708 0.05655455 1.8 -0.07646989 0.05655455 1.600001 -0.07646989 0.07321739 1.8 -0.06075811 0.07321739 1.600001 -0.06075811 0.08563613 1.8 -0.04151582 0.08563613 1.600001 -0.04151582 0.09308862 1.600001 -0.01985979 0.09308862 1.8 -0.01985979 3.420804 1.600001 -2.194451 3.392498 1.600001 -2.191344 3.420804 1.8 -2.194451 3.392497 1.8 -2.191344 3.36534 1.600001 -2.182764 3.36534 1.8 -2.182764 3.340387 1.600001 -2.169042 3.340387 1.8 -2.169042 3.318595 1.600001 -2.150707 3.318595 1.8 -2.150707 3.300808 1.600001 -2.128468 3.300808 1.8 -2.128468 3.287711 1.600001 -2.10318 3.287711 1.8 -2.10318 3.279809 1.600001 -2.075819 3.279809 1.8 -2.075819 3.277405 1.600001 -2.047443 3.277405 1.8 -2.047443 3.280596 1.600001 -2.019144 3.280596 1.8 -2.019144 -0.1324265 1.8 -0.2835169 -0.1324265 1.600001 -0.2835169 -0.1692183 1.8 -0.2631917 -0.1692183 1.600001 -0.2631917 -0.202955 1.8 -0.2381205 -0.202955 1.600001 -0.2381205 -0.2330284 1.8 -0.208755 -0.2330284 1.600001 -0.208755 -0.2588961 1.8 -0.1756248 -0.2588961 1.600001 -0.1756248 -0.2800913 1.8 -0.1393275 -0.2800913 1.600001 -0.1393275 -0.2962322 1.8 -0.1005177 -0.2962322 1.600001 -0.1005177 -0.3070276 1.8 -0.05989551 -0.3070276 1.600001 -0.05989551 -0.3122828 1.8 -0.01819276 -0.3122828 1.600001 -0.01819276 -0.3119032 1.8 0.02383852 -0.3119032 1.600001 0.02383852 -0.3058953 1.8 0.06543922 -0.3058953 1.600001 0.06543922 5.261375 -1.600001 -1.664727 5.262027 -0.5333333 -1.662874 5.248656 -1.600001 -1.71007 5.262027 0.5333338 -1.662874 5.261375 1.600001 -1.664727 5.279675 1.600001 -1.621335 5.281443 0.5333338 -1.617828 5.30327 1.600001 -1.58058 5.306572 0.5333338 -1.575702 5.331786 1.600001 -1.543102 5.336987 0.5333338 -1.537217 5.364775 1.600001 -1.509494 5.372164 0.5333338 -1.50303 5.401716 1.600001 -1.480286 5.411503 0.5333338 -1.473728 5.442028 1.600001 -1.455939 5.454329 0.5333338 -1.44981 5.485069 1.600001 -1.436835 5.499911 0.5333338 -1.431687 5.53017 1.600001 -1.423277 5.547467 0.5333338 -1.419668 5.576611 1.600001 -1.415478 5.596186 0.5333338 -1.413961 5.623665 1.600001 -1.413561 5.645233 0.5333338 -1.414661 5.670588 1.600001 -1.417557 5.693771 0.5333338 -1.421757 5.716643 1.600001 -1.427403 5.740967 0.5333338 -1.435127 5.761096 1.600001 -1.442942 5.786012 0.5333338 -1.454544 5.803255 1.600001 -1.463932 5.828137 0.5333338 -1.479674 5.842449 1.600001 -1.490039 5.866623 0.5333338 -1.510087 5.878059 1.600001 -1.520853 5.900809 0.5333338 -1.545264 5.90953 1.600001 -1.555886 5.930112 0.5333338 -1.584601 5.93636 1.600001 -1.594588 5.954029 0.5333338 -1.627428 5.958131 1.600001 -1.636349 5.972152 0.5333338 -1.67301 5.974491 1.600001 -1.680506 5.984172 0.5333338 -1.720567 5.985191 1.600001 -1.726368 5.989878 0.5333338 -1.769286 5.99006 1.600001 -1.773209 5.989181 0.5333338 -1.818334 5.989017 1.600001 -1.820291 5.982084 1.600001 -1.86687 5.989181 -0.5333333 -1.818334 5.989017 -1.600001 -1.820291 5.99006 -1.600001 -1.773209 5.989878 -0.5333333 -1.769286 5.985191 -1.600001 -1.726368 5.984172 -0.5333333 -1.720567 5.974491 -1.600001 -1.680506 5.972152 -0.5333333 -1.67301 5.958131 -1.600001 -1.636349 5.954029 -0.5333333 -1.627428 5.93636 -1.600001 -1.594588 5.930112 -0.5333333 -1.584601 5.90953 -1.600001 -1.555886 5.900809 -0.5333333 -1.545264 5.878059 -1.600001 -1.520853 5.866623 -0.5333333 -1.510087 5.842449 -1.600001 -1.490039 5.828137 -0.5333333 -1.479674 5.803255 -1.600001 -1.463932 5.786012 -0.5333333 -1.454544 5.761096 -1.600001 -1.442942 5.740967 -0.5333333 -1.435127 5.716644 -1.600001 -1.427403 5.693771 -0.5333333 -1.421757 5.670588 -1.600001 -1.417557 5.645233 -0.5333333 -1.414661 5.623665 -1.600001 -1.413561 5.596187 -0.5333333 -1.413961 5.576611 -1.600001 -1.415478 5.547467 -0.5333333 -1.419668 5.53017 -1.600001 -1.423277 5.499911 -0.5333333 -1.431687 5.485069 -1.600001 -1.436835 5.454329 -0.5333333 -1.44981 5.442028 -1.600001 -1.455939 5.411503 -0.5333333 -1.473728 5.401716 -1.600001 -1.480286 5.372164 -0.5333333 -1.50303 5.364775 -1.600001 -1.509494 5.336987 -0.5333333 -1.537217 5.331787 -1.600001 -1.543102 5.306572 -0.5333333 -1.575702 5.30327 -1.600001 -1.58058 5.281443 -0.5333333 -1.617828 5.279675 -1.600001 -1.621335 5.982084 -1.600001 -1.86687 5.248655 1.600001 -1.71007 5.969368 1.600001 -1.912214 5.968714 0.5333338 -1.914065 5.951064 1.600001 -1.955605 5.949298 0.5333338 -1.959111 5.927472 1.600001 -1.996361 5.924168 0.5333338 -2.001238 5.898952 1.600001 -2.033838 5.893752 0.5333338 -2.039723 5.865964 1.600001 -2.067446 5.858576 0.5333338 -2.07391 5.829023 1.600001 -2.096654 5.81924 0.5333338 -2.103213 5.788712 1.600001 -2.121001 5.776412 0.5333338 -2.12713 5.745667 1.600001 -2.140104 5.730832 0.5333338 -2.145254 5.700568 1.600001 -2.153663 5.683273 0.5333338 -2.157271 5.654128 1.600001 -2.161462 5.634554 0.5333338 -2.162979 5.607075 1.600001 -2.163379 5.585507 0.5333338 -2.162279 5.560151 1.600001 -2.159383 5.536968 0.5333338 -2.155183 5.5141 1.600001 -2.149537 5.489777 0.5333338 -2.141813 5.469644 1.600001 -2.133997 5.444731 0.5333338 -2.122397 5.427485 1.600001 -2.113008 5.402603 0.5333338 -2.097266 5.388291 1.600001 -2.0869 5.364117 0.5333338 -2.066853 5.35268 1.600001 -2.056087 5.329931 0.5333338 -2.031677 5.321211 1.600001 -2.021054 5.300628 0.5333338 -1.992338 5.294378 1.600001 -1.982351 5.27671 0.5333338 -1.949512 5.272609 1.600001 -1.940591 5.258588 0.5333338 -1.90393 5.256248 1.600001 -1.896433 5.246569 0.5333338 -1.856373 5.245548 1.600001 -1.850572 5.240859 0.5333338 -1.807653 5.24068 1.600001 -1.803731 5.241559 0.5333338 -1.758605 5.241722 1.600001 -1.756649 5.241559 -0.5333333 -1.758605 5.241722 -1.600001 -1.756649 5.240681 -1.600001 -1.803731 5.240859 -0.5333333 -1.807653 5.245548 -1.600001 -1.850572 5.246569 -0.5333333 -1.856373 5.256248 -1.600001 -1.896433 5.258588 -0.5333333 -1.90393 5.272609 -1.600001 -1.940591 5.27671 -0.5333333 -1.949512 5.294379 -1.600001 -1.982351 5.300629 -0.5333333 -1.992338 5.321211 -1.600001 -2.021054 5.329931 -0.5333333 -2.031677 5.35268 -1.600001 -2.056087 5.364117 -0.5333333 -2.066853 5.388291 -1.600001 -2.0869 5.402603 -0.5333333 -2.097266 5.427485 -1.600001 -2.113008 5.444732 -0.5333333 -2.122397 5.469644 -1.600001 -2.133997 5.489777 -0.5333333 -2.141813 5.5141 -1.600001 -2.149537 5.536968 -0.5333333 -2.155183 5.560151 -1.600001 -2.159383 5.585507 -0.5333333 -2.162279 5.607075 -1.600001 -2.163379 5.634554 -0.5333333 -2.162979 5.654129 -1.600001 -2.161462 5.683273 -0.5333333 -2.157271 5.700569 -1.600001 -2.153663 5.730832 -0.5333333 -2.145254 5.745667 -1.600001 -2.140104 5.776412 -0.5333333 -2.12713 5.788712 -1.600001 -2.121001 5.81924 -0.5333333 -2.103213 5.829023 -1.600001 -2.096654 5.858576 -0.5333333 -2.07391 5.865964 -1.600001 -2.067446 5.893753 -0.5333333 -2.039723 5.898952 -1.600001 -2.033838 5.924168 -0.5333333 -2.001238 5.927472 -1.600001 -1.996361 5.949298 -0.5333333 -1.959111 5.951064 -1.600001 -1.955605 5.968714 -0.5333333 -1.914065 5.969368 -1.600001 -1.912214 6.941497 1.600001 -2.828315 6.495124 1.600001 -2.746347 6.997777 1.600001 -2.813662 5.816476 1.600001 -2.311873 7.415176 1.600001 -2.683078 7.310181 1.600001 -2.553011 7.448725 1.600001 -2.669577 7.479721 1.600001 -2.650941 7.333113 1.600001 -2.559443 7.507379 1.600001 -2.627639 7.356914 1.600001 -2.559969 7.530997 1.600001 -2.600255 7.380106 1.600001 -2.554559 7.401222 1.600001 -2.54355 6.884066 1.600001 -2.837451 6.545563 1.600001 -2.775293 6.826016 1.600001 -2.840986 6.598567 1.600001 -2.799219 6.767901 1.600001 -2.838883 6.653641 1.600001 -2.817901 6.710261 1.600001 -2.831165 5.768108 1.600001 -2.283991 5.760871 1.600001 -2.134092 7.260272 1.600001 -2.504017 7.272576 1.600001 -2.524399 5.715481 1.600001 -2.149861 5.717356 1.600001 -2.260725 5.668444 1.600001 -2.159695 5.620537 1.600001 -2.163435 5.664661 1.600001 -2.242277 5.572546 1.600001 -2.161017 5.610478 1.600001 -2.228807 5.525256 1.600001 -2.152482 5.555283 1.600001 -2.220433 5.499544 1.600001 -2.217224 3.283779 1.600001 -2.006901 3.690425 1.600001 -1.780668 3.714234 1.600001 -1.781195 3.391123 1.600001 -2.191047 3.362765 1.600001 -2.181632 3.336944 1.600001 -2.166607 3.314748 1.600001 -2.146607 3.297121 1.600001 -2.122483 3.284814 1.600001 -2.095257 3.278348 1.600001 -2.066089 3.278 1.600001 -2.036215 3.471035 1.600001 -1.396988 3.609758 1.600001 -1.678643 3.610727 1.600001 -1.702436 3.617583 1.600001 -1.725242 3.476829 1.600001 -1.367554 4.108826 1.600001 -1.508146 4.121138 1.600001 -1.52853 4.138132 1.600001 -1.545211 4.101973 1.600001 -1.485342 3.476435 1.600001 -1.337557 4.101 1.600001 -1.461547 3.469882 1.600001 -1.308284 4.10598 1.600001 -1.438261 4.116594 1.600001 -1.416944 3.457446 1.600001 -1.280985 4.132175 1.600001 -1.398935 3.439654 1.600001 -1.256829 4.151745 1.600001 -1.385367 3.417278 1.600001 -1.236853 4.174075 1.600001 -1.377093 3.391267 1.600001 -1.221908 4.197762 1.600001 -1.374632 3.362736 1.600001 -1.212635 4.579113 1.600001 -0.7961156 3.115249 1.600001 -0.3466768 3.098363 1.600001 -0.342288 3.109662 1.600001 -0.3450499 3.104033 1.600001 -0.3435869 0.6060569 1.600001 -0.6232805 0.05431389 1.600001 -0.07807207 0.07202935 1.600001 -0.06215858 0.08523082 1.600001 -0.0423398 0.5913985 1.600001 -0.6195622 0.5770631 1.600001 -0.6147468 0.5631321 1.600001 -0.6088619 0.0331974 1.600001 -0.08907985 0.01000666 1.600001 -0.09449005 -0.2050447 1.600001 -0.2363214 -0.1703758 1.600001 -0.2624431 -0.2357666 1.600001 -0.205655 -0.01380085 1.600001 -0.09396314 -0.26195 1.600001 -0.1710333 -0.2830918 1.600001 -0.1331214 -0.2987852 1.600001 -0.09264945 -0.03672933 1.600001 -0.08753204 -0.3087282 1.600001 -0.05039548 -0.05733823 1.600001 -0.0756011 -0.3127298 1.600001 -0.007172584 -0.07433247 1.600001 -0.0589199 -0.08664441 1.600001 -0.03853607 -0.3107131 1.600001 0.0361886 -0.09350037 1.600001 -0.01573133 -0.09446954 1.600001 0.008062839 -0.302717 1.600001 0.07885408 -0.08949089 1.600001 0.03134965 -0.07887744 1.600001 0.05266714 -0.2888944 1.600001 0.1200027 -0.06329584 1.600001 0.07067489 -0.04372549 1.600001 0.08424282 -0.2695127 1.600001 0.158843 -0.02139592 1.600001 0.09251689 0.002289772 1.600001 0.09497833 -0.2449429 1.600001 0.1946287 0.02584362 1.600001 0.09147167 -0.2156591 1.600001 0.2266707 -0.1822237 1.600001 0.2543535 -0.1452796 1.600001 0.2771444 0.0656259 1.600001 0.3060846 0.04778528 1.600001 0.08221769 0.06673622 1.600001 0.06779766 0.08150577 1.600001 0.04911804 0.09116601 1.600001 0.02735185 0.09510946 1.600001 0.003867626 -0.1055381 1.600001 0.2946048 -0.0637629 1.600001 0.3063989 -0.02075791 1.600001 0.3122997 0.02265 1.600001 0.3121944 4.582828 1.600001 -0.7972961 4.586517 1.600001 -0.7985478 4.590183 1.600001 -0.7998724 4.221312 1.600001 -1.378138 5.49231 1.600001 -1.434235 5.448025 1.600001 -1.452881 6.105198 1.600001 -1.363833 5.634235 1.600001 -1.413944 5.58619 1.600001 -1.414607 5.538621 1.600001 -1.421408 6.132135 1.600001 -1.376204 6.156951 1.600001 -1.392423 5.681975 1.600001 -1.419432 6.179092 1.600001 -1.412129 5.72862 1.600001 -1.430979 5.773405 1.600001 -1.448396 5.815596 1.600001 -1.471398 5.854501 1.600001 -1.499606 5.889476 1.600001 -1.532556 5.91995 1.600001 -1.569709 5.945422 1.600001 -1.610453 6.803583 1.600001 -2.056951 5.96548 1.600001 -1.654122 5.979781 1.600001 -1.699994 5.988105 1.600001 -1.747322 5.990308 1.600001 -1.795324 5.986353 1.600001 -1.843214 5.976305 1.600001 -1.890204 5.960335 1.600001 -1.935525 6.848617 1.600001 -2.098915 5.938696 1.600001 -1.97843 6.897721 1.600001 -2.136045 6.950369 1.600001 -2.167949 5.91175 1.600001 -2.018216 7.00601 1.600001 -2.19429 5.87994 1.600001 -2.054232 7.283614 1.600001 -2.394805 7.268037 1.600001 -2.412814 7.064053 1.600001 -2.214791 7.303186 1.600001 -2.381237 7.325518 1.600001 -2.372963 7.123893 1.600001 -2.229238 7.3492 1.600001 -2.370501 7.184897 1.600001 -2.237476 7.372755 1.600001 -2.374008 7.549437 1.600001 -2.360388 7.563504 1.600001 -2.393702 7.530273 1.600001 -2.329717 7.246423 1.600001 -2.23942 7.5065 1.600001 -2.302461 7.478724 1.600001 -2.279308 7.3426 1.600001 -2.237522 7.447631 1.600001 -2.260838 7.414012 1.600001 -2.247518 7.378705 1.600001 -2.23968 7.394696 1.600001 -2.383262 7.572135 1.600001 -2.428825 7.41365 1.600001 -2.397683 7.428415 1.600001 -2.416362 7.575096 1.600001 -2.464866 7.438082 1.600001 -2.438129 7.442018 1.600001 -2.461611 7.57233 1.600001 -2.500927 7.563892 1.600001 -2.536093 7.432141 1.600001 -2.507819 7.418943 1.600001 -2.527639 7.549999 1.600001 -2.569483 4.29058 1.600001 -1.465743 5.261695 1.600001 -1.66382 4.280699 1.600001 -1.511949 5.241643 1.600001 -1.757608 4.267502 1.600001 -1.531769 4.249783 1.600001 -1.547682 5.240765 1.600001 -1.805653 4.228667 1.600001 -1.55869 4.20548 1.600001 -1.564101 5.246037 1.600001 -1.853415 5.257373 1.600001 -1.900111 4.286635 1.600001 -1.442258 5.280536 1.600001 -1.619615 4.276978 1.600001 -1.420492 4.262209 1.600001 -1.401813 5.304878 1.600001 -1.578184 4.243255 1.600001 -1.387392 5.334316 1.600001 -1.540205 5.368374 1.600001 -1.506304 5.406483 1.600001 -1.477035 3.73007 1.600001 -1.595234 4.158743 1.600001 -1.557143 3.752012 1.600001 -1.604488 4.18167 1.600001 -1.563573 3.770963 1.600001 -1.618908 3.785732 1.600001 -1.637587 3.795394 1.600001 -1.659354 5.27459 1.600001 -1.944975 3.799337 1.600001 -1.682838 5.2974 1.600001 -1.987267 5.325432 1.600001 -2.026296 3.789458 1.600001 -1.729045 3.776256 1.600001 -1.748864 5.358226 1.600001 -2.06142 3.758541 1.600001 -1.764778 5.39524 1.600001 -2.092062 3.737426 1.600001 -1.775786 3.706516 1.600001 -1.591727 3.68283 1.600001 -1.594188 3.660503 1.600001 -1.602463 3.64093 1.600001 -1.61603 3.625349 1.600001 -1.634038 3.614734 1.600001 -1.655356 3.629896 1.600001 -1.745625 3.646889 1.600001 -1.762307 3.667496 1.600001 -1.774237 5.843782 1.600001 -2.085882 7.257422 1.600001 -2.43413 5.803873 1.600001 -2.112648 7.252441 1.600001 -2.457417 7.253415 1.600001 -2.481212 7.289574 1.600001 -2.541081 5.435872 1.600001 -2.11772 5.479445 1.600001 -2.137969 -0.2934671 1.8 0.1083335 -0.2934671 1.600001 0.1083335 -0.2750607 1.8 0.1490221 -0.2750607 1.600001 0.1490221 -0.2510512 1.8 0.1866774 -0.2510512 1.600001 0.1866774 -0.2219274 1.8 0.2205324 -0.2219274 1.600001 0.2205324 -0.1882815 1.8 0.2498979 -0.1882815 1.600001 0.2498979 -0.150799 1.8 0.2741761 -0.150799 1.600001 0.2741761 -0.110243 1.8 0.2928734 -0.110243 1.600001 0.2928734 -0.06743907 1.8 0.3056083 -0.06743907 1.600001 0.3056083 -0.02325844 1.8 0.3121219 -0.02325844 1.600001 0.3121219 0.02139973 1.8 0.3122816 0.02139973 1.600001 0.3122816 0.0656259 1.8 0.3060846 0.5631321 1.8 -0.6088619 3.362736 1.8 -1.212635 0.6060569 1.8 -0.6232805 3.471035 1.8 -1.396988 3.476829 1.8 -1.367554 3.476435 1.8 -1.337557 3.469882 1.8 -1.308284 3.457446 1.8 -1.280985 3.439654 1.8 -1.256829 3.417278 1.8 -1.236853 3.391267 1.8 -1.221908 3.283779 1.8 -2.006901 3.281537 1.8 -2.015033 3.281537 1.600001 -2.015033 3.282597 1.8 -2.01095 3.282597 1.600001 -2.01095 5.499544 1.8 -2.217224 5.816476 1.8 -2.311873 5.768108 1.8 -2.283991 5.717356 1.8 -2.260725 5.664661 1.8 -2.242277 5.610478 1.8 -2.228807 5.555283 1.8 -2.220433 6.495124 1.8 -2.746347 6.997777 1.8 -2.813662 6.941497 1.8 -2.828315 6.884066 1.8 -2.837451 6.826016 1.8 -2.840986 6.767901 1.8 -2.838883 6.710261 1.8 -2.831165 6.653641 1.8 -2.817901 6.598567 1.8 -2.799219 6.545563 1.8 -2.775293 7.415176 1.8 -2.683078 7.3426 1.8 -2.237522 7.378705 1.8 -2.23968 7.414012 1.8 -2.247518 7.447631 1.8 -2.260838 7.478724 1.8 -2.279308 7.5065 1.8 -2.302461 7.530273 1.8 -2.329717 7.549437 1.8 -2.360388 7.563504 1.8 -2.393702 7.572135 1.8 -2.428825 7.575096 1.8 -2.464866 7.57233 1.8 -2.500927 7.563892 1.8 -2.536093 7.549999 1.8 -2.569483 7.530997 1.8 -2.600255 7.507379 1.8 -2.627639 7.479721 1.8 -2.650941 7.448725 1.8 -2.669577 7.246423 1.8 -2.23942 6.803583 1.8 -2.056951 6.848617 1.8 -2.098915 6.897721 1.8 -2.136045 6.950369 1.8 -2.167949 7.00601 1.8 -2.19429 7.064053 1.8 -2.214791 7.123893 1.8 -2.229238 7.184897 1.8 -2.237476 6.179092 1.8 -1.412129 4.590183 1.8 -0.7998724 6.105198 1.8 -1.363833 3.115249 1.8 -0.3466768 4.579113 1.8 -0.7961156 3.098363 1.8 -0.342288 0.09514236 1.600001 0.002949714 0.09514236 1.8 0.002949714 0.09167742 1.8 0.02558803 0.09167742 1.600001 0.02558803 0.08289575 1.8 0.0467391 0.08289575 1.600001 0.0467391 0.06930732 1.8 0.06517457 0.06930732 1.600001 0.06517457 0.05170178 1.8 0.07982206 0.05170178 1.600001 0.07982206 0.03110241 1.8 0.08983039 0.03110241 1.600001 0.08983039 0.008706808 1.8 0.09461879 0.008706808 1.600001 0.09461879 -0.01418447 1.8 0.09390783 -0.01418423 1.600001 0.09390783 -0.03623986 1.8 0.08773946 -0.03623986 1.600001 0.08773946 -0.05617856 1.8 0.07647228 -0.05617856 1.600001 0.07647228 -0.0728414 1.8 0.06076097 -0.0728414 1.600001 0.06076097 -0.08525991 1.8 0.04151821 -0.08525991 1.600001 0.04151821 7.442055 1.600001 -2.46253 7.442055 1.8 -2.46253 7.438587 1.8 -2.439891 7.438587 1.600001 -2.439891 7.429807 1.8 -2.41874 7.429807 1.600001 -2.41874 7.416222 1.8 -2.400306 7.416222 1.600001 -2.400306 7.398612 1.8 -2.385657 7.398612 1.600001 -2.385657 7.378013 1.8 -2.375649 7.378013 1.600001 -2.375649 7.355617 1.8 -2.37086 7.355617 1.600001 -2.37086 7.332727 1.8 -2.371572 7.332727 1.600001 -2.371572 7.310672 1.8 -2.377741 7.310672 1.600001 -2.377741 7.290731 1.8 -2.389007 7.290731 1.600001 -2.389007 7.274073 1.8 -2.40472 7.274073 1.600001 -2.40472 7.261651 1.8 -2.423961 7.261651 1.600001 -2.423961 3.799368 1.600001 -1.683755 3.799368 1.8 -1.683755 3.795904 1.8 -1.661117 3.795904 1.600001 -1.661117 3.787123 1.8 -1.639966 3.787123 1.600001 -1.639966 3.773534 1.8 -1.621531 3.773534 1.600001 -1.621531 3.755927 1.8 -1.606883 3.755927 1.600001 -1.606883 3.735328 1.8 -1.596874 3.735328 1.600001 -1.596874 3.712932 1.8 -1.592086 3.712932 1.600001 -1.592086 3.690043 1.8 -1.592798 3.690043 1.600001 -1.592798 3.667988 1.8 -1.598966 3.667988 1.600001 -1.598966 3.648047 1.8 -1.610233 3.648047 1.600001 -1.610233 3.631385 1.8 -1.625944 3.631385 1.600001 -1.625944 3.618966 1.8 -1.645187 3.618966 1.600001 -1.645187 4.290613 1.600001 -1.46666 4.290613 1.8 -1.46666 4.287149 1.8 -1.444022 4.287149 1.600001 -1.444022 4.278365 1.8 -1.422871 4.278365 1.600001 -1.422871 4.264779 1.8 -1.404436 4.264779 1.600001 -1.404436 4.247173 1.8 -1.389788 4.247173 1.600001 -1.389788 4.226574 1.8 -1.37978 4.226574 1.600001 -1.37978 4.204178 1.8 -1.374992 4.204178 1.600001 -1.374992 4.181286 1.8 -1.375702 4.181286 1.600001 -1.375702 4.15923 1.8 -1.381871 4.15923 1.600001 -1.381871 4.139293 1.8 -1.393138 4.139293 1.600001 -1.393138 4.12263 1.8 -1.40885 4.12263 1.600001 -1.40885 4.110212 1.8 -1.428092 4.110212 1.600001 -1.428092 0.5913985 1.8 -0.6195622 0.5770631 1.8 -0.6147468 3.104033 1.8 -0.3435869 3.109662 1.8 -0.3450499 4.582828 1.8 -0.7972961 4.586517 1.8 -0.7985478 6.132135 1.8 -1.376204 6.156951 1.8 -1.392423 4.197762 1.8 -1.374632 4.174075 1.8 -1.377093 4.151745 1.8 -1.385367 4.132175 1.8 -1.398935 4.116594 1.8 -1.416944 4.10598 1.8 -1.438261 4.101 1.8 -1.461547 4.101973 1.8 -1.485342 4.108826 1.8 -1.508146 4.121138 1.8 -1.52853 4.138132 1.8 -1.545211 3.73007 1.8 -1.595234 4.158743 1.8 -1.557143 3.752012 1.8 -1.604488 4.18167 1.8 -1.563573 3.770963 1.8 -1.618908 3.785732 1.8 -1.637587 3.609758 1.8 -1.678643 3.614734 1.8 -1.655356 3.625349 1.8 -1.634038 3.278 1.8 -2.036215 3.690425 1.8 -1.780668 3.714234 1.8 -1.781195 3.737426 1.8 -1.775786 3.758541 1.8 -1.764778 3.776256 1.8 -1.748864 3.789458 1.8 -1.729045 3.799337 1.8 -1.682838 4.20548 1.8 -1.564101 3.278348 1.8 -2.066089 3.284814 1.8 -2.095257 3.297121 1.8 -2.122483 3.314748 1.8 -2.146607 3.336944 1.8 -2.166607 3.362765 1.8 -2.181632 3.391123 1.8 -2.191047 4.228667 1.8 -1.55869 4.249783 1.8 -1.547682 4.267502 1.8 -1.531769 4.280699 1.8 -1.511949 4.29058 1.8 -1.465743 4.286635 1.8 -1.442258 4.276978 1.8 -1.420492 4.262209 1.8 -1.401813 4.243255 1.8 -1.387392 4.221312 1.8 -1.378138 7.268037 1.8 -2.412814 7.257422 1.8 -2.43413 7.252441 1.8 -2.457417 7.253415 1.8 -2.481212 7.260272 1.8 -2.504017 7.272576 1.8 -2.524399 7.289574 1.8 -2.541081 7.310181 1.8 -2.553011 7.333113 1.8 -2.559443 7.356914 1.8 -2.559969 7.380106 1.8 -2.554559 7.401222 1.8 -2.54355 7.418943 1.8 -2.527639 7.432141 1.8 -2.507819 7.442018 1.8 -2.461611 7.438082 1.8 -2.438129 7.428415 1.8 -2.416362 7.41365 1.8 -2.397683 7.394696 1.8 -2.383262 7.372755 1.8 -2.374008 7.3492 1.8 -2.370501 7.325518 1.8 -2.372963 7.303186 1.8 -2.381237 7.283614 1.8 -2.394805 0.06673622 1.8 0.06779766 0.08150577 1.8 0.04911804 0.09116601 1.8 0.02735185 0.02265 1.8 0.3121944 -0.02075791 1.8 0.3122997 -0.0637629 1.8 0.3063989 -0.1055381 1.8 0.2946048 -0.1452796 1.8 0.2771444 0.02584362 1.8 0.09147167 0.04778528 1.8 0.08221769 -0.1822237 1.8 0.2543535 -0.2156591 1.8 0.2266707 -0.2449429 1.8 0.1946287 0.002289772 1.8 0.09497833 -0.2695127 1.8 0.158843 -0.02139592 1.8 0.09251689 -0.04372549 1.8 0.08424282 -0.2888944 1.8 0.1200027 -0.06329584 1.8 0.07067489 -0.07887744 1.8 0.05266714 -0.302717 1.8 0.07885408 -0.08949089 1.8 0.03134965 -0.09446954 1.8 0.008062839 -0.3107131 1.8 0.0361886 -0.09350037 1.8 -0.01573133 -0.08664441 1.8 -0.03853607 -0.3127298 1.8 -0.007172584 -0.07433247 1.8 -0.0589199 -0.05733823 1.8 -0.0756011 -0.3087282 1.8 -0.05039548 -0.03672933 1.8 -0.08753204 -0.2987852 1.8 -0.09264945 -0.01380085 1.8 -0.09396314 -0.2830918 1.8 -0.1331214 -0.26195 1.8 -0.1710333 -0.2357666 1.8 -0.205655 0.01000666 1.8 -0.09449005 -0.2050447 1.8 -0.2363214 -0.1703758 1.8 -0.2624431 0.03319716 1.8 -0.08907985 0.05431365 1.8 -0.07807207 0.07202935 1.8 -0.06215858 0.08523082 1.8 -0.0423398 0.09510946 1.8 0.003867626 3.667496 1.8 -1.774237 3.646889 1.8 -1.762307 3.629896 1.8 -1.745625 3.617583 1.8 -1.725242 3.610727 1.8 -1.702436 3.64093 1.8 -1.61603 3.660503 1.8 -1.602463 3.68283 1.8 -1.594188 3.706516 1.8 -1.591727 3.795394 1.8 -1.659354 6.545563 -1.600001 -2.775293 6.884066 -1.600001 -2.837451 6.495124 -1.600001 -2.746347 6.941497 -1.600001 -2.828315 6.997777 -1.600001 -2.813662 6.826016 -1.600001 -2.840986 6.598567 -1.600001 -2.799219 6.767901 -1.600001 -2.838883 6.653641 -1.600001 -2.817901 6.710261 -1.600001 -2.831165 5.816477 -1.600001 -2.311873 7.415176 -1.600001 -2.683078 7.310181 -1.600001 -2.553011 7.448725 -1.600001 -2.669577 7.479722 -1.600001 -2.650941 7.333113 -1.600001 -2.559443 7.507379 -1.600001 -2.627639 7.356914 -1.600001 -2.559969 7.530998 -1.600001 -2.600255 7.380106 -1.600001 -2.554559 7.401222 -1.600001 -2.54355 7.549999 -1.600001 -2.569483 7.418943 -1.600001 -2.527639 7.563892 -1.600001 -2.536093 7.432141 -1.600001 -2.507819 7.57233 -1.600001 -2.500927 7.442018 -1.600001 -2.461611 7.575096 -1.600001 -2.464866 7.438082 -1.600001 -2.438129 7.428415 -1.600001 -2.416362 7.572135 -1.600001 -2.428825 7.41365 -1.600001 -2.397683 7.394697 -1.600001 -2.383262 7.563504 -1.600001 -2.393702 7.372755 -1.600001 -2.374008 7.549437 -1.600001 -2.360388 7.184897 -1.600001 -2.237476 7.530273 -1.600001 -2.329717 7.246423 -1.600001 -2.23942 7.5065 -1.600001 -2.302461 7.478724 -1.600001 -2.279308 7.3426 -1.600001 -2.237522 7.447631 -1.600001 -2.260838 7.414012 -1.600001 -2.247518 7.378705 -1.600001 -2.23968 7.3492 -1.600001 -2.370501 7.123893 -1.600001 -2.229238 7.325518 -1.600001 -2.372963 7.064053 -1.600001 -2.214791 7.303186 -1.600001 -2.381237 7.283615 -1.600001 -2.394805 7.00601 -1.600001 -2.19429 5.862366 -1.600001 -2.070636 5.89642 -1.600001 -2.036734 6.95037 -1.600001 -2.167949 5.925862 -1.600001 -1.998755 6.897721 -1.600001 -2.136045 5.950203 -1.600001 -1.957324 6.848618 -1.600001 -2.098915 5.969048 -1.600001 -1.913121 6.803584 -1.600001 -2.056951 5.989097 -1.600001 -1.819332 5.989976 -1.600001 -1.771287 5.984704 -1.600001 -1.723525 5.973368 -1.600001 -1.676829 5.956153 -1.600001 -1.631967 5.93334 -1.600001 -1.589673 6.179092 -1.600001 -1.412129 5.905308 -1.600001 -1.550643 5.872518 -1.600001 -1.515521 5.8355 -1.600001 -1.484878 5.79487 -1.600001 -1.459221 5.751294 -1.600001 -1.438971 5.705484 -1.600001 -1.424458 6.156951 -1.600001 -1.392423 6.105198 -1.600001 -1.363833 6.132135 -1.600001 -1.376204 5.658194 -1.600001 -1.415923 4.590183 -1.600001 -0.7998724 5.610203 -1.600001 -1.413505 5.562296 -1.600001 -1.417244 5.515263 -1.600001 -1.42708 4.221312 -1.600001 -1.378138 5.469869 -1.600001 -1.442848 5.426867 -1.600001 -1.464292 5.386961 -1.600001 -1.491059 5.350803 -1.600001 -1.522709 4.243255 -1.600001 -1.387392 5.31899 -1.600001 -1.558723 5.292045 -1.600001 -1.59851 4.262209 -1.600001 -1.401813 4.276978 -1.600001 -1.420492 4.586517 -1.600001 -0.7985478 4.579113 -1.600001 -0.7961156 4.197762 -1.600001 -1.374632 4.582828 -1.600001 -0.7972961 3.362736 -1.600001 -1.212635 3.115249 -1.600001 -0.3466768 3.098363 -1.600001 -0.342288 3.109662 -1.600001 -0.3450499 3.104033 -1.600001 -0.3435869 0.06562614 -1.600001 0.3060846 0.06673622 -1.600001 0.06779766 0.08150601 -1.600001 0.04911804 0.09116601 -1.600001 0.02735185 0.02265024 -1.600001 0.3121944 -0.02075767 -1.600001 0.3122997 -0.06376266 -1.600001 0.3063989 -0.1055378 -1.600001 0.2946048 -0.1452796 -1.600001 0.2771444 0.02584362 -1.600001 0.09147167 0.04778552 -1.600001 0.08221769 -0.1822235 -1.600001 0.2543535 -0.2156589 -1.600001 0.2266707 -0.2449429 -1.600001 0.1946287 0.00229001 -1.600001 0.09497833 -0.2695124 -1.600001 0.158843 -0.02139592 -1.600001 0.09251689 -0.04372549 -1.600001 0.08424282 -0.2888944 -1.600001 0.1200027 -0.06329584 -1.600001 0.07067489 -0.07887721 -1.600001 0.05266714 -0.3027167 -1.600001 0.07885408 -0.08949065 -1.600001 0.03134965 -0.0944693 -1.600001 0.008062839 -0.3107131 -1.600001 0.0361886 -0.09350013 -1.600001 -0.01573133 -0.08664417 -1.600001 -0.03853607 -0.3127296 -1.600001 -0.007172584 -0.07433247 -1.600001 -0.0589199 -0.05733799 -1.600001 -0.0756011 -0.308728 -1.600001 -0.05039548 -0.03672933 -1.600001 -0.08753204 -0.298785 -1.600001 -0.09264945 -0.01380085 -1.600001 -0.09396314 -0.2830916 -1.600001 -0.1331214 -0.26195 -1.600001 -0.1710333 -0.2357664 -1.600001 -0.205655 0.01000666 -1.600001 -0.09449005 -0.2050445 -1.600001 -0.2363214 -0.1703755 -1.600001 -0.2624431 0.5631323 -1.600001 -0.6088619 0.0331974 -1.600001 -0.08907985 0.6060569 -1.600001 -0.6232805 0.05431389 -1.600001 -0.07807207 0.07202959 -1.600001 -0.06215858 0.08523082 -1.600001 -0.0423398 0.09510946 -1.600001 0.003867626 0.5770633 -1.600001 -0.6147468 0.5913985 -1.600001 -0.6195622 3.391267 -1.600001 -1.221908 4.174075 -1.600001 -1.377093 3.417278 -1.600001 -1.236853 4.151745 -1.600001 -1.385367 3.439654 -1.600001 -1.256829 4.132175 -1.600001 -1.398935 3.457446 -1.600001 -1.280985 4.116594 -1.600001 -1.416944 3.469882 -1.600001 -1.308284 4.10598 -1.600001 -1.438261 4.101 -1.600001 -1.461547 3.476435 -1.600001 -1.337557 4.101973 -1.600001 -1.485342 3.476829 -1.600001 -1.367554 4.108826 -1.600001 -1.508146 3.471035 -1.600001 -1.396988 4.121138 -1.600001 -1.52853 4.138132 -1.600001 -1.545211 3.73007 -1.600001 -1.595234 4.158743 -1.600001 -1.557143 3.752012 -1.600001 -1.604488 4.18167 -1.600001 -1.563573 3.770963 -1.600001 -1.618908 3.785732 -1.600001 -1.637587 3.28378 -1.600001 -2.006901 3.609758 -1.600001 -1.678643 3.614734 -1.600001 -1.655356 3.625349 -1.600001 -1.634038 3.278 -1.600001 -2.036215 5.499544 -1.600001 -2.217224 3.690425 -1.600001 -1.780668 3.714234 -1.600001 -1.781195 3.737426 -1.600001 -1.775786 5.415144 -1.600001 -2.105542 5.376243 -1.600001 -2.077335 3.278348 -1.600001 -2.066089 3.284815 -1.600001 -2.095257 3.297121 -1.600001 -2.122483 3.314748 -1.600001 -2.146607 3.336944 -1.600001 -2.166607 3.362766 -1.600001 -2.181632 3.391123 -1.600001 -2.191047 5.555283 -1.600001 -2.220433 5.50212 -1.600001 -2.145961 5.457334 -1.600001 -2.128543 5.548765 -1.600001 -2.157508 5.610478 -1.600001 -2.228807 5.5965 -1.600001 -2.162995 5.664661 -1.600001 -2.242277 5.64455 -1.600001 -2.162333 5.717356 -1.600001 -2.260725 5.692119 -1.600001 -2.155532 5.768108 -1.600001 -2.283991 5.73843 -1.600001 -2.142705 7.260272 -1.600001 -2.504017 7.272577 -1.600001 -2.524399 7.289575 -1.600001 -2.541081 4.29058 -1.600001 -1.465743 5.254432 -1.600001 -1.686735 4.280699 -1.600001 -1.511949 5.244387 -1.600001 -1.733726 4.267502 -1.600001 -1.531769 5.240432 -1.600001 -1.781616 4.249783 -1.600001 -1.547682 4.228667 -1.600001 -1.55869 5.242635 -1.600001 -1.829618 4.20548 -1.600001 -1.564101 5.250955 -1.600001 -1.876945 5.265264 -1.600001 -1.922819 3.795394 -1.600001 -1.659354 5.270405 -1.600001 -1.641415 4.286635 -1.600001 -1.442258 3.789458 -1.600001 -1.729045 5.310789 -1.600001 -2.007231 5.285317 -1.600001 -1.966487 3.799338 -1.600001 -1.682838 5.341265 -1.600001 -2.044384 3.776256 -1.600001 -1.748864 3.758541 -1.600001 -1.764778 3.667497 -1.600001 -1.774237 3.646889 -1.600001 -1.762307 3.629896 -1.600001 -1.745625 3.617584 -1.600001 -1.725242 3.610728 -1.600001 -1.702436 3.64093 -1.600001 -1.61603 3.660503 -1.600001 -1.602463 3.68283 -1.600001 -1.594188 3.706516 -1.600001 -1.591727 7.253415 -1.600001 -2.481212 5.782718 -1.600001 -2.12406 7.252442 -1.600001 -2.457417 5.824257 -1.600001 -2.099905 7.257422 -1.600001 -2.43413 7.268037 -1.600001 -2.412814 4.290613 -1.8 -1.46666 4.290613 -1.600001 -1.46666 4.287149 -1.600001 -1.444022 4.287149 -1.8 -1.444022 4.278365 -1.600001 -1.422871 4.278365 -1.8 -1.422871 4.264779 -1.600001 -1.404436 4.264779 -1.8 -1.404436 4.247173 -1.600001 -1.389788 4.247173 -1.8 -1.389788 4.226574 -1.600001 -1.37978 4.226574 -1.8 -1.37978 4.204178 -1.600001 -1.374992 4.204178 -1.8 -1.374992 4.181286 -1.600001 -1.375702 4.181286 -1.8 -1.375702 4.15923 -1.600001 -1.381871 4.15923 -1.8 -1.381871 4.139293 -1.600001 -1.393138 4.139293 -1.8 -1.393138 4.12263 -1.600001 -1.40885 4.12263 -1.8 -1.40885 4.110212 -1.600001 -1.428092 4.110212 -1.8 -1.428092 7.442055 -1.8 -2.46253 7.442055 -1.600001 -2.46253 7.438588 -1.600001 -2.439891 7.438588 -1.8 -2.439891 7.429808 -1.600001 -2.41874 7.429808 -1.8 -2.41874 7.416222 -1.600001 -2.400306 7.416222 -1.8 -2.400306 7.398612 -1.600001 -2.385657 7.398612 -1.8 -2.385657 7.378013 -1.600001 -2.375649 7.378013 -1.8 -2.375649 7.355617 -1.600001 -2.37086 7.355617 -1.8 -2.37086 7.332727 -1.600001 -2.371572 7.332727 -1.8 -2.371572 7.310672 -1.600001 -2.377741 7.310672 -1.8 -2.377741 7.290732 -1.600001 -2.389007 7.290732 -1.8 -2.389007 7.274073 -1.600001 -2.40472 7.274074 -1.8 -2.40472 7.261651 -1.600001 -2.423961 7.261651 -1.8 -2.423961 0.0951426 -1.8 0.002949714 0.0951426 -1.600001 0.002949714 0.09167766 -1.600001 0.02558803 0.09167766 -1.8 0.02558803 0.08289575 -1.600001 0.0467391 0.08289599 -1.8 0.0467391 0.06930732 -1.600001 0.06517457 0.06930732 -1.8 0.06517457 0.05170202 -1.600001 0.07982206 0.05170202 -1.8 0.07982206 0.03110265 -1.600001 0.08983039 0.03110265 -1.8 0.08983039 0.008706808 -1.600001 0.09461879 0.008706808 -1.8 0.09461879 -0.01418423 -1.600001 0.09390783 -0.01418423 -1.8 0.09390783 -0.03623986 -1.600001 0.08773946 -0.03623986 -1.8 0.08773946 -0.05617833 -1.600001 0.07647228 -0.05617833 -1.8 0.07647228 -0.07284116 -1.600001 0.06076097 -0.07284116 -1.8 0.06076097 -0.08525991 -1.600001 0.04151821 -0.08525991 -1.8 0.04151821 3.799368 -1.8 -1.683755 3.799368 -1.600001 -1.683755 3.795904 -1.600001 -1.661117 3.795904 -1.8 -1.661117 3.787123 -1.600001 -1.639966 3.787123 -1.8 -1.639966 3.773534 -1.600001 -1.621531 3.773534 -1.8 -1.621531 3.755928 -1.600001 -1.606883 3.755928 -1.8 -1.606883 3.735328 -1.600001 -1.596874 3.735328 -1.8 -1.596874 3.712932 -1.600001 -1.592086 3.712932 -1.8 -1.592086 3.690044 -1.600001 -1.592798 3.690044 -1.8 -1.592798 3.667988 -1.600001 -1.598966 3.667988 -1.8 -1.598966 3.648047 -1.600001 -1.610233 3.648047 -1.8 -1.610233 3.631385 -1.600001 -1.625944 3.631385 -1.8 -1.625944 3.618967 -1.600001 -1.645187 3.618967 -1.8 -1.645187 3.115249 -1.8 -0.3466768 3.109662 -1.8 -0.3450499 3.104033 -1.8 -0.3435869 3.098363 -1.8 -0.342288 0.06562614 -1.8 0.3060846 4.590183 -1.8 -0.7998724 4.586517 -1.8 -0.7985478 4.582828 -1.8 -0.7972961 4.579113 -1.8 -0.7961156 6.179092 -1.8 -1.412129 6.156951 -1.8 -1.392423 6.132135 -1.8 -1.376204 6.105198 -1.8 -1.363833 6.803584 -1.8 -2.056951 7.246423 -1.8 -2.23942 7.184897 -1.8 -2.237476 7.123893 -1.8 -2.229238 7.064053 -1.8 -2.214791 7.00601 -1.8 -2.19429 6.95037 -1.8 -2.167949 6.897721 -1.8 -2.136045 6.848618 -1.8 -2.098915 7.3426 -1.8 -2.237522 7.415176 -1.8 -2.683078 7.448726 -1.8 -2.669577 7.479722 -1.8 -2.650941 7.507379 -1.8 -2.627639 7.530998 -1.8 -2.600255 7.549999 -1.8 -2.569483 7.563892 -1.8 -2.536093 7.57233 -1.8 -2.500927 7.575096 -1.8 -2.464866 7.572135 -1.8 -2.428825 7.563504 -1.8 -2.393702 7.549437 -1.8 -2.360388 7.530273 -1.8 -2.329717 7.5065 -1.8 -2.302461 7.478724 -1.8 -2.279308 7.447631 -1.8 -2.260838 7.414012 -1.8 -2.247518 7.378705 -1.8 -2.23968 6.997777 -1.8 -2.813662 6.495124 -1.8 -2.746347 6.545563 -1.8 -2.775293 6.598567 -1.8 -2.799219 6.653641 -1.8 -2.817901 6.710261 -1.8 -2.831165 6.767901 -1.8 -2.838883 6.826016 -1.8 -2.840986 6.884066 -1.8 -2.837451 6.941497 -1.8 -2.828315 5.816477 -1.8 -2.311873 5.499544 -1.8 -2.217224 5.555283 -1.8 -2.220433 5.610478 -1.8 -2.228807 5.664661 -1.8 -2.242277 5.717356 -1.8 -2.260725 5.768108 -1.8 -2.283991 3.281537 -1.600001 -2.015033 3.281537 -1.8 -2.015033 3.282597 -1.600001 -2.01095 3.282597 -1.8 -2.01095 3.28378 -1.8 -2.006901 3.471035 -1.8 -1.396988 3.362736 -1.8 -1.212635 3.391267 -1.8 -1.221908 3.417278 -1.8 -1.236853 3.439654 -1.8 -1.256829 3.457446 -1.8 -1.280985 3.469882 -1.8 -1.308284 3.476435 -1.8 -1.337557 3.476829 -1.8 -1.367554 0.5631323 -1.8 -0.6088619 0.5770633 -1.8 -0.6147468 0.5913985 -1.8 -0.6195622 0.6060569 -1.8 -0.6232805 -0.2934668 -1.600001 0.1083335 -0.2934668 -1.8 0.1083335 -0.2750604 -1.600001 0.1490221 -0.2750604 -1.8 0.1490221 -0.2510512 -1.600001 0.1866774 -0.2510512 -1.8 0.1866774 -0.2219271 -1.600001 0.2205324 -0.2219271 -1.8 0.2205324 -0.1882812 -1.600001 0.2498979 -0.1882812 -1.8 0.2498979 -0.150799 -1.600001 0.2741761 -0.150799 -1.8 0.2741761 -0.110243 -1.600001 0.2928734 -0.110243 -1.8 0.2928734 -0.06743907 -1.600001 0.3056083 -0.06743907 -1.8 0.3056083 -0.0232582 -1.600001 0.3121219 -0.0232582 -1.8 0.3121219 0.02139997 -1.600001 0.3122816 0.02139997 -1.8 0.3122816 0.02177238 -1.8 -0.09251403 -0.001913547 -1.8 -0.09497547 -0.2050445 -1.8 -0.2363214 -0.2357664 -1.8 -0.205655 -0.26195 -1.8 -0.1710333 -0.2830916 -1.8 -0.1331214 -0.02546715 -1.8 -0.09146881 -0.298785 -1.8 -0.09264945 -0.308728 -1.8 -0.05039548 -0.04740905 -1.8 -0.08221483 -0.06635999 -1.8 -0.06779527 0.04410195 -1.8 -0.08423995 0.0636723 -1.8 -0.07067251 0.07925367 -1.8 -0.05266427 0.08986711 -1.8 -0.03134727 0.09484577 -1.8 -0.008059978 0.0938766 -1.8 0.01573371 0.08702063 -1.8 0.03853893 0.0747087 -1.8 0.05892229 0.05771446 -1.8 0.07560396 0.03710579 -1.8 0.0875349 -0.1452796 -1.8 0.2771444 -0.1822235 -1.8 0.2543535 4.209649 -1.8 -1.375645 4.162648 -1.8 -1.380528 4.185841 -1.8 -1.375118 4.141533 -1.8 -1.391536 4.123818 -1.8 -1.407449 4.110617 -1.8 -1.427268 4.100737 -1.8 -1.473475 4.104681 -1.8 -1.49696 4.114339 -1.8 -1.518725 4.129111 -1.8 -1.537405 4.148062 -1.8 -1.551826 3.718404 -1.8 -1.59274 3.741332 -1.8 -1.59917 3.609495 -1.8 -1.690571 3.619371 -1.8 -1.644363 3.278 -1.8 -2.036215 3.702312 -1.8 -1.781681 3.726 -1.8 -1.77922 3.74833 -1.8 -1.770946 3.767898 -1.8 -1.757378 3.783479 -1.8 -1.739369 3.794095 -1.8 -1.718052 3.799074 -1.8 -1.694766 3.798105 -1.8 -1.670972 4.193558 -1.8 -1.564586 3.791249 -1.8 -1.648167 3.778936 -1.8 -1.627783 4.170004 -1.8 -1.561079 3.761943 -1.8 -1.611102 3.278348 -1.8 -2.066089 3.284815 -1.8 -2.095257 3.297121 -1.8 -2.122483 3.314748 -1.8 -2.146607 3.336944 -1.8 -2.166607 3.362766 -1.8 -2.181632 3.391124 -1.8 -2.191047 4.217245 -1.8 -1.562125 4.239572 -1.8 -1.55385 7.262055 -1.8 -2.423137 7.252179 -1.8 -2.469345 7.256124 -1.8 -2.49283 7.265781 -1.8 -2.514595 7.280554 -1.8 -2.533275 7.2995 -1.8 -2.547694 7.321443 -1.8 -2.556948 7.344996 -1.8 -2.560455 7.368688 -1.8 -2.557995 7.391017 -1.8 -2.549721 7.410583 -1.8 -2.536151 7.426167 -1.8 -2.518145 7.436783 -1.8 -2.496828 7.441755 -1.8 -2.473539 7.440789 -1.8 -2.449746 7.433932 -1.8 -2.426942 7.42162 -1.8 -2.406557 7.404623 -1.8 -2.389875 7.384016 -1.8 -2.377944 7.361092 -1.8 -2.371515 7.337283 -1.8 -2.370987 7.314091 -1.8 -2.376398 7.292975 -1.8 -2.387406 7.275261 -1.8 -2.403319 4.270178 -1.8 -1.410688 4.282491 -1.8 -1.431071 4.289347 -1.8 -1.453876 4.232573 -1.8 -1.382075 4.253184 -1.8 -1.394006 0.02265024 -1.8 0.3121944 -0.02075767 -1.8 0.3122997 -0.06376266 -1.8 0.3063989 -0.1055378 -1.8 0.2946048 -0.2156589 -1.8 0.2266707 0.01417708 -1.8 0.09396553 -0.2449429 -1.8 0.1946287 -0.009630441 -1.8 0.09449243 -0.2695124 -1.8 0.158843 -0.03282094 -1.8 0.08908224 -0.05393743 -1.8 0.07807445 -0.2888944 -1.8 0.1200027 -0.07165312 -1.8 0.06216096 -0.0848546 -1.8 0.04234218 -0.3027167 -1.8 0.07885408 -0.3107131 -1.8 0.0361886 -0.09473299 -1.8 -0.003864765 -0.09078955 -1.8 -0.02734899 -0.3127296 -1.8 -0.007172584 -0.08112955 -1.8 -0.04911518 -0.1703755 -1.8 -0.2624431 4.290316 -1.8 -1.47767 4.285336 -1.8 -1.500957 4.274725 -1.8 -1.522275 4.259144 -1.8 -1.540283 3.632573 -1.8 -1.624544 3.650291 -1.8 -1.608632 3.671406 -1.8 -1.597623 3.694595 -1.8 -1.592212 3.678758 -1.8 -1.778174 3.65682 -1.8 -1.768921 3.637866 -1.8 -1.7545 3.623097 -1.8 -1.735821 3.613439 -1.8 -1.714055</float_array>
          <technique_common>
            <accessor source="#wheel_loader_v1_048-mesh-positions-array" count="1620" stride="3">
              <param name="X" type="float"/>
              <param name="Y" type="float"/>
              <param name="Z" type="float"/>
            </accessor>
          </technique_common>
        </source>
        <source id="wheel_loader_v1_048-mesh-normals">
          <float_array id="wheel_loader_v1_048-mesh-normals-array" count="6105">-0.4835592 -5.53933e-7 -0.8753118 -0.4835563 0 -0.8753133 -0.4835587 -4.80895e-7 -0.875312 -0.4835558 0 -0.8753135 -0.5964717 0 -0.8026342 -0.5964709 0 -0.8026348 -0.5964716 0 -0.8026342 -0.5964707 0 -0.8026348 -0.6986365 0 -0.7154768 -0.6986361 0 -0.7154772 -0.6986364 0 -0.7154769 -0.698636 0 -0.7154773 -0.7882005 0 -0.6154185 -0.7882004 0 -0.6154186 -0.7882005 0 -0.6154186 -0.8635514 0 -0.504261 -0.8635535 -9.61791e-7 -0.5042573 -0.8635517 -1.46074e-7 -0.5042604 -0.8635538 -1.10787e-6 -0.5042568 -0.9233306 -1.10787e-6 -0.3840063 -0.9233288 -1.46074e-7 -0.3840104 -0.9233303 -9.61795e-7 -0.3840069 -0.9233286 0 -0.3840111 -0.9664538 0 -0.2568406 -0.966455 -9.61799e-7 -0.2568361 -0.966454 -1.46074e-7 -0.2568399 -0.9664552 -1.10787e-6 -0.2568355 -0.992154 -1.32944e-6 -0.1250218 -0.9921534 -1.75288e-7 -0.1250267 -0.992154 -1.15415e-6 -0.1250225 -0.9921534 0 -0.1250275 -0.9999594 0 0.009024381 -0.9999594 0 0.009024381 -0.9999594 0 0.009024381 -0.9999594 0 0.009024381 -0.9897313 0 0.1429411 -0.9897312 0 0.1429411 -0.9897312 0 0.1429411 -0.1090958 0 -0.9940313 -0.1090751 0 -0.9940335 -0.3012683 0 -0.9535395 -0.3012731 -6.54009e-7 -0.953538 -0.4818471 -1.30814e-6 -0.8762553 -0.4818543 0 -0.8762514 -0.6438125 0 -0.7651834 -0.7809434 0 -0.6246019 -0.7809438 0 -0.6246016 -0.8879811 0 -0.45988 -0.8879722 -2.6163e-6 -0.4598973 -0.9607238 0 -0.2775063 -0.9607284 0 -0.2774909 -0.9964328 0 -0.08439093 -0.9964328 0 -0.08439087 -0.9937067 0 0.1120136 -0.9959768 0 0.08961117 -0.9959769 0 0.08961009 -0.9959768 0 0.08961111 -0.995977 0 0.08961004 -0.9884966 0 -0.151244 -0.9884968 0 -0.151242 -0.9235779 0 -0.3834111 -0.9235777 0 -0.3834114 -0.8049448 0 -0.5933498 -0.6395794 0 -0.7687251 -0.4370262 0 -0.8994489 -0.4370256 0 -0.8994492 -0.2090535 0 -0.9779042 -0.2090532 0 -0.9779043 0.0310204 0 -0.9995188 0.03102034 0 -0.9995188 0.2693317 0 -0.9630476 0.2693321 0 -0.9630474 0.4920418 0 -0.8705716 0.492051 0 -0.8705665 0.6860318 0 -0.7275717 0.6860314 0 -0.727572 0.8402168 0 -0.5422507 0.8402133 0 -0.5422561 0.9455652 0 -0.3254329 0.945564 0 -0.3254363 0.9455651 0 -0.3254332 0.9455639 0 -0.3254365 -0.995971 0 0.08967584 -0.9959711 0 0.0896759 -0.9959711 0 0.08967584 -0.9884893 0 -0.1512912 -0.9235609 0 -0.3834517 -0.8049569 0 -0.5933334 -0.804957 0 -0.5933332 -0.6395708 0 -0.7687323 -0.639571 0 -0.768732 -0.4370236 0 -0.8994501 -0.4370249 0 -0.8994494 -0.2090617 0 -0.9779025 -0.2090625 0 -0.9779023 0.03102296 0 -0.9995188 0.2693407 0 -0.9630451 0.4919742 0 -0.8706099 0.4919739 0 -0.87061 0.6860385 0 -0.7275652 0.6860387 0 -0.7275651 0.8402144 0 -0.5422546 0.8402147 0 -0.542254 0.945573 0 -0.3254103 0.9455729 0 -0.3254104 0.945573 0 -0.3254103 -0.9959466 0 0.08994746 -0.9959464 0 0.08994853 -0.9959466 0 0.08994758 -0.9959464 0 0.08994865 -0.9884715 0 -0.1514069 -0.9884721 0 -0.1514028 -0.9235798 0 -0.3834064 -0.8048891 0 -0.5934255 -0.8048979 0 -0.5934135 -0.6396279 0 -0.7686848 -0.4370052 0 -0.8994591 -0.2090656 0 -0.9779016 -0.2090659 0 -0.9779016 0.03096324 0 -0.9995206 0.03098922 0 -0.9995198 0.2695027 0 -0.9629997 0.2695268 0 -0.9629929 0.4919404 0 -0.870629 0.6859072 0 -0.727689 0.685921 0 -0.727676 0.8403008 0 -0.5421206 0.8403004 0 -0.5421211 0.9455098 0 -0.3255936 0.9455124 0 -0.3255861 0.94551 0 -0.3255929 0.9455127 0 -0.3255856 -0.9959768 0 0.08961224 -0.9959768 0 0.08961129 -0.9959768 0 0.08961236 -0.988496 0 -0.1512479 -0.9884962 0 -0.1512461 -0.9235836 0 -0.3833972 -0.9235817 0 -0.3834019 -0.8049545 0 -0.5933366 -0.8049549 0 -0.5933361 -0.6395689 0 -0.7687337 -0.6395613 0 -0.7687402 -0.4370046 0 -0.8994594 -0.4370157 0 -0.8994539 -0.2090407 0 -0.977907 0.03105151 0 -0.9995179 0.03106456 0 -0.9995175 0.26932 0 -0.9630509 0.2693196 0 -0.9630509 0.4920237 0 -0.8705819 0.6859486 0 -0.7276501 0.8402171 0 -0.5422501 0.9455654 0 -0.3254326 0.9455652 0 -0.3254328 0.9455653 0 -0.3254325 -0.9884962 0 -0.1512459 -0.9235834 0 -0.3833975 -0.9235816 0 -0.3834022 -0.6395694 0 -0.7687334 0.2693306 0 -0.9630479 0.6859279 0 -0.7276695 0.9455654 0 -0.3254325 -0.8049445 0 -0.5933503 0.2693376 0 -0.9630459 0.2693371 0 -0.963046 0.4920328 0 -0.8705768 0.4920426 0 -0.8705711 0.9455717 0 -0.325414 0.9455704 0 -0.3254177 0.9455716 0 -0.3254142 0.9455704 0 -0.325418 -0.6396275 0 -0.7686851 0.03096449 0 -0.9995205 0.03099054 0 -0.9995197 0.2694917 0 -0.9630028 0.2695163 0 -0.9629958 0.4919412 0 -0.8706285 0.9455228 0 -0.3255562 0.9455252 0 -0.3255491 0.9455229 0 -0.3255556 0.9455254 0 -0.3255485 -0.995971 0 0.08967596 -0.9959711 0 0.08967584 -0.9959711 0 0.08967584 -0.9235574 0 -0.3834605 -0.6395756 0 -0.7687283 -0.6395763 0 -0.7687278 -0.4370242 0 -0.8994497 -0.4370243 0 -0.8994498 0.2693381 0 -0.9630458 0.2693377 0 -0.9630459 0.4919784 0 -0.8706074 0.4919781 0 -0.8706076 0.8402096 0 -0.542262 0.8402099 0 -0.5422615 0.9455763 0 -0.3254008 0.9455763 0 -0.3254009 0.9455763 0 -0.3254009 -0.1090732 -3.27052e-7 -0.9940338 -0.301263 -6.5401e-7 -0.9535411 -0.3012778 0 -0.9535364 -0.4818537 0 -0.8762516 -0.6438039 -1.30806e-6 -0.7651906 -0.7809441 0 -0.6246011 -0.780952 0 -0.6245912 -0.8879742 0 -0.4598934 -0.8879722 0 -0.4598971 -0.9607284 0 -0.2774906 -0.9937067 0 0.1120134 -0.4835565 0 -0.8753132 -0.4835559 0 -0.8753135 -0.4835565 0 -0.8753132 -0.5964713 0 -0.8026344 -0.5964711 0 -0.8026345 -0.7882001 0 -0.6154191 -0.7882007 0 -0.6154182 -0.7882002 0 -0.6154189 -0.7882009 0 -0.6154181 -0.8635538 0 -0.504257 -0.8635538 0 -0.5042568 -0.8635537 0 -0.5042569 -0.8635538 0 -0.5042568 -0.9233285 0 -0.3840112 -0.9233283 0 -0.3840114 -0.9233285 0 -0.3840113 -0.9233284 0 -0.3840115 -0.9664551 0 -0.2568356 -0.9664552 0 -0.2568352 -0.9664551 0 -0.2568356 -0.9664553 0 -0.2568351 -0.9921534 0 -0.1250274 -0.9921533 0 -0.1250272 -0.9921533 0 -0.1250274 -0.9921534 0 -0.1250272 -0.9999592 0 0.009030044 -0.989732 0 0.1429357 -0.989732 0 0.1429355 -0.989732 0 0.1429356 -0.989732 0 0.1429354 -0.9628361 1.18658e-4 0.2700865 -0.9626266 8.33917e-5 0.2708324 -0.9617999 -6.06072e-5 0.2737536 -0.9617525 -3.26781e-5 0.2739204 -0.9614516 -7.51984e-5 0.2749744 -0.9214103 1.1213e-4 0.3885911 -0.9201264 1.86747e-5 0.3916215 -0.9192032 -1.25088e-4 0.3937837 -0.9183284 -1.10086e-4 0.3958196 -0.8654289 2.13585e-4 0.5010316 -0.86268 5.7189e-5 0.5057503 -0.8607116 -1.63432e-4 0.509093 -0.8588057 -1.57784e-4 0.5123017 -0.7958296 3.06136e-4 0.6055207 -0.7845659 -4.04966e-4 0.6200455 -0.784565 -1.99965e-4 0.6200465 -0.7845651 -2.02007e-4 0.6200465 -0.7136468 3.85048e-4 0.7005057 -0.6969482 -4.81875e-4 0.7171214 -0.6969483 -2.38086e-4 0.7171214 -0.6969484 -2.40229e-4 0.7171214 -0.6202223 4.57121e-4 0.784426 -0.597357 -5.50218e-4 0.8019753 -0.5973573 -2.72018e-4 0.8019753 -0.5973573 -2.74139e-4 0.8019752 -0.5169913 5.19711e-4 0.8559907 -0.4876057 -6.06614e-4 0.8730638 -0.4876059 -3.0008e-4 0.8730639 -0.4876059 -3.02058e-4 0.8730639 -0.4056916 5.74035e-4 0.9140099 -0.3694429 -6.5644e-4 0.9292532 -0.369441 -3.24924e-4 0.9292541 -0.3694411 -3.26675e-4 0.9292542 -0.2878711 6.15661e-4 0.957669 -0.2450289 -6.9292e-4 0.9695156 -0.245029 -3.43187e-4 0.9695157 -0.245029 -3.44625e-4 0.9695157 -0.1656259 6.50722e-4 0.9861885 -0.1163572 -7.2296e-4 0.9932072 -0.1163572 -3.58281e-4 0.9932075 -0.1163732 -2.42277e-5 0.9932056 -0.04069441 6.74044e-4 0.9991715 0.01426243 -7.42101e-4 0.999898 0.01426476 -3.67979e-4 0.9998983 0.01426476 -3.68636e-4 0.9998982 0.08484864 6.88651e-4 0.9963936 0.1446564 -7.51971e-4 0.9894817 0.1446564 -3.73105e-4 0.9894819 0.1446565 -3.73325e-4 0.9894819 0.209072 6.9381e-4 0.9779 0.2725749 -7.5128e-4 0.9621343 0.272575 -3.72985e-4 0.9621345 0.272575 -3.72759e-4 0.9621345 0.3299812 6.89142e-4 0.9439874 0.3958394 -7.41618e-4 0.9183195 0.3958415 -3.68409e-4 0.9183188 0.3958415 -3.67745e-4 0.9183189 0.4456854 6.7424e-4 0.8951895 0.5123147 -7.23383e-4 0.8587975 0.512315 -3.59564e-4 0.8587977 0.5123149 -3.58488e-4 0.8587976 0.5543779 6.49645e-4 0.8322649 0.620021 -6.94902e-4 0.7845849 0.6200212 -3.45613e-4 0.7845851 0.6200187 -8.66791e-6 0.7845871 0.6543363 6.16454e-4 0.7562034 0.7171248 -6.54465e-4 0.6969445 0.717125 -3.25695e-4 0.6969445 0.717125 -3.23944e-4 0.6969445 0.7439271 5.73117e-4 0.6682606 0.8019593 -6.07186e-4 0.5973784 0.8019595 -3.02346e-4 0.5973784 0.8019595 -3.0036e-4 0.5973784 0.8218245 5.20463e-4 0.5697405 0.8730751 -5.50223e-4 0.4875856 0.8730752 -2.74143e-4 0.4875856 0.8730753 -2.72018e-4 0.4875856 0.8867387 4.56518e-4 0.4622709 0.9292491 -4.84148e-4 0.3694537 0.9292495 -2.41364e-4 0.369453 0.9292495 -2.39207e-4 0.369453 0.9377106 3.858e-4 0.3474175 0.9695119 -4.04404e-4 0.2450441 0.9695119 -2.01728e-4 0.2450441 0.9695119 -1.99686e-4 0.245044 0.9738449 3.04206e-4 0.2272137 0.9932114 -3.16695e-4 0.1163228 0.9932115 -1.5807e-4 0.1163228 0.9932115 -1.56283e-4 0.1163228 0.994642 2.10615e-4 0.1033796 0.999899 -2.24415e-4 -0.01421189 0.999899 -1.12076e-4 -0.01421195 0.9998991 -1.10677e-4 -0.01421195 0.999755 1.13058e-4 -0.02213418 0.9891033 -1.18657e-4 -0.1472237 0.9892175 -8.28823e-5 -0.1464546 0.989664 6.55714e-5 -0.1434064 0.9896748 2.99692e-5 -0.1433313 0.9898424 7.47965e-5 -0.1421689 0.999755 -1.12725e-4 -0.02213418 0.9998227 -1.67865e-5 -0.01882702 0.9998648 1.28993e-4 -0.01644325 0.999899 1.12076e-4 -0.01421189 0.994642 -2.10021e-4 0.1033796 0.994068 -5.47278e-5 0.1087606 0.9936333 1.68193e-4 0.1126635 0.9932115 1.58068e-4 0.1163228 0.9738449 -3.04355e-4 0.2272136 0.9695119 4.04404e-4 0.2450441 0.969512 1.99688e-4 0.2450441 0.9695119 2.01726e-4 0.2450441 0.9377106 -3.85652e-4 0.3474174 0.9292491 4.84148e-4 0.3694538 0.9292495 2.39209e-4 0.369453 0.9292494 2.41362e-4 0.369453 0.8867386 -4.56815e-4 0.4622709 0.8730751 5.50223e-4 0.4875856 0.8730753 2.7202e-4 0.4875856 0.8730753 2.74141e-4 0.4875856 0.8218246 -5.20315e-4 0.5697405 0.8019593 6.07186e-4 0.5973785 0.8019594 3.00363e-4 0.5973784 0.8019595 3.02343e-4 0.5973785 0.7439271 -5.73117e-4 0.6682606 0.7171248 6.54465e-4 0.6969445 0.717125 3.23946e-4 0.6969445 0.717125 3.25692e-4 0.6969445 0.6543363 -6.16454e-4 0.7562035 0.6200209 6.94902e-4 0.784585 0.6200211 3.44169e-4 0.7845852 0.6200212 3.4561e-4 0.7845851 0.5543779 -6.49645e-4 0.8322649 0.5123147 7.23383e-4 0.8587975 0.5123149 3.58491e-4 0.8587976 0.5123202 2.41071e-5 0.8587946 0.4456853 -6.7424e-4 0.8951896 0.3958394 7.41618e-4 0.9183195 0.3958396 3.67748e-4 0.9183197 0.3958396 3.68406e-4 0.9183197 0.3299875 -6.89007e-4 0.9439852 0.2725749 7.51564e-4 0.9621343 0.2725729 3.72904e-4 0.9621351 0.2725729 3.73123e-4 0.9621351 0.2090678 -6.93722e-4 0.9779009 0.1446564 7.51971e-4 0.9894818 0.1446564 3.73328e-4 0.9894819 0.1446565 3.73102e-4 0.9894819 0.08484864 -6.88651e-4 0.9963936 0.01426273 7.42097e-4 0.9998981 0.014265 3.68646e-4 0.9998982 0.014265 3.67983e-4 0.9998983 -0.04069441 -6.74006e-4 0.9991715 -0.116355 7.23089e-4 0.9932075 -0.116355 3.59346e-4 0.9932077 -0.116355 3.58272e-4 0.9932076 -0.1656259 -6.50722e-4 0.9861885 -0.2450289 6.9292e-4 0.9695156 -0.245029 3.44628e-4 0.9695157 -0.2450312 7.67891e-6 0.9695153 -0.2878712 -6.15661e-4 0.957669 -0.3694429 6.5644e-4 0.9292532 -0.3694412 3.26678e-4 0.9292542 -0.3694411 3.24921e-4 0.9292541 -0.4056916 -5.73886e-4 0.9140099 -0.4876057 6.06614e-4 0.8730638 -0.4876058 3.02061e-4 0.8730639 -0.4876059 3.00077e-4 0.8730638 -0.5169913 -5.19859e-4 0.8559906 -0.5973571 5.50218e-4 0.8019752 -0.5973588 2.74141e-4 0.8019741 -0.5973587 2.72015e-4 0.8019741 -0.6202223 -4.57269e-4 0.784426 -0.6969481 4.81875e-4 0.7171214 -0.6969494 2.40231e-4 0.7171203 -0.6969494 2.38084e-4 0.7171202 -0.7136568 -3.85498e-4 0.7004955 -0.7845658 4.04397e-4 0.6200455 -0.7845659 2.01725e-4 0.6200454 -0.7845659 1.99683e-4 0.6200456 -0.7958198 -3.05909e-4 0.6055335 -0.8588049 3.16126e-4 0.5123026 -0.8588051 1.57785e-4 0.5123026 -0.8588051 1.56002e-4 0.5123026 -0.865429 -2.13363e-4 0.5010316 -0.9183284 2.20431e-4 0.3958196 -0.9183283 1.10087e-4 0.3958196 -0.9183284 1.08712e-4 0.3958196 -0.9214103 -1.12205e-4 0.3885911 0.9891032 0 -0.1472239 -0.9628308 -3.95524e-7 0.2701054 0.9628523 0 -0.2700286 0.9617769 -6.61648e-5 -0.2738347 0.9614334 -7.69545e-5 -0.275038 0.9617608 -3.143e-5 -0.2738913 0.9213785 1.09756e-4 -0.3886666 0.9201065 1.72902e-5 -0.3916683 0.9191908 -1.28415e-4 -0.3938128 0.9183276 -1.09233e-4 -0.3958212 0.8654623 2.13587e-4 -0.5009739 0.8626981 5.64324e-5 -0.5057194 0.8607201 -1.66738e-4 -0.5090787 0.8587989 -1.59203e-4 -0.5123129 0.7957766 3.03164e-4 -0.6055903 0.7845641 -4.03828e-4 -0.6200477 0.7845643 -1.99404e-4 -0.6200476 0.7845643 -2.01423e-4 -0.6200476 0.7136584 3.86228e-4 -0.7004939 0.6969411 -4.81879e-4 -0.7171282 0.696946 -2.378e-4 -0.7171236 0.6969457 -2.39954e-4 -0.7171238 0.6202293 4.58019e-4 -0.7844205 0.5974056 -5.48525e-4 -0.8019391 0.5974058 -2.71181e-4 -0.8019391 0.5974057 -2.73295e-4 -0.8019391 0.5169947 5.21489e-4 -0.8559885 0.4875752 -6.05459e-4 -0.8730807 0.4875754 -2.99509e-4 -0.8730809 0.4875754 -3.01483e-4 -0.873081 0.4056494 5.74602e-4 -0.9140287 0.3694708 -6.52771e-4 -0.9292421 0.3694749 -3.23108e-4 -0.9292407 0.369475 -3.2485e-4 -0.9292406 0.2879085 6.19091e-4 -0.9576578 0.2449893 -6.92316e-4 -0.9695255 0.2449852 -3.42888e-4 -0.9695268 0.2449853 -3.44324e-4 -0.9695268 0.1656259 6.50648e-4 -0.9861885 0.1163774 -7.22945e-4 -0.9932049 0.1163774 -3.58273e-4 -0.993205 0.1163784 -2.38347e-5 -0.993205 0.04068577 6.74289e-4 -0.9991717 -0.01427179 -7.42115e-4 -0.9998979 -0.01427644 -3.67994e-4 -0.999898 -0.01427626 -3.68652e-4 -0.9998981 -0.08485335 6.88576e-4 -0.9963933 -0.1446581 -7.51814e-4 -0.9894815 -0.1446581 -3.73027e-4 -0.9894816 -0.1446564 -3.7743e-5 -0.989482 -0.2090795 6.93644e-4 -0.9778985 -0.2725742 -7.51056e-4 -0.9621345 -0.2725785 -3.72874e-4 -0.9621335 -0.2725795 -3.7141e-5 -0.9621334 -0.3299729 6.89381e-4 -0.9439902 -0.39584 -7.41602e-4 -0.9183192 -0.3958401 -3.684e-4 -0.9183194 -0.3958401 -3.67745e-4 -0.9183194 -0.4456781 6.73961e-4 -0.8951932 -0.5123044 -7.23356e-4 -0.8588038 -0.512308 -3.59837e-4 -0.8588018 -0.5123077 -3.58753e-4 -0.858802 -0.5543877 6.4964e-4 -0.8322584 -0.6200031 -6.94327e-4 -0.7845991 -0.6200061 -3.45327e-4 -0.784597 -0.6200087 1.35411e-4 -0.7845951 -0.6543318 6.16589e-4 -0.7562075 -0.7171346 -6.54474e-4 -0.6969345 -0.7171347 -3.25699e-4 -0.6969345 -0.7171349 -3.23948e-4 -0.6969343 -0.7439371 5.72976e-4 -0.6682494 -0.8019565 -6.0717e-4 -0.5973823 -0.8019567 -3.02338e-4 -0.5973823 -0.8019567 -3.00361e-4 -0.5973822 -0.8218056 5.1971e-4 -0.5697678 -0.8730729 -5.50227e-4 -0.4875895 -0.8730731 -2.74431e-4 -0.4875894 -0.873073 -2.723e-4 -0.4875897 -0.886745 4.56527e-4 -0.4622588 -0.9292485 -4.83011e-4 -0.3694553 -0.9292492 -2.40797e-4 -0.3694537 -0.9292492 -2.38645e-4 -0.3694537 -0.9377111 3.85057e-4 -0.347416 -0.9695159 -4.04409e-4 -0.245028 -0.9695163 -2.01731e-4 -0.2450268 -0.9695163 -1.99689e-4 -0.2450269 -0.9738451 3.04057e-4 -0.2272126 -0.9932028 -3.17825e-4 -0.1163969 -0.9932028 -1.58633e-4 -0.1163966 -0.9932029 -1.5684e-4 -0.1163966 -0.9946419 2.1284e-4 -0.1033801 -0.9998981 -2.19859e-4 0.01427024 -0.9998982 -1.09801e-4 0.01427024 -0.9998983 -1.0843e-4 0.01427024 -0.9997551 1.12317e-4 0.0221343 -0.9891032 -1.19844e-4 0.1472244 -0.9892168 -8.42571e-5 0.1464591 -0.9896638 6.00654e-5 0.1434072 -0.989681 3.2696e-5 0.1432886 -0.9898395 7.44105e-5 0.1421895 -0.9997555 -1.12132e-4 0.02211403 -0.9998226 -1.80981e-5 0.01883643 -0.9998636 1.23829e-4 0.01652115 -0.9998982 1.098e-4 0.0142703 -0.994644 -2.14176e-4 -0.10336 -0.9940653 -5.77128e-5 -0.1087859 -0.9936297 1.66133e-4 -0.1126943 -0.9932028 1.58632e-4 -0.1163969 -0.9738451 -3.04353e-4 -0.2272126 -0.9695159 4.04409e-4 -0.245028 -0.969516 1.99691e-4 -0.245028 -0.969516 2.01729e-4 -0.2450279 -0.9377111 -3.85057e-4 -0.3474159 -0.9292485 4.83011e-4 -0.3694553 -0.9292486 2.38647e-4 -0.3694553 -0.9292485 2.40795e-4 -0.3694553 -0.8867367 -4.55632e-4 -0.4622749 -0.8730646 5.49083e-4 -0.4876042 -0.8730648 2.71457e-4 -0.4876042 -0.873065 2.73565e-4 -0.487604 -0.821815 -5.19716e-4 -0.5697541 -0.8019657 6.07177e-4 -0.5973697 -0.8019627 3.00071e-4 -0.5973742 -0.8019627 3.02061e-4 -0.5973742 -0.7439373 -5.73125e-4 -0.6682493 -0.7171345 6.54474e-4 -0.6969345 -0.7171392 3.23951e-4 -0.6969299 -0.7171391 3.25697e-4 -0.69693 -0.6543318 -6.16441e-4 -0.7562074 -0.6200032 6.94328e-4 -0.7845991 -0.6200061 3.43885e-4 -0.7845969 -0.6200124 -1.33915e-4 -0.784592 -0.5543878 -6.4964e-4 -0.8322583 -0.5122959 7.23913e-4 -0.8588088 -0.5122926 3.58753e-4 -0.8588109 -0.5122929 3.59816e-4 -0.8588107 -0.4456782 -6.73664e-4 -0.8951931 -0.3958471 7.42185e-4 -0.9183161 -0.3958434 3.67742e-4 -0.918318 -0.3958434 3.68408e-4 -0.918318 -0.3299729 -6.89381e-4 -0.9439902 -0.2725742 7.51056e-4 -0.9621345 -0.2725701 3.72651e-4 -0.962136 -0.2725716 3.7365e-5 -0.9621356 -0.2090795 -6.93644e-4 -0.9778985 -0.144658 7.51814e-4 -0.9894815 -0.1446581 3.7325e-4 -0.9894816 -0.1446581 3.73024e-4 -0.9894816 -0.08485335 -6.88576e-4 -0.9963932 -0.01427185 7.42115e-4 -0.999898 -0.01427185 3.68655e-4 -0.9998981 -0.01427197 3.67991e-4 -0.9998981 0.04068493 -6.74266e-4 -0.9991719 0.1163774 7.23087e-4 -0.9932049 0.116373 3.59417e-4 -0.9932056 0.1163763 -1.20949e-4 -0.9932052 0.1656259 -6.50573e-4 -0.9861885 0.2449893 6.92601e-4 -0.9695255 0.2449894 3.44469e-4 -0.9695257 0.2449893 3.43026e-4 -0.9695257 0.287914 -6.18955e-4 -0.9576562 0.3694708 6.52771e-4 -0.9292421 0.3694789 3.24852e-4 -0.9292391 0.3694788 3.23105e-4 -0.9292392 0.4056418 -5.74146e-4 -0.914032 0.4875753 6.06029e-4 -0.8730808 0.487572 3.0177e-4 -0.8730829 0.4875721 2.99788e-4 -0.8730828 0.5170038 -5.21795e-4 -0.855983 0.5974056 5.48525e-4 -0.8019391 0.5974028 2.73297e-4 -0.8019414 0.5974028 2.71178e-4 -0.8019413 0.6202293 -4.58019e-4 -0.7844205 0.6969314 4.81873e-4 -0.7171377 0.6969339 2.4023e-4 -0.7171354 0.6969341 2.38091e-4 -0.7171351 0.7136583 -3.86672e-4 -0.7004939 0.7845735 4.02694e-4 -0.6200358 0.7845701 2.01446e-4 -0.6200401 0.7845701 1.99402e-4 -0.6200402 0.7957766 -3.02867e-4 -0.6055904 0.8587988 3.18968e-4 -0.512313 0.8588001 1.59204e-4 -0.512311 0.8588001 1.57404e-4 -0.5123109 0.8654624 -2.13587e-4 -0.5009738 0.9183275 2.18723e-4 -0.3958213 0.9183276 1.09234e-4 -0.3958212 0.9183276 1.0787e-4 -0.3958212 0.9213785 -1.09533e-4 -0.3886666 0.9628526 1.21032e-4 -0.2700278 0.9626255 8.24062e-5 -0.2708363 -0.9891002 -3.95526e-7 0.1472446 1.52969e-7 -1 -9.49639e-6 0 -1 -3.07165e-7 3.15388e-7 -1 1.51491e-6 0 -1 5.10415e-7 0 -1 2.27491e-7 0 -1 -3.69387e-6 0 -1 0 0 -1 -1.47648e-7 0 -1 -1.08625e-5 0 -1 -5.34421e-7 0 -1 6.42458e-7 0 -1 -3.71245e-6 0 -1 -1.77723e-6 1.2735e-7 -1 -2.08956e-7 5.34306e-7 -1 1.6368e-5 0 -1 -6.17306e-6 7.57984e-7 -1 8.47309e-7 -1.65154e-7 -1 -6.19259e-6 -2.51401e-6 -1 3.06785e-5 0 -1 4.55052e-5 0 -1 1.18312e-6 0 -1 -6.79073e-7 0 -1 -1.36951e-6 0 -1 -6.08782e-7 0 -1 -1.00871e-6 0 -1 -6.0909e-7 0 -1 -3.52718e-6 0 -1 -1.57098e-6 0 -1 6.9812e-7 0 -1 4.8674e-7 0 -1 3.38659e-6 0 -1 2.477e-7 0 -1 -6.46656e-7 0 -1 -4.24922e-7 0 -1 -1.40389e-6 0 -1 -1.77536e-5 0 -1 4.60336e-6 0 -1 -2.75387e-5 0 -1 7.41915e-7 0 -1 1.29004e-6 0 -1 2.57234e-6 0 -1 5.90939e-7 0 -1 -1.65173e-6 1.23078e-7 -1 -5.84978e-6 0 -1 1.49621e-6 0 -1 1.39349e-6 0 -1 -4.89653e-6 1.86444e-7 -1 -1.653e-6 2.06403e-7 -1 1.55906e-6 2.25598e-7 -1 4.22376e-6 2.40501e-7 -1 -4.78941e-6 1.98275e-7 -1 -2.99132e-6 1.96268e-7 -1 4.88231e-6 1.86668e-7 -1 -4.26703e-6 1.99125e-7 -1 -5.69686e-6 1.74455e-7 -1 0 1.6022e-7 -1 0 2.01448e-7 -1 -7.23585e-6 1.397e-7 -1 1.34109e-5 2.07744e-7 -1 -1.18265e-6 0 -1 4.52909e-6 2.28303e-7 -1 4.06974e-6 0 -1 -3.56343e-5 3.41549e-7 -1 -3.93317e-6 0 -1 -3.39876e-6 0 -1 0 0 -1 1.6368e-5 0 -1 0 0 -1 2.41484e-7 2.60218e-4 -0.9999995 0.001021981 -3.19914e-4 -1 1.01298e-4 0 -1 1.75397e-6 0 -1 -3.14218e-6 0 -1 -6.92277e-6 0 -1 -4.68565e-6 0 -1 2.00541e-6 0 -1 1.42217e-4 0 -1 3.37323e-6 0 -1 2.06769e-6 0 -1 -2.10381e-7 0 -1 -3.00341e-6 0 -1 -6.66164e-7 0 -1 1.67064e-5 0 -1 -1.53968e-6 0 -1 -1.62731e-6 0 -1 1.5903e-6 0 -1 1.22539e-7 0 -1 0 0 -1 2.83042e-6 0 -1 0 0 -1 1.1243e-5 0 -1 -9.28264e-6 0 -1 -4.015e-7 0 -1 -1.26707e-7 0 -1 -3.24601e-7 0 -1 0 0 -1 6.26471e-7 0 -1 -1.01232e-5 0 -1 9.00798e-6 0 -1 -1.04808e-6 0 -1 3.06256e-6 0 -1 3.43153e-5 0 -1 -2.10137e-6 0 -1 2.42799e-6 0 -1 -1.06448e-6 0 -1 -1.58172e-6 0 -1 4.33132e-7 0 -1 -5.46713e-7 0 -1 -1.72589e-7 0 -1 0 0 -1 0 0 -1 0 0 -1 6.01931e-6 0 -1 -6.71103e-7 0 -1 -8.34787e-6 0 -1 1.74136e-5 0 -1 -5.71624e-5 0 -0.99998 0.00632894 -2.31546e-4 -0.9999985 -0.001750051 0 -1 -6.36982e-6 0 -1 1.08051e-6 0 -1 -2.53255e-7 0 -1 -1.86738e-6 0 -1 1.20133e-7 0 -1 1.42075e-6 0 -1 1.23944e-6 0 -1 -2.4491e-6 0 -1 1.32615e-5 0 -1 -2.11661e-7 0 -1 -1.73136e-6 0 -1 -1.12497e-5 0 -1 -1.6887e-6 -3.84078e-7 -1 -4.33685e-6 0 -1 -6.26184e-6 0 -1 1.99989e-6 0 -1 4.26715e-6 0 -1 0 0 -1 -3.98885e-6 0 -1 0 1.68809e-7 -1 4.55729e-6 1.64862e-7 -1 -1.39197e-6 0 -1 -3.46999e-6 1.19489e-7 -1 1.03436e-6 0 -1 -1.56577e-6 0 -1 1.71542e-6 0 -1 -6.76372e-6 0 -1 2.22269e-7 0 -1 3.28045e-6 0 -1 -1.08944e-5 0 -1 0 0 -1 -2.91083e-6 0 -1 1.1916e-6 0 -1 5.97916e-7 0 -1 1.34235e-6 0 -1 -4.04967e-6 0 -1 1.07305e-5 0 -1 -4.93085e-6 0 -1 2.98452e-7 0 -1 5.49243e-6 0 -1 -9.58548e-7 0 -1 -3.60257e-5 0 -1 3.65984e-5 0 -1 -4.41185e-6 0 -1 2.48657e-6 0 -1 1.05621e-5 0 -1 -2.0284e-6 0 -1 7.03316e-6 0 -1 -1.22662e-7 0 -1 -5.14075e-7 0 -1 0 0 -1 -1.05936e-6 0 -1 -2.22129e-7 0 -1 -1.08273e-6 0 -1 -5.03336e-6 0 -1 1.06508e-6 0 -1 2.42477e-6 0 -1 -4.29095e-6 0 -1 1.71255e-6 0 -1 0 0 -1 1.6334e-6 0 -1 -1.67656e-5 0 -1 -2.86433e-6 0 -1 -1.25602e-7 0 -1 3.05081e-6 0 -1 2.32711e-6 0 -1 0 0 -1 1.53653e-6 0 -1 -2.85165e-6 0 -1 0 0 -1 1.07281e-5 0 -1 0 2.11008e-7 -1 -2.43531e-6 2.13449e-7 -1 2.63139e-7 2.33269e-7 -1 0 1.7666e-7 -1 1.9706e-6 2.5139e-7 -1 0 2.04269e-7 -1 2.3854e-7 0 -1 0 0 -1 -2.32933e-6 0 -1 0 0 -1 7.96486e-7 0 -1 0 0 -1 4.82373e-7 0 -1 0 0 -1 0 0 -1 -2.20576e-7 0 -1 0 0 -1 -7.49354e-7 0 -1 1.89551e-5 0 -1 -1.01205e-5 0 -1 5.8066e-6 0 -1 1.50011e-6 0 -1 -1.29131e-6 0 -1 -1.10011e-6 0 -1 4.24988e-6 0 -1 4.80725e-6 0 -1 7.51993e-7 0 -1 0 0 -1 -1.88219e-6 0 -1 0 0 -1 1.68897e-6 0 -1 2.50022e-6 0 -1 -2.08359e-5 0 -1 -4.2654e-6 0 -1 3.37212e-6 -0.9604955 0 0.2782958 -0.9604955 0 0.2782955 -0.9604955 0 0.2782957 -0.9604956 0 0.2782954 -0.9111105 0 0.4121623 -0.9111106 0 0.412162 -0.9111105 0 0.4121623 -0.9111106 0 0.412162 -0.843185 0 0.5376236 -0.8431848 0 0.5376239 -0.843185 0 0.5376237 -0.8431848 0 0.537624 -0.7580909 0 0.6521489 -0.758091 0 0.652149 -0.6575584 0 0.7534037 -0.657558 0 0.753404 -0.6575583 0 0.7534037 -0.657558 0 0.7534041 -0.5436426 0 0.8393169 -0.5436422 0 0.8393171 -0.5436425 0 0.8393169 -0.5436422 0 0.8393172 -0.4186721 0 0.9081376 -0.4186732 0 0.908137 -0.4186723 0 0.9081374 -0.4186734 0 0.9081369 -0.2851631 0 0.958479 -0.1458541 0 0.9893061 -0.003576934 0 0.9999936 0.1387645 0 0.9903255 -0.4236887 0 -0.905808 -0.4236885 0 -0.9058079 -0.4236886 0 -0.9058079 -0.4236885 0 -0.905808 -0.2090665 0 -0.9779014 -0.2090666 0 -0.9779014 -0.2090672 0 -0.9779013 -0.2090673 0 -0.9779013 -0.9811705 0 0.1931434 -0.9811705 0 0.1931435 -0.9811705 0 0.1931437 -0.9811705 0 0.1931437 -0.9999138 0 -0.01312917 -0.9999138 0 -0.01312917 -0.9758478 0 -0.2184517 -0.9758478 0 -0.2184519 -0.9758475 0 -0.2184534 -0.9758474 0 -0.2184535 -0.9100267 0 -0.4145499 -0.9100266 0 -0.4145498 -0.8051636 0 -0.5930529 -0.8051638 0 -0.5930525 -0.8051639 0 -0.5930525 -0.6659755 0 -0.7459737 -0.6659755 0 -0.7459737 -0.4981844 0 -0.8670711 -0.4981814 0 -0.8670729 -0.4981811 0 -0.8670731 -0.4981848 0 -0.8670709 -0.3091037 0 -0.9510284 -0.3091 0 -0.9510296 -0.3090996 0 -0.9510297 -0.3091041 0 -0.9510282 -0.9559596 0 0.2934985 -0.9747674 0 0.223223 -0.9747674 0 0.223223 -0.9678803 0 0.2514117 -0.967889 0 0.251378 -0.9678804 0 0.2514112 -0.9678891 0 0.2513775 -0.9599223 0 0.2802664 -0.9599387 0 0.2802101 -0.9599226 0 0.2802656 -0.9599389 0 0.2802094 -0.01095491 0 -0.99994 -0.01095491 0 -0.9999401 -0.01095461 0 -0.9999401 -0.01095461 0 -0.9999401 -0.499422 0 -0.8663589 -0.4994227 0 -0.8663585 -0.4994253 0 -0.866357 -0.499426 0 -0.8663566 -0.4167091 0 -0.90904 -0.4167106 0 -0.9090392 -0.4167163 0 -0.9090366 -0.4167179 0 -0.9090359 -0.3304256 0 -0.9438321 -0.3304264 0 -0.9438318 -0.3304295 0 -0.9438307 -0.3304303 0 -0.9438304 -0.2412603 0 -0.9704605 -0.2412603 0 -0.9704604 -0.2412605 0 -0.9704604 -0.2412606 0 -0.9704604 -0.1500014 0 -0.9886859 -0.1500023 0 -0.9886857 -0.1500056 0 -0.9886851 -0.1500066 0 -0.9886851 -0.05746895 0 -0.9983474 -0.05746895 0 -0.9983474 -0.05746889 0 -0.9983474 -0.05746889 0 -0.9983473 -0.5391767 0 -0.8421927 -0.5391767 0 -0.8421928 -0.5391764 0 -0.8421929 -0.5391763 0 -0.842193 0.2519629 0 -0.967737 0.2519629 0 -0.9677369 0.1571058 0 -0.9875818 0.1571059 0 -0.9875818 0.1571058 0 -0.9875819 0.157106 0 -0.9875819 0.06077665 0 -0.9981514 0.06075996 0 -0.9981524 0.06077295 0 -0.9981517 0.06075626 0 -0.9981527 -0.03615057 0 -0.9993464 -0.03614217 0 -0.9993467 -0.03614872 0 -0.9993465 -0.03614032 0 -0.9993467 -0.1327296 0 -0.9911523 -0.1327295 0 -0.9911524 -0.1327296 0 -0.9911523 -0.1327295 0 -0.9911524 -0.228084 0 -0.9736415 -0.2280763 0 -0.9736433 -0.2280823 0 -0.9736419 -0.2280746 0 -0.9736437 -0.3212379 0 -0.9469986 -0.3212431 0 -0.9469968 -0.321239 0 -0.9469982 -0.3212443 0 -0.9469964 -0.4114239 0 -0.9114442 -0.4114239 0 -0.9114441 -0.4977419 0 -0.8673253 -0.4977415 0 -0.8673256 -0.4977418 0 -0.8673253 -0.4977414 0 -0.8673256 0.298581 0 -0.9543843 0.05965501 0 0.9982191 0.05965501 0 0.9982191 0.05965501 0 0.9982191 0.05965495 0 0.9982191 0.2167273 0 0.9762322 0.2167134 0 0.9762353 0.2167152 0 0.976235 0.2167291 0 0.9762319 0.3683596 0 0.9296834 0.3683596 0 0.9296833 0.5107021 0 0.8597577 0.5107129 0 0.8597514 0.5107115 0 0.8597522 0.5107007 0 0.8597586 0.6402684 0 0.7681513 0.640277 0 0.7681441 0.6402759 0 0.768145 0.6402673 0 0.7681523 0.7536204 0 0.6573099 0.7536268 0 0.6573026 0.753626 0 0.6573035 0.7536196 0 0.6573108 0.8480708 0 0.529883 0.8480732 0 0.5298793 0.8480728 0 0.5298798 0.8480705 0 0.5298834 0.921233 0 0.3890115 0.9212352 0 0.3890063 0.9212349 0 0.389007 0.9212327 0 0.3890122 0.9711102 0 0.2386319 0.9711098 0 0.2386336 0.9711098 0 0.2386334 0.9711102 0 0.2386317 0.9966419 0 0.0818836 0.9966419 0 0.08188432 0.9966419 0 0.08188426 0.9966419 0 0.08188354 0.9970719 0 -0.07647007 0.9970719 0 -0.07647049 0.9970719 0 -0.07647043 0.9970719 0 -0.07647001 0.9723994 0 -0.2333225 0.9723986 0 -0.2333258 0.9723988 0 -0.2333254 0.9723995 0 -0.233322 0.9232646 0 -0.3841646 0.9232625 0 -0.3841698 0.9232628 0 -0.3841692 0.9232649 0 -0.3841639 0.850852 0 -0.5254055 0.8508484 0 -0.5254114 0.8508489 0 -0.5254106 0.8508526 0 -0.5254048 0.7572526 0 -0.6531222 0.7572589 0 -0.6531149 0.7572581 0 -0.6531159 0.7572518 0 -0.6531231 0.6443205 0 -0.7647556 0.5152618 0 -0.8570328 0.5152614 0 -0.8570331 0.5152614 0 -0.8570331 0.5152619 0 -0.8570328 0.3733393 0 -0.9276949 0.3733389 0 -0.927695 0.373339 0 -0.927695 0.3733393 0 -0.9276949 -0.01972866 0 0.9998054 -0.01972866 0 0.9998055 0.6817319 0 0.7316021 0.6817316 0 0.7316024 0.6817303 0 0.7316036 0.6817299 0 0.7316039 0.6031326 0 0.797641 0.5182529 0 0.8552275 0.5182523 0 0.855228 0.51825 0 0.8552292 0.5182493 0 0.8552296 0.4278854 0 0.9038331 0.427886 0 0.9038327 0.4278886 0 0.9038316 0.4278893 0 0.9038313 0.3330442 0 0.9429113 0.3330442 0 0.9429112 0.2346751 0 0.9720739 0.234676 0 0.9720737 0.2346788 0 0.972073 0.2346797 0 0.9720728 0.1338194 0 0.9910058 0.1338202 0 0.9910057 0.1338232 0 0.9910053 0.1338241 0 0.9910051 0.03159081 0 0.999501 0.03158992 0 0.9995009 0.03158694 0 0.9995011 0.03158605 0 0.9995011 0.7183411 0 0.6956911 0.7183405 0 0.6956917 0.718341 0 0.6956912 0.7183404 0 0.6956918 0.3398318 0 0.9404863 0.3488672 0 0.9371722 0.3488612 0 0.9371744 0.3488612 0 0.9371744 0.2935012 0 0.9559588 0.2935011 0 0.9559587 0.2935359 0 0.9559482 0.3028141 0 0.9530497 0.2090665 0 0.9779015 0.2090665 0 0.9779015 0.2090671 0 0.9779013 0.2090671 0 0.9779014 0.9959711 0 -0.0896759 0.9959711 0 -0.08967584 0.9959711 0 -0.08967584 0.9884888 0 0.1512944 0.9235609 0 0.3834517 0.8049644 0 0.5933233 0.8049643 0 0.5933235 0.6395708 0 0.7687323 0.639571 0 0.768732 0.4370078 0 0.8994578 0.4370071 0 0.8994581 0.2090839 0 0.9778978 -0.03104299 0 0.9995181 -0.03104406 0 0.999518 -0.2693407 -3.24059e-7 0.9630451 -0.2693377 0 0.9630459 -0.4919742 0 0.8706099 -0.4919739 0 0.87061 -0.6860276 0 0.7275756 -0.8402209 0 0.5422443 -0.8402204 0 0.5422451 -0.9455708 0 0.3254167 -0.9455707 0 0.3254167 -0.9455708 0 0.3254167 -0.9455708 0 0.3254168 0.9959771 0 -0.08960884 0.9959771 0 -0.08960884 0.9884721 0 0.151403 0.9884719 0 0.1514047 0.9235779 0 0.3834111 0.9235797 0 0.3834068 0.8050113 0 0.5932596 0.8050162 0 0.5932529 0.6395332 0 0.7687636 0.6395182 0 0.7687761 0.4370052 0 0.8994591 0.436994 0 0.8994644 0.209078 0 0.977899 0.2091029 0 0.9778937 -0.03109061 0 0.9995167 -0.03106456 0 0.9995175 -0.2693442 0 0.9630441 -0.2693558 0 0.9630408 -0.4919115 0 0.8706453 -0.4918912 0 0.8706569 -0.6861628 0 0.7274481 -0.6861563 0 0.7274542 -0.8401409 0 0.5423682 -0.8401372 0 0.5423741 -0.9456234 0 0.3252638 -0.9456246 0 0.3252601 -0.9456235 0 0.3252635 -0.9456248 0 0.3252598 0.995975 0 -0.08963185 0.995975 0 -0.08963185 0.9884968 0 0.151242 0.9235777 0 0.3834114 0.804935 0 0.5933629 0.8049347 0 0.5933635 0.639559 0 0.7687422 0.6395509 0 0.7687488 0.4370339 0 0.8994451 0.2090535 0 0.9779042 0.2090656 0 0.9779016 -0.03107756 0 0.999517 -0.2693317 0 0.9630476 -0.4919207 0 0.8706401 -0.6860386 0 0.7275651 -0.6860383 0 0.7275655 -0.8402225 0 0.5422417 -0.8402264 0 0.5422357 -0.9455704 0 0.325418 -0.9455716 0 0.3254142 -0.9455704 0 0.3254177 -0.9455717 0 0.325414 0.995977 0 -0.08961004 0.9959769 0 -0.08961004 0.9884966 0 0.151244 0.9235245 0 0.3835394 0.9235227 0 0.383544 0.8050006 0 0.5932741 0.804996 0 0.5932803 0.639577 0 0.768727 0.6395689 0 0.7687337 0.4370046 0 0.8994594 0.4370157 0 0.8994539 0.2090659 0 0.9779016 -0.03102165 0 0.9995188 -0.03102171 0 0.9995188 -0.2693321 0 0.9630474 -0.2693437 0 0.9630442 -0.492004 0 0.8705931 -0.4920138 0 0.8705875 -0.6860455 0 0.7275586 -0.6860451 0 0.727559 -0.8402243 0 0.5422393 -0.8402246 0 0.5422387 -0.9455695 0 0.3254205 -0.9455682 0 0.3254242 -0.9455693 0 0.3254208 -0.945568 0 0.3254245 -0.2458803 0 -0.9693002 -0.2458803 0 -0.9693002 -0.3184211 0 -0.9479494 -0.3184211 0 -0.9479494 -0.3891335 0 -0.9211813 -0.3891331 0 -0.9211816 -0.3891331 0 -0.9211816 0.2232845 0 0.9747533 0.2232843 0 0.9747534 0.2232729 0 0.9747561 0.2232727 0 0.9747561 0.2515525 0 0.9678437 0.2515646 0 0.9678405 0.2515645 0 0.9678406 0.2515523 0 0.9678437 0.279569 0 0.9601257 0.2795574 0 0.960129 0.2795577 0 0.9601289 0.2795693 0 0.9601256 0.3028362 0 0.9530426 0.3028705 0 0.9530317 0.3212544 0 0.946993 0.3212547 0 0.9469928 0.3212547 0 0.9469929 0.3398178 0 0.9404913 0.3398516 0 0.9404791 0.4173499 0 0.9087459 0.4173499 0 0.9087459 0.4173503 0 0.9087457 0.4173504 0 0.9087457 0.5470817 0 0.8370793 0.5470758 0 0.8370831 0.5470765 0 0.8370827 0.5470823 0 0.8370789 0.6648409 0 0.746985 0.6648455 0 0.7469809 0.6648451 0 0.7469813 0.6648405 0 0.7469854 -3.41551e-7 1 -6.62064e-5 0 1 -2.77754e-6 0 1 6.08855e-7 0 1 1.31752e-5 0 1 -9.25566e-7 0 1 0 -2.28303e-7 1 2.0109e-5 0 1 0 -2.07744e-7 1 -1.05235e-5 -1.397e-7 1 0 -2.01448e-7 1 -5.24161e-6 -1.60221e-7 1 0 -1.99125e-7 1 -3.37429e-6 -1.74455e-7 1 7.09825e-6 -1.86668e-7 1 6.94773e-6 -1.96268e-7 1 -2.15057e-6 -1.98275e-7 1 0 -1.86445e-7 1 1.56059e-7 -2.06403e-7 1 0 -1.23078e-7 1 -1.14106e-6 -2.25598e-7 1 0 -2.40501e-7 1 -1.47298e-5 -2.11008e-7 1 4.83221e-6 -2.13449e-7 1 -3.55325e-6 -2.33269e-7 1 1.05465e-5 0 1 1.9287e-6 -2.5139e-7 1 -2.4475e-7 -2.68502e-7 1 -6.37921e-6 0 1 0 0 1 2.80445e-6 0 1 1.33217e-6 0 1 3.97627e-7 0 1 4.40457e-6 0 1 5.8429e-6 0 1 -8.31302e-7 0 1 0 0 1 0 0 1 0 0 1 0 0 1 3.55302e-6 0 1 1.17779e-5 0 1 -4.35012e-6 0 1 -6.55132e-6 0 1 0 -1.84854e-7 1 0 -1.32771e-7 1 -4.65059e-6 0 1 -2.48194e-6 0 1 -8.63959e-6 0 1 5.16009e-6 0 1 7.41912e-7 0 1 5.57161e-6 0 1 -1.32854e-5 0 1 0 0 1 7.87309e-6 0 1 8.7588e-7 0 1 -1.50264e-5 0 1 2.56713e-6 0 1 0 5.84273e-7 1 1.25213e-5 0 1 9.75984e-6 0 1 5.77611e-6 0 1 -1.74438e-6 0 1 5.91104e-7 0 1 -3.9195e-7 0 1 2.60561e-5 0 1 0 0 1 9.06754e-7 0 1 0 0 1 -1.03056e-6 0 1 -2.46783e-6 0 1 3.15561e-6 0 1 5.63341e-6 0 1 6.30779e-6 0 1 -4.72907e-6 0 1 0 0 1 0 0 1 6.1507e-6 0 1 0 0 1 -3.03071e-5 0 1 -2.12996e-6 0 1 -9.60299e-7 0 1 -9.35009e-7 0 1 -1.19844e-7 -3.15388e-7 1 -2.0486e-6 -1.52969e-7 1 0 -1.2735e-7 1 1.83272e-6 -5.34308e-7 1 -9.01422e-6 0 1 2.29378e-5 -7.57984e-7 1 -1.70982e-5 1.65153e-7 1 9.66802e-7 2.51401e-6 1 1.57015e-5 0 1 4.55042e-5 0 1 -4.02477e-6 0 1 -6.47357e-7 0 1 -3.14408e-5 0 1 -1.68652e-6 0 1 2.60266e-6 0 1 -6.90236e-7 0 1 6.5275e-6 0 1 -5.54986e-7 0 1 0 0 1 -3.04858e-7 0 1 0 0 1 0 0 1 0 0 1 -7.78204e-7 0 1 -3.70261e-5 0 1 -7.58972e-7 0 1 -3.806e-6 0 1 1.9482e-7 0 1 -5.3725e-6 0 1 -3.62639e-6 0 1 -4.43353e-7 0 1 -1.12859e-6 0 1 -1.27766e-6 0 1 -7.66953e-6 0 1 -9.67859e-6 0 1 3.3449e-5 0 1 -7.20513e-5 0 1 -2.34873e-7 0 1 -8.67671e-7 0 1 3.20767e-6 0 1 -3.75637e-5 0 0.9999915 0.004153668 0 1 -3.63299e-7 -3.08628e-4 0.9999995 -0.00100845 0 1 7.62115e-7 0 1 1.11766e-6 0 1 3.61909e-6 0 1 1.94743e-6 0 1 9.23405e-6 0 1 6.71103e-7 0 1 4.33132e-7 0 1 -4.90956e-7 0 1 0 0 1 -7.90862e-7 0 1 -9.14246e-7 0 1 -1.03942e-6 0 1 0 0 1 -1.03491e-6 0 1 3.06256e-6 0 1 1.21915e-5 0 1 -1.65589e-6 0 1 3.90091e-6 0 1 7.02202e-6 0 1 -1.89295e-6 0 1 0 0 1 3.42333e-7 0 1 1.3054e-7 0 1 4.56012e-7 0 1 0 0 1 -2.07556e-6 0 1 5.54308e-5 0 1 -2.20805e-6 0 1 4.79563e-6 0 1 -2.32275e-6 0 1 -2.29083e-6 0 1 -3.55214e-6 0 1 0 0 1 -4.99609e-7 0 1 1.32646e-7 0 1 -2.85802e-5 0 1 3.50786e-6 0 1 1.75399e-6 0 1 -4.10404e-6 0 1 -8.00287e-6 0 1 0 0 1 0 0 1 0 0 1 1.42218e-4 1.57715e-4 1 4.52697e-4 0 1 -1.75465e-6 0 1 -4.49679e-6 0 1 4.24772e-6 0 1 2.79174e-7 0 1 5.34456e-6 0 1 2.16426e-6 0 1 5.0906e-7 0 1 -8.53023e-6 0 1 9.44865e-6 -2.8688e-7 1 0 -5.3431e-7 1 0 -3.15389e-7 1 -1.26056e-6 -1.2735e-7 1 -3.06813e-6 -1.52969e-7 1 -3.78061e-7 0 1 -6.36271e-7 0 1 -1.46057e-6 -7.57984e-7 1 4.82181e-7 1.65153e-7 1 -2.98464e-5 2.51401e-6 1 2.92294e-5 0 1 -4.55042e-5 0 1 1.25656e-6 0 1 -1.26514e-6 0 1 -5.46517e-7 0 1 5.97825e-7 0 1 2.93709e-6 0 1 -2.15186e-5 0 1 2.16473e-6 0 1 -2.06267e-6 0 1 2.22787e-6 0 1 -1.22584e-5 0 1 2.59118e-7 0 1 2.30022e-6 0 1 0 0 1 1.91716e-6 0 1 2.18032e-7 0 1 9.75222e-7 0 1 0 0 1 -2.38225e-6 0 1 -3.47968e-7 0 1 -2.26472e-6 0 1 0 0 1 -5.54001e-7 0 1 3.04256e-6 0 1 -4.37709e-6 0 1 -6.55107e-7 0 1 -3.96593e-6 0 1 1.0645e-5 0 1 5.93945e-7 0 1 -2.08215e-6 0 1 -9.29608e-7 0 1 1.09678e-5 0 1 -1.27472e-5 0 1 -3.60257e-5 0 1 1.78434e-5 0 1 -2.51732e-6 0 1 0 0 1 -4.56439e-6 0 1 -2.84169e-7 0 1 -7.79637e-7 0 1 0 0 1 1.70066e-6 -1.53609e-7 1 -4.20645e-6 0 1 5.33908e-6 -1.60376e-7 1 -8.57514e-6 0 1 5.43438e-6 0 1 -3.97212e-6 0 1 3.04358e-6 4.8206e-7 1 4.18948e-7 0 1 1.56687e-6 0 1 9.58294e-6 0 1 -1.1742e-5 0 1 -1.57104e-6 0 1 4.66122e-6 0 1 -8.29278e-7 0 1 0 0 1 1.3601e-6 0 1 4.02558e-6 0 1 -5.59244e-6 0 1 -1.85471e-7 0 1 -7.61115e-6 0 1 6.43291e-6 0 1 0 0 1 1.26624e-5 0 1 1.74291e-6 0 1 3.02484e-6 0 1 -1.78064e-6 0 1 -1.07516e-6 0 1 9.80306e-6 0 1 9.76574e-6 0 1 -8.24273e-7 0 0.9999952 0.003134727 0 1 0 0 1 -3.70223e-7 0 1 8.54944e-6 2.94197e-4 0.9999995 0.001021564 0 0.9999983 0.001892089 0 1 7.71962e-7 0 1 -8.99121e-7 0 1 -1.26277e-6 0 1 3.65141e-6 0 1 -8.34787e-6 0 1 1.91773e-5 0 1 2.12346e-5 0 1 2.17556e-6 0 1 -1.75502e-7 0 1 1.95976e-7 0 1 -1.58172e-6 0 1 -1.82849e-6 0 1 -2.47189e-6 0 1 -1.48064e-7 0 1 1.38905e-6 0 1 -3.03371e-6 0 1 3.06826e-6 0 1 -1.01232e-5 0 1 1.5557e-7 0 1 -3.57105e-7 0 1 -1.95819e-7 0 1 -4.68725e-7 0 1 1.53577e-7 0 1 1.13916e-6 0 1 1.46286e-5 0 1 2.83041e-6 0 1 0 0 1 1.22538e-7 0 1 1.71921e-6 0 1 -2.04034e-7 0 1 -1.70497e-6 0 1 -2.79854e-6 0 1 8.21865e-7 0 1 0 0 1 1.20576e-6 0 1 -5.2684e-6 0 1 0 0 1 0 0 1 0 0 1 0 0 1 0 0 1 -1.39559e-4 0 1 2.15564e-4 -3.41551e-7 1 6.62095e-7 0 1 0 -2.28303e-7 1 5.80139e-6 0 1 0 -2.07744e-7 1 -6.98865e-7 -1.397e-7 1 5.12947e-6 -2.01448e-7 1 -4.14341e-6 -1.60221e-7 1 1.04372e-5 -1.99126e-7 1 -2.01946e-6 -1.74455e-7 1 0 -1.86667e-7 1 0 -1.96269e-7 1 -2.03919e-6 -1.98274e-7 1 0 -1.86444e-7 1 2.5049e-6 -2.06403e-7 1 0 -1.23078e-7 1 2.79338e-6 -2.25598e-7 1 -2.09376e-5 -2.40501e-7 1 -4.4866e-6 -2.11008e-7 1 0 -2.13449e-7 1 0 -2.33269e-7 1 1.67054e-6 -1.78873e-7 1 -3.29664e-7 -2.5139e-7 1 -1.19404e-6 -2.0517e-7 1 -7.30794e-6 0 1 1.60991e-7 0 1 -2.36619e-6 0 1 -1.93099e-6 0 1 7.95236e-7 0 1 1.74214e-6 0 1 -1.59544e-6 0 1 -3.67556e-7 0 1 -2.62054e-6 0 1 -4.35306e-5 0 1 -2.03521e-6 0 1 -7.09114e-7 0 1 5.86338e-6 0 1 4.52029e-6 0 1 -3.09944e-6 0 1 5.16008e-6 0 1 -7.41915e-7 0 1 -7.50812e-6 0 1 -1.32858e-5 0 1 0 0 1 0 0 1 -3.81768e-7 0 1 5.16936e-7 0 1 2.77056e-7 0 1 1.06612e-6 0 1 5.75968e-7 0 1 -1.16039e-5 0 1 -4.58367e-6 0 1 0 0 1 5.37021e-6 0 1 0 0 1 6.37299e-6 0 1 4.05216e-6 0 1 -2.55743e-6 0 1 4.14486e-6 0 1 -2.14532e-6 0 1 -1.96698e-6 0 1 4.5717e-6 0 1 0 0 1 -8.44545e-7 0 1 -3.53452e-6 0 1 -1.46784e-7 0 1 -4.46539e-6 0 1 0 0 1 -4.5111e-6 0 1 7.43717e-6 0 1 6.58924e-6 0 1 -6.6191e-7 0 1 -1.42375e-6 0 1 0 0 1 0 0 1 3.81117e-6 0 1 -6.45486e-6 0 1 -5.0132e-7 0 1 -2.56714e-6 0 1 -2.03254e-6 0 1 2.16356e-6 0 1 -4.59661e-6 0 1 2.70531e-6 0 1 3.08466e-6 0 1 3.94078e-7 0 1 -3.03422e-6 0 1 0 0 1 0 0 1 1.17339e-6 0 1 0 0 1 9.62745e-7 0 1 -5.42567e-7 0.9884964 0 0.1512442 0.9235225 0 0.3835444 0.805001 0 0.5932735 0.6395766 0 0.7687274 -0.9455693 0 0.3254209 -0.9455682 0 0.3254243 -0.9455692 0 0.3254212 0.9959807 0 -0.08956748 0.9959807 0 -0.0895676 0.9959807 0 -0.08956754 0.9959807 0 -0.0895676 0.9884785 0 0.1513621 0.9884781 0 0.1513642 0.8049915 0 0.5932865 0.6395178 0 0.7687764 0.4369947 0 0.8994642 0.2091033 0 0.9778937 -0.03109055 0 0.9995167 -0.4919289 0 0.8706354 -0.4919086 0 0.870647 -0.6861421 0 0.7274676 -0.6861562 -3.25353e-6 0.7274543 -0.8401406 -6.50636e-6 0.5423688 -0.8401182 0 0.5424034 0.9235574 0 0.3834605 0.9235609 1.11833e-6 0.3834518 0.8049644 9.65801e-7 0.5933233 0.8049591 0 0.5933303 0.639576 0 0.768728 0.6395758 0 0.7687281 0.2090819 0 0.9778982 -0.03104329 0 0.999518 -0.03104406 0 0.999518 -0.2693381 0 0.9630458 -0.4919784 0 0.8706074 -0.4919781 0 0.8706076 -0.8402161 0 0.5422518 -0.8402156 0 0.5422526 -0.945574 0 0.3254072 -0.945574 0 0.3254073 -0.945574 0 0.3254072 -0.945574 0 0.3254073 0.9959768 0 -0.08961117 0.6395609 0 0.7687405 0.4370262 0 0.8994489 0.4370256 0 0.8994492 -0.03107821 0 0.999517 -0.4919117 0 0.8706452 -0.4919124 0 0.8706448 -0.6860488 0 0.7275556 -0.840223 0 0.5422411 -0.9455638 0 0.3254369 -0.9455652 0 0.3254328 -0.9455639 0 0.3254365 -0.9455653 0 0.3254325 0.2795916 0 0.9601191 0.2795914 0 0.9601191 0.2795796 0 0.9601226 0.2795794 0 0.9601227 0.2515442 0 0.9678458 0.2515328 0 0.9678488 0.251533 0 0.9678487 0.2515444 0 0.9678459 0.2090668 0 0.9779014 0.2090668 0 0.9779014 0.3488674 0 0.9371721 0.3398321 0 0.9404862 0.3213289 0 0.9469677 0.3213289 0 0.9469677 0.3027998 0 0.9530543 0.3027655 0 0.9530652 0.3027787 0 0.9530609 0.2935006 0 0.9559589 0.5470759 0 0.837083 0.5470829 0 0.8370785 0.5470821 0 0.8370789 0.5470752 0 0.8370835 0.3488607 0 0.9371746 0.3488608 0 0.9371747 0.7183402 0 0.6956921 0.7183401 0 0.6956922 0.03158599 0 0.9995011 0.03158694 0 0.9995011 0.03158992 0 0.9995009 0.03159087 0 0.999501 0.3330438 0 0.9429113 0.3330439 0 0.9429113 0.3330442 0 0.9429113 0.4278954 0 0.9038283 0.4278946 0 0.9038287 0.4278922 0 0.9038299 0.4278914 0 0.9038302 0.5182424 0 0.8552339 0.5182432 0 0.8552334 0.5182458 0 0.8552319 0.5182465 0 0.8552313 0.6031402 0 0.7976353 0.6031401 0 0.7976353 0.6031397 0 0.7976356 0.6031396 0 0.7976358 0.6817314 0 0.7316027 0.6817315 0 0.7316025 0.6817321 0 0.731602 0.6817322 0 0.7316019 -0.01972872 0 0.9998055 -0.01972872 0 0.9998055 -0.01972872 0 0.9998054 0.3733379 2.34578e-7 -0.9276955 0.3733308 1.82565e-6 -0.9276983 0.3733298 2.06023e-6 -0.9276988 0.5152606 4.69155e-7 -0.8570337 0.51525 4.12002e-6 -0.8570399 0.5152514 3.65088e-6 -0.8570391 0.6443332 0 -0.7647449 0.6443337 0 -0.7647445 0.6443337 0 -0.7647446 0.6443332 0 -0.764745 0.7572449 0 -0.6531312 0.7572391 0 -0.6531378 0.7572399 0 -0.653137 0.7572456 0 -0.6531303 0.8508604 0 -0.5253919 0.8508642 0 -0.5253857 0.8508638 0 -0.5253866 0.8508599 0 -0.5253927 0.9232626 0 -0.3841694 0.9232646 0 -0.3841646 0.9232623 0 -0.3841702 0.9970719 0 -0.07647043 0.9970719 0 -0.07646989 0.997072 0 -0.07646995 0.9966419 0 0.08188414 0.9966419 0 0.0818836 0.9966419 0 0.0818842 0.9711099 0 0.2386332 0.9711102 0 0.2386319 0.9711098 0 0.2386334 0.9212351 0 0.3890066 0.921233 0 0.3890115 0.9212353 0 0.3890058 0.8480727 0 0.5298802 0.8480703 0 0.5298838 0.8480706 0 0.5298833 0.8480729 0 0.5298797 0.6402755 0 0.7681454 0.6402684 0 0.7681514 0.6402766 0 0.7681446 0.2167154 0 0.9762349 0.2167273 0 0.9762322 0.2167136 0 0.9762353 0.05965507 0 0.9982191 -0.4977419 0 -0.8673252 -0.3212482 0 -0.9469951 -0.3212426 0 -0.9469969 -0.321247 0 -0.9469956 -0.3212413 0 -0.9469974 -0.2280825 0 -0.9736418 -0.2280763 0 -0.9736433 -0.2280843 0 -0.9736414 0.157106 0 -0.9875819 0.2519633 0 -0.9677369 0.251963 0 -0.9677369 0.2519632 0 -0.9677368 -0.539177 0 -0.8421926 -0.539177 0 -0.8421926 -0.5391773 0 -0.8421923 -0.5391774 0 -0.8421922 -0.1500056 0 -0.9886851 -0.1500021 0 -0.9886857 -0.1500012 0 -0.9886858 -0.2412603 0 -0.9704605 -0.4167174 0 -0.9090361 -0.416716 0 -0.9090368 -0.4167105 0 -0.9090393 -0.4994186 0 -0.866361 -0.4994179 0 -0.8663612 -0.4994157 0 -0.8663626 -0.499415 0 -0.8663629 -0.959892 0 0.2803704 -0.9599083 0 0.2803144 -0.9598921 0 0.2803696 -0.9599086 0 0.2803137 -0.9559599 0 0.2934976 -0.9100206 0 -0.4145633 -0.9758475 0 -0.2184534 -0.9758478 0 -0.2184516 -0.9758478 0 -0.2184514 -0.9999141 0 -0.01311326 -0.9999141 0 -0.01311326 -0.9811705 0 0.1931434 -0.3184259 0 -0.9479478 -0.3184255 0 -0.9479479 -0.318426 0 -0.9479478 -0.2090669 0 -0.9779013 -0.2090669 0 -0.9779013 -0.2090669 0 -0.9779013 -0.4236885 -4.85137e-7 -0.905808 -0.4236885 -4.06456e-7 -0.9058079 -0.4236885 0 -0.9058079 -0.9604955 0 0.2782953 -0.9604955 0 0.2782958 -0.9604956 0 0.2782955 -0.9604955 0 0.2782958 -0.8431873 0 0.53762 -0.8431871 0 0.5376204 -0.8431872 0 0.5376201 -0.8431871 0 0.5376204 -0.7580885 0 0.6521518 -0.7580881 0 0.6521522 -0.7580884 0 0.6521519 -0.7580881 0 0.6521523 -0.5436453 0 0.8393151 -0.5436443 0 0.8393157 -0.5436451 0 0.8393152 -0.5436441 0 0.8393158 -0.4186727 0 0.9081372 -0.4186728 0 0.9081372 -0.1458534 0 0.9893063 0 -1 -9.85693e-6 0 -1 4.67567e-6 0 -1 1.44153e-7 0 -1 1.11023e-6 0 -1 3.20697e-6 0 -1 -4.03397e-6 0 -1 -4.00996e-6 0 -1 1.45103e-5 0 -1 1.99303e-6 0 -1 1.31548e-5 0 -1 -6.9378e-6 0 -1 -1.30739e-6 0 -1 -7.11096e-5 1.57707e-4 -1 4.527e-4 0 -1 4.71031e-6 0 -1 0 0 -1 -1.37317e-5 0 -1 -6.0622e-6 0 -1 -5.42634e-6 0 -1 8.04379e-6 0 -1 0 0 -1 0 0 -1 0 0 -1 0 0 -1 -6.67862e-7 0 -1 -9.55338e-7 0 -1 -2.86822e-7 0 -1 3.80464e-7 0 -1 5.34835e-7 3.33733e-7 -1 0 0 -1 -2.65778e-7 0 -1 -6.56004e-6 0 -1 5.31301e-6 2.36172e-7 -1 1.36211e-6 0 -1 -1.06084e-5 0 -1 -3.66509e-6 1.23668e-7 -1 0 2.13936e-7 -1 5.33592e-6 1.4704e-7 -1 0 2.06181e-7 -1 -4.99858e-6 1.65941e-7 -1 0 2.0126e-7 -1 2.71566e-6 1.81261e-7 -1 -7.64438e-6 1.9544e-7 -1 4.55265e-6 1.92694e-7 -1 2.69234e-6 1.87338e-7 -1 -9.5388e-7 2.00032e-7 -1 5.89614e-6 1.24719e-7 -1 -1.16934e-6 2.13469e-7 -1 0 2.44845e-7 -1 0 2.34013e-7 -1 -6.00483e-6 1.96002e-7 -1 0 2.13449e-7 -1 0 0 -1 -1.53649e-6 0 -1 0 0 -1 -2.53742e-6 0 -1 2.82722e-6 0 -1 -9.20195e-7 0 -1 8.58668e-7 0 -1 0 0 -1 -3.25359e-6 0 -1 -2.66571e-5 0 -1 0 0 -1 0 0 -1 0 0 -1 0 0 -1 0 1.90155e-7 -1 -5.56416e-6 1.60942e-7 -1 -4.37625e-6 2.70103e-7 -1 1.92077e-6 2.60331e-7 -1 4.42081e-6 1.5726e-7 -1 -1.16563e-5 2.46013e-7 -1 0 0 -1 1.03406e-5 0 -1 -4.55141e-6 0 -1 -6.45009e-6 0 -1 1.93649e-6 0 -1 2.75395e-5 0 -1 -4.07324e-5 0 -1 6.17059e-6 0 -1 -1.91815e-5 0 -1 9.6057e-7 0 -1 -4.00302e-6 0 -1 -1.0438e-6 -5.71713e-7 -1 -5.28164e-6 0 -1 0 0 -1 -1.08252e-6 0 -1 0 0 -1 0 0 -1 -4.47714e-6 0 -1 0 0 -1 0 0 -1 7.64e-6 0 -1 -8.00346e-6 0 -1 5.18187e-6 0 -1 -5.5801e-6 0 -1 0 0 -1 2.19441e-5 0 -1 4.09447e-6 0 -1 8.08784e-7 0 -1 2.94579e-7 0 -1 2.90054e-6 0 -1 1.37675e-6 0 -1 1.19844e-7 3.15388e-7 -1 1.20741e-6 1.52969e-7 -1 0 1.2735e-7 -1 0 5.34308e-7 -1 1.17583e-6 0 -1 -1.16663e-6 7.57984e-7 -1 1.75804e-5 -1.65153e-7 -1 -2.93642e-5 -2.51401e-6 -1 1.4977e-5 0 -1 1.68564e-6 0 -1 1.8569e-7 0 -1 2.29749e-6 0 -1 1.78947e-7 0 -1 -7.54273e-7 0 -1 -2.77138e-7 0 -1 -1.76172e-6 0 -1 0 0 -1 -2.51391e-6 0 -1 -4.11778e-7 0 -1 -2.76549e-6 0 -1 2.55999e-5 0 -1 -1.25618e-7 0 -1 4.22783e-6 0 -1 2.58945e-6 0 -1 -2.9874e-6 0 -1 0 0 -1 -6.21703e-7 0 -1 0 0 -1 2.5838e-6 0 -1 -4.59204e-6 0 -1 2.18113e-6 0 -1 6.44582e-7 0 -1 1.37058e-5 0 -1 7.20513e-5 0 -1 -6.86588e-6 0 -1 1.37166e-5 0 -1 1.72451e-6 0 -1 -2.86804e-6 0 -1 -3.84804e-6 0 -1 0 0 -1 -2.03293e-6 0 -1 -3.98308e-6 0 -1 4.41682e-6 0 -1 0 0 -1 1.23687e-6 0 -1 6.37753e-6 0 -1 1.03679e-5 0 -0.9999979 0.002066969 0 -0.9999952 -0.003134727 -3.08611e-4 -1 -3.89321e-4 0 -0.9999983 -0.001892089 0 -1 9.23404e-6 0 -1 6.71102e-7 0 -1 1.577e-6 0 -1 -2.58846e-6 0 -1 1.18381e-6 0 -1 -2.14328e-5 0 -1 1.53103e-6 0 -1 1.2054e-7 0 -1 3.56616e-6 0 -1 -4.30905e-6 0 -1 -1.06221e-5 0 -1 3.53355e-6 0 -1 -5.39519e-6 0 -1 5.95128e-7 0 -1 0 0 -1 7.64315e-7 0 -1 2.86348e-6 0 -1 1.23246e-6 0 -1 -1.21363e-6 0 -1 -1.17183e-5 0 -1 1.45311e-6 0 -1 -2.37235e-7 0 -1 -1.29523e-6 0 -1 -7.01918e-7 0 -1 -1.6519e-6 0 -1 2.60721e-6 0 -1 3.51007e-6</float_array>
          <technique_common>
            <accessor source="#wheel_loader_v1_048-mesh-normals-array" count="2035" stride="3">
              <param name="X" type="float"/>
              <param name="Y" type="float"/>
              <param name="Z" type="float"/>
            </accessor>
          </technique_common>
        </source>
        <vertices id="wheel_loader_v1_048-mesh-vertices">
          <input semantic="POSITION" source="#wheel_loader_v1_048-mesh-positions"/>
        </vertices>
        <triangles material="black-material" count="2054">
          <input semantic="VERTEX" source="#wheel_loader_v1_048-mesh-vertices" offset="0"/>
          <input semantic="NORMAL" source="#wheel_loader_v1_048-mesh-normals" offset="1"/>
          <p>0 0 1 1 2 2 2 2 1 1 3 3 2 4 3 5 4 6 4 6 3 5 5 7 4 8 5 9 6 10 6 10 5 9 7 11 6 12 7 13 8 14 8 14 7 13 9 13 8 15 9 16 10 17 10 17 9 16 11 18 10 19 11 20 12 21 12 21 11 20 13 22 12 23 13 24 14 25 14 25 13 24 15 26 14 27 15 28 16 29 16 29 15 28 17 30 16 31 17 32 18 33 18 33 17 32 19 34 18 35 19 36 20 37 20 37 19 36 21 36 22 38 23 38 24 38 24 39 23 39 25 39 25 40 23 40 26 40 25 41 26 41 27 41 27 42 26 42 28 42 27 43 28 43 29 43 29 44 28 44 30 44 29 44 30 44 31 44 31 45 30 45 32 45 31 46 32 46 33 46 33 47 32 47 34 47 33 48 34 48 35 48 35 49 34 49 36 49 35 50 36 50 37 50 37 51 36 51 38 51 37 52 38 52 39 52 39 53 38 53 40 53 39 53 40 53 41 53 42 54 43 55 44 56 44 56 43 55 45 57 44 58 45 58 46 58 44 59 46 59 47 59 47 60 46 60 48 60 47 61 48 61 49 61 49 62 48 62 50 62 49 62 50 62 51 62 51 63 50 63 52 63 51 63 52 63 53 63 53 64 52 64 54 64 53 65 54 65 55 65 55 66 54 66 56 66 55 67 56 67 57 67 57 68 56 68 58 68 57 69 58 69 59 69 59 70 58 70 60 70 59 71 60 71 61 71 61 72 60 72 62 72 61 73 62 73 63 73 63 74 62 74 64 74 63 75 64 75 65 75 65 76 64 76 66 76 65 77 66 77 67 77 67 78 66 79 68 80 68 80 66 79 69 81 70 82 71 83 72 84 72 84 71 83 73 83 72 85 73 85 74 85 72 85 74 85 75 85 75 86 74 86 76 86 75 86 76 86 77 86 77 87 76 87 78 87 77 88 78 88 79 88 79 89 78 89 80 89 79 90 80 90 81 90 81 91 80 91 82 91 81 92 82 92 83 92 83 93 82 93 84 93 83 94 84 94 85 94 85 95 84 95 86 95 85 95 86 95 87 95 87 96 86 96 88 96 87 96 88 96 89 96 89 97 88 97 90 97 89 98 90 98 91 98 91 99 90 99 92 99 91 100 92 100 93 100 93 101 92 101 94 101 93 102 94 102 95 102 95 103 94 104 96 105 96 105 94 104 97 104 98 106 99 107 100 108 100 108 99 107 101 109 100 110 101 110 102 110 100 111 102 111 103 111 103 112 102 112 104 112 103 61 104 61 105 61 105 113 104 113 106 113 105 114 106 114 107 114 107 115 106 115 108 115 107 115 108 115 109 115 109 65 108 65 110 65 109 116 110 116 111 116 111 117 110 117 112 117 111 118 112 118 113 118 113 119 112 119 114 119 113 120 114 120 115 120 115 121 114 121 116 121 115 122 116 122 117 122 117 123 116 123 118 123 117 123 118 123 119 123 119 124 118 124 120 124 119 125 120 125 121 125 121 126 120 126 122 126 121 127 122 127 123 127 123 128 122 129 124 130 124 130 122 129 125 131 126 54 127 132 128 133 128 133 127 132 129 134 128 135 129 135 130 135 128 136 130 136 131 136 131 137 130 137 132 137 131 138 132 138 133 138 133 139 132 139 134 139 133 140 134 140 135 140 135 141 134 141 136 141 135 142 136 142 137 142 137 143 136 143 138 143 137 144 138 144 139 144 139 145 138 145 140 145 139 66 140 66 141 66 141 146 140 146 142 146 141 147 142 147 143 147 143 148 142 148 144 148 143 149 144 149 145 149 145 150 144 150 146 150 145 150 146 150 147 150 147 151 146 151 148 151 147 151 148 151 149 151 149 76 148 76 150 76 149 152 150 152 151 152 151 78 150 153 152 154 152 154 150 153 153 155 154 54 155 132 156 133 156 133 155 132 157 134 156 135 157 135 158 135 156 156 158 156 159 156 159 157 158 157 160 157 159 158 160 158 161 158 161 139 160 139 162 139 161 140 162 140 163 140 163 159 162 159 164 159 163 142 164 142 165 142 165 143 164 143 166 143 165 144 166 144 167 144 167 145 166 145 168 145 167 66 168 66 169 66 169 146 168 146 170 146 169 147 170 147 171 147 171 160 170 160 172 160 171 160 172 160 173 160 173 150 172 150 174 150 173 150 174 150 175 150 175 161 174 161 176 161 175 161 176 161 177 161 177 152 176 152 178 152 177 152 178 152 179 152 179 155 178 162 180 162 180 162 178 162 181 155 182 54 183 55 184 56 184 56 183 55 185 57 184 58 185 58 186 58 184 59 186 59 187 59 187 60 186 60 188 60 187 61 188 61 189 61 189 163 188 163 190 163 189 62 190 62 191 62 191 63 190 63 192 63 191 63 192 63 193 63 193 64 192 64 194 64 193 65 194 65 195 65 195 66 194 66 196 66 195 67 196 67 197 67 197 68 196 68 198 68 197 68 198 68 199 68 199 164 198 164 200 164 199 165 200 165 201 165 201 166 200 166 202 166 201 167 202 167 203 167 203 74 202 74 204 74 203 75 204 75 205 75 205 152 204 152 206 152 205 77 206 77 207 77 207 168 206 169 208 170 208 170 206 169 209 171 210 106 211 107 212 108 212 108 211 107 213 109 212 110 213 110 214 110 212 111 214 111 215 111 215 112 214 112 216 112 215 61 216 61 217 61 217 113 216 113 218 113 217 114 218 114 219 114 219 172 218 172 220 172 219 115 220 115 221 115 221 64 220 64 222 64 221 143 222 143 223 143 223 117 222 117 224 117 223 117 224 117 225 117 225 173 224 173 226 173 225 174 226 174 227 174 227 175 226 175 228 175 227 176 228 176 229 176 229 177 228 177 230 177 229 123 230 123 231 123 231 124 230 124 232 124 231 125 232 125 233 125 233 127 232 127 234 127 233 127 234 127 235 127 235 178 234 179 236 180 236 180 234 179 237 181 238 182 239 183 240 83 240 83 239 183 241 184 240 85 241 85 242 85 240 85 242 85 243 85 243 185 242 185 244 185 243 185 244 185 245 185 245 87 244 87 246 87 245 88 246 88 247 88 247 186 246 186 248 186 247 187 248 187 249 187 249 188 248 188 250 188 249 189 250 189 251 189 251 93 250 93 252 93 251 94 252 94 253 94 253 95 252 95 254 95 253 95 254 95 255 95 255 190 254 190 256 190 255 191 256 191 257 191 257 192 256 192 258 192 257 193 258 193 259 193 259 99 258 99 260 99 259 100 260 100 261 100 261 194 260 194 262 194 261 195 262 195 263 195 263 196 262 197 264 198 264 198 262 197 265 197 266 38 267 38 268 38 268 199 267 199 269 199 269 200 267 200 270 200 269 201 270 201 271 201 271 202 270 202 272 202 271 202 272 202 273 202 273 44 272 44 274 44 273 203 274 203 275 203 275 204 274 204 276 204 275 205 276 205 277 205 277 206 276 206 278 206 277 207 278 207 279 207 279 50 278 50 280 50 279 208 280 208 281 208 281 52 280 52 282 52 281 51 282 51 283 51 283 209 282 209 284 209 283 53 284 53 285 53 286 210 287 211 288 212 288 212 287 211 289 3 288 213 289 214 290 213 290 213 289 214 291 214 290 8 291 9 292 10 292 10 291 9 293 11 292 215 293 216 294 217 294 217 293 216 295 218 294 219 295 220 296 221 296 221 295 220 297 222 296 223 297 224 298 225 298 225 297 224 299 226 298 227 299 228 300 229 300 229 299 228 301 230 300 231 301 232 302 233 302 233 301 232 303 234 302 235 303 235 304 235 304 235 303 235 305 235 304 236 305 237 306 238 306 238 305 237 307 239 308 240 309 241 310 242 310 242 309 241 311 243 310 242 311 243 312 244 312 245 311 246 313 247 313 247 311 246 314 248 313 249 314 250 315 251 315 251 314 250 316 252 315 253 316 253 317 253 317 254 316 255 318 256 317 257 318 257 319 257 319 258 318 259 320 260 319 261 320 261 321 261 321 262 320 263 322 264 321 265 322 265 323 265 323 266 322 267 324 268 323 269 324 269 325 269 325 270 324 271 326 272 325 273 326 273 327 273 327 274 326 275 328 276 327 277 328 277 329 277 329 278 328 279 330 280 329 281 330 281 331 281 331 282 330 283 332 284 331 285 332 285 333 285 333 286 332 287 334 288 333 289 334 289 335 289 335 290 334 291 336 292 335 293 336 293 337 293 337 294 336 295 338 296 337 297 338 297 339 297 339 298 338 299 340 300 339 301 340 301 341 301 341 302 340 303 342 304 341 305 342 305 343 305 343 306 342 307 344 308 343 309 344 309 345 309 345 310 344 311 346 312 345 313 346 313 347 313 347 314 346 315 348 316 347 317 348 317 349 317 349 318 348 319 350 320 349 321 350 321 351 321 351 322 350 323 352 324 351 325 352 325 353 325 353 326 352 327 354 328 353 329 354 329 355 329 355 330 354 331 356 332 355 333 356 333 357 333 357 334 356 335 358 336 358 336 356 335 359 337 358 336 359 337 360 338 360 339 359 340 361 341 361 341 359 340 362 342 361 343 362 344 363 345 363 345 362 344 364 346 363 347 364 347 365 347 365 348 364 349 366 350 365 351 366 351 367 351 367 352 366 353 368 354 367 355 368 355 369 355 369 356 368 357 370 358 369 359 370 359 371 359 371 360 370 361 372 362 371 363 372 363 373 363 373 364 372 365 374 366 373 367 374 367 375 367 375 368 374 369 376 370 375 371 376 371 377 371 377 372 376 373 378 374 377 375 378 375 379 375 379 376 378 377 380 378 379 379 380 379 381 379 381 380 380 381 382 382 381 383 382 383 383 383 383 384 382 385 384 386 383 387 384 387 385 387 385 388 384 389 386 390 385 391 386 391 387 391 387 392 386 393 388 394 387 395 388 395 389 395 389 396 388 397 390 398 389 399 390 399 391 399 391 400 390 401 392 402 391 403 392 403 393 403 393 404 392 405 394 406 393 407 394 407 395 407 395 408 394 409 396 410 395 411 396 411 397 411 397 412 396 413 398 414 397 415 398 415 399 415 399 416 398 417 400 418 399 419 400 419 401 419 401 420 400 421 402 422 401 423 402 423 403 423 403 424 402 425 309 426 403 427 309 427 308 427 360 338 404 428 358 336 312 244 405 429 310 242 314 248 311 246 309 426 316 252 314 250 402 422 402 425 314 248 309 426 318 256 316 255 400 418 400 421 316 252 402 422 320 260 318 259 398 414 398 417 318 256 400 418 322 264 320 263 396 410 396 413 320 260 398 414 324 268 322 267 394 406 394 409 322 264 396 410 326 272 324 271 392 402 392 405 324 268 394 406 328 276 326 275 390 398 390 401 326 272 392 402 330 280 328 279 388 394 388 397 328 276 390 398 332 284 330 283 386 390 386 393 330 280 388 394 334 288 332 287 384 386 384 389 332 284 386 390 336 292 334 291 382 382 382 385 334 288 384 386 338 296 336 295 380 378 380 381 336 292 382 382 340 300 338 299 378 374 378 377 338 296 380 378 342 304 340 303 376 370 376 373 340 300 378 374 344 308 342 307 374 366 374 369 342 304 376 370 346 312 344 311 372 362 372 365 344 308 374 366 348 316 346 315 370 358 370 361 346 312 372 362 350 320 348 319 368 354 368 357 348 316 370 358 352 324 350 323 366 350 366 353 350 320 368 354 354 328 352 327 364 346 364 349 352 324 366 350 356 332 354 331 362 342 362 344 354 328 364 346 359 340 356 332 362 342 358 430 404 431 406 432 406 432 404 431 407 433 406 434 407 435 408 436 408 436 407 435 409 437 408 438 409 439 410 440 410 440 409 439 411 441 410 442 411 442 412 442 412 443 411 444 413 445 412 446 413 446 414 446 414 447 413 448 415 449 414 450 415 450 416 450 416 451 415 452 417 453 416 454 417 454 418 454 418 455 417 456 419 457 418 458 419 458 420 458 420 459 419 460 421 461 420 462 421 462 422 462 422 463 421 464 423 465 422 466 423 466 424 466 424 467 423 468 425 469 424 470 425 470 426 470 426 471 425 472 427 473 426 474 427 474 428 474 428 475 427 476 429 477 428 478 429 478 430 478 430 479 429 480 431 481 430 482 431 482 432 482 432 483 431 484 433 485 432 486 433 486 434 486 434 487 433 488 435 489 434 490 435 490 436 490 436 491 435 492 437 493 436 494 437 494 438 494 438 495 437 496 439 497 438 498 439 498 440 498 440 499 439 500 441 501 440 502 441 502 442 502 442 503 441 504 443 505 442 506 443 506 444 506 444 507 443 508 445 509 444 510 445 510 446 510 446 511 445 512 447 513 446 514 447 514 448 514 448 515 447 516 449 517 448 518 449 518 450 518 450 519 449 520 451 521 450 522 451 522 452 522 452 523 451 524 405 525 405 525 451 524 453 526 405 525 453 526 454 527 454 528 453 529 455 530 455 530 453 529 456 531 455 532 456 533 457 534 457 534 456 533 458 535 457 536 458 536 459 536 459 537 458 538 460 539 459 540 460 540 461 540 461 541 460 542 462 543 461 544 462 544 463 544 463 545 462 546 464 547 463 548 464 548 465 548 465 549 464 550 466 551 465 552 466 552 467 552 467 553 466 554 468 555 467 556 468 556 469 556 469 557 468 558 470 559 469 560 470 560 471 560 471 561 470 562 472 563 471 564 472 564 473 564 473 565 472 566 474 567 473 568 474 568 475 568 475 569 474 570 476 571 475 572 476 572 477 572 477 573 476 574 478 575 477 576 478 576 479 576 479 577 478 578 480 579 479 580 480 580 481 580 481 581 480 582 482 583 481 584 482 584 483 584 483 585 482 586 484 587 483 588 484 588 485 588 485 589 484 590 486 591 485 592 486 592 487 592 487 593 486 594 488 595 487 596 488 596 489 596 489 597 488 598 490 599 489 600 490 600 491 600 491 601 490 602 492 603 491 604 492 604 493 604 493 605 492 606 494 607 493 608 494 608 495 608 495 609 494 610 496 611 495 612 496 612 497 612 497 613 496 614 498 615 497 616 498 616 499 616 499 617 498 618 404 431 404 431 498 618 407 433 454 527 310 619 405 525 409 437 407 435 498 615 411 441 409 439 496 611 496 614 409 437 498 615 413 445 411 444 494 607 494 610 411 441 496 611 415 449 413 448 492 603 492 606 413 445 494 607 417 453 415 452 490 599 490 602 415 449 492 603 419 457 417 456 488 595 488 598 417 453 490 599 421 461 419 460 486 591 486 594 419 457 488 595 423 465 421 464 484 587 484 590 421 461 486 591 425 469 423 468 482 583 482 586 423 465 484 587 427 473 425 472 480 579 480 582 425 469 482 583 429 477 427 476 478 575 478 578 427 473 480 579 431 481 429 480 476 571 476 574 429 477 478 575 433 485 431 484 474 567 474 570 431 481 476 571 435 489 433 488 472 563 472 566 433 485 474 567 437 493 435 492 470 559 470 562 435 489 472 563 439 497 437 496 468 555 468 558 437 493 470 559 441 501 439 500 466 551 466 554 439 497 468 555 443 505 441 504 464 547 464 550 441 501 466 551 445 509 443 508 462 543 462 546 443 505 464 547 447 513 445 512 460 539 460 542 445 509 462 543 449 517 447 516 458 535 458 538 447 513 460 539 451 521 449 520 456 531 456 533 449 517 458 535 453 529 451 521 456 531 500 620 502 621 501 622 502 621 503 623 501 622 502 621 504 624 503 623 504 624 505 625 503 623 504 624 506 626 505 625 506 626 507 627 505 625 507 627 508 628 505 625 507 627 509 626 508 628 509 626 510 629 508 628 509 626 511 630 510 629 511 630 512 631 510 629 511 630 513 632 512 631 500 620 501 622 514 633 501 622 515 634 514 633 515 634 516 635 514 633 515 634 517 636 516 635 517 636 518 637 516 635 517 636 519 638 518 637 519 638 520 639 518 637 521 640 503 623 522 641 503 623 523 642 522 641 503 623 524 643 523 642 522 641 525 644 521 640 525 644 526 645 521 640 525 644 527 646 526 645 527 646 528 647 526 645 528 647 529 648 526 645 528 647 530 649 529 648 530 649 531 650 529 648 530 649 532 626 531 650 532 626 533 626 531 650 532 626 534 651 533 626 266 652 534 651 535 653 534 651 536 654 535 653 534 651 537 655 536 654 538 626 266 626 539 626 266 652 540 656 539 657 266 652 541 658 540 656 541 658 266 652 542 659 266 652 543 660 542 659 266 652 544 661 543 660 544 661 266 652 545 662 266 652 535 653 545 662 546 663 535 653 547 664 535 653 548 665 547 664 535 653 549 666 548 665 550 667 546 663 551 668 546 663 552 669 551 668 546 663 553 670 552 669 551 668 554 671 550 667 554 671 555 672 550 667 554 671 556 673 555 672 556 673 557 674 555 672 556 673 558 675 557 674 558 675 559 676 557 674 559 676 560 677 557 674 559 676 561 678 560 677 561 678 562 679 560 677 561 678 563 680 562 679 563 680 564 681 562 679 563 680 565 682 564 681 565 682 566 683 564 681 565 682 567 684 566 683 567 684 568 685 566 683 567 684 569 686 568 685 569 686 570 687 568 685 570 687 571 688 568 685 570 687 572 689 571 688 572 689 573 690 571 688 574 691 568 685 575 692 568 685 576 693 575 692 568 685 571 688 576 693 571 688 577 694 576 693 571 688 264 695 577 694 578 626 574 691 579 696 574 691 580 697 579 696 574 691 581 626 580 697 581 626 582 698 580 697 582 698 287 699 580 697 582 698 583 700 287 699 583 626 584 626 287 626 583 700 582 698 585 701 582 698 586 702 585 701 586 702 587 703 585 701 586 702 588 704 587 703 588 704 586 702 589 705 586 702 590 706 589 705 590 706 591 707 589 705 590 706 592 708 591 707 592 708 593 709 591 707 592 708 594 710 593 709 594 710 595 711 593 709 595 711 596 712 593 709 595 711 597 626 596 712 597 626 598 713 596 712 598 713 599 714 596 712 598 713 600 626 599 714 600 626 601 715 599 714 601 715 602 716 599 714 601 715 603 717 602 716 603 717 604 718 602 716 604 718 605 719 602 716 604 718 606 720 605 719 606 720 607 721 605 719 607 721 608 722 605 719 607 721 609 723 608 722 609 723 610 724 608 722 609 723 611 725 610 724 611 725 609 723 612 726 609 723 613 727 612 726 609 723 614 728 613 727 614 728 615 729 613 727 615 729 571 688 613 727 615 729 616 730 571 688 616 730 617 731 571 688 617 731 618 732 571 688 618 732 264 695 571 688 612 726 613 727 619 733 613 727 620 734 619 733 613 727 621 735 620 734 621 735 613 727 622 736 623 737 569 686 624 738 569 686 625 739 624 738 569 686 567 684 625 739 567 684 626 740 625 739 626 740 627 741 625 739 626 740 628 742 627 741 629 743 625 739 630 744 625 739 631 745 630 744 625 739 632 746 631 745 633 626 629 743 634 626 629 743 635 747 634 626 629 743 630 744 635 747 634 626 635 747 636 748 635 747 637 749 636 748 637 749 638 750 636 748 638 750 639 626 636 748 639 626 640 626 636 748 640 626 641 626 636 748 641 626 642 626 636 748 642 626 643 751 636 748 643 751 644 752 636 748 643 751 645 753 644 752 645 753 646 754 644 752 646 754 647 755 644 752 647 755 648 626 644 752 648 626 649 626 644 752 649 626 650 626 644 752 650 626 651 756 644 752 651 756 652 757 644 752 651 756 653 758 652 757 653 758 654 759 652 757 653 758 655 760 654 759 653 758 656 761 655 760 656 761 657 762 655 760 656 761 658 763 657 762 658 763 659 764 657 762 658 763 660 765 659 764 657 762 659 764 661 766 659 764 662 767 661 766 662 767 663 768 661 766 663 768 664 769 661 766 663 768 665 770 664 769 665 770 666 771 664 769 665 770 667 772 666 771 667 772 668 773 666 771 667 772 669 774 668 773 668 773 670 775 666 771 670 775 671 776 666 771 670 775 672 626 671 776 672 626 673 777 671 776 673 777 674 778 671 776 673 777 675 626 674 778 675 626 676 779 674 778 676 779 677 780 674 778 667 772 678 781 669 774 678 781 679 782 669 774 678 781 680 783 679 782 680 783 681 784 679 782 681 784 682 785 679 782 681 784 683 786 682 785 683 786 684 787 682 785 684 787 685 788 682 785 684 787 236 789 685 788 236 789 686 790 685 788 236 789 687 626 686 790 687 626 688 791 686 790 688 791 689 792 686 790 688 791 513 632 689 792 513 632 511 630 689 792 690 626 180 793 691 794 180 793 405 795 691 794 180 793 692 796 405 795 692 796 693 797 405 795 692 796 694 626 693 797 694 626 695 798 693 797 695 798 696 799 693 797 695 798 697 800 696 799 697 800 698 801 696 799 698 801 699 802 696 799 698 801 700 803 699 802 690 626 691 794 701 804 691 794 702 805 701 804 702 805 703 806 701 804 702 805 704 807 703 806 702 805 705 808 704 807 705 808 706 809 704 807 705 808 707 810 706 809 707 810 626 740 706 809 707 810 708 626 626 740 708 626 709 626 626 740 709 626 628 742 626 740 546 663 710 811 553 670 710 811 711 812 553 670 710 811 712 813 711 812 712 813 713 814 711 812 712 813 714 815 713 814 714 815 715 816 713 814 715 816 700 803 713 814 715 816 716 817 700 803 716 817 717 818 700 803 716 817 718 819 717 818 718 819 719 820 717 818 718 819 208 821 719 820 208 821 720 822 719 820 208 821 721 823 720 822 721 823 722 824 720 822 722 824 723 825 720 822 722 824 724 826 723 825 724 826 725 827 723 825 724 826 726 828 725 827 726 828 534 651 725 827 726 828 537 655 534 651 713 814 700 803 698 801 710 811 546 663 727 829 546 663 728 830 727 829 546 663 729 626 728 830 729 626 546 663 730 831 546 663 731 832 730 831 546 663 732 833 731 832 732 833 546 663 547 664 549 666 535 653 733 834 535 653 734 835 733 834 535 653 735 836 734 835 735 836 535 653 536 654 658 763 736 837 660 765 736 837 737 838 660 765 736 837 738 839 737 838 738 839 739 840 737 838 738 839 740 841 739 840 738 839 522 641 740 841 522 641 523 642 740 841 524 643 503 623 741 842 503 623 505 625 741 842 581 626 574 691 575 692 725 827 534 651 742 843 534 651 743 844 742 843 534 651 532 626 743 844 632 746 625 739 627 741 306 845 307 846 744 847 744 847 307 846 745 848 744 849 745 850 746 851 746 851 745 850 747 852 746 853 747 854 748 855 748 855 747 854 749 856 748 857 749 858 750 858 750 858 749 858 751 857 750 859 751 860 752 861 752 861 751 860 753 862 752 863 753 864 754 865 754 865 753 864 755 866 754 867 755 868 756 869 756 869 755 868 757 870 756 871 757 871 758 871 758 871 757 871 759 871 758 872 759 872 760 872 760 872 759 872 761 872 760 873 761 873 762 873 762 873 761 873 763 873 762 874 763 874 764 874 764 874 763 874 613 874 765 875 580 876 286 877 580 876 287 878 286 877 766 879 568 880 767 881 568 880 574 882 767 881 546 883 550 884 768 885 550 884 769 886 768 885 550 887 555 888 769 888 555 888 770 887 769 888 555 889 557 890 770 891 557 890 771 892 770 891 557 893 560 894 771 894 560 894 772 893 771 894 560 895 562 895 772 896 562 895 773 897 772 896 562 898 774 898 773 899 562 898 564 899 774 898 564 900 775 901 774 902 564 900 566 903 775 901 566 904 766 905 775 906 566 904 568 907 766 905 768 908 776 908 546 908 776 908 535 908 546 908 285 909 284 910 777 910 777 910 284 910 778 909 777 911 778 912 779 913 779 913 778 912 780 914 779 915 780 916 776 917 776 917 780 916 535 918 781 919 534 920 268 921 534 920 266 922 268 921 503 923 521 924 782 925 521 924 783 926 782 925 521 927 526 928 783 929 526 928 784 930 783 929 526 931 529 932 784 933 529 932 785 934 784 933 529 935 531 936 785 937 531 936 786 938 785 937 531 939 533 940 786 941 533 940 787 942 786 941 533 943 534 944 787 945 534 944 781 946 787 945 788 947 501 948 782 949 501 948 503 950 782 949 789 951 502 952 790 952 790 952 502 952 500 951 790 953 500 954 791 955 791 955 500 954 514 956 791 957 514 958 792 959 792 959 514 958 516 960 792 961 516 962 793 963 793 963 516 962 518 964 793 965 518 966 794 967 794 967 518 966 520 968 794 969 520 970 795 971 795 971 520 970 519 972 795 973 519 974 796 975 796 975 519 974 517 976 796 977 517 978 797 978 797 978 517 978 515 977 797 979 515 980 788 981 788 981 515 980 501 982 798 983 504 983 789 983 504 983 502 983 789 983 674 984 677 985 799 986 799 986 677 985 800 987 800 988 677 989 676 990 800 988 676 990 801 991 801 992 676 993 675 992 801 992 675 992 802 993 802 994 675 995 673 996 802 994 673 996 803 997 803 998 673 999 672 1000 803 998 672 1000 804 1001 804 1002 672 1003 670 1004 804 1002 670 1004 805 1005 805 1006 670 1007 668 1008 805 1006 668 1008 806 1009 806 1010 668 1011 669 1012 806 1010 669 1012 807 1013 807 1014 669 1015 679 1016 807 1014 679 1016 808 1017 808 1018 679 1019 682 1020 808 1018 682 1020 809 1021 809 1022 682 1023 685 1024 809 1022 685 1024 810 1025 810 1026 685 1027 686 1028 810 1026 686 1028 811 1029 811 1030 686 1031 689 1032 811 1030 689 1032 812 1033 812 1034 689 1035 511 1036 812 1034 511 1036 813 1037 813 1038 511 1039 509 1040 813 1038 509 1040 814 1041 814 1042 509 1042 507 1042 814 1042 507 1042 815 1042 815 1043 507 1044 506 1045 815 1043 506 1045 816 1046 816 1047 506 1048 504 1049 816 1047 504 1049 798 1050 817 1051 671 1052 799 1052 671 1052 674 1051 799 1052 644 1053 652 1054 818 1055 652 1054 819 1056 818 1055 652 1057 654 1057 819 1057 654 1057 820 1057 819 1057 654 1058 655 1059 820 1060 655 1059 821 1061 820 1060 655 1062 657 1063 821 1064 657 1063 822 1065 821 1064 657 1066 661 1067 822 1067 661 1067 823 1066 822 1067 661 1068 664 1069 823 1070 664 1069 824 1071 823 1070 664 1072 666 1073 824 1074 666 1073 825 1075 824 1074 666 1076 671 1077 825 1078 671 1077 817 1079 825 1078 818 1080 826 1081 644 1082 826 1081 636 1083 644 1082 827 1084 625 1085 828 1086 625 1085 629 1087 828 1086 829 1088 570 1089 830 1090 570 1089 569 1091 830 1090 764 1092 613 1093 831 1094 613 1093 571 1095 831 1094 264 1096 265 1097 832 1096 832 1096 265 1097 833 1098 832 1099 833 1099 834 1099 832 1099 834 1099 835 1099 835 1100 834 1100 836 1100 835 1100 836 1100 837 1100 837 1101 836 1101 838 1101 837 1102 838 1102 839 1102 839 1103 838 1103 840 1103 839 1104 840 1104 841 1104 841 1105 840 1105 842 1105 841 1106 842 1106 843 1106 843 1107 842 1107 844 1107 843 1107 844 1107 845 1107 845 1108 844 1108 846 1108 845 1109 846 1109 847 1109 847 1110 846 1110 848 1110 847 1111 848 1111 849 1111 849 1112 848 1112 850 1112 849 1113 850 1113 851 1113 851 1114 850 1114 852 1114 851 1114 852 1114 853 1114 853 1115 852 1115 854 1115 853 1116 854 1116 855 1116 855 1117 854 1118 238 1119 238 1119 854 1118 239 1120 236 1121 237 1122 856 1122 856 1122 237 1122 857 1121 856 1123 857 1123 858 1123 856 1124 858 1124 859 1124 859 1125 858 1125 860 1125 859 1126 860 1126 861 1126 861 1127 860 1127 862 1127 861 1128 862 1128 863 1128 863 1129 862 1129 864 1129 863 1130 864 1130 865 1130 865 1131 864 1131 866 1131 865 1132 866 1132 867 1132 867 1133 866 1133 868 1133 867 1134 868 1134 869 1134 869 1135 868 1135 870 1135 869 1136 870 1136 871 1136 871 1137 870 1137 872 1137 871 1138 872 1138 873 1138 873 1139 872 1139 874 1139 873 1140 874 1140 875 1140 875 1141 874 1141 876 1141 875 1142 876 1142 877 1142 877 1143 876 1143 878 1143 877 1144 878 1144 879 1144 879 1145 878 1146 210 1147 210 1147 878 1146 211 1148 208 1149 209 1150 880 1150 880 1150 209 1150 881 1149 880 1151 881 1151 882 1151 880 1151 882 1151 883 1151 883 1125 882 1125 884 1125 883 1152 884 1152 885 1152 885 1153 884 1153 886 1153 885 1154 886 1154 887 1154 887 1155 886 1155 888 1155 887 1156 888 1156 889 1156 889 1157 888 1157 890 1157 889 1157 890 1157 891 1157 891 1158 890 1158 892 1158 891 1159 892 1159 893 1159 893 1160 892 1160 894 1160 893 1160 894 1160 895 1160 895 1161 894 1161 896 1161 895 1137 896 1137 897 1137 897 1162 896 1162 898 1162 897 1162 898 1162 899 1162 899 1163 898 1163 900 1163 899 1164 900 1164 901 1164 901 1165 900 1165 902 1165 901 1166 902 1166 903 1166 903 1167 902 1168 182 1169 182 1169 902 1168 183 1170 180 1171 181 1172 904 1172 904 1172 181 1172 905 1171 904 1173 905 1173 906 1173 904 1173 906 1173 907 1173 907 1174 906 1174 908 1174 907 1175 908 1175 909 1175 909 1176 908 1176 910 1176 909 1177 910 1177 911 1177 911 1178 910 1178 912 1178 911 1179 912 1179 913 1179 913 1180 912 1180 914 1180 913 1181 914 1181 915 1181 915 1159 914 1159 916 1159 915 1182 916 1182 917 1182 917 1183 916 1183 918 1183 917 1184 918 1184 919 1184 919 1185 918 1185 920 1185 919 1186 920 1186 921 1186 921 1187 920 1187 922 1187 921 1188 922 1188 923 1188 923 1189 922 1189 924 1189 923 1190 924 1190 925 1190 925 1191 924 1191 926 1191 925 1192 926 1192 927 1192 927 1193 926 1194 154 1195 154 1195 926 1194 155 1196 574 1197 578 1198 767 1198 767 1198 578 1198 928 1197 928 1199 578 1200 579 1199 928 1199 579 1199 929 1200 929 1201 579 1202 580 1203 929 1201 580 1203 765 1201 571 1204 573 1205 831 1206 831 1206 573 1205 930 1207 930 1208 573 1209 572 1210 930 1208 572 1210 931 1211 931 1212 572 1213 570 1214 931 1212 570 1214 829 1215 830 1090 569 1091 932 1216 932 1216 569 1091 623 1217 932 1218 623 1219 933 1218 933 1218 623 1219 624 1220 933 1221 624 1222 827 1084 827 1084 624 1222 625 1085 629 1223 633 1224 828 1225 828 1225 633 1224 934 1226 934 1227 633 1228 634 1229 934 1227 634 1229 935 1230 935 1231 634 1232 636 1233 935 1231 636 1233 826 1234 775 1235 766 1236 936 1237 766 1236 830 1238 936 1237 766 1236 829 1239 830 1238 936 1237 937 1240 775 1235 937 1240 774 1241 775 1235 937 1240 938 1242 774 1241 938 1242 773 1243 774 1241 938 1242 939 1244 773 1243 939 1244 772 1245 773 1243 939 1244 940 1246 772 1245 940 1246 771 1247 772 1245 940 1246 941 1248 771 1247 941 1248 942 1249 771 1247 942 1249 770 1250 771 1247 942 1249 943 1251 770 1250 943 1251 769 1252 770 1250 943 1251 944 1253 769 1252 944 1253 768 1254 769 1252 944 1253 945 1255 768 1254 945 1255 946 1256 768 1254 946 1256 947 1257 768 1254 946 1256 948 1258 947 1257 948 1258 949 1259 947 1257 948 1258 950 1260 949 1259 950 1260 951 1261 949 1259 950 1260 952 1262 951 1261 776 1263 768 1254 953 1264 768 1254 954 1265 953 1264 768 1254 955 1266 954 1265 956 1267 776 1268 268 1269 776 1263 781 1270 268 1271 776 1263 957 1272 781 1270 957 1272 958 1273 781 1270 958 1273 959 1274 781 1270 959 1274 960 1275 781 1270 960 1275 961 1276 781 1270 961 1276 962 1277 781 1270 962 1277 209 1278 781 1270 209 1278 963 1279 781 1270 963 1279 964 1280 781 1270 963 1279 950 1260 964 1280 956 1267 268 1269 965 1281 268 1269 966 1282 965 1281 268 1269 967 1283 966 1282 967 1283 268 1269 968 1284 268 1269 969 1285 968 1284 268 1269 970 1286 969 1285 970 1286 268 1269 971 1287 781 1270 964 1280 787 1288 964 1280 786 1289 787 1288 964 1280 972 1290 786 1289 972 1290 819 1291 786 1289 972 1290 973 1292 819 1291 973 1292 818 1293 819 1291 973 1292 974 1287 818 1293 974 1287 975 1287 818 1293 975 1287 181 1287 818 1293 181 1287 976 1294 818 1293 976 1294 977 1295 818 1293 977 1295 978 1287 818 1293 978 1287 979 1287 818 1293 979 1287 826 1296 818 1293 979 1287 980 1287 826 1296 980 1287 981 1297 826 1296 981 1297 828 1298 826 1296 981 1297 827 1299 828 1298 819 1291 820 1300 786 1289 820 1300 785 1301 786 1289 820 1300 821 1302 785 1301 821 1302 822 1303 785 1301 822 1303 784 1304 785 1301 822 1303 982 1305 784 1304 982 1305 983 1306 784 1304 983 1306 984 1307 784 1304 984 1307 783 1308 784 1304 984 1307 985 1309 783 1308 985 1309 986 1310 783 1308 986 1310 782 1311 783 1308 986 1310 987 1312 782 1311 987 1312 988 1313 782 1311 988 1313 989 1314 782 1311 989 1314 798 1315 782 1311 989 1314 816 1316 798 1315 798 1315 789 1317 782 1311 789 1317 788 1318 782 1311 789 1317 790 1319 788 1318 790 1319 791 1320 788 1318 791 1320 797 1321 788 1318 791 1320 792 1322 797 1321 792 1322 796 1323 797 1321 792 1322 793 1324 796 1323 793 1324 795 1325 796 1323 793 1324 794 1326 795 1325 816 1316 989 1314 815 1287 989 1314 990 1327 815 1287 990 1327 814 1328 815 1287 990 1327 991 1329 814 1328 991 1329 813 1330 814 1328 991 1329 992 1287 813 1330 992 1287 993 1331 813 1330 993 1331 812 1332 813 1330 993 1331 994 1333 812 1332 994 1333 811 1334 812 1332 994 1333 995 1287 811 1334 995 1287 237 1335 811 1334 237 1335 810 1336 811 1334 237 1335 996 1337 810 1336 996 1337 809 1338 810 1336 996 1337 997 1287 809 1338 997 1287 998 1339 809 1338 998 1339 808 1340 809 1338 998 1339 999 1287 808 1340 999 1287 1000 1341 808 1340 1000 1341 807 1342 808 1340 1000 1341 1001 1343 807 1342 1001 1343 806 1344 807 1342 1001 1343 825 1345 806 1344 825 1345 805 1346 806 1344 825 1345 817 1347 805 1346 817 1347 804 1348 805 1346 817 1347 803 1349 804 1348 817 1347 799 1350 803 1349 799 1350 802 1351 803 1349 799 1350 801 1352 802 1351 801 1352 799 1350 800 1353 1001 1343 1002 1354 825 1345 1002 1354 824 1355 825 1345 1002 1354 1003 1287 824 1355 1003 1287 823 1287 824 1355 1003 1287 1004 1287 823 1287 1004 1287 1005 1356 823 1287 1005 1356 822 1303 823 1287 1005 1356 982 1305 822 1303 826 1296 828 1298 935 1357 828 1298 934 1287 935 1357 933 1358 827 1299 830 1238 827 1299 936 1237 830 1238 827 1299 981 1297 936 1237 933 1358 830 1238 932 1287 766 1236 831 1359 829 1239 831 1359 931 1360 829 1239 831 1359 930 1287 931 1360 764 1361 831 1359 1006 1362 831 1359 1007 1363 1006 1362 831 1359 1008 1364 1007 1363 1009 1287 764 1287 1010 1287 764 1361 1011 1365 1010 1287 764 1361 1012 1366 1011 1365 1012 1366 764 1361 1013 1367 764 1361 1014 1368 1013 1367 764 1361 1015 1369 1014 1368 1013 1367 1014 1368 1016 1370 1014 1368 1017 1371 1016 1370 1014 1368 1018 1372 1017 1371 1014 1368 1019 1373 1018 1372 1019 1373 1020 1374 1018 1372 1019 1373 1021 1375 1020 1374 1021 1375 1022 1376 1020 1374 1022 1376 1023 1377 1020 1374 1022 1376 1024 1378 1023 1377 1024 1378 1025 1379 1023 1377 1025 1379 1026 1380 1023 1377 1025 1379 1027 1287 1026 1380 1027 1287 1028 1381 1026 1380 1028 1381 1029 1382 1026 1380 1028 1381 1030 1287 1029 1382 1030 1287 1031 1383 1029 1382 1031 1383 1032 1384 1029 1382 1031 1383 1033 1287 1032 1384 1033 1287 1034 1385 1032 1384 1034 1385 1035 1386 1032 1384 1034 1385 1036 1387 1035 1386 1036 1387 1037 1388 1035 1386 1036 1387 1038 1389 1037 1388 1038 1389 1039 1390 1037 1388 1038 1389 1040 1391 1039 1390 1040 1391 1038 1389 1041 1392 1038 1389 1042 1393 1041 1392 1042 1393 1043 1394 1041 1392 1042 1393 286 1395 1043 1394 286 1395 1044 1396 1043 1394 286 1395 1042 1393 765 1397 1042 1393 1045 1287 765 1397 1045 1287 767 1398 765 1397 1045 1287 1046 1399 767 1398 1046 1399 766 1236 767 1398 1046 1399 1047 1400 766 1236 1047 1400 831 1359 766 1236 1047 1400 1048 1401 831 1359 1048 1401 265 1402 831 1359 265 1402 1049 1403 831 1359 1049 1403 1008 1364 831 1359 765 1397 767 1398 929 1404 767 1398 928 1405 929 1404 1015 1369 764 1361 1006 1362 957 1272 776 1263 1050 1406 776 1263 1051 1407 1050 1406 776 1263 1052 1408 1051 1407 1052 1408 776 1263 1053 1409 776 1263 1054 1410 1053 1409 776 1263 953 1264 1054 1410 955 1266 768 1254 1055 1411 768 1254 1056 1412 1055 1411 768 1254 1057 1413 1056 1412 1057 1413 768 1254 1058 1414 768 1254 947 1257 1058 1414 952 1262 950 1260 1059 1415 950 1260 963 1279 1059 1415 1060 1416 1062 1417 1061 1418 1062 1417 1063 1419 1061 1418 1062 1417 1064 1420 1063 1419 1061 1418 1065 1421 1060 1416 1065 1421 1066 1422 1060 1416 1065 1421 1067 1423 1066 1422 1067 1423 1068 1424 1066 1422 1067 1423 1069 1425 1068 1424 1062 1417 1070 1426 1064 1420 1070 1426 1071 1427 1064 1420 1070 1426 1072 1428 1071 1427 1072 1428 1073 1429 1071 1427 1072 1428 1074 1430 1073 1429 1072 1428 1075 1431 1074 1430 1075 1431 1076 1432 1074 1430 1075 1431 1077 1433 1076 1432 1077 1433 1078 1434 1076 1432 1077 1433 1079 1435 1078 1434 1079 1435 1080 1436 1078 1434 1080 1436 1081 1437 1078 1434 1080 1436 1082 1438 1081 1437 1082 1438 1083 1439 1081 1437 1082 1438 1084 1287 1083 1439 1084 1287 125 1440 1083 1439 125 1440 1085 1441 1083 1439 125 1440 1086 1442 1085 1441 1086 1442 1087 1443 1085 1441 1086 1442 1088 1287 1087 1443 1088 1287 1089 1444 1087 1443 1089 1444 1090 1445 1087 1443 1089 1444 1091 1287 1090 1445 1091 1287 1092 1446 1090 1445 1092 1446 1093 1447 1090 1445 1092 1446 1094 1448 1093 1447 1094 1448 1095 1449 1093 1447 1094 1448 1096 1450 1095 1449 1096 1450 1097 1451 1095 1449 1096 1450 1098 1452 1097 1451 1098 1452 1099 1453 1097 1451 1098 1452 1100 1454 1099 1453 1098 1452 1101 1455 1100 1454 1101 1455 1102 1456 1100 1454 1101 1455 1103 1457 1102 1456 1103 1457 1101 1455 1104 1458 1094 1448 1105 1459 1096 1450 1105 1459 1106 1460 1096 1450 1105 1459 1107 1461 1106 1460 1107 1461 1108 1462 1106 1460 1107 1461 1109 1287 1108 1462 1109 1287 1110 1463 1108 1462 1110 1463 1111 1464 1108 1462 1110 1463 1112 1465 1111 1464 1112 1465 1113 1466 1111 1464 1113 1466 1114 1467 1111 1464 1113 1466 1115 1468 1114 1467 1115 1468 1116 1469 1114 1467 1115 1468 1117 1470 1116 1469 1117 1470 1118 1471 1116 1469 1117 1470 1119 1472 1118 1471 1119 1472 1120 1473 1118 1471 1119 1472 404 1287 1120 1473 404 1287 1121 1287 1120 1473 1121 1287 1122 1287 1120 1473 1122 1287 1123 1287 1120 1473 1123 1287 1124 1287 1120 1473 1124 1287 1125 1287 1120 1473 1125 1287 1126 1287 1120 1473 1126 1287 1127 1474 1120 1473 1126 1287 1128 1287 1127 1474 1128 1287 1129 1287 1127 1474 1129 1287 1130 1287 1127 1474 1130 1287 1131 1475 1127 1474 1131 1475 1132 1476 1127 1474 1132 1476 1133 1477 1127 1474 1133 1477 1134 1478 1127 1474 1133 1477 1135 1479 1134 1478 1135 1479 1136 1287 1134 1478 1133 1477 1137 1287 1135 1479 1137 1287 1138 1480 1135 1479 1137 1287 1139 1481 1138 1480 1139 1481 1140 1482 1138 1480 1140 1482 1141 1483 1138 1480 1141 1483 1142 1484 1138 1480 1141 1483 1143 1485 1142 1484 1143 1485 1144 1486 1142 1484 1144 1486 1145 1287 1142 1484 1145 1287 1146 1487 1142 1484 1146 1487 1147 1488 1142 1484 1146 1487 1148 1489 1147 1488 1148 1489 1149 1490 1147 1488 1149 1490 1150 1491 1147 1488 1149 1490 1151 1492 1150 1491 1152 1493 1138 1480 1153 1494 1138 1480 1154 1495 1153 1494 1138 1480 1142 1484 1154 1495 1152 1493 1153 1494 1155 1496 1154 1495 1156 1497 1153 1494 1156 1497 1157 1498 1153 1494 1156 1497 1158 1499 1157 1498 1158 1499 1159 1500 1157 1498 1158 1499 1160 1501 1159 1500 1161 1502 1158 1499 1162 1503 1158 1499 1163 1504 1162 1503 1158 1499 1164 1505 1163 1504 1165 1287 1161 1287 1166 1287 1161 1502 1167 1506 1166 1507 1161 1502 1168 1508 1167 1506 1168 1508 1161 1502 1169 1509 1161 1502 1170 1510 1169 1509 1161 1502 1171 1511 1170 1510 1169 1509 1170 1510 1172 1512 1170 1510 1173 1513 1172 1512 1170 1510 1174 1514 1173 1513 1170 1510 1175 1515 1174 1514 1175 1515 1176 1516 1174 1514 1175 1515 1177 1287 1176 1516 1177 1287 1178 1517 1176 1516 1178 1517 1179 1518 1176 1516 1178 1517 1180 1519 1179 1518 1180 1519 1181 1520 1179 1518 1181 1520 1182 1521 1179 1518 1181 1520 1183 1287 1182 1521 1183 1287 1184 1522 1182 1521 1184 1522 1185 1523 1182 1521 1184 1522 1186 1287 1185 1523 1186 1287 1187 1524 1185 1523 1187 1524 1188 1525 1185 1523 1187 1524 1189 1526 1188 1525 1189 1526 1190 1527 1188 1525 1190 1527 1191 1528 1188 1525 1190 1527 1192 1529 1191 1528 1192 1529 1193 1530 1191 1528 1192 1529 1194 1531 1193 1530 1194 1531 1195 1532 1193 1530 1194 1531 1196 1533 1195 1532 1196 1533 1194 1531 1197 1534 1194 1531 1198 1535 1197 1534 1198 1535 1199 1536 1197 1534 1198 1535 0 1287 1199 1536 0 1287 1200 1287 1199 1536 0 1287 1198 1535 1201 1537 1198 1535 1202 1538 1201 1537 1202 1538 1203 1539 1201 1537 1202 1538 1204 1540 1203 1539 1204 1540 1156 1497 1203 1539 1204 1540 1205 1541 1156 1497 1205 1541 1158 1499 1156 1497 1205 1541 1206 1401 1158 1499 1206 1401 97 1402 1158 1499 97 1402 1207 1542 1158 1499 1207 1542 1164 1505 1158 1499 1201 1537 1203 1539 1208 1543 1203 1539 1209 1544 1208 1543 1156 1497 1154 1495 1210 1545 1154 1495 1211 1546 1210 1545 1211 1546 1212 1547 1210 1545 1211 1546 1213 1548 1212 1547 1213 1548 1214 1549 1212 1547 1213 1548 1215 1550 1214 1549 1215 1550 1216 1551 1214 1549 1215 1550 1217 1552 1216 1551 1217 1552 1218 1553 1216 1551 1217 1552 1219 1554 1218 1553 1219 1554 1220 1555 1218 1553 1220 1555 1221 1556 1218 1553 1220 1555 1222 1557 1221 1556 1222 1557 1223 1558 1221 1556 1222 1557 1224 1559 1223 1558 1224 1559 1225 1560 1223 1558 1224 1559 1226 1561 1225 1560 1226 1561 1227 1562 1225 1560 1227 1562 1228 1563 1225 1560 1227 1562 1229 1564 1228 1563 1229 1564 1230 1565 1228 1563 1229 1564 1231 1566 1230 1565 1231 1566 1232 1567 1230 1565 1231 1566 1233 1568 1232 1567 1234 1569 1225 1560 1235 1570 1225 1560 1236 1571 1235 1570 1225 1560 1237 1572 1236 1571 1238 1573 1234 1287 24 1574 1234 1569 1239 1575 24 1271 1234 1569 1240 1576 1239 1575 1240 1576 1241 1577 1239 1575 1241 1577 1242 1578 1239 1575 1242 1578 1243 1579 1239 1575 1242 1578 1244 1580 1243 1579 1238 1573 24 1574 1245 1581 24 1574 1246 1582 1245 1581 24 1574 1247 1583 1246 1582 1247 1583 24 1574 1248 1584 24 1574 1249 1585 1248 1584 24 1574 1250 1586 1249 1585 1250 1586 24 1574 1251 1287 1252 1587 1239 1575 1253 1588 1239 1575 1254 1287 1253 1588 1239 1575 1243 1579 1254 1287 1253 1588 1255 1589 1252 1587 1255 1589 1256 1287 1252 1587 1255 1589 1257 1590 1256 1287 1257 1590 1258 1591 1256 1287 1257 1590 1259 1592 1258 1591 1259 1592 1260 1287 1258 1591 1259 1592 1261 1287 1260 1287 1261 1287 1262 1287 1260 1287 1261 1287 1263 1593 1262 1287 1263 1593 1070 1426 1262 1287 1263 1593 1264 1594 1070 1426 1264 1594 1265 1595 1070 1426 1265 1595 1266 1596 1070 1426 1266 1596 1072 1428 1070 1426 1267 1597 1268 1598 153 1599 1268 1598 1269 1600 153 1599 1268 1598 1270 1601 1269 1600 1270 1601 1271 1602 1269 1600 1270 1601 1272 1603 1271 1602 1272 1603 1273 1604 1271 1602 1272 1603 1274 1605 1273 1604 1272 1603 1275 1606 1274 1605 1275 1606 1276 1607 1274 1605 1275 1606 1277 1608 1276 1607 1277 1608 1231 1566 1276 1607 1277 1608 1278 1609 1231 1566 1278 1609 1233 1568 1231 1566 1278 1609 1279 1610 1233 1568 1149 1490 1280 1611 1151 1492 1280 1611 1281 1612 1151 1492 1280 1611 1267 1597 1281 1612 1280 1611 1268 1598 1267 1597 1282 1613 69 1614 1283 1615 69 1614 1284 1616 1283 1615 69 1614 1285 1617 1284 1616 1285 1617 1279 1610 1284 1616 1279 1610 1278 1609 1284 1616 1283 1615 1286 1618 1282 1613 1286 1618 1287 1619 1282 1613 1286 1618 1244 1580 1287 1619 1244 1580 1288 1620 1287 1619 1244 1580 1242 1578 1288 1620 1240 1576 1234 1569 1289 1621 1234 1569 1290 1622 1289 1621 1234 1569 1291 1623 1290 1622 1291 1623 1234 1569 1292 1624 1234 1569 1293 1625 1292 1624 1234 1569 1235 1570 1293 1625 1237 1572 1225 1560 1294 1626 1225 1560 1295 1627 1294 1626 1225 1560 1296 1628 1295 1627 1296 1628 1225 1560 1297 1629 1225 1560 1228 1563 1297 1629 1264 1594 1263 1593 1298 1630 1263 1593 1299 1631 1298 1630 1299 1631 1300 1632 1298 1630 1299 1631 1301 1633 1300 1632 1301 1633 1302 1634 1300 1632 1301 1633 1112 1465 1302 1634 1112 1465 1303 1635 1302 1634 1112 1465 1110 1463 1303 1635 1171 1511 1161 1502 1162 1503 152 1171 153 1172 1304 1172 1304 1172 153 1172 1305 1171 1304 1173 1305 1173 1306 1173 1304 1636 1306 1636 1307 1636 1307 1174 1306 1174 1308 1174 1307 1637 1308 1637 1309 1637 1309 1638 1308 1638 1310 1638 1309 1177 1310 1177 1311 1177 1311 1639 1310 1639 1312 1639 1311 1179 1312 1179 1313 1179 1313 1180 1312 1180 1314 1180 1313 1181 1314 1181 1315 1181 1315 1159 1314 1159 1316 1159 1315 1182 1316 1182 1317 1182 1317 1183 1316 1183 1318 1183 1317 1184 1318 1184 1319 1184 1319 1185 1318 1185 1320 1185 1319 1186 1320 1186 1321 1186 1321 1187 1320 1187 1322 1187 1321 1188 1322 1188 1323 1188 1323 1189 1322 1189 1324 1189 1323 1190 1324 1190 1325 1190 1325 1192 1324 1192 1326 1192 1325 1192 1326 1192 1327 1192 1327 1640 1326 1641 126 1642 126 1642 1326 1641 127 1196 124 1643 125 1644 1328 1645 1328 1645 125 1644 1329 1646 1328 1647 1329 1647 1330 1647 1328 1648 1330 1648 1331 1648 1331 1125 1330 1125 1332 1125 1331 1126 1332 1126 1333 1126 1333 1649 1332 1649 1334 1649 1333 1177 1334 1177 1335 1177 1335 1129 1334 1129 1336 1129 1335 1650 1336 1650 1337 1650 1337 1180 1336 1180 1338 1180 1337 1651 1338 1651 1339 1651 1339 1133 1338 1133 1340 1133 1339 1652 1340 1652 1341 1652 1341 1653 1340 1653 1342 1653 1341 1136 1342 1136 1343 1136 1343 1137 1342 1137 1344 1137 1343 1138 1344 1138 1345 1138 1345 1654 1344 1654 1346 1654 1345 1655 1346 1655 1347 1655 1347 1656 1346 1656 1348 1656 1347 1657 1348 1657 1349 1657 1349 1658 1348 1658 1350 1658 1349 1659 1350 1659 1351 1659 1351 1145 1350 1146 98 1147 98 1147 1350 1146 99 1148 96 1098 97 1096 1352 1097 1352 1097 97 1096 1353 1096 1352 1099 1353 1099 1354 1099 1352 1099 1354 1099 1355 1099 1355 1660 1354 1660 1356 1660 1355 1661 1356 1661 1357 1661 1357 1662 1356 1662 1358 1662 1357 1663 1358 1663 1359 1663 1359 1664 1358 1664 1360 1664 1359 1665 1360 1665 1361 1665 1361 1106 1360 1106 1362 1106 1361 1105 1362 1105 1363 1105 1363 1666 1362 1666 1364 1666 1363 1666 1364 1666 1365 1666 1365 1667 1364 1667 1366 1667 1365 1668 1366 1668 1367 1668 1367 1111 1366 1111 1368 1111 1367 1669 1368 1669 1369 1669 1369 1670 1368 1670 1370 1670 1369 1671 1370 1671 1371 1671 1371 1114 1370 1114 1372 1114 1371 1114 1372 1114 1373 1114 1373 1672 1372 1672 1374 1672 1373 1673 1374 1673 1375 1673 1375 1674 1374 1675 70 1676 70 1676 1374 1675 71 1677 68 1678 69 1678 1376 1678 1376 1678 69 1678 1377 1678 1376 1151 1377 1151 1378 1151 1376 1151 1378 1151 1379 1151 1379 1125 1378 1125 1380 1125 1379 1152 1380 1152 1381 1152 1381 1154 1380 1154 1382 1154 1381 1154 1382 1154 1383 1154 1383 1179 1382 1179 1384 1179 1383 1679 1384 1679 1385 1679 1385 1680 1384 1680 1386 1680 1385 1681 1386 1681 1387 1681 1387 1158 1386 1158 1388 1158 1387 1159 1388 1159 1389 1159 1389 1682 1388 1682 1390 1682 1389 1682 1390 1682 1391 1682 1391 1161 1390 1161 1392 1161 1391 1137 1392 1137 1393 1137 1393 1683 1392 1683 1394 1683 1393 1684 1394 1684 1395 1684 1395 1685 1394 1685 1396 1685 1395 1685 1396 1685 1397 1685 1397 1686 1396 1686 1398 1686 1397 1166 1398 1166 1399 1166 1399 1687 1398 1688 42 1689 42 1689 1398 1688 43 1690 1157 1691 1159 1692 1400 1693 1400 1693 1159 1692 1401 1694 1401 1695 1159 1696 1160 1697 1401 1695 1160 1697 1402 1698 1402 1205 1160 1207 1158 1206 1402 1205 1158 1206 1403 1204 1403 1699 1158 1699 1404 1699 1158 1699 1161 1700 1404 1699 1405 1701 1138 1702 1406 1222 1406 1222 1138 1702 1152 1221 1406 1703 1152 1704 1407 1704 1407 1704 1152 1704 1155 1703 1407 1705 1155 1706 1408 1707 1408 1707 1155 1706 1153 1708 1408 1707 1153 1708 1400 1089 1153 1708 1157 1088 1400 1089 1127 1234 1134 1231 1409 1233 1409 1233 1134 1231 1410 1232 1410 1709 1134 1710 1136 1711 1410 1709 1136 1711 1411 1712 1411 1224 1136 1226 1135 1225 1411 1224 1135 1225 1412 1223 1412 1713 1135 1714 1405 1701 1135 1714 1138 1702 1405 1701 1409 1083 1413 1715 1127 1083 1413 1715 1120 1716 1127 1083 1098 1717 1096 1718 1414 1719 1096 1718 1415 1720 1414 1719 1096 1075 1106 1074 1415 1073 1106 1074 1416 1072 1415 1073 1106 1071 1108 1070 1416 1069 1108 1070 1417 1068 1416 1069 1108 1721 1111 1722 1417 1723 1111 1722 1418 1066 1417 1723 1111 1724 1114 1725 1418 1726 1114 1725 1419 1727 1418 1726 1114 1728 1116 1729 1419 1730 1116 1729 1420 1731 1419 1730 1116 1732 1118 1733 1420 1734 1118 1733 1421 1735 1420 1734 1118 1736 1120 1737 1421 1738 1120 1737 1413 1739 1421 1738 1422 1051 1101 1740 1414 1741 1101 1740 1098 1742 1414 1741 1071 1048 1073 1743 1423 1744 1423 1744 1073 1743 1424 1745 1424 1746 1073 1747 1074 1748 1424 1746 1074 1748 1425 1046 1425 1749 1074 1750 1076 1751 1425 1749 1076 1751 1426 1752 1426 1753 1076 1754 1078 1755 1426 1753 1078 1755 1427 1756 1427 1757 1078 1758 1081 1759 1427 1757 1081 1759 1428 1760 1428 1761 1081 1033 1083 1762 1428 1761 1083 1762 1429 1763 1429 1028 1083 1029 1085 1026 1429 1028 1085 1026 1430 1027 1430 1764 1085 1765 1087 1766 1430 1764 1087 1766 1431 1023 1431 1767 1087 1021 1090 1768 1431 1767 1090 1768 1432 1769 1432 1770 1090 1017 1093 1771 1432 1770 1093 1771 1433 1772 1433 1773 1093 1013 1095 1774 1433 1773 1095 1774 1434 1775 1434 1776 1095 1777 1097 1778 1434 1776 1097 1778 1435 1779 1435 1004 1097 1005 1099 1002 1435 1004 1099 1002 1436 1003 1436 1780 1099 1001 1100 1781 1436 1780 1100 1781 1437 1782 1437 996 1100 997 1102 994 1437 996 1102 994 1438 995 1438 992 1102 993 1103 992 1438 992 1103 992 1439 993 1439 1783 1103 991 1104 1784 1439 1783 1104 1784 1440 1785 1440 1786 1104 984 1101 1786 1440 1786 1101 1786 1422 984 1441 983 1064 983 1423 983 1064 983 1071 983 1423 983 1442 979 1062 1787 1443 1787 1443 1787 1062 1787 1060 979 1443 977 1060 978 1444 978 1444 978 1060 978 1066 977 1444 1788 1066 1789 1445 1790 1445 1790 1066 1789 1068 1791 1445 972 1068 1792 1446 1793 1446 1793 1068 1792 1069 1794 1446 968 1069 967 1447 966 1447 966 1069 967 1067 965 1447 964 1067 963 1448 962 1448 962 1067 963 1065 961 1448 960 1065 959 1449 958 1449 958 1065 959 1061 957 1449 956 1061 1795 1450 1795 1450 1795 1061 1795 1063 956 1450 1796 1063 1797 1441 1798 1441 1798 1063 1797 1064 951 1451 1799 1070 1800 1442 1801 1070 1800 1062 1802 1442 1801 1239 946 1252 945 1452 944 1252 945 1453 943 1452 944 1252 942 1256 1803 1453 1804 1256 1803 1454 1805 1453 1804 1256 935 1258 1806 1454 1806 1258 1806 1455 935 1454 1806 1258 934 1260 933 1455 932 1260 933 1456 931 1455 932 1260 1807 1262 1808 1456 1809 1262 1808 1457 927 1456 1809 1262 1810 1070 1811 1457 1812 1070 1811 1451 1813 1457 1812 22 922 24 921 1452 920 24 921 1239 919 1452 920 41 909 40 910 1458 910 1458 910 40 910 1459 909 1458 911 1459 912 1460 913 1460 913 1459 912 1461 914 1460 1814 1461 1815 1234 1816 1234 1816 1461 1815 1462 1817 1462 1818 1463 1818 1234 1818 1463 1818 1225 1818 1234 1818 1464 907 1156 905 1465 904 1156 905 1210 906 1465 904 1210 901 1466 900 1465 903 1210 901 1212 902 1466 900 1212 898 1467 898 1466 899 1212 898 1214 899 1467 898 1214 897 1216 896 1467 895 1216 896 1468 895 1467 895 1216 1819 1218 1819 1468 1819 1218 1819 1469 1819 1468 1819 1218 892 1221 1820 1469 1821 1221 1820 1470 1822 1469 1821 1221 1823 1223 1824 1470 1824 1223 1824 1471 1823 1470 1824 1223 883 1225 1825 1471 1825 1225 1825 1463 883 1471 1825 1201 1202 1208 1203 1472 1201 1472 1201 1208 1203 1473 1201 1473 1826 1208 1827 1209 1827 1473 1826 1209 1827 1474 1828 1474 1198 1209 1197 1203 1198 1474 1198 1203 1198 1475 1197 1475 1829 1203 1829 1464 1830 1203 1829 1156 1831 1464 1830 1 1832 0 1833 1472 1834 0 1833 1201 875 1472 1834 20 1835 21 1836 1476 1837 1476 1837 21 1836 1477 1838 1476 852 1477 851 1478 850 1478 850 1477 851 1479 849 1478 1839 1479 1840 1480 1841 1480 1841 1479 1840 1481 1842 1480 1843 1481 1844 1482 1845 1482 1845 1481 1844 1483 1846 1482 862 1483 861 1484 860 1484 860 1483 861 1485 859 1484 1847 1485 1848 1486 1849 1486 1849 1485 1848 1487 1850 1486 1851 1487 1851 1488 1851 1488 1851 1487 1851 1489 1852 1488 871 1489 871 1490 871 1490 871 1489 871 1491 871 1490 1853 1491 1853 1492 1853 1492 1853 1491 1853 1493 1853 1492 873 1493 873 1494 873 1494 873 1493 873 1495 873 1494 874 1495 874 1161 874 1161 874 1495 874 1404 874 1472 1854 1496 1855 1 1856 1 1856 1496 1855 1497 1857 1 1856 1497 1857 1498 626 1498 626 1497 1857 1499 1858 1499 1858 1497 1857 1500 1859 1500 1859 1497 1857 1501 1860 1501 1860 1497 1857 1502 1861 1501 1860 1502 1861 1503 626 1503 626 1502 1861 1504 1862 1504 1862 1502 1861 1505 1863 1504 1862 1505 1863 1506 1864 1496 1855 1472 1854 1475 1865 1475 1865 1472 1854 1473 1866 1475 1865 1473 1866 1474 1867 1496 1855 1475 1865 1507 1868 1507 1868 1475 1865 1464 1869 1507 1868 1464 1869 1508 1870 1508 1870 1464 1869 1403 1871 1508 1870 1403 1871 1509 1872 1509 1872 1403 1871 1510 1873 1510 1873 1403 1871 1511 1874 1511 1874 1403 1871 1512 1875 1512 1875 1403 1871 1513 1876 1513 1876 1403 1871 1514 1877 1514 1877 1403 1871 1515 1878 1515 1878 1403 1871 1404 1879 1515 1878 1404 1879 1516 1880 1516 1880 1404 1879 1517 1881 1516 1880 1517 1881 1518 1882 1465 1883 1519 1884 1464 1869 1464 1869 1519 1884 1408 1885 1464 1869 1408 1885 1400 1886 1466 1887 1520 1888 1465 1883 1465 1883 1520 1888 1521 1889 1465 1883 1521 1889 1519 1884 1520 1888 1466 1887 1522 1890 1522 1890 1466 1887 1467 1891 1522 1890 1467 1891 1523 1892 1523 1892 1467 1891 1468 1893 1523 1892 1468 1893 1524 1894 1524 1894 1468 1893 1469 1895 1524 1894 1469 1895 126 1896 126 1896 1469 1895 1470 1897 126 1896 1470 1897 1525 1898 1525 1898 1470 1897 1471 1899 1525 1898 1471 1899 1526 1900 1526 1900 1471 1899 1463 1901 1526 1900 1463 1901 1527 1902 1527 1902 1463 1901 1528 1903 1528 1903 1463 1901 1529 1904 1529 1904 1463 1901 1530 1905 1529 1904 1530 1905 1531 1906 1462 1907 1532 1908 1463 1901 1463 1901 1532 1908 42 1909 1463 1901 42 1909 1533 1910 1534 1911 22 1912 1462 1907 1462 1907 22 1912 1452 1913 1462 1907 1452 1913 1535 1914 1535 1914 1452 1913 1536 1915 1536 1915 1452 1913 1537 1916 1537 1916 1452 1913 1538 1917 1538 1917 1452 1913 1539 1918 1539 1918 1452 1913 1540 1919 1540 1919 1452 1913 1541 1920 1541 1920 1452 1913 1542 1921 1542 1921 1452 1913 1543 1922 1542 1921 1543 1922 1544 1923 1544 1923 1543 1922 1545 1924 1545 1924 1543 1922 1546 1925 1545 1924 1546 1925 1547 1926 1547 1926 1546 1925 1531 1906 1531 1906 1546 1925 1529 1904 1534 1911 1548 1927 22 1912 22 1912 1548 1927 1549 1928 22 1912 1549 1928 1550 1929 1550 1929 1551 626 22 1912 22 1912 1551 626 1552 1930 22 1912 1552 1930 1553 1931 1553 1932 1554 1932 22 1932 1452 1913 1453 1933 1543 1922 1543 1922 1453 1933 1555 1934 1555 1934 1453 1933 1454 1935 1555 1934 1454 1935 1556 1936 1556 1936 1454 1935 1421 1937 1556 1936 1421 1937 1413 1938 1421 1937 1454 1935 1420 1939 1420 1939 1454 1935 1455 1940 1420 1939 1455 1940 1419 1941 1419 1941 1455 1940 1418 1942 1418 1942 1455 1940 1456 1943 1418 1942 1456 1943 1557 1944 1557 1944 1456 1943 98 1945 98 1945 1456 1943 1558 1946 1558 1946 1456 1943 1457 1947 1558 1946 1457 1947 1559 1948 1559 1948 1457 1947 1451 1949 1559 1948 1451 1949 1560 1950 1560 1950 1451 1949 1561 1951 1561 1951 1451 1949 1562 1952 1562 1952 1451 1949 1423 1953 1562 1952 1423 1953 1563 1954 1563 1954 1423 1953 1424 1955 1563 1954 1424 1955 1425 1956 1423 1953 1451 1949 1441 1957 1441 1957 1451 1949 1442 1958 1441 1957 1442 1958 1450 1959 1450 1959 1442 1958 1449 1960 1449 1960 1442 1958 1443 1961 1449 1960 1443 1961 1448 1962 1448 1962 1443 1961 1444 1963 1448 1962 1444 1963 1447 1964 1447 1964 1444 1963 1445 1965 1447 1964 1445 1965 1446 626 1425 1956 1426 626 1563 1954 1563 1954 1426 626 1564 626 1564 626 1426 626 1427 1966 1564 626 1427 1966 1565 626 1565 626 1427 1966 1566 1967 1566 1967 1427 1966 1428 1968 1566 1967 1428 1968 1567 626 1567 626 1428 1968 1568 1969 1568 1969 1428 1968 1429 1970 1568 1969 1429 1970 1569 1971 1569 1971 1429 1970 1430 1972 1569 1971 1430 1972 1570 626 1570 626 1430 1972 1571 1973 1571 1973 1430 1972 1431 1974 1571 1973 1431 1974 1572 1975 1572 1975 1431 1974 1432 1976 1572 1975 1432 1976 1573 626 1573 626 1432 1976 1574 1977 1574 1977 1432 1976 1433 1978 1574 1977 1433 1978 1575 1979 1575 1979 1433 1978 1576 1980 1576 1980 1433 1978 1434 1981 1576 1980 1434 1981 1415 1982 1415 1982 1434 1981 1435 1983 1415 1982 1435 1983 1414 1984 1414 1984 1435 1983 1436 1985 1414 1984 1436 1985 1437 1986 1414 1984 1437 1986 1422 1987 1422 1987 1437 1986 1438 1988 1422 1987 1438 1988 1439 1989 1439 1989 1440 1990 1422 1987 1415 1982 1416 1991 1576 1980 1576 1980 1416 1991 1577 1992 1577 1992 1416 1991 1417 1993 1577 1992 1417 1993 1578 626 1578 626 1417 1993 1579 1994 1579 1994 1417 1993 1418 1942 1579 1994 1418 1942 1580 1995 1580 1995 1418 1942 1557 1944 1409 1996 1581 1997 1413 1938 1413 1938 1581 1997 1582 1998 1413 1938 1582 1998 1583 1999 1410 626 1412 2000 1409 1996 1409 1996 1412 2000 1584 2001 1409 1996 1584 2001 1585 2002 1410 626 1411 626 1412 2000 1584 2001 1412 2000 1519 1884 1519 1884 1412 2000 1405 2003 1519 1884 1405 2003 1408 1885 1408 1885 1405 2003 1406 2004 1408 1885 1406 2004 1407 2005 1464 1869 1400 1886 1403 1871 1403 1871 1400 1886 1401 2006 1403 1871 1401 2006 1402 2007 1586 626 1587 626 1404 1879 1404 1879 1587 626 1588 2008 1404 1879 1588 2008 1589 2009 1589 2009 1517 1881 1404 1879 1518 1882 1590 2010 1516 1880 1516 1880 1590 2010 1591 2011 1591 2011 1590 2010 1592 2012 1591 2011 1592 2012 1593 2013 1593 2013 1592 2012 1594 2014 1593 2013 1594 2014 1595 626 1595 626 1594 2014 1596 2015 1596 2015 1594 2014 1597 2016 1596 2015 1597 2016 1598 2017 1598 2017 1597 2016 1599 2018 1599 2018 1597 2016 1600 2019 1599 2018 1600 2019 70 2020 70 2020 1600 2019 1601 2021 70 2020 1601 2021 1602 626 1602 626 1601 2021 1603 2022 1603 2022 1601 2021 1604 2023 1603 2022 1604 2023 1605 626 1605 626 1604 2023 1506 1864 1506 1864 1604 2023 1504 1862 1498 626 1606 626 1 626 1585 2002 1581 1997 1409 1996 1583 1999 1607 2024 1413 1938 1413 1938 1607 2024 1608 2025 1413 1938 1608 2025 1609 2026 1609 2026 1610 2027 1413 1938 1413 1938 1610 2027 1556 1936 1533 1910 1611 2028 1463 1901 1463 1901 1611 2028 1612 2029 1463 1901 1612 2029 1613 2030 1613 2030 1614 626 1463 1901 1463 1901 1614 626 1530 1905 1535 1914 1615 2031 1462 1907 1462 1907 1615 2031 1616 2032 1462 1907 1616 2032 1617 626 1617 626 1618 2033 1462 1907 1462 1907 1618 2033 1619 2034 1462 1907 1619 2034 1532 1908</p>
        </triangles>
      </mesh>
    </geometry>
  </library_geometries>
  <library_visual_scenes>
    <visual_scene id="Scene" name="Scene">
      <node id="Boom_001" name="Boom.001" type="NODE">
        <matrix sid="transform">1 0 0 0 0 1 0 0 0 0 1 0 0 0 0 1</matrix>
        <instance_geometry url="#wheel_loader_v1_048-mesh" name="Boom.001">
          <bind_material>
            <technique_common>
              <instance_material symbol="black-material" target="#black-material"/>
            </technique_common>
          </bind_material>
        </instance_geometry>
      </node>
    </visual_scene>
  </library_visual_scenes>
  <scene>
    <instance_visual_scene url="#Scene"/>
  </scene>
</COLLADA>