<?xml version="1.0" encoding="utf-8"?>
<COLLADA xmlns="http://www.collada.org/2005/11/COLLADASchema" version="1.4.1" xmlns:xsi="http://www.w3.org/2001/XMLSchema-instance">
  <asset>
    <contributor>
      <author>Blender User</author>
      <authoring_tool>Blender 4.5.1 LTS commit date:2025-07-29, commit time:05:31, hash:b0a72b245dcf</authoring_tool>
    </contributor>
    <created>2026-07-26T22:54:29</created>
    <modified>2026-07-26T22:54:29</modified>
    <unit name="meter" meter="1"/>
    <up_axis>Z_UP</up_axis>
  </asset>
  <library_effects>
    <effect id="silver-effect">
      <profile_COMMON>
        <technique sid="common">
          <lambert>
            <emission>
              <color sid="emission">0 0 0 1</color>
            </emission>
            <diffuse>
              <color sid="diffuse">0.5 0.5 0.5 1</color>
            </diffuse>
            <reflectivity>
              <float sid="specular">0.5</float>
            </reflectivity>
            <index_of_refraction>
              <float sid="ior">1.5</float>
            </index_of_refraction>
          </lambert>
        </technique>
      </profile_COMMON>
    </effect>
    <effect id="black-effect">
      <profile_COMMON>
        <technique sid="common">
          <lambert>
            <emission>
              <color sid="emission">0 0 0 1</color>
            </emission>
            <diffuse>
              <color sid="diffuse">0.008075851 0.008075851 0.008075851 1</color>
            </diffuse>
            <index_of_refraction>
              <float sid="ior">1.5</float>
            </index_of_refraction>
          </lambert>
        </technique>
      </profile_COMMON>
    </effect>
  </library_effects>
  <library_images/>
  <library_materials>
    <material id="silver-material" name="silver">
      <instance_effect url="#silver-effect"/>
    </material>
    <material id="black-material" name="black">
      <instance_effect url="#black-effect"/>
    </material>
  </library_materials>
  <library_geometries>
    <geometry id="wheel_loader_v1_072-mesh" name="wheel loader v1.072">
      <mesh>
        <source id="wheel_loader_v1_072-mesh-positions">
          <float_array id="wheel_loader_v1_072-mesh-positions-array" count="13554">-0.05200433 1.574149 -0.2321264 -0.05061626 1.575001 -0.2258064 -0.01779985 1.574149 -0.2369954 -0.01401376 1.575001 -0.2307386 0.01674747 1.574149 -0.2367198 0.02290391 1.575001 -0.2296161 0.05086946 1.574149 -0.2313051 0.05913972 1.575001 -0.2224695 0.0838046 1.574149 -0.2208712 0.09371805 1.575001 -0.2094905 0.1148209 1.574149 -0.2056524 0.1257071 1.575 -0.19103 0.1432256 1.574149 -0.1859862 0.1542453 1.575 -0.1675848 0.1683869 1.574149 -0.1623113 0.1785635 1.575 -0.1397864 0.1897439 1.574149 -0.1351552 0.1980066 1.575 -0.1083846 0.2068223 1.574149 -0.1051225 0.2120504 1.575 -0.07422471 0.2192392 1.574149 -0.07288265 0.2203164 1.575 -0.03822779 0.2267198 1.574149 -0.03915333 0.2250123 1.571651 -0.07462382 0.2326869 1.571651 -0.04001617 0.229969 1.567678 -0.07611918 0.2378125 1.567678 -0.04075694 0.2337727 1.562501 -0.07726621 0.241744 1.562501 -0.04132533 0.2442159 1.556471 -0.04168248 0.2361636 1.556471 -0.07798743 0.245059 1.550001 -0.04180455 0.236979 1.550001 -0.07823324 0.2227983 1.556471 -0.1126894 0.2235679 1.550001 -0.113054 0.2051234 1.550001 -0.1454908 0.2044162 1.556471 -0.1450159 0.1820564 1.550001 -0.1748211 0.1814279 1.556471 -0.1742463 0.15488 1.550001 -0.200391 0.154345 1.556471 -0.1997289 0.1242017 1.550001 -0.2216315 0.1237702 1.556471 -0.2208969 0.09070301 1.550001 -0.2380692 0.09038591 1.556472 -0.2372786 0.05513095 1.550001 -0.2493374 0.05493497 1.556472 -0.2485086 0.01827764 1.550001 -0.2551861 0.01820755 1.556472 -0.2543373 -0.01903533 1.550001 -0.2554839 -0.01897811 1.556472 -0.2546339 -0.05597686 1.550001 -0.2502251 -0.05579423 1.556472 -0.2493929 -0.0188117 1.562501 -0.2521422 -0.05525922 1.562501 -0.2469537 -0.01854705 1.567678 -0.2481777 -0.05440664 1.567678 -0.2430732 -0.0182023 1.571651 -0.2430117 -0.05329656 1.571651 -0.2380156 0.01724529 1.571651 -0.2427287 0.01767253 1.567678 -0.2478885 0.01800155 1.562501 -0.251848 0.0522561 1.571651 -0.2371726 0.05344724 1.567678 -0.2422115 0.05436038 1.562501 -0.246078 0.08604907 1.571651 -0.2264673 0.0879774 1.567678 -0.2312729 0.08945655 1.562501 -0.2349607 0.1178731 1.571651 -0.2108519 0.1204943 1.567678 -0.2153167 0.1225056 1.562501 -0.2187433 0.1470179 1.571651 -0.1906735 0.1502747 1.567678 -0.1946988 0.1527738 1.562501 -0.1977872 0.1728353 1.571651 -0.1663818 0.1766548 1.567678 -0.1698775 0.1795854 1.562501 -0.1725597 0.1947493 1.571651 -0.1385185 0.1990456 1.567678 -0.1414067 0.2023434 1.562501 -0.1436223 0.2122712 1.571651 -0.1077034 0.2169508 1.567678 -0.1099197 0.2205414 1.562501 -0.1116206 0.09165287 1.950002 -0.01963043 0.09165287 1.825002 -0.01963043 0.08566856 1.950002 -0.04173636 0.08566856 1.825002 -0.04173636 0.07456827 1.825002 -0.06176853 0.07456827 1.950002 -0.06176829 0.05899524 1.825002 -0.0785613 0.05899572 1.950002 -0.0785613 0.03985691 1.825002 -0.09113931 0.03985738 1.950002 -0.09113931 0.01826429 1.825002 -0.09877228 0.01826477 1.950002 -0.09877228 -0.004528045 1.825002 -0.1010155 -0.004527568 1.950002 -0.1010155 -0.02719402 1.825002 -0.09773921 -0.02719402 1.950002 -0.09773921 -0.04841852 1.825002 -0.0891335 -0.04841852 1.950002 -0.0891335 -0.06696557 1.825002 -0.07569909 -0.06696557 1.950002 -0.07569909 -0.08175897 1.825002 -0.05821609 -0.08175897 1.950002 -0.05821609 -0.09193849 1.825002 -0.03770065 -0.09193849 1.950002 -0.03770065 -0.09691286 1.825002 -0.01534533 -0.09691286 1.950002 -0.01534533 -0.09639263 1.950002 0.007550716 -0.09639263 1.825002 0.007550716 -0.05597686 1.850001 -0.2502251 -0.05597686 1.925 -0.2502251 -0.01903533 1.850001 -0.2554839 -0.01903533 1.925 -0.2554839 0.01827764 1.850001 -0.2551861 0.01827764 1.925 -0.2551861 0.05513095 1.850001 -0.2493374 0.05513095 1.925 -0.2493374 0.09070301 1.850001 -0.2380692 0.09070301 1.925 -0.2380692 0.1242017 1.850001 -0.2216315 0.1242017 1.925 -0.2216315 0.15488 1.850001 -0.200391 0.15488 1.925 -0.200391 0.1820564 1.850001 -0.1748211 0.1820564 1.925 -0.1748211 0.2051234 1.850001 -0.1454908 0.2051234 1.925 -0.1454908 0.2235679 1.850001 -0.113054 0.2235679 1.925 -0.113054 0.236979 1.850001 -0.07823324 0.236979 1.925 -0.07823324 0.2450594 1.850001 -0.04180455 0.2450594 1.925 -0.04180455 -2.102089 1.797096 0.3216424 -1.574242 1.797096 0.2453451 -2.105514 1.800001 0.2979572 -1.046394 1.797096 0.169048 -0.5219703 1.8 0.06906509 -0.5185466 1.797095 0.09275054 -0.5153217 1.788547 0.1150593 -1.04317 1.788547 0.1913568 -0.5124831 1.774852 0.1346955 -1.040331 1.774852 0.2109928 -0.5101967 1.756807 0.1505172 -1.038044 1.756808 0.2268145 -0.508594 1.735461 0.1616053 -1.036442 1.735461 0.2379026 -0.5077691 1.712054 0.1673152 -1.035616 1.712054 0.2436125 -0.5077691 1.687947 0.1673152 -1.035616 1.687947 0.2436125 -0.508594 1.66454 0.1616053 -1.036442 1.664541 0.2379026 -0.5101967 1.643194 0.1505172 -1.038044 1.643194 0.2268145 -0.5124831 1.62515 0.1346955 -1.040331 1.62515 0.2109928 -0.5153217 1.611455 0.1150593 -1.04317 1.611455 0.1913568 -0.5185466 1.602906 0.09275054 -1.046395 1.602906 0.1690478 -0.5219703 1.600001 0.06906509 -1.574242 1.602907 0.2453451 -2.105514 1.600002 0.2979572 -2.102089 1.602907 0.3216424 -2.098866 1.611456 0.3439515 -1.571017 1.611455 0.2676542 -2.096027 1.62515 0.3635874 -1.56818 1.62515 0.2872899 -2.093739 1.643195 0.3794091 -1.565893 1.643195 0.3031118 -2.092138 1.664541 0.3904972 -1.56429 1.664541 0.3141997 -2.091312 1.687948 0.3962071 -1.563464 1.687948 0.3199096 -2.091312 1.712055 0.3962071 -1.563464 1.712055 0.3199096 -2.092138 1.735462 0.3904972 -1.56429 1.735462 0.3141997 -2.093739 1.756808 0.3794091 -1.565893 1.756808 0.3031118 -2.096027 1.774852 0.3635876 -1.56818 1.774852 0.2872899 -2.098866 1.788547 0.3439515 -1.571017 1.788547 0.2676542 0.09165287 1.575001 -0.01963043 0.09165287 1.450001 -0.01963043 0.08566856 1.575001 -0.04173636 0.08566856 1.450001 -0.04173636 0.07456779 1.450001 -0.06176853 0.07456827 1.575001 -0.06176853 0.05899524 1.450001 -0.0785613 0.05899524 1.575001 -0.0785613 0.03985691 1.450001 -0.09113955 0.03985691 1.575001 -0.09113931 0.01826429 1.450001 -0.09877228 0.01826429 1.575001 -0.09877228 -0.004528045 1.450001 -0.1010155 -0.004528045 1.575001 -0.1010155 -0.02719449 1.450001 -0.09773921 -0.02719449 1.575001 -0.09773921 -0.04841852 1.450001 -0.0891335 -0.04841852 1.575001 -0.0891335 -0.06696557 1.450001 -0.07569909 -0.06696557 1.575001 -0.07569909 -0.08175897 1.450001 -0.05821609 -0.08175897 1.575001 -0.05821609 -0.09193897 1.450001 -0.03770065 -0.09193897 1.575001 -0.03770065 -0.09691333 1.450001 -0.01534557 -0.09691286 1.575001 -0.01534557 -0.09639263 1.575001 0.007550716 -0.09639263 1.450001 0.007550477 -0.05597686 1.475001 -0.2502251 -0.01903533 1.475001 -0.2554839 0.01827764 1.475001 -0.2551861 0.05513095 1.475001 -0.2493374 0.09070301 1.475001 -0.2380692 0.1242017 1.475001 -0.2216315 0.15488 1.475001 -0.200391 0.1820564 1.475001 -0.1748211 0.2051229 1.475001 -0.1454908 0.2235679 1.475001 -0.113054 0.236979 1.475001 -0.07823324 0.245059 1.475001 -0.04180455 0.2476267 1.475001 -0.00457859 0.2476267 1.550001 -0.00457859 0.2446231 1.475001 0.0326147 0.2446231 1.550001 0.0326147 0.2361197 1.475001 0.06894683 0.2361197 1.550001 0.06894683 0.2223014 1.475001 0.1036086 0.2223014 1.550001 0.1036086 0.2034783 1.475001 0.1358275 0.2034783 1.550001 0.1358275 0.1800704 1.475001 0.1648857 0.1800708 1.550001 0.1648857 0.1525969 1.475001 0.1901361 0.1525969 1.550001 0.1901361 0.1216721 1.475001 0.2110164 0.1216721 1.550001 0.2110164 0.0879836 1.475001 0.2270615 0.0879836 1.550001 0.2270615 0.05228233 1.475001 0.2379133 0.05228281 1.550001 0.2379133 0.01536321 1.475001 0.2433304 0.01536321 1.550001 0.2433304 -0.09040832 1.575001 0.02965664 -0.09040832 1.450001 0.02965664 -0.07930755 1.450001 0.04968857 -0.07930755 1.575001 0.04968857 -0.063735 1.450001 0.06648111 -0.063735 1.575001 0.06648111 -0.04459667 1.450001 0.0790596 -0.04459667 1.575001 0.0790596 -0.02300357 1.450001 0.08669233 -0.02300357 1.575001 0.08669233 -2.11716e-4 1.450001 0.08893537 -2.11716e-4 1.575001 0.08893537 0.02245521 1.450001 0.08565926 0.02245521 1.575001 0.08565926 0.04367876 1.450001 0.07705354 0.04367876 1.575001 0.07705354 0.06222534 1.450001 0.06361889 0.06222534 1.575001 0.06361889 0.07701969 1.450001 0.04613614 0.07702016 1.575001 0.04613614 0.08719921 1.450001 0.02562093 0.08719921 1.575001 0.02562093 0.09217309 1.450001 0.003265619 0.09217309 1.575001 0.003265619 -0.525394 1.602906 0.04537987 -1.053241 1.602906 0.1216769 -1.581089 1.602907 0.1979744 -2.108937 1.602907 0.2742717 -1.584313 1.611455 0.1756653 -2.112162 1.611456 0.2519629 -1.587152 1.62515 0.1560297 -2.115001 1.62515 0.2323269 -1.589439 1.643195 0.140208 -2.117287 1.643195 0.2165052 -1.591042 1.664541 0.1291198 -2.11889 1.664541 0.2054171 -1.591866 1.687948 0.1234099 -2.119716 1.687948 0.1997072 -1.591866 1.712055 0.1234099 -2.119716 1.712055 0.1997072 -1.591042 1.735462 0.1291201 -2.11889 1.735462 0.2054171 -1.589439 1.756808 0.140208 -2.117287 1.756808 0.2165052 -1.587152 1.774852 0.1560297 -2.115 1.774852 0.2323269 -1.584313 1.788547 0.1756653 -2.112162 1.788547 0.2519629 -1.581089 1.797096 0.1979744 -2.108937 1.797096 0.2742717 -1.053241 1.797096 0.1216771 -1.056466 1.788547 0.09936809 -1.059304 1.774852 0.07973217 -1.061591 1.756808 0.06391048 -1.063194 1.735461 0.05282258 -1.06402 1.712054 0.0471127 -1.06402 1.687947 0.0471127 -1.063194 1.664541 0.05282258 -1.061591 1.643194 0.06391048 -1.059304 1.62515 0.07973217 -1.056466 1.611455 0.09936809 -0.525394 1.797095 0.04537987 -0.5286183 1.788547 0.02307105 -0.5314565 1.774852 0.003435134 -0.5337434 1.756807 -0.01238679 -0.535346 1.735461 -0.02347493 -0.5361714 1.712054 -0.02918457 -0.5361714 1.687947 -0.02918457 -0.5353465 1.66454 -0.02347493 -0.5337439 1.643194 -0.01238679 -0.5314565 1.62515 0.003435134 -0.5286183 1.611455 0.02307081 -2.109072 1.603143 0.273344 -2.118457 1.742579 0.208405 -2.101956 1.603143 0.3225706 -2.098621 1.612371 0.3456371 -2.095721 1.627104 0.3657079 -2.093434 1.646419 0.3815215 -2.091907 1.669099 0.3920844 -2.091235 1.693722 0.3967333 -2.091462 1.71874 0.3951757 -2.092568 1.742579 0.3875091 -2.116537 1.763744 0.2216982 -2.094491 1.763744 0.3742161 -2.113921 1.780902 0.239783 -2.097105 1.780902 0.3561311 -2.11078 1.79298 0.2615235 -2.100248 1.79298 0.3343911 -2.107306 1.799213 0.2855527 -2.10372 1.799213 0.3103616 -2.119566 1.71874 0.2007389 -2.119119 1.669099 0.2038295 -2.117592 1.646419 0.2143926 -2.115308 1.627104 0.2302067 -2.119791 1.693722 0.199181 -2.112405 1.612371 0.2502773 -0.5490441 1.850001 -0.1182394 -0.5362477 1.693722 -0.02971076 -0.5490441 1.550001 -0.1182394 -0.5355754 1.669099 -0.02506208 -0.534049 1.646418 -0.01449918 -0.4948964 1.850001 0.2563701 -0.5201774 1.799212 0.08146953 -0.5237627 1.799212 0.05666089 -0.527236 1.792979 0.03263115 -0.4948969 1.550001 0.2563698 -0.5076928 1.693722 0.1678411 -0.5079179 1.718739 0.1662838 -0.5090256 1.742578 0.1586172 -0.5184126 1.603143 0.09367871 -0.5150786 1.61237 0.1167452 -0.512177 1.627104 0.1368157 -0.509891 1.646418 0.1526293 -0.5083642 1.669099 0.1631925 -0.5109472 1.763743 0.1453239 -0.5135613 1.780902 0.1272389 -0.5167036 1.792979 0.1054992 -0.5303793 1.780902 0.01089119 -0.5329933 1.763743 -0.007193565 -0.534914 1.742578 -0.02048659 -0.5360227 1.718739 -0.02815318 -0.5317631 1.627104 0.001314401 -0.528862 1.61237 0.02138566 -0.5255275 1.603143 0.04445219 0.05009174 1.950002 0.2127585 0.01709747 1.950002 0.0869441 0.01359033 1.950002 0.2183935 -0.006638526 1.950002 0.08886432 -0.03010606 1.950002 0.08482098 0.08517932 1.950002 0.2012283 0.1179084 1.950002 0.1841127 0.03961038 1.950002 0.07918143 0.147397 1.950002 0.161874 0.1728491 1.950001 0.1351106 0.05948543 1.950002 0.06606411 0.1935796 1.950001 0.1045436 0.0754733 1.950002 0.04841613 0.2090311 1.950001 0.07099699 0.08657073 1.950002 0.02734661 0.2187862 1.950001 0.03537464 0.09207868 1.950002 0.004179 0.2225823 1.950001 -0.001363515 0.2203164 1.950001 -0.03822779 0.2120504 1.950001 -0.07422471 0.08531999 1.950002 -0.04258584 0.1980066 1.950001 -0.1083846 0.07347631 1.950002 -0.06324505 0.1785635 1.950001 -0.1397864 0.05686712 1.950002 -0.08031034 0.1542453 1.950001 -0.1675848 0.03653478 1.950002 -0.09270811 0.1257071 1.950001 -0.19103 0.01376008 1.950002 -0.09966063 0.09371805 1.950002 -0.2094905 0.05913972 1.950002 -0.2224695 -0.01002979 1.950002 -0.1007306 0.02290391 1.950002 -0.2296161 -0.01401329 1.950002 -0.2307386 -0.05061626 1.950002 -0.2258064 -0.03333711 1.950002 -0.0958507 -0.05469989 1.950002 -0.08532786 -0.07277345 1.950002 -0.06982302 -0.4508524 1.950002 -0.1379406 -0.08642435 1.950002 -0.05031037 -0.09479284 1.950002 -0.02801609 -0.09735441 1.950002 -0.004340887 -0.09394788 1.950002 0.0192275 -0.3951445 1.950002 0.2474594 -0.08478689 1.950002 0.04120826 -0.07044744 1.950002 0.06022024 -0.05183029 1.950002 0.07506871 -0.4508524 1.450001 -0.1379406 -0.06422519 1.450001 -0.07814383 -0.05061626 1.450001 -0.2258064 -0.04434967 1.450001 -0.09126114 -0.02183771 1.450001 -0.09902429 -0.3951445 1.450001 0.2474594 -0.09681844 1.450001 -0.01625871 -0.09131002 1.450001 -0.03942632 0.01359033 1.450001 0.2183935 -0.04127597 1.450001 0.08062815 -0.06160593 1.450001 0.06823015 -0.07821607 1.450001 0.05116534 0.05009174 1.450001 0.2127585 0.005290031 1.450001 0.08865094 -0.01849889 1.450001 0.08758068 0.0285983 1.450001 0.08377099 0.08517885 1.450001 0.2012283 0.1179084 1.450001 0.1841127 0.147397 1.450001 0.161874 0.04996013 1.450001 0.07324767 0.1728487 1.45 0.1351106 0.1935796 1.45 0.1045434 0.06803464 1.450001 0.05774331 0.2090311 1.45 0.07099699 0.08168458 1.450001 0.03823041 0.2187862 1.45 0.03537464 0.09005308 1.450001 0.01593589 0.2225823 1.45 -0.001363515 0.09261512 1.450001 -0.007739067 0.2203159 1.45 -0.03822779 0.08920812 1.450001 -0.03130769 0.2120499 1.45 -0.07422471 0.08004713 1.450001 -0.05328798 0.1980066 1.45 -0.1083846 0.06570816 1.450001 -0.07230043 0.1785635 1.45 -0.1397867 0.04709053 1.450001 -0.08714866 0.1542453 1.45 -0.1675848 0.0253663 1.450001 -0.09690093 0.1257066 1.45 -0.1910302 0.09371805 1.450001 -0.2094905 0.001898288 1.450001 -0.100944 0.05913972 1.450001 -0.2224695 0.02290391 1.450001 -0.2296161 -0.01401376 1.450001 -0.2307386 -0.08021259 1.450001 -0.06049609 -0.0900588 1.450001 0.03050613 -0.4562135 1.475001 -0.1623587 -0.4562135 1.550001 -0.1623587 -0.4705448 1.476428 -0.1592125 -0.4843207 1.48071 -0.156188 -0.4970265 1.487629 -0.1533987 -0.5081492 1.496968 -0.1509568 -0.5172954 1.508325 -0.1489493 -0.5240707 1.521299 -0.1474618 -0.5282641 1.535366 -0.1465411 -0.5296621 1.550001 -0.1462342 -0.456213 1.850001 -0.1623587 -0.5296617 1.850001 -0.1462342 -0.5282641 1.864634 -0.1465411 -0.5240707 1.878701 -0.1474616 -0.5172954 1.891677 -0.1489493 -0.5081492 1.903033 -0.1509568 -0.4970265 1.912374 -0.1533987 -0.4843207 1.919291 -0.156188 -0.4705448 1.923574 -0.1592123 -0.456213 1.925 -0.1623587 -0.3933711 1.475001 0.2723963 -0.3933711 1.550001 0.2723963 -0.4080076 1.476428 0.2734375 -0.4220762 1.48071 0.2744374 -0.4350519 1.487629 0.2753606 -0.4464107 1.496968 0.2761681 -0.4557505 1.508325 0.2768326 -0.4626703 1.521299 0.2773244 -0.4669523 1.535366 0.2776287 -0.4683805 1.550001 0.2777305 -0.4683805 1.850001 0.2777305 -0.3933711 1.850001 0.2723963 -0.4669523 1.864634 0.2776289 -0.4626699 1.878701 0.2773244 -0.4557505 1.891677 0.2768328 -0.4464102 1.903033 0.2761681 -0.4350515 1.912374 0.2753608 -0.4220758 1.919291 0.2744374 -0.4080076 1.923574 0.2734375 -0.3933711 1.925 0.2723963 0.01536369 1.925 0.2433307 0.01536369 1.850001 0.2433307 0.2476267 1.850001 -0.00457859 0.2476267 1.925 -0.00457859 0.2446236 1.850001 0.0326147 0.2446236 1.925 0.0326147 0.2361197 1.850001 0.06894683 0.2361197 1.925 0.06894683 0.2223014 1.850001 0.1036088 0.2223014 1.925 0.1036088 0.2034788 1.850001 0.1358275 0.2034788 1.925 0.1358275 0.1800708 1.850001 0.1648857 0.1800708 1.925 0.1648857 0.1525969 1.850001 0.1901364 0.1525969 1.925 0.1901364 0.1216726 1.850001 0.2110166 0.1216726 1.925 0.2110166 0.0879836 1.850001 0.2270615 0.0879836 1.925 0.2270615 0.05228281 1.850001 0.2379133 0.05228281 1.925 0.2379133 -0.09040832 1.950002 0.02965664 -0.09040832 1.825002 0.02965664 -0.07930755 1.825002 0.04968857 -0.07930755 1.950002 0.04968857 -0.063735 1.825002 0.06648135 -0.063735 1.950002 0.06648135 -0.04459619 1.825002 0.0790596 -0.04459619 1.950002 0.0790596 -0.02300357 1.825002 0.08669233 -0.0230031 1.950002 0.08669233 -2.11239e-4 1.825002 0.08893537 -2.11239e-4 1.950002 0.08893537 0.02245521 1.825002 0.08565926 0.02245521 1.950002 0.08565926 0.04367876 1.825002 0.07705354 0.04367876 1.950002 0.07705354 0.06222581 1.825002 0.06361913 0.06222581 1.950002 0.06361913 0.07702016 1.825002 0.04613614 0.07702016 1.950002 0.04613614 0.08719921 1.825002 0.02562093 0.08719921 1.950002 0.02562093 0.09217357 1.825002 0.003265619 0.09217357 1.950002 0.003265619 -0.3704019 1.575001 0.2438831 -0.3704019 1.825002 0.2438831 -0.4261093 1.575001 -0.1415169 -0.4261093 1.825002 -0.1415169 -0.3702078 1.575001 0.2456862 -0.3702579 1.575001 0.2450833 0.01359033 1.575001 0.2183935 -0.3703227 1.575001 0.2444822 -0.0900588 1.575001 0.03050613 -0.07821607 1.575001 0.05116534 -0.4262033 1.575001 -0.1421141 -0.06422519 1.575001 -0.07814383 -0.08021259 1.575001 -0.06049585 -0.4263115 1.575001 -0.1427092 -0.4264336 1.575001 -0.1433012 -0.02183723 1.575001 -0.09902405 -0.04434967 1.575001 -0.09126114 0.001898288 1.575001 -0.100944 0.0253663 1.575001 -0.09690093 0.04709053 1.575001 -0.08714866 0.06570816 1.575001 -0.07230043 0.08004713 1.575001 -0.05328798 0.08920812 1.575001 -0.03130769 0.09261512 1.575001 -0.007739067 0.2225823 1.575 -0.001363515 0.09005355 1.575001 0.01593589 0.2187862 1.575 0.03537464 0.08168458 1.575001 0.03823041 0.2090311 1.575 0.07099699 0.06803464 1.575001 0.05774331 0.1935796 1.575 0.1045434 0.1728491 1.575 0.1351106 0.04996013 1.575001 0.0732479 0.147397 1.575001 0.161874 0.0285983 1.575001 0.08377099 0.1179084 1.575001 0.1841127 0.08517932 1.575001 0.2012283 0.05009174 1.575001 0.2127585 0.005290031 1.575001 0.08865094 -0.01849889 1.575001 0.08758068 -0.0412755 1.575001 0.08062815 -0.06160593 1.575001 0.06823015 -0.09131002 1.575001 -0.03942632 -0.09681844 1.575001 -0.01625871 -0.3703227 1.825002 0.2444822 0.01359033 1.825002 0.2183935 -0.0412755 1.825002 0.08062815 -0.06160593 1.825002 0.06823015 -0.3702579 1.825002 0.2450833 -0.3702078 1.825002 0.2456862 0.05009174 1.825002 0.2127585 0.005290031 1.825002 0.08865094 -0.01849889 1.825002 0.08758068 0.0285983 1.825002 0.08377099 0.08517932 1.825002 0.2012283 0.1179084 1.825002 0.1841127 0.147397 1.825002 0.161874 0.04996013 1.825002 0.0732479 0.1728491 1.825001 0.1351106 0.06803464 1.825002 0.05774331 0.1935796 1.825001 0.1045436 0.2090311 1.825001 0.07099699 0.08168458 1.825002 0.03823065 0.2187862 1.825001 0.03537464 0.09005355 1.825002 0.01593589 0.2225823 1.825001 -0.001363515 0.0926156 1.825002 -0.007739067 0.2203164 1.825001 -0.03822779 0.08920812 1.825002 -0.03130769 0.2120504 1.825001 -0.07422471 0.08004713 1.825002 -0.05328798 0.1980066 1.825001 -0.1083846 0.06570863 1.825002 -0.07230043 0.1785635 1.825001 -0.1397864 0.047091 1.825002 -0.08714866 0.1542453 1.825001 -0.1675848 0.1257071 1.825001 -0.19103 0.0253663 1.825002 -0.09690093 0.09371805 1.825002 -0.2094905 0.001898288 1.825002 -0.100944 0.05913972 1.825002 -0.2224695 0.02290391 1.825002 -0.2296161 -0.01401329 1.825002 -0.2307386 -0.02183723 1.825002 -0.09902405 -0.05061626 1.825002 -0.2258064 -0.04434967 1.825002 -0.09126114 -0.06422472 1.825002 -0.07814383 -0.08021259 1.825002 -0.06049585 -0.09131002 1.825002 -0.03942632 -0.09681844 1.825002 -0.01625871 -0.0900588 1.825002 0.03050613 -0.07821607 1.825002 0.05116534 -0.4264336 1.825002 -0.1433012 -0.4263115 1.825002 -0.1427092 -0.4262033 1.825002 -0.1421141 -0.547225 1.868693 -0.1186022 -0.4930492 1.868693 0.2562029 -0.4876142 1.887099 0.2557144 -0.5418739 1.887099 -0.1196725 -0.4787493 1.904397 0.2549217 -0.5331483 1.904397 -0.1214227 -0.4666147 1.919761 0.2538433 -0.5212045 1.919761 -0.1238245 -0.4517727 1.932279 0.252517 -0.5065947 1.932279 -0.1267554 -0.435885 1.941281 0.2510979 -0.4909549 1.941281 -0.1298933 -0.4734244 1.947414 -0.1334137 -0.4180741 1.947414 0.2495098 -0.4073544 1.949304 0.2485508 -0.4628706 1.949304 -0.1355299 -0.4628711 1.450699 -0.1355299 -0.4073544 1.450699 0.2485508 -0.4180746 1.452588 0.2495098 -0.435885 1.458721 0.2510977 -0.4909554 1.458721 -0.1298933 -0.4734244 1.452588 -0.1334137 -0.4517727 1.467723 0.252517 -0.5065947 1.467723 -0.1267554 -0.4666152 1.480241 0.2538433 -0.5212045 1.480241 -0.1238245 -0.4787498 1.495604 0.2549214 -0.5331483 1.495604 -0.1214227 -0.4876146 1.512902 0.2557142 -0.5418739 1.512902 -0.1196725 -0.4930492 1.531309 0.2562029 -0.547225 1.531309 -0.1186022 -0.2571869 1.84353 0.261858 -0.3876948 1.844254 0.2713444 -0.3833375 1.839791 0.2694976 -0.2573643 1.837501 0.2593668 -0.3795347 1.83582 0.2669766 -0.2576461 1.832324 0.255404 -0.3761053 1.83216 0.2636623 -0.3733521 1.829137 0.2597075 -0.2580133 1.828351 0.2502394 -0.371398 1.826869 0.2552757 -0.2584405 1.825852 0.244225 -0.3703346 1.825477 0.250541 -0.3701539 1.82512 0.2481131 -0.1221957 1.825852 0.2345361 0.01404953 1.825852 0.2248475 0.01447677 1.828351 0.2308619 -0.1217679 1.828351 0.2405507 0.01484441 1.832324 0.2360265 -0.1214013 1.832324 0.2457149 -0.121119 1.837501 0.2496781 0.01512575 1.8375 0.2399897 -0.1209416 1.84353 0.2521694 0.01530313 1.84353 0.2424807 0.05401706 1.850001 0.2375183 0.0538249 1.84353 0.2366883 0.09129095 1.850001 0.2257525 0.09097242 1.84353 0.2249624 0.126276 1.850001 0.2083199 0.1258387 1.84353 0.2075898 0.1581168 1.850001 0.1856479 0.1575694 1.84353 0.1849946 0.1860337 1.850001 0.1582896 0.1853923 1.843529 0.1577298 0.2093448 1.850001 0.1269142 0.2086234 1.843529 0.1264612 0.2274813 1.850001 0.09228897 0.2266983 1.843529 0.09195375 0.2399983 1.850001 0.0552597 0.2391734 1.843529 0.05505084 0.246591 1.850001 0.01673221 0.2457427 1.843529 0.01665449 0.2470965 1.850001 -0.02235198 0.2462477 1.843529 -0.02229666 0.241506 1.850001 -0.06103754 0.2406749 1.843529 -0.06085014 0.2299523 1.850001 -0.09837889 0.2291607 1.843529 -0.09806418 0.2127194 1.850001 -0.1334624 0.211987 1.843529 -0.1330282 0.1902289 1.850001 -0.1654317 0.1895732 1.843529 -0.1648883 0.1630311 1.850001 -0.193504 0.162467 1.843529 -0.1928651 0.1317882 1.850001 -0.216994 0.1313314 1.843529 -0.2162752 0.09726762 1.850001 -0.235327 0.09692811 1.84353 -0.2345459 0.06030988 1.850001 -0.2480552 0.06009531 1.84353 -0.2472302 0.02182054 1.850001 -0.2548668 0.02173852 1.84353 -0.2540193 -0.01726007 1.850001 -0.2555962 -0.01721 1.84353 -0.254746 -0.05579423 1.84353 -0.2493929 -0.05525875 1.8375 -0.2469537 -0.01706075 1.8375 -0.2522528 -0.05440664 1.832324 -0.2430732 -0.01682424 1.832324 -0.2482867 -0.05329656 1.828351 -0.2380156 -0.01651573 1.828351 -0.2431185 -0.05200386 1.825852 -0.2321262 -0.01615667 1.825852 -0.2370996 0.02002716 1.825852 -0.2364242 0.05566453 1.825852 -0.2301175 0.08988237 1.825852 -0.2183325 0.1218452 1.825852 -0.2013585 0.1507716 1.825852 -0.1796095 0.1759543 1.825852 -0.1536176 0.1967787 1.825852 -0.1240181 0.2127332 1.825852 -0.09153461 0.2234301 1.825852 -0.05696129 0.2286081 1.825852 -0.02114319 0.2281384 1.825852 0.01504421 0.2220349 1.825852 0.05071663 0.2104454 1.825852 0.08500099 0.1936531 1.825852 0.1170597 0.1720695 1.825852 0.1461098 0.1462206 1.825852 0.1714403 0.1167411 1.825852 0.1924321 0.08434915 1.825852 0.2085723 0.04983758 1.825852 0.2194664 0.05119705 1.828351 0.2253401 0.05236482 1.832324 0.2303845 0.0532608 1.8375 0.2342555 0.08660793 1.828351 0.2141625 0.1198439 1.828351 0.197602 0.1500926 1.828351 0.1760635 0.1766128 1.828351 0.1500732 0.19876 1.828351 0.1202664 0.2159891 1.828351 0.08737254 0.2278804 1.828351 0.05219483 0.2341427 1.828351 0.01559352 0.2346239 1.828351 -0.02153658 0.2293119 1.828351 -0.05828762 0.2183365 1.828351 -0.09376168 0.2019653 1.828351 -0.1270914 0.1805996 1.828351 -0.1574618 0.1547608 1.828351 -0.1841306 0.125081 1.828351 -0.2064461 0.09228563 1.828351 -0.2238626 0.05717563 1.828351 -0.235954 0.0206108 1.828351 -0.2424259 0.08854818 1.832324 0.2189631 0.122509 1.832324 0.2020416 0.1534161 1.832324 0.1800334 0.1805152 1.832324 0.1534764 0.2031445 1.832324 0.1230201 0.2207489 1.832324 0.08940911 0.2328996 1.832324 0.05346441 0.2392992 1.832324 0.01606512 0.2397899 1.832324 -0.02187442 0.2343626 1.832324 -0.05942678 0.2231483 1.832324 -0.09567403 0.2064204 1.832324 -0.1297304 0.1845884 1.832324 -0.1607627 0.1581864 1.832324 -0.1880135 0.1278591 1.832324 -0.2108154 0.09434938 1.832324 -0.2286114 0.05847406 1.832324 -0.2409665 0.02111244 1.832324 -0.247579 0.09003639 1.8375 0.2226469 0.1245532 1.8375 0.2054481 0.1559667 1.8375 0.1830797 0.1835103 1.8375 0.1560878 0.2065086 1.8375 0.1251332 0.2244019 1.8375 0.0909717 0.2367515 1.8375 0.05443859 0.2432556 1.8375 0.0164268 0.2437562 1.8375 -0.02213358 0.2382383 1.8375 -0.06030082 0.22684 1.8375 -0.0971415 0.2098383 1.8375 -0.1317555 0.1876487 1.8375 -0.1632957 0.1608147 1.8375 -0.1909923 0.129991 1.8375 -0.2141675 0.09593248 1.8375 -0.2322552 0.05947065 1.8375 -0.2448127 0.02149677 1.8375 -0.2515333 -0.3702488 1.750001 0.2497367 -0.3701558 1.82512 0.2481129 -0.3703394 1.825473 0.2505415 -0.3714614 1.750001 0.2554655 -0.371398 1.826869 0.2552757 -0.3733559 1.829131 0.2597077 -0.3739734 1.750001 0.2607548 -0.3761063 1.832158 0.2636623 -0.3776465 1.750001 0.2653148 -0.3795409 1.835814 0.2669771 -0.3822799 1.750001 0.2688954 -0.3833418 1.839787 0.2694976 -0.3876195 1.750001 0.2712996 -0.3876853 1.844264 0.2713435 -0.3876195 1.650001 0.2712996 -0.3876853 1.555737 0.2713435 -0.3833418 1.560215 0.2694976 -0.3822804 1.650001 0.2688954 -0.3795409 1.564187 0.2669771 -0.3776465 1.650001 0.2653148 -0.3761063 1.567842 0.2636623 -0.3739734 1.650001 0.2607548 -0.3733559 1.57087 0.2597077 -0.3714614 1.650001 0.2554655 -0.3713985 1.573133 0.2552757 -0.3703394 1.57453 0.2505415 -0.3702488 1.650001 0.2497367 -0.3701558 1.574882 0.2481129 -0.1854157 1.825852 -0.2028377 -0.3188276 1.825852 -0.1735489 -0.4270697 1.82512 -0.1456441 -0.4279304 1.825477 -0.1479215 -0.4302902 1.826869 -0.1521608 -0.3201208 1.828351 -0.1794383 -0.1867084 1.828351 -0.2087271 -0.1878185 1.832324 -0.2137842 -0.1886711 1.837501 -0.2176647 -0.1892061 1.84353 -0.2201039 -0.3226185 1.84353 -0.1908156 -0.4504709 1.844254 -0.1629574 -0.4457688 1.839791 -0.1624195 -0.322083 1.837501 -0.1883761 -0.4414077 1.83582 -0.1610786 -0.3212309 1.832324 -0.1844952 -0.4371801 1.83216 -0.1588714 -0.4334197 1.829137 -0.1558582 -0.3701539 1.57488 0.2481131 -0.2584405 1.574149 0.244225 -0.1221957 1.574149 0.2345361 0.01404953 1.574149 0.2248475 0.01447677 1.571651 0.2308619 -0.1217679 1.571651 0.2405507 0.01484441 1.567678 0.2360265 -0.1214013 1.567678 0.2457149 0.01512575 1.562501 0.2399897 -0.121119 1.562501 0.2496781 0.01530265 1.556472 0.2424805 -0.1209416 1.556472 0.2521694 -0.2571869 1.556472 0.261858 -0.3876948 1.555748 0.2713444 -0.3833375 1.560211 0.2694974 -0.2573643 1.562501 0.2593668 -0.3795347 1.564181 0.2669766 -0.2576461 1.567678 0.255404 -0.3761053 1.567842 0.2636621 -0.3733521 1.570865 0.2597075 -0.2580133 1.571651 0.2502394 -0.3713985 1.573133 0.2552757 -0.3703346 1.574525 0.250541 -0.4276199 1.750001 -0.1471743 -0.4270706 1.82512 -0.1456437 -0.4279347 1.825473 -0.1479206 -0.4304051 1.750001 -0.1523253 -0.4302907 1.826869 -0.1521608 -0.433424 1.829131 -0.1558573 -0.4343119 1.750001 -0.1566867 -0.437181 1.832158 -0.1588714 -0.4391265 1.750001 -0.1600203 -0.4414139 1.835814 -0.1610774 -0.4445839 1.750001 -0.162142 -0.4457727 1.839787 -0.1624188 -0.4503856 1.750001 -0.1629362 -0.4504609 1.844264 -0.1629595 -0.4503856 1.650001 -0.1629362 -0.4504614 1.555737 -0.1629595 -0.4457727 1.560215 -0.1624188 -0.4445839 1.650001 -0.162142 -0.4414139 1.564187 -0.1610774 -0.4391265 1.650001 -0.1600203 -0.437181 1.567842 -0.1588714 -0.4343119 1.650001 -0.1566867 -0.433424 1.57087 -0.1558573 -0.4304051 1.650001 -0.1523253 -0.4302912 1.573133 -0.1521608 -0.4279347 1.57453 -0.1479206 -0.4276199 1.650001 -0.1471743 -0.4270711 1.574882 -0.1456437 0.2467737 1.556471 -0.004583597 0.2437825 1.556471 0.03248286 0.2353062 1.556471 0.06869149 0.2215361 1.556471 0.1032347 0.2027778 1.556471 0.1353442 0.1794486 1.556471 0.1643033 0.152069 1.556472 0.1894681 0.1212496 1.556472 0.210277 0.08767604 1.556472 0.226267 0.05209636 1.556472 0.2370817 0.05155038 1.562501 0.2346451 0.05068206 1.567678 0.2307682 0.04955053 1.571651 0.2257156 0.0482316 1.574149 0.2198319 0.08128738 1.574149 0.2097842 0.1124792 1.574149 0.1949288 0.1411118 1.574149 0.1755962 0.1665482 1.574149 0.1522173 0.1882219 1.574149 0.1253125 0.2056493 1.574149 0.09548139 0.2184429 1.574149 0.06338906 0.2263169 1.574149 0.02974963 0.2290968 1.574149 -0.004686832 0.235126 1.571651 -0.004651546 0.2403035 1.567678 -0.004621267 0.2442774 1.562501 -0.004598379 0.232274 1.571651 0.03068208 0.2241945 1.571651 0.06519746 0.2110681 1.571651 0.09812593 0.1931867 1.571651 0.1287338 0.1709489 1.571651 0.1563394 0.1448497 1.571651 0.1803274 0.1154704 1.571651 0.200164 0.08346605 1.571651 0.2154061 0.237389 1.567678 0.03148245 0.229134 1.567678 0.06675052 0.2157211 1.567678 0.1003968 0.1974492 1.567678 0.1316721 0.1747274 1.567678 0.1598794 0.1480584 1.567678 0.1843903 0.1180391 1.567678 0.2046592 0.08533763 1.567678 0.2202341 0.2413148 1.562501 0.03209686 0.2329244 1.562501 0.06794214 0.2192916 1.562501 0.1021394 0.2007212 1.562501 0.1339268 0.1776256 1.562501 0.1625959 0.1505212 1.562501 0.1875081 0.1200103 1.562501 0.2081089 0.08677339 1.562501 0.2239382 -0.3226185 1.556472 -0.1908156 -0.4504714 1.555748 -0.1629574 -0.4457688 1.560211 -0.1624195 -0.322083 1.562501 -0.1883764 -0.4414077 1.564181 -0.1610786 -0.3212309 1.567678 -0.1844952 -0.4371805 1.567842 -0.1588714 -0.4334197 1.570865 -0.1558582 -0.3201208 1.571651 -0.1794383 -0.4302907 1.573133 -0.1521611 -0.3188276 1.574149 -0.1735489 -0.4279308 1.574525 -0.1479215 -0.4270697 1.57488 -0.1456441 -0.1854157 1.574149 -0.2028377 -0.1867084 1.571651 -0.2087271 -0.1878185 1.567678 -0.2137842 -0.1886711 1.562501 -0.2176647 -0.1892061 1.556472 -0.2201039 -0.470542 1.476446 -0.1592133 -0.4713125 1.472018 -0.1586234 -0.4560304 1.46853 -0.1615269 -0.4719076 1.467491 -0.1571455 -0.4554949 1.4625 -0.1590874 -0.4722633 1.463132 -0.1547331 -0.4546428 1.457323 -0.1552069 -0.4723349 1.459231 -0.1514506 -0.4721093 1.456046 -0.1474745 -0.4896841 1.461599 -0.1438024 -0.4896331 1.459415 -0.1393611 -0.5062118 1.468552 -0.1359517 -0.5060377 1.46734 -0.1313917 -0.5207987 1.47973 -0.1283981 -0.5202847 1.47929 -0.1240098 -0.5324907 1.494447 -0.1215605 -0.4535327 1.45335 -0.1501498 -0.4716086 1.453749 -0.1430673 -0.4891892 1.458102 -0.1348087 -0.5054016 1.466859 -0.1269958 -0.45224 1.450852 -0.1442606 -0.4708853 1.452394 -0.1385202 -0.4884286 1.457613 -0.1304011 -0.4700084 1.451928 -0.134097 -0.5328961 1.494812 -0.1259446 -0.5415697 1.511732 -0.1197392 -0.5418882 1.511993 -0.1241204 -0.5471511 1.530492 -0.1186192 -0.5474148 1.530628 -0.1229994 -0.549161 1.550001 -0.1244647 -0.5468731 1.53093 -0.1275868 -0.5477343 1.550001 -0.1305258 -0.5454421 1.531404 -0.1321473 -0.5448556 1.550001 -0.1360464 -0.5431271 1.532037 -0.136414 -0.5400357 1.532799 -0.1401326 -0.5351524 1.516246 -0.141185 -0.5317135 1.517902 -0.1441235 -0.5241447 1.503386 -0.1457719 -0.5207663 1.505887 -0.1477875 -0.5111151 1.493836 -0.1499023 -0.4970164 1.487644 -0.1534013 -0.5407014 1.550001 -0.1406846 -0.5363636 1.533641 -0.1431109 -0.5279417 1.519618 -0.1462154 -0.5172801 1.508336 -0.1489527 -0.5355296 1.550001 -0.1441524 -0.532352 1.534514 -0.1452491 -0.5282459 1.535369 -0.1465454 -0.4993415 1.483942 -0.1524817 -0.4859052 1.476568 -0.155426 -0.4873352 1.472336 -0.1537864 -0.4885001 1.468258 -0.1512358 -0.5015302 1.480159 -0.1506955 -0.5034309 1.476512 -0.1480193 -0.5049019 1.473234 -0.1445341 -0.4893036 1.4646 -0.1478471 -0.5058417 1.470534 -0.1404256 -0.5139604 1.490639 -0.147989 -0.5164995 1.487554 -0.1452038 -0.5185514 1.484776 -0.1416349 -0.5199823 1.48248 -0.1374702 -0.5207257 1.480783 -0.132966 -0.5272012 1.500974 -0.142898 -0.5380282 1.51475 -0.1374971 -0.529727 1.498798 -0.139261 -0.5315595 1.496995 -0.1350498 -0.5326133 1.495654 -0.1305208 -0.5401592 1.513508 -0.1332516 -0.5414462 1.512581 -0.1287033 -0.5355296 1.650001 -0.1441524 -0.5407014 1.650001 -0.1406846 -0.5448556 1.650001 -0.1360464 -0.5477343 1.650001 -0.1305258 -0.5491605 1.650001 -0.1244647 -0.5491605 1.750001 -0.1244647 -0.5491605 1.850001 -0.1244647 -0.5477343 1.850001 -0.1305258 -0.5477343 1.750001 -0.1305258 -0.5448551 1.850001 -0.1360464 -0.5448551 1.750001 -0.1360464 -0.5407014 1.850001 -0.1406846 -0.5407014 1.750001 -0.1406846 -0.5355291 1.850001 -0.1441524 -0.5355296 1.750001 -0.1441524 -0.3188276 1.450852 -0.1735489 -0.3201208 1.45335 -0.1794383 -0.3212309 1.457323 -0.1844952 -0.322083 1.4625 -0.1883764 -0.3226185 1.46853 -0.1908156 -0.1892061 1.46853 -0.2201042 -0.05579471 1.46853 -0.2493929 -0.05525922 1.4625 -0.2469537 -0.1886711 1.4625 -0.2176647 -0.05440664 1.457323 -0.2430732 -0.1878185 1.457323 -0.2137842 -0.05329656 1.45335 -0.2380156 -0.1867084 1.45335 -0.2087271 -0.05200433 1.450852 -0.2321264 -0.1854162 1.450852 -0.2028377 -0.5282459 1.864633 -0.1465451 -0.532352 1.865487 -0.1452491 -0.5363636 1.866361 -0.1431109 -0.5400357 1.867204 -0.1401326 -0.5431271 1.867965 -0.136414 -0.5454421 1.868598 -0.1321473 -0.5401592 1.886495 -0.1332516 -0.5414462 1.887422 -0.1287033 -0.5326133 1.904348 -0.1305208 -0.5328956 1.905191 -0.1259446 -0.5207987 1.920272 -0.1283981 -0.5202842 1.920713 -0.1240096 -0.5054011 1.933143 -0.1269958 -0.5468726 1.869071 -0.1275868 -0.5418882 1.888009 -0.1241204 -0.5324907 1.905555 -0.1215605 -0.5474148 1.869374 -0.1229994 -0.5415692 1.888269 -0.1197392 -0.5471511 1.86951 -0.1186189 -0.5060377 1.932662 -0.1313917 -0.4884281 1.94239 -0.1304011 -0.4891887 1.941899 -0.1348087 -0.4700079 1.948074 -0.1340968 -0.4708848 1.947608 -0.1385202 -0.4522395 1.949149 -0.1442604 -0.4716082 1.946254 -0.1430671 -0.4535327 1.946652 -0.1501498 -0.4721089 1.943956 -0.1474745 -0.4546428 1.94268 -0.1552069 -0.4723349 1.94077 -0.1514506 -0.4722629 1.93687 -0.1547331 -0.4885001 1.931745 -0.1512358 -0.4873347 1.927667 -0.1537864 -0.5015297 1.919843 -0.1506955 -0.499341 1.916061 -0.1524817 -0.5111146 1.906165 -0.1499023 -0.5172801 1.891665 -0.1489527 -0.4554944 1.937501 -0.1590874 -0.4719071 1.93251 -0.1571455 -0.4859047 1.923434 -0.155426 -0.4970164 1.912356 -0.1534013 -0.4560299 1.931472 -0.1615266 -0.4713121 1.927983 -0.1586234 -0.4705415 1.923555 -0.1592133 -0.5207663 1.894114 -0.1477875 -0.5279417 1.880384 -0.1462154 -0.531713 1.8821 -0.1441235 -0.535152 1.883756 -0.141185 -0.5380282 1.885251 -0.1374971 -0.5241447 1.896615 -0.1457717 -0.5272012 1.899028 -0.142898 -0.529727 1.901202 -0.139261 -0.531559 1.903007 -0.1350498 -0.5139604 1.909364 -0.147989 -0.5164995 1.912448 -0.1452038 -0.5185509 1.915225 -0.1416349 -0.5199819 1.917521 -0.1374702 -0.5207253 1.919219 -0.132966 -0.5034309 1.92349 -0.1480193 -0.4893036 1.935403 -0.1478469 -0.5049019 1.926766 -0.1445341 -0.5058417 1.929467 -0.1404256 -0.5062113 1.931449 -0.1359517 -0.4896841 1.938401 -0.1438024 -0.4896331 1.940587 -0.1393611 -0.01615667 1.450852 -0.2370996 -0.0165162 1.45335 -0.2431185 -0.01682472 1.457323 -0.2482869 -0.01706123 1.4625 -0.2522528 -0.01721 1.46853 -0.254746 -0.01726007 1.475001 -0.2555962 0.02173805 1.46853 -0.2540193 0.02182054 1.475001 -0.2548671 0.06009531 1.46853 -0.2472302 0.06030941 1.475001 -0.2480552 0.09692811 1.46853 -0.2345459 0.09726715 1.475001 -0.235327 0.1313309 1.46853 -0.2162752 0.1317882 1.475001 -0.216994 0.162467 1.46853 -0.1928651 0.1630306 1.475001 -0.193504 0.1895732 1.46853 -0.1648883 0.1902289 1.475001 -0.1654317 0.211987 1.46853 -0.1330282 0.2127194 1.475001 -0.1334624 0.2291607 1.46853 -0.09806418 0.2299518 1.475001 -0.09837889 0.2406749 1.46853 -0.06085014 0.241506 1.475001 -0.06103754 0.2462477 1.46853 -0.02229666 0.2470965 1.475001 -0.02235221 0.2457427 1.46853 0.01665449 0.246591 1.475001 0.01673197 0.2391729 1.46853 0.05505084 0.2399983 1.475001 0.0552597 0.2266983 1.46853 0.09195375 0.2274813 1.475001 0.09228873 0.2086234 1.46853 0.1264612 0.2093448 1.475001 0.1269142 0.1853919 1.46853 0.1577298 0.1860332 1.475001 0.1582896 0.1575689 1.46853 0.1849946 0.1581163 1.475001 0.1856479 0.1258387 1.46853 0.2075898 0.126276 1.475001 0.2083199 0.09097194 1.46853 0.2249624 0.09129095 1.475001 0.2257523 0.05382442 1.46853 0.2366883 0.05401659 1.475001 0.2375183 0.01530265 1.46853 0.2424805 0.01512575 1.4625 0.2399895 0.0532608 1.4625 0.2342555 0.09003639 1.4625 0.2226469 0.1245532 1.4625 0.2054481 0.1559662 1.4625 0.1830797 0.1835098 1.4625 0.1560876 0.2065086 1.4625 0.125133 0.2244019 1.4625 0.0909717 0.236751 1.4625 0.05443835 0.2432556 1.4625 0.0164268 0.2437558 1.4625 -0.02213358 0.2382383 1.4625 -0.06030082 0.2268395 1.4625 -0.0971415 0.2098379 1.4625 -0.1317555 0.1876487 1.4625 -0.1632957 0.1608147 1.4625 -0.1909925 0.129991 1.4625 -0.2141675 0.095932 1.4625 -0.2322552 0.05947065 1.4625 -0.2448129 0.02149677 1.4625 -0.2515333 0.01484441 1.457323 0.2360265 0.05236482 1.457323 0.2303845 0.0885477 1.457323 0.2189629 0.122509 1.457323 0.2020413 0.1534161 1.457323 0.1800334 0.1805148 1.457323 0.1534764 0.2031445 1.457323 0.1230201 0.2207484 1.457323 0.08940911 0.2328991 1.457323 0.05346441 0.2392988 1.457323 0.01606512 0.2397899 1.457323 -0.02187442 0.2343626 1.457323 -0.05942678 0.2231478 1.457323 -0.09567403 0.2064204 1.457323 -0.1297304 0.1845879 1.457323 -0.160763 0.1581864 1.457323 -0.1880135 0.1278591 1.457323 -0.2108154 0.09434938 1.457323 -0.2286114 0.05847406 1.457323 -0.2409665 0.02111196 1.457323 -0.247579 0.01447677 1.45335 0.2308619 0.05119657 1.45335 0.2253401 0.08660745 1.45335 0.2141625 0.1198434 1.45335 0.197602 0.1500921 1.45335 0.1760632 0.1766128 1.45335 0.150073 0.1987595 1.45335 0.1202664 0.2159886 1.45335 0.08737254 0.2278804 1.45335 0.05219483 0.2341427 1.45335 0.01559352 0.2346239 1.45335 -0.02153658 0.2293119 1.45335 -0.05828785 0.2183361 1.45335 -0.09376192 0.2019653 1.45335 -0.1270916 0.1805992 1.45335 -0.1574621 0.1547603 1.45335 -0.1841306 0.1250805 1.45335 -0.2064461 0.09228515 1.45335 -0.2238628 0.05717515 1.45335 -0.235954 0.0206108 1.45335 -0.2424259 0.01404905 1.450852 0.2248475 0.04983711 1.450852 0.2194664 0.08434915 1.450852 0.2085721 0.1167411 1.450852 0.1924319 0.1462206 1.450852 0.1714403 0.1720695 1.450852 0.1461098 0.1936531 1.450852 0.1170597 0.2104454 1.450852 0.08500099 0.2220349 1.450852 0.05071663 0.2281384 1.450852 0.01504421 0.2286076 1.450852 -0.02114319 0.2234301 1.450852 -0.05696129 0.2127332 1.450852 -0.09153461 0.1967782 1.450852 -0.1240181 0.1759543 1.450852 -0.1536176 0.1507711 1.450852 -0.1796095 0.1218447 1.450852 -0.2013585 0.08988237 1.450852 -0.2183325 0.05566406 1.450852 -0.2301175 0.02002716 1.450852 -0.2364244 -0.322618 1.931472 -0.1908156 -0.3220825 1.937501 -0.1883761 -0.3212309 1.94268 -0.1844952 -0.3201208 1.946652 -0.1794383 -0.3188276 1.949149 -0.1735489 -0.1854157 1.949149 -0.2028377 -0.05200386 1.949149 -0.2321262 -0.1867084 1.946652 -0.2087268 -0.05329656 1.946652 -0.2380156 -0.1878185 1.94268 -0.2137842 -0.05440664 1.942679 -0.2430732 -0.05525875 1.937501 -0.2469537 -0.1886711 1.937501 -0.2176647 -0.05579423 1.931472 -0.2493929 -0.1892061 1.931472 -0.2201039 -0.1221957 1.450852 0.2345361 -0.2584405 1.450852 0.244225 -0.3946858 1.450852 0.2539139 -0.2580133 1.45335 0.2502391 -0.394258 1.45335 0.2599278 -0.3938913 1.457323 0.2650924 -0.2576466 1.457323 0.255404 -0.3936091 1.4625 0.2690554 -0.2573643 1.4625 0.2593665 -0.3934321 1.46853 0.2715469 -0.2571874 1.46853 0.261858 -0.1209416 1.46853 0.2521694 -0.121119 1.4625 0.2496781 -0.1214013 1.457323 0.2457149 -0.1217679 1.45335 0.2405507 -0.01726007 1.925 -0.2555962 -0.01720952 1.931472 -0.254746 -0.01706075 1.937501 -0.2522528 -0.01682424 1.942679 -0.2482867 -0.01651573 1.946652 -0.2431182 -0.01615667 1.949149 -0.2370996 0.02002763 1.949149 -0.2364242 0.0206108 1.946652 -0.2424259 0.02111244 1.942679 -0.247579 0.02149677 1.937501 -0.2515333 0.02173852 1.931472 -0.2540193 0.02182054 1.925 -0.2548668 0.06009531 1.931472 -0.2472302 0.06030988 1.925 -0.2480552 0.09692811 1.931472 -0.2345459 0.09726762 1.925 -0.235327 0.1313314 1.931472 -0.2162752 0.1317882 1.925 -0.216994 0.1624674 1.931472 -0.1928651 0.1630311 1.925 -0.193504 0.1895732 1.931472 -0.1648883 0.1902294 1.925 -0.1654317 0.211987 1.931472 -0.1330282 0.2127194 1.925 -0.1334624 0.2291607 1.931472 -0.09806418 0.2299523 1.925 -0.09837889 0.2406749 1.931472 -0.06085014 0.241506 1.925 -0.06103754 0.247097 1.925 -0.02235198 0.2462477 1.931472 -0.02229666 0.246591 1.925 0.01673221 0.2457427 1.931472 0.01665449 0.2399983 1.925 0.0552597 0.2391734 1.931472 0.05505084 0.2274813 1.925 0.09228897 0.2266983 1.931472 0.09195375 0.2093448 1.925 0.1269142 0.2086238 1.931472 0.1264612 0.1860337 1.925 0.1582896 0.1853923 1.931472 0.1577298 0.1581168 1.925 0.1856479 0.1575694 1.931472 0.1849946 0.126276 1.925 0.2083199 0.1258387 1.931472 0.2075898 0.09129095 1.925 0.2257525 0.09097242 1.931472 0.2249624 0.05401706 1.925 0.2375183 0.0538249 1.931472 0.2366883 0.01530313 1.931472 0.2424807 0.0532608 1.937501 0.2342555 0.01512575 1.937501 0.2399897 0.05236482 1.942679 0.2303845 0.01484489 1.942679 0.2360265 0.05119705 1.946652 0.2253401 0.01447677 1.946652 0.2308619 0.04983758 1.949149 0.2194664 0.01404953 1.949149 0.2248477 0.08434915 1.949149 0.2085723 0.1167411 1.949149 0.1924321 0.1462206 1.949149 0.1714403 0.1720695 1.949149 0.1461098 0.1936531 1.949149 0.1170599 0.2104454 1.949149 0.08500099 0.2220349 1.949149 0.05071663 0.2281384 1.949149 0.01504421 0.2286081 1.949149 -0.02114319 0.2234301 1.949149 -0.05696129 0.2127337 1.949149 -0.09153461 0.1967787 1.949149 -0.1240181 0.1759543 1.949149 -0.1536176 0.1507716 1.949149 -0.1796095 0.1218452 1.949149 -0.2013583 0.08988237 1.949149 -0.2183325 0.05566453 1.949149 -0.2301175 0.05717563 1.946652 -0.235954 0.05847454 1.942679 -0.2409665 0.05947065 1.937501 -0.2448127 0.09228563 1.946652 -0.2238626 0.09434938 1.942679 -0.2286114 0.09593248 1.937501 -0.2322552 0.125081 1.946652 -0.2064461 0.1278591 1.942679 -0.2108154 0.129991 1.937501 -0.2141675 0.1547608 1.946652 -0.1841306 0.1581864 1.942679 -0.1880135 0.1608152 1.937501 -0.1909923 0.1805996 1.946652 -0.1574618 0.1845884 1.942679 -0.1607627 0.1876487 1.937501 -0.1632957 0.2019658 1.946652 -0.1270914 0.2064204 1.942679 -0.1297304 0.2098383 1.937501 -0.1317555 0.2183365 1.946652 -0.09376168 0.2231483 1.942679 -0.09567403 0.22684 1.937501 -0.0971415 0.2293119 1.946652 -0.05828762 0.234363 1.942679 -0.05942678 0.2382383 1.937501 -0.06030082 0.2346239 1.946652 -0.02153658 0.2341427 1.946652 0.01559352 0.2278804 1.946652 0.05219483 0.2159891 1.946652 0.08737254 0.19876 1.946652 0.1202664 0.1766128 1.946652 0.1500732 0.1500926 1.946652 0.1760635 0.1198439 1.946652 0.197602 0.08660793 1.946652 0.2141625 0.2397904 1.942679 -0.02187442 0.2392992 1.942679 0.01606512 0.2328996 1.942679 0.05346441 0.2207489 1.942679 0.08940911 0.203145 1.942679 0.1230201 0.1805152 1.942679 0.1534764 0.1534161 1.942679 0.1800334 0.122509 1.942679 0.2020416 0.08854818 1.942679 0.2189631 0.2437562 1.937501 -0.02213358 0.2432556 1.937501 0.0164268 0.2367515 1.937501 0.05443859 0.2244019 1.937501 0.0909717 0.2065086 1.937501 0.1251332 0.1835103 1.937501 0.1560878 0.1559667 1.937501 0.1830797 0.1245532 1.937501 0.2054481 0.09003639 1.937501 0.2226469 -0.4146052 1.451928 0.2491979 -0.4141936 1.452394 0.2536881 -0.4135995 1.453749 0.2582538 -0.4128323 1.456046 0.2626228 -0.4119229 1.459231 0.2664995 -0.4109244 1.463132 0.2696278 -0.4274874 1.468258 0.2708714 -0.4256473 1.472336 0.2729876 -0.440136 1.480159 0.2740433 -0.4375315 1.483942 0.2751367 -0.449554 1.493836 0.2759965 -0.4557352 1.508336 0.2768312 -0.4098997 1.467491 0.2718403 -0.4238114 1.476568 0.2741551 -0.4350414 1.487644 0.2753599 -0.4089108 1.472018 0.2730894 -0.4080048 1.476446 0.273437 -0.4594088 1.505887 0.2767015 -0.4667363 1.519618 0.2772253 -0.4669347 1.535369 0.2776277 -0.4712391 1.534514 0.2775474 -0.4745975 1.550001 0.2773953 -0.4756913 1.533641 0.2766326 -0.4805393 1.550001 0.2755339 -0.4800572 1.532799 0.2748163 -0.485837 1.550001 0.2722623 -0.4840751 1.532037 0.2721248 -0.4875035 1.531404 0.2686884 -0.4821239 1.513508 0.2682519 -0.4846473 1.512581 0.2642541 -0.4756608 1.495654 0.2634957 -0.4772272 1.494812 0.2591865 -0.464931 1.47973 0.2581146 -0.4656797 1.47929 0.2537601 -0.4505606 1.466859 0.2524097 -0.4901619 1.550001 0.2677827 -0.4901672 1.53093 0.2647197 -0.4863687 1.511993 0.2599838 -0.4780803 1.494447 0.2548678 -0.4932451 1.550001 0.2623735 -0.4919863 1.530628 0.2604737 -0.4873033 1.511732 0.2556918 -0.4929733 1.530492 0.2561984 -0.4499264 1.46734 0.2568059 -0.4333181 1.457613 0.2508693 -0.4327998 1.458102 0.255312 -0.4319358 1.459415 0.2598033 -0.430728 1.461599 0.2640774 -0.4292173 1.4646 0.267849 -0.448802 1.468552 0.2612281 -0.4471803 1.470534 0.2654145 -0.4451156 1.473234 0.2690885 -0.4427171 1.476512 0.2720146 -0.4635673 1.480783 0.2624748 -0.4615784 1.48248 0.2665837 -0.4590268 1.484776 0.2701731 -0.456048 1.487554 0.2730148 -0.4528246 1.490639 0.2749672 -0.4733672 1.496995 0.2675412 -0.4788785 1.51475 0.2717202 -0.470417 1.498798 0.271061 -0.4669647 1.500974 0.2738342 -0.4632201 1.503386 0.2757242 -0.4750753 1.516246 0.2744424 -0.4709454 1.517902 0.2762869 -0.1209416 1.931472 0.2521694 -0.2571869 1.931472 0.261858 -0.3934317 1.931472 0.2715469 -0.3936086 1.937501 0.2690556 -0.2573643 1.937501 0.2593668 -0.3938909 1.94268 0.2650924 -0.2576461 1.94268 0.255404 -0.2580133 1.946652 0.2502394 -0.1217679 1.946652 0.2405507 -0.1221957 1.949149 0.2345361 -0.121119 1.937501 0.2496781 -0.1214008 1.94268 0.2457149 -0.2584405 1.949149 0.244225 -0.3946853 1.949149 0.2539139 -0.394258 1.946652 0.2599278 -0.4932451 1.650001 0.2623735 -0.4932451 1.750001 0.2623735 -0.4932451 1.850001 0.2623735 -0.4901619 1.850001 0.2677827 -0.4901619 1.750001 0.2677827 -0.485837 1.850001 0.2722623 -0.485837 1.750001 0.2722623 -0.4805389 1.850001 0.2755342 -0.4805389 1.750001 0.2755342 -0.4745975 1.850001 0.2773953 -0.4745975 1.750001 0.2773953 -0.4745975 1.650001 0.2773953 -0.4805389 1.650001 0.2755339 -0.485837 1.650001 0.2722623 -0.4901619 1.650001 0.2677827 -0.4080043 1.923555 0.273437 -0.4089103 1.927983 0.2730894 -0.4098997 1.93251 0.2718406 -0.410924 1.93687 0.2696278 -0.4119225 1.94077 0.2664998 -0.4128323 1.943956 0.2626228 -0.4307275 1.938401 0.2640777 -0.4319358 1.940587 0.2598033 -0.448802 1.931449 0.2612283 -0.4499264 1.932662 0.2568059 -0.464931 1.920272 0.2581146 -0.4656792 1.920713 0.2537601 -0.4780798 1.905555 0.2548678 -0.4135995 1.946254 0.2582541 -0.4327993 1.941899 0.255312 -0.4505601 1.933143 0.2524097 -0.4141936 1.947608 0.2536881 -0.4333177 1.94239 0.2508693 -0.4146052 1.948074 0.2491979 -0.4772272 1.905191 0.2591868 -0.4873028 1.888269 0.2556918 -0.4863682 1.888009 0.2599838 -0.4929733 1.86951 0.2561984 -0.4919858 1.869374 0.2604737 -0.4901667 1.869071 0.26472 -0.4875035 1.868598 0.2686884 -0.4840751 1.867965 0.2721248 -0.4800572 1.867204 0.2748163 -0.4750753 1.883756 0.2744424 -0.4709454 1.8821 0.2762869 -0.4632197 1.896615 0.2757244 -0.4594083 1.894114 0.2767015 -0.4495535 1.906165 0.2759965 -0.4350414 1.912356 0.2753601 -0.4756913 1.866361 0.2766326 -0.4667358 1.880384 0.2772253 -0.4557347 1.891665 0.2768312 -0.4712391 1.865487 0.2775474 -0.4669347 1.864633 0.277628 -0.4375315 1.916061 0.2751367 -0.4238114 1.923434 0.2741554 -0.4256473 1.927667 0.2729876 -0.4274874 1.931745 0.2708714 -0.4292173 1.935403 0.267849 -0.4401355 1.919843 0.2740433 -0.4427171 1.92349 0.2720146 -0.4451151 1.926766 0.2690885 -0.4471803 1.929467 0.2654145 -0.4528246 1.909364 0.2749672 -0.456048 1.912448 0.2730148 -0.4590268 1.915225 0.2701731 -0.4615779 1.917521 0.2665837 -0.4635668 1.919219 0.262475 -0.4669647 1.899028 0.2738342 -0.4788785 1.885251 0.2717202 -0.470417 1.901202 0.271061 -0.4733667 1.903007 0.2675412 -0.4756608 1.904348 0.2634957 -0.4821239 1.886495 0.2682519 -0.4846468 1.887422 0.2642541 -0.1481142 1.95045 -0.006038427 -0.1444702 1.950002 -0.006038188 -0.1453123 1.95045 0.02239489 -0.141364 1.950002 0.02350592 -0.1370196 1.95045 0.04973554 -0.132184 1.950002 0.051759 -0.1235508 1.95045 0.07493209 -0.1173305 1.950002 0.07748556 -0.1054253 1.95045 0.09701776 -0.09745168 1.950002 0.09956216 -0.08333969 1.95045 0.1151425 -0.07341814 1.950002 0.1170229 -0.0581417 1.95045 0.1286103 -0.04627943 1.950002 0.1291058 -0.03080177 1.95045 0.136904 -0.01722145 1.950002 0.135282 -0.002367973 1.95045 0.1397037 0.01248502 1.950002 0.1352815 0.02606487 1.95045 0.1369035 0.04154348 1.950002 0.1291048 0.05340528 1.95045 0.1286094 0.06868171 1.950002 0.1170217 0.07860279 1.95045 0.1151406 0.09271478 1.950002 0.09956002 0.1006884 1.95045 0.09701538 0.1125931 1.950002 0.07748293 0.1188135 1.95045 0.07492947 0.1274456 1.950002 0.0517559 0.1322808 1.95045 0.04973244 0.1366252 1.950002 0.02350258 0.1405739 1.95045 0.02239179 0.1397299 1.950002 -0.006041526 0.1433734 1.95045 -0.006041526 0.1439337 1.951772 0.02305984 0.1467995 1.951771 -0.006041765 0.1468782 1.953885 0.02364563 0.1498022 1.953885 -0.006041526 0.1492309 1.956664 0.02411365 0.1521997 1.956664 -0.006041526 0.1508502 1.959943 0.02443552 0.153851 1.959943 -0.006041765 0.1516413 1.963525 0.02459263 0.1546573 1.963525 -0.006041765 0.1545686 1.967194 -0.006041765 0.1535916 1.970734 -0.006041526 0.1505951 1.970734 0.02438497 0.1515541 1.967194 0.02457594 0.1427054 1.963525 0.0540502 0.1419615 1.959943 0.05374193 0.1275253 1.959943 0.08075094 0.1261525 1.956664 0.07983303 0.1069293 1.956664 0.1032564 0.1052331 1.953885 0.1015603 0.08217334 1.953885 0.120485 0.08050584 1.951772 0.117989 0.05471611 1.951772 0.1317739 0.1426234 1.967194 0.05401611 0.1417202 1.970734 0.05364227 0.1281213 1.967194 0.0811491 0.1273088 1.970734 0.08060622 0.1086039 1.967194 0.1049313 0.1079125 1.970734 0.1042401 0.08482265 1.967194 0.124449 0.08427906 1.970734 0.1236362 0.05768918 1.967194 0.1389517 0.05731582 1.970734 0.1380486 0.02824926 1.967194 0.1478831 0.028059 1.970734 0.1469242 -0.002367973 1.967194 0.1508986 -0.00236845 1.970734 0.1499211 -0.03279399 1.970734 0.1469247 -0.03298473 1.967194 0.1478836 -0.06205177 1.970734 0.13805 -0.06242656 1.967194 0.1389529 -0.08901596 1.970734 0.1236379 -0.08955907 1.967194 0.1244509 -0.1126494 1.970734 0.1042425 -0.1133408 1.967194 0.1049335 -0.1320457 1.970734 0.08060884 -0.1328582 1.967194 0.0811522 -0.1464581 1.970735 0.05364537 -0.1473612 1.967195 0.05401945 -0.1553335 1.970735 0.02438855 -0.1562929 1.967195 0.02457904 -0.1583309 1.970735 -0.006038188 -0.1593084 1.967195 -0.006038427 -0.1563796 1.963525 0.02459621 -0.1593966 1.963525 -0.006038188 -0.1555891 1.959943 0.02443885 -0.1585912 1.959943 -0.006038427 -0.1539692 1.956664 0.02411675 -0.1569404 1.956664 -0.00603795 -0.1516165 1.953885 0.02364873 -0.1545414 1.953885 -0.006038188 -0.1486725 1.951772 0.02306318 -0.1515398 1.951772 -0.006038427 -0.1401839 1.951772 0.05104613 -0.126399 1.951772 0.07683539 -0.1078481 1.951772 0.09944009 -0.08524227 1.951772 0.1179909 -0.05945301 1.951772 0.1317753 -0.03146934 1.951772 0.1402635 -0.00236845 1.951772 0.1431295 0.02673292 1.951772 0.1402628 -0.1429567 1.953885 0.05219507 -0.1288948 1.953885 0.07850337 -0.10997 1.953885 0.1015629 -0.08691024 1.953885 0.1204869 -0.06060123 1.953885 0.1345489 -0.03205537 1.953885 0.1432082 -0.00236845 1.953885 0.1461317 0.02731895 1.953885 0.1432073 0.05586481 1.953885 0.1345474 -0.145173 1.956664 0.05311298 -0.1308884 1.956664 0.07983565 -0.1116662 1.956664 0.1032588 -0.088243 1.956664 0.1224813 -0.06151914 1.956664 0.1367647 -0.03252267 1.956664 0.1455605 -0.00236845 1.956664 0.1485302 0.02778673 1.956664 0.1455595 0.05678319 1.956664 0.1367635 0.0835061 1.956664 0.1224794 -0.1466989 1.959943 0.05374526 -0.1322627 1.959943 0.08075356 -0.1128339 1.959943 0.1044268 -0.08916044 1.959943 0.1238548 -0.06215143 1.959943 0.1382906 -0.03284549 1.959943 0.1471803 -0.002368927 1.959943 0.1501817 0.02811002 1.959943 0.1471796 0.05741548 1.959943 0.1382896 0.08442401 1.959943 0.1238527 0.108097 1.959943 0.1044244 -0.1474428 1.963525 0.0540533 -0.1329331 1.963525 0.08120155 -0.1134028 1.963525 0.1049964 -0.08960771 1.963525 0.1245243 -0.06245994 1.963525 0.1390352 -0.03300285 1.963525 0.1479706 -0.00236845 1.963525 0.1509873 0.02826642 1.963525 0.1479699 0.05772352 1.963525 0.139034 0.08487129 1.963525 0.1245226 0.1086664 1.963525 0.104994 0.1281948 1.963525 0.08119869 0.1031093 1.951772 0.09943771 0.1241569 1.953885 0.0785005 0.1404356 1.956664 0.05310988 0.1216611 1.951772 0.07683253 0.1382188 1.953885 0.05219197 0.1354451 1.951772 0.05104327 -0.08625268 1.275511 -0.006039142 -0.0823698 1.275 -0.006039142 -0.08339357 1.275511 0.01567101 -0.07964324 1.275 0.01466631 -0.07501411 1.275511 0.03590202 -0.07165193 1.275 0.03396105 -0.0616827 1.275511 0.05327415 -0.05893802 1.275 0.050529 -0.04431056 1.275511 0.06660485 -0.04236888 1.275 0.06324267 -0.02408027 1.275511 0.07498431 -0.02307462 1.275 0.07123422 -0.002369403 1.275511 0.07784247 -0.002369403 1.275 0.07396006 0.01934146 1.275511 0.07498383 0.01833677 1.275 0.07123398 0.03763103 1.275 0.06324148 0.03957223 1.275511 0.06660366 0.05419921 1.275 0.05052781 0.05694484 1.275511 0.05327296 0.06691217 1.275 0.03395938 0.07027482 1.275511 0.03590035 0.07490444 1.275 0.01466488 0.07865381 1.275511 0.01566958 0.07763004 1.275 -0.006040811 0.08151245 1.275511 -0.006040811 0.08214902 1.277011 0.01660585 0.08512926 1.277011 -0.006040811 0.08515024 1.279394 0.0174098 0.08823585 1.279394 -0.006040811 0.08745193 1.282501 0.01802659 0.09062051 1.282501 -0.006041049 0.08890008 1.286118 0.01841449 0.09211874 1.286118 -0.006041288 0.08987045 1.290001 0.01669406 0.0926299 1.290001 -0.006041049 0.08174896 1.290001 0.03810787 0.07946014 1.286118 0.04120349 0.07816219 1.282501 0.04045438 0.063385 1.282501 0.05971336 0.06169843 1.279394 0.05802822 0.04293394 1.279394 0.07242727 0.04138088 1.277011 0.06973671 0.0202775 1.277011 0.07847857 0.06873941 1.290001 0.05695581 0.06444501 1.286118 0.06077313 0.04412651 1.282501 0.0744915 0.02108192 1.279394 0.08147907 -0.002369403 1.277011 0.08145999 0.05159711 1.290001 0.07214283 0.04487514 1.286118 0.07578945 0.02169847 1.282501 0.08378124 -0.002369403 1.279394 0.08456659 -0.02501583 1.277011 0.07847857 0.03131818 1.290001 0.08278632 0.02208709 1.286118 0.08522891 -0.002369403 1.282501 0.08695054 -0.02581977 1.279394 0.08147954 -0.04611968 1.277011 0.06973743 0.00908184 1.290001 0.08826708 -0.002369403 1.286118 0.088449 -0.02643728 1.282501 0.08378219 -0.04767274 1.279394 0.07242798 -0.06424093 1.277011 0.05583286 -0.01382017 1.290001 0.08826732 -0.02682399 1.286118 0.08522939 -0.04886436 1.282501 0.07449269 -0.06643772 1.279394 0.05802941 -0.07814645 1.277011 0.03771066 -0.03605604 1.290001 0.08278679 -0.04961442 1.286118 0.0757904 -0.06812381 1.282501 0.05971479 -0.08083772 1.279394 0.03926444 -0.08688831 1.277011 0.01660752 -0.05633544 1.290001 0.07214426 -0.06918334 1.286118 0.0607748 -0.08290147 1.282501 0.04045605 -0.08988857 1.279394 0.01741147 -0.08987092 1.277011 -0.006038904 -0.07347774 1.290001 0.05695724 -0.08419895 1.286118 0.0412054 -0.09219169 1.282501 0.01802849 -0.09536075 1.282501 -0.006038904 -0.09297704 1.279394 -0.006038904 -0.08648777 1.290001 0.03810954 -0.09363842 1.286118 0.0184164 -0.09685897 1.286118 -0.006039142 -0.09460973 1.290001 0.01669597 -0.09737062 1.290001 -0.006038665 0.0595026 1.277011 0.05583095 0.07340812 1.277011 0.03770923 0.07609844 1.279394 0.03926253 -0.0398693 2.015 0.05891227 -0.0398693 2.057422 0.05891227 -0.05540227 2.015 0.04699349 -0.05540227 2.057422 0.04699349 -0.06732082 2.015 0.03146052 -0.06732082 2.057422 0.03146076 -0.07481431 2.015 0.01337242 -0.07481431 2.057422 0.01337242 -0.07737016 2.015 -0.006038904 -0.07737016 2.057422 -0.006038904 -0.1443052 1.997546 -0.006038188 -0.1418886 1.997546 -0.03211879 -0.1553344 1.970735 -0.03646469 -0.1347208 1.997546 -0.05731129 -0.1464591 1.970734 -0.06572222 -0.1230463 1.997546 -0.08075809 -0.1320476 1.970734 -0.09268593 -0.1072621 1.997546 -0.10166 -0.1126518 1.970734 -0.1163198 -0.0879054 1.997546 -0.1193058 -0.08901834 1.970734 -0.1357161 -0.06563711 1.997546 -0.1330945 -0.06205463 1.970734 -0.1501286 -0.04121303 1.997546 -0.1425564 -0.03279733 1.970734 -0.1590039 -0.01546764 1.997546 -0.1473696 -0.002371788 1.970734 -0.1620013 0.01072502 1.997546 -0.1473701 0.02805519 1.970734 -0.1590049 0.03647184 1.997546 -0.1425573 0.05731248 1.970734 -0.15013 0.06089448 1.997546 -0.1330959 0.08427667 1.970734 -0.1357181 0.08316373 1.997546 -0.1193075 0.1079101 1.970734 -0.1163222 0.1025214 1.997546 -0.1016623 0.1273069 1.970734 -0.09268903 0.1183052 1.997546 -0.08076071 0.1417193 1.970734 -0.06572508 0.1299805 1.997546 -0.05731415 0.1505947 1.970734 -0.03646826 0.1371483 1.997546 -0.03212213 0.1395654 1.997546 -0.006041526 0.1209774 2.021424 -0.006041288 0.1188769 2.021424 -0.02870631 0.112647 2.021424 -0.05059909 0.1025013 2.021424 -0.07097482 0.08878374 2.021424 -0.08913922 0.07196235 2.021424 -0.1044738 0.05260944 2.021424 -0.1164562 0.03512907 2.015 -0.1295187 0.03512859 2.03198 -0.1121759 0.04255723 2.041598 -0.09626722 0.03512907 2.046224 -0.092525 0.03512954 2.057422 -0.07099223 0.05837154 2.041598 -0.08647537 0.05066299 2.057422 -0.0590732 0.07211685 2.041598 -0.0739448 0.06258153 2.057422 -0.04354071 0.08332586 2.041598 -0.05910205 0.0916171 2.041598 -0.04245185 0.09842348 2.041598 -0.006041049 0.09670782 2.041598 -0.02456188 0.07262992 2.057422 -0.006040573 0.07007455 2.057422 -0.02545213 0.01029205 2.015 -0.1344642 -0.01503372 2.015 -0.134464 -0.03987169 2.015 -0.1295177 -0.05735111 2.021424 -0.116455 -0.03987169 2.03198 -0.1121752 -0.04729843 2.041598 -0.09626626 -0.03987121 2.046224 -0.09252381 -0.03987073 2.057422 -0.07099151 -0.06311225 2.041598 -0.08647418 -0.05540323 2.057422 -0.05907201 -0.07685708 2.041598 -0.07394337 -0.06732177 2.057422 -0.04353928 -0.0880661 2.041598 -0.05910015 -0.09635686 2.041598 -0.04244947 -0.1173872 2.021424 -0.05059695 -0.1236162 2.021424 -0.02870345 -0.07481479 2.057422 -0.0254507 -0.1014471 2.041598 -0.02455949 -0.1257171 2.021424 -0.006038665 -0.1031627 2.041598 -0.006039142 -0.1072421 2.021424 -0.07097244 -0.09352445 2.021424 -0.08913731 -0.07670354 2.021424 -0.1044719 -0.09413242 1.620001 0.01854872 -0.09460926 1.950002 0.01669597 -0.09737014 1.950002 -0.006038665 -0.08464193 1.620001 0.04146075 -0.08648729 1.950002 0.03810954 -0.07347774 1.950002 0.05695748 -0.06954431 1.620001 0.06113624 -0.05633544 1.950002 0.07214426 -0.04986906 1.620001 0.07623314 -0.03605556 1.950002 0.08278703 -0.02695608 1.620001 0.08572316 -0.01381969 1.950002 0.08826732 -0.00236845 1.620001 0.08895993 0.00908184 1.950002 0.08826708 0.02221918 1.620001 0.08572268 0.03131866 1.950002 0.08278632 0.0451312 1.620001 0.07623219 0.05159759 1.950002 0.07214307 0.0648055 1.620001 0.06113481 0.06873989 1.950002 0.05695581 0.07990312 1.620001 0.04145908 0.08174943 1.950002 0.03810811 0.08939313 1.620001 0.01854681 0.08987045 1.950002 0.01669406 0.0926299 1.950002 -0.006040811 0.07490396 1.275 -0.02674627 -0.0796442 1.275 -0.02674484 -0.07165241 1.275 -0.0460391 0.06691217 1.275 -0.04604101 -0.05893945 1.275 -0.062608 0.05419778 1.275 -0.06260919 -0.04237031 1.275 -0.07532143 0.0376296 1.275 -0.07532262 -0.02307605 1.275 -0.08331394 0.01833534 1.275 -0.08331418 -0.002371311 1.275 -0.08604001 0.08986997 1.950002 -0.02877616 0.08939313 1.620001 -0.03062891 0.08174848 1.950002 -0.05018949 0.07990264 1.620001 -0.0535407 0.06873798 1.950002 -0.06903743 0.06480407 1.620001 -0.07321596 0.05159568 1.950002 -0.08422398 0.04512929 1.620001 -0.08831286 0.03131675 1.950002 -0.09486722 0.02221679 1.620001 -0.09780335 0.00908041 1.950002 -0.1003475 -0.002371311 1.620001 -0.1010398 -0.0138216 1.950002 -0.1003472 -0.02695846 1.620001 -0.09780263 -0.03605794 1.950002 -0.09486603 -0.04987096 1.620001 -0.08831191 -0.05633687 1.950002 -0.08422279 -0.06954526 1.620001 -0.07321453 -0.07347965 1.950002 -0.069036 -0.08464288 1.620001 -0.05353903 -0.08648824 1.950002 -0.05018782 -0.0941329 1.620001 -0.03062677 -0.09460973 1.950002 -0.02877402 -0.09460973 1.290001 -0.02877402 0.08986997 1.290001 -0.02877616 0.08174848 1.290001 -0.05018949 0.06873798 1.290001 -0.06903767 0.05159521 1.290001 -0.08422398 0.03131628 1.290001 -0.09486722 0.009079933 1.290001 -0.1003475 -0.01382207 1.290001 -0.1003472 -0.03605794 1.290001 -0.09486603 -0.05633735 1.290001 -0.08422279 -0.07347965 1.290001 -0.069036 -0.08648824 1.290001 -0.05018782 0.1366252 1.950002 -0.03558564 0.08964633 1.950002 -0.02966666 0.1274437 1.950002 -0.06383848 0.08087921 1.950002 -0.0518074 0.1125907 1.950002 -0.08956575 0.06688165 1.950002 -0.07107281 0.0927124 1.950002 -0.1116418 0.04853296 1.950002 -0.08625173 0.06867885 1.950002 -0.1291031 0.02698612 1.950002 -0.09639096 0.04154062 1.950002 -0.1411857 0.01248168 1.950002 -0.1473617 0.003594875 1.950002 -0.1008527 -0.01722526 1.950002 -0.1473615 -0.02017211 1.950002 -0.09935688 -0.04628276 1.950002 -0.1411845 -0.04281949 1.950002 -0.0919981 -0.07342052 1.950002 -0.1291015 -0.06292629 1.950002 -0.07923817 -0.09745407 1.950002 -0.1116397 -0.07922697 1.950002 -0.06187868 -0.1173319 1.950002 -0.08956313 -0.1321854 1.950002 -0.06383609 -0.09069919 1.950002 -0.04101061 -0.1413645 1.950002 -0.03558278 -0.09662055 1.950002 -0.01794552 -0.09662055 1.950002 0.005867719 -0.09069824 1.950002 0.0289328 -0.07922554 1.950002 0.04980063 -0.06292438 1.950002 0.06715965 -0.04281806 1.950002 0.07991909 -0.02016973 1.950002 0.08727765 0.003596305 1.950002 0.08877277 0.02698755 1.950002 0.08431029 0.04853534 1.950002 0.07417082 0.06688308 1.950002 0.05899143 0.08088064 1.950002 0.03972578 0.08964633 1.950002 0.0175848 -0.1418876 1.997546 0.02004218 -0.1236157 2.021424 0.01662635 -0.1014461 2.041598 0.01248192 -0.09635591 2.041598 0.03037214 -0.08806514 2.041598 0.04702186 -0.07685613 2.041598 0.06186509 -0.09352207 2.021424 0.07705903 -0.07670164 2.021424 0.09239411 -0.08790349 1.997546 0.1072278 -0.06563472 1.997546 0.1210162 -0.04121065 1.997546 0.1304774 -0.0154643 1.997546 0.1352899 0.01072835 1.997546 0.1352899 0.03647422 1.997546 0.1304767 0.06089735 1.997546 0.1210148 0.08316659 1.997546 0.1072261 0.1025233 1.997546 0.08957982 0.1183071 1.997546 0.0686779 0.1299815 1.997546 0.04523158 0.1371493 1.997546 0.02003908 0.1188778 2.021424 0.01662373 0.09670782 2.041598 0.01247954 0.07007503 2.057422 0.01337051 0.09161853 2.041598 0.03036999 0.06258249 2.057422 0.03145909 0.08332681 2.041598 0.04701995 0.07211828 2.041598 0.06186318 0.1025032 2.021424 0.05889272 0.08878564 2.021424 0.07705712 -0.06311035 2.041598 0.07439565 -0.05734825 2.021424 0.1043763 -0.03986835 2.015 0.1174387 -0.01503086 2.015 0.1223843 0.01029491 2.015 0.122384 -0.04729604 2.041598 0.08418703 -0.03986883 2.03198 0.1000962 -0.0398693 2.046224 0.08044505 0.03513193 2.015 0.117438 0.05261182 2.021424 0.1043751 0.03513145 2.03198 0.1000952 0.04255914 2.041598 0.08418607 0.03513097 2.046224 0.08044433 0.03513097 2.057422 0.05891156 0.05837345 2.041598 0.07439422 0.05066394 2.057422 0.04699277 -0.1072597 1.997546 0.0895822 -0.1072406 2.021424 0.05889487 -0.1230449 1.997546 0.06868052 -0.1173863 2.021424 0.03851938 -0.1347193 1.997546 0.0452342 0.07196426 2.021424 0.0923922 0.112648 2.021424 0.03851675 -0.07481479 2.015 -0.0254507 -0.06732177 2.015 -0.04353928 -0.05540323 2.015 -0.05907201 -0.03987073 2.015 -0.07099151 0.03512954 2.015 -0.07099223 0.05066299 2.015 -0.0590732 0.06258153 2.015 -0.04354071 0.07007455 2.015 -0.02545213 0.07262992 2.015 -0.006040573 0.07007503 2.015 0.01337051 0.06258249 2.015 0.03145909 0.05066394 2.015 0.04699277 0.03513097 2.015 0.05891156 0.08889913 1.286118 -0.03049635 0.07945919 1.286118 -0.05328536 0.06444311 1.286118 -0.07285451 0.04487371 1.286118 -0.08787035 0.02208471 1.286118 -0.09730935 -0.002370834 1.286118 -0.1005289 -0.02682638 1.286118 -0.09730911 -0.04961585 1.286118 -0.08786916 -0.06918525 1.286118 -0.07285308 -0.0841999 1.286118 -0.05328369 -0.09363937 1.286118 -0.03049468 0.08745193 1.282501 -0.03010869 0.08514928 1.279394 -0.02949166 0.08214855 1.277011 -0.02868747 0.07865381 1.275511 -0.02775096 0.07027387 1.275511 -0.04798173 0.05694293 1.275511 -0.0653541 0.03957033 1.275511 -0.07868456 0.01934003 1.275511 -0.08706426 -0.002370834 1.275511 -0.08992218 -0.02408123 1.275511 -0.08706378 -0.04431295 1.275511 -0.07868361 -0.0616846 1.275511 -0.06535291 -0.07501506 1.275511 -0.0479803 -0.08339357 1.275511 -0.02774953 -0.08688879 1.277011 -0.02868556 -0.08988952 1.279394 -0.02948975 -0.09219217 1.282501 -0.03010678 0.07340621 1.277011 -0.04979085 0.05950164 1.277011 -0.06791234 0.04137897 1.277011 -0.08181762 0.02027559 1.277011 -0.09055852 -0.002371788 1.277011 -0.09354019 -0.02501773 1.277011 -0.09055805 -0.04612112 1.277011 -0.08181691 -0.06424188 1.277011 -0.06791114 -0.07814788 1.277011 -0.04978919 0.07609748 1.279394 -0.05134415 0.06169748 1.279394 -0.07010936 0.04293251 1.279394 -0.08450818 0.02108001 1.279394 -0.09355974 -0.002371311 1.279394 -0.09664654 -0.02582168 1.279394 -0.09355902 -0.04767465 1.279394 -0.08450698 -0.06643867 1.279394 -0.07010769 -0.08083868 1.279394 -0.05134248 0.07816076 1.282501 -0.05253601 0.06338405 1.282501 -0.07179498 0.0441246 1.282501 -0.08657264 0.02169656 1.282501 -0.09586215 -0.002371311 1.282501 -0.09903025 -0.02643918 1.282501 -0.09586143 -0.04886627 1.282501 -0.08657121 -0.06812477 1.282501 -0.07179331 -0.08290338 1.282501 -0.0525341 0.1515536 1.967194 -0.036659 0.1516408 1.963525 -0.0366764 0.1508502 1.959943 -0.03651905 0.1492304 1.956664 -0.0361967 0.1468777 1.953885 -0.03572869 0.1439332 1.951771 -0.03514289 0.140573 1.95045 -0.03447484 0.1322798 1.95045 -0.06181526 0.1354446 1.951772 -0.06312632 0.1216597 1.951772 -0.08891558 0.124155 1.953885 -0.09058308 0.1052308 1.953885 -0.1136426 0.1069273 1.956664 -0.1153385 0.08350372 1.956664 -0.134561 0.08442115 1.959943 -0.1359345 0.05741214 1.959943 -0.1503708 0.05772066 1.963525 -0.1511149 0.02826261 1.963525 -0.1600503 0.02824592 1.967194 -0.1599633 -0.002371788 1.967194 -0.1629788 -0.03298854 1.967194 -0.1599628 -0.06242942 1.967194 -0.1510317 -0.08956193 1.967194 -0.1365287 -0.1133427 1.967194 -0.117011 -0.1328606 1.967194 -0.09322905 -0.1473627 1.967194 -0.0660963 -0.1562933 1.967195 -0.03665518 -0.1563806 1.963525 -0.03667283 -0.1555895 1.959943 -0.03651571 -0.1539702 1.956664 -0.03619337 -0.151617 1.953885 -0.03572535 -0.1486735 1.951772 -0.03513956 -0.1453127 1.95045 -0.03447175 -0.1370201 1.95045 -0.06181216 -0.1235523 1.95045 -0.08700966 -0.1054272 1.95045 -0.1090955 -0.08334255 1.95045 -0.1272206 -0.05814504 1.95045 -0.1406891 -0.03080511 1.95045 -0.1489832 -0.002371788 1.95045 -0.1517839 0.02606201 1.95045 -0.1489839 0.05340242 1.95045 -0.14069 0.0786004 1.95045 -0.1272222 0.1006865 1.95045 -0.1090977 0.1188116 1.95045 -0.08701229 0.0576868 1.967194 -0.1510331 0.08486795 1.963525 -0.136604 0.1080946 1.959943 -0.1165065 0.1261496 1.956664 -0.0919156 0.1382179 1.953885 -0.06427478 0.08481979 1.967194 -0.1365308 0.108664 1.963525 -0.1170761 0.1275229 1.959943 -0.09283351 0.1404342 1.956664 -0.06519269 0.1086015 1.967194 -0.1170136 0.1281933 1.963525 -0.09328126 0.1419601 1.959943 -0.06582498 0.1281189 1.967194 -0.09323191 0.142704 1.963525 -0.06613326 0.1426215 1.967194 -0.0660994 0.1031079 1.951772 -0.1115198 0.08217096 1.953885 -0.1325666 0.05677938 1.956664 -0.1488447 0.02810621 1.959943 -0.15926 -0.002371788 1.963525 -0.1630675 0.08050346 1.951772 -0.1300706 0.05586242 1.953885 -0.1466288 0.02778339 1.956664 -0.1576402 -0.002371311 1.959943 -0.1622617 -0.03300619 1.963525 -0.1600496 0.05471324 1.951772 -0.1438553 0.02731561 1.953885 -0.1552877 -0.002372264 1.956664 -0.1606101 -0.03284931 1.959943 -0.1592595 -0.0624628 1.963525 -0.1511137 0.02673053 1.951772 -0.1523435 -0.002371311 1.953885 -0.1582114 -0.03252601 1.956664 -0.1576395 -0.06215476 1.959943 -0.1503694 -0.08961057 1.963525 -0.1366024 -0.002371788 1.951772 -0.1552095 -0.03205823 1.953885 -0.155287 -0.06152248 1.956664 -0.1488432 -0.0891633 1.959943 -0.1359324 -0.1134057 1.963525 -0.1170737 -0.03147172 1.951772 -0.1523427 -0.06060457 1.953885 -0.1466271 -0.08824539 1.956664 -0.1345591 -0.1128363 1.959943 -0.1165041 -0.132934 1.963525 -0.0932784 -0.05945587 1.951772 -0.1438539 -0.08691263 1.953885 -0.1325647 -0.1116681 1.956664 -0.1153364 -0.1322641 1.959943 -0.09283089 -0.1474442 1.963525 -0.06613016 -0.08524465 1.951772 -0.1300687 -0.1099724 1.953885 -0.11364 -0.1308913 1.956664 -0.09191298 -0.1467003 1.959943 -0.06582188 -0.1078495 1.951772 -0.1115176 -0.1288967 1.953885 -0.0905807 -0.1451745 1.956664 -0.06518983 -0.1264004 1.951772 -0.08891272 -0.1429581 1.953885 -0.06427192 -0.1401848 1.951772 -0.06312322 -0.05200576 -1.825852 -0.2321267 -0.05061769 -1.825002 -0.2258069 -0.01780176 -1.825852 -0.2369959 -0.01401519 -1.825002 -0.2307388 0.01674604 -1.825852 -0.23672 0.02290248 -1.825002 -0.2296164 0.05086803 -1.825852 -0.2313053 0.05913829 -1.825002 -0.2224698 0.08380317 -1.825852 -0.2208716 0.09371662 -1.825002 -0.209491 0.114819 -1.825852 -0.2056527 0.1257057 -1.825002 -0.1910305 0.1432242 -1.825852 -0.1859865 0.1542439 -1.825002 -0.1675853 0.1683855 -1.825852 -0.1623115 0.1785621 -1.825002 -0.1397869 0.189742 -1.825852 -0.1351554 0.1980051 -1.825002 -0.1083848 0.2068209 -1.825852 -0.105123 0.2120485 -1.825002 -0.07422518 0.2192378 -1.825852 -0.07288289 0.2203145 -1.825002 -0.03822827 0.2267184 -1.825852 -0.03915381 0.2250103 -1.828351 -0.0746243 0.2326855 -1.828351 -0.04001641 0.2299675 -1.832324 -0.07611942 0.237811 -1.832324 -0.04075741 0.2337713 -1.837501 -0.07726645 0.2417426 -1.837501 -0.0413258 0.2442145 -1.84353 -0.04168272 0.2361621 -1.84353 -0.07798767 0.2450575 -1.850001 -0.04180479 0.2369775 -1.850001 -0.07823371 0.2227969 -1.84353 -0.1126897 0.2235665 -1.850001 -0.1130545 0.2051215 -1.850001 -0.1454913 0.2044148 -1.84353 -0.1450161 0.1820549 -1.850001 -0.1748213 0.1814265 -1.84353 -0.1742465 0.1548786 -1.850001 -0.2003915 0.1543436 -1.84353 -0.1997292 0.1242003 -1.850001 -0.2216317 0.1237688 -1.84353 -0.2208974 0.09070158 -1.850001 -0.2380697 0.09038448 -1.84353 -0.2372791 0.05512952 -1.850001 -0.2493379 0.05493354 -1.84353 -0.2485091 0.01827621 -1.850001 -0.2551863 0.01820611 -1.84353 -0.2543376 -0.01903724 -1.850001 -0.2554844 -0.01897954 -1.84353 -0.2546344 -0.05597829 -1.850001 -0.2502253 -0.05579614 -1.84353 -0.2493932 -0.01881361 -1.8375 -0.2521424 -0.05526065 -1.8375 -0.2469539 -0.01854848 -1.832324 -0.248178 -0.05440807 -1.832324 -0.2430734 -0.01820373 -1.828351 -0.2430121 -0.05329799 -1.828351 -0.2380158 0.01724386 -1.828351 -0.2427289 0.0176711 -1.832324 -0.247889 0.01800012 -1.8375 -0.2518485 0.05225467 -1.828351 -0.2371728 0.05344533 -1.832324 -0.2422118 0.05435895 -1.8375 -0.2460782 0.08604764 -1.828351 -0.2264678 0.0879755 -1.832324 -0.2312734 0.08945465 -1.8375 -0.234961 0.1178717 -1.828351 -0.2108521 0.1204924 -1.832324 -0.2153172 0.1225042 -1.837501 -0.2187435 0.1470165 -1.828351 -0.190674 0.1502733 -1.832324 -0.194699 0.1527724 -1.837501 -0.1977877 0.1728339 -1.828351 -0.166382 0.1766533 -1.832324 -0.1698777 0.1795835 -1.837501 -0.1725602 0.1947479 -1.828351 -0.1385188 0.1990442 -1.832324 -0.1414072 0.202342 -1.837501 -0.1436228 0.2122697 -1.828351 -0.1077039 0.2169494 -1.832324 -0.1099202 0.22054 -1.837501 -0.1116209 0.09165143 -1.450001 -0.01963067 0.09165143 -1.575001 -0.01963067 0.08566713 -1.450001 -0.04173684 0.08566713 -1.575001 -0.04173684 0.07456684 -1.575001 -0.06176877 0.07456684 -1.450001 -0.06176877 0.05899381 -1.575001 -0.07856178 0.05899381 -1.450001 -0.07856178 0.03985548 -1.575001 -0.09113979 0.03985548 -1.450001 -0.09113979 0.01826286 -1.575001 -0.09877252 0.01826286 -1.450001 -0.09877252 -0.004529476 -1.575001 -0.1010158 -0.004529476 -1.450001 -0.1010158 -0.02719593 -1.575001 -0.09773945 -0.02719545 -1.450001 -0.09773945 -0.04841995 -1.575001 -0.08913373 -0.04841995 -1.450001 -0.08913373 -0.06696701 -1.575001 -0.07569956 -0.06696701 -1.450001 -0.07569956 -0.0817604 -1.575001 -0.05821633 -0.0817604 -1.450001 -0.05821633 -0.09193992 -1.575001 -0.03770112 -0.09193992 -1.450001 -0.03770089 -0.09691429 -1.575001 -0.01534581 -0.09691429 -1.450001 -0.01534581 -0.09639406 -1.450001 0.007550239 -0.09639406 -1.575001 0.007550239 -0.05597829 -1.550001 -0.2502253 -0.05597829 -1.475001 -0.2502253 -0.01903676 -1.550001 -0.2554844 -0.01903676 -1.475001 -0.2554844 0.01827621 -1.550001 -0.2551863 0.01827621 -1.475001 -0.2551863 0.05512952 -1.550001 -0.2493379 0.05512952 -1.475001 -0.2493379 0.09070158 -1.550001 -0.2380697 0.09070158 -1.475001 -0.2380697 0.1242003 -1.550001 -0.2216317 0.1242003 -1.475001 -0.2216317 0.1548786 -1.550001 -0.2003912 0.1548786 -1.475001 -0.2003912 0.1820549 -1.550001 -0.1748213 0.1820549 -1.475001 -0.1748213 0.2051219 -1.550001 -0.1454913 0.2051219 -1.475001 -0.1454913 0.2235665 -1.550001 -0.1130545 0.2235665 -1.475001 -0.1130545 0.2369775 -1.550001 -0.07823348 0.2369775 -1.475001 -0.07823348 0.2450575 -1.550001 -0.04180479 0.245058 -1.475001 -0.04180479 -2.10209 -1.602905 0.3216422 -1.574243 -1.602905 0.2453448 -2.105515 -1.6 0.297957 -1.046396 -1.602905 0.1690475 -0.5219717 -1.600001 0.06906485 -0.518548 -1.602906 0.09275031 -0.5153232 -1.611454 0.1150591 -1.043171 -1.611454 0.1913564 -0.5124846 -1.625149 0.1346952 -1.040333 -1.625149 0.2109925 -0.5101981 -1.643194 0.1505167 -1.038046 -1.643193 0.226814 -0.5085955 -1.66454 0.1616048 -1.036443 -1.66454 0.2379024 -0.5077705 -1.687947 0.167315 -1.035618 -1.687947 0.243612 -0.5077705 -1.712054 0.167315 -1.035618 -1.712054 0.243612 -0.5085955 -1.735461 0.1616048 -1.036443 -1.73546 0.2379024 -0.5101986 -1.756807 0.1505167 -1.038046 -1.756807 0.226814 -0.5124846 -1.774851 0.1346952 -1.040333 -1.774851 0.2109925 -0.5153232 -1.788546 0.1150591 -1.043172 -1.788546 0.1913564 -0.518548 -1.797095 0.09275031 -1.046396 -1.797095 0.1690475 -0.5219717 -1.8 0.06906485 -1.574244 -1.797094 0.2453448 -2.105515 -1.799999 0.297957 -2.102091 -1.797094 0.3216422 -2.098868 -1.788545 0.3439512 -1.571019 -1.788546 0.267654 -2.096029 -1.774851 0.3635872 -1.568181 -1.774851 0.2872896 -2.093741 -1.756806 0.3794088 -1.565894 -1.756806 0.3031116 -2.092139 -1.73546 0.390497 -1.564291 -1.73546 0.3141995 -2.091314 -1.712053 0.3962069 -1.563466 -1.712053 0.3199093 -2.091314 -1.687946 0.3962069 -1.563466 -1.687946 0.3199093 -2.092139 -1.664539 0.390497 -1.564291 -1.664539 0.3141995 -2.093741 -1.643193 0.3794088 -1.565894 -1.643193 0.3031116 -2.096029 -1.625149 0.3635872 -1.568181 -1.625149 0.2872896 -2.098867 -1.611454 0.3439512 -1.571019 -1.611454 0.267654 0.09165143 -1.825002 -0.01963067 0.09165143 -1.950002 -0.01963067 0.08566713 -1.825002 -0.04173684 0.08566713 -1.950002 -0.04173684 0.07456636 -1.950002 -0.06176877 0.07456684 -1.825002 -0.06176877 0.05899381 -1.950002 -0.07856178 0.05899381 -1.825002 -0.07856178 0.03985548 -1.950002 -0.09113979 0.03985548 -1.825002 -0.09113979 0.01826286 -1.950002 -0.09877252 0.01826286 -1.825002 -0.09877252 -0.004529476 -1.950002 -0.1010158 -0.004529476 -1.825002 -0.1010158 -0.02719593 -1.950002 -0.09773945 -0.02719593 -1.825002 -0.09773945 -0.04841995 -1.950002 -0.08913373 -0.04841995 -1.825002 -0.08913373 -0.06696701 -1.950002 -0.07569956 -0.06696701 -1.825002 -0.07569956 -0.0817604 -1.950002 -0.05821633 -0.0817604 -1.825002 -0.05821633 -0.0919404 -1.950002 -0.03770112 -0.0919404 -1.825002 -0.03770112 -0.09691476 -1.950002 -0.01534581 -0.09691476 -1.825002 -0.01534581 -0.09639406 -1.825002 0.007550239 -0.09639406 -1.950002 0.007550239 -0.05597829 -1.925 -0.2502253 -0.01903724 -1.925 -0.2554844 0.01827621 -1.925 -0.2551863 0.05512905 -1.925 -0.2493379 0.09070158 -1.925 -0.2380697 0.1242003 -1.925 -0.2216317 0.1548786 -1.925 -0.2003915 0.1820549 -1.925 -0.1748213 0.2051215 -1.925 -0.1454913 0.2235665 -1.925 -0.1130545 0.2369775 -1.925 -0.07823371 0.2450575 -1.925 -0.04180479 0.2476253 -1.925 -0.004579067 0.2476253 -1.850001 -0.004579067 0.2446217 -1.925 0.03261446 0.2446217 -1.850001 0.03261446 0.2361178 -1.925 0.06894659 0.2361183 -1.850001 0.06894659 0.2223 -1.925 0.1036083 0.2223 -1.850001 0.1036083 0.2034769 -1.925 0.135827 0.2034769 -1.850001 0.135827 0.1800689 -1.925 0.1648852 0.1800689 -1.850001 0.1648852 0.1525955 -1.925 0.1901359 0.1525955 -1.850001 0.1901359 0.1216707 -1.925 0.2110161 0.1216707 -1.850001 0.2110161 0.08798217 -1.925 0.2270612 0.08798217 -1.850001 0.2270612 0.0522809 -1.925 0.2379131 0.0522809 -1.850001 0.2379131 0.01536178 -1.925 0.2433302 0.01536178 -1.850001 0.2433302 -0.09040975 -1.825002 0.02965641 -0.09040975 -1.950002 0.02965617 -0.07930898 -1.950002 0.04968833 -0.07930898 -1.825002 0.04968833 -0.06373691 -1.950002 0.06648087 -0.06373643 -1.825002 0.06648087 -0.0445981 -1.950002 0.07905912 -0.0445981 -1.825002 0.07905912 -0.023005 -1.950002 0.08669185 -0.023005 -1.825002 0.08669209 -2.13146e-4 -1.950002 0.08893513 -2.13146e-4 -1.825002 0.08893513 0.02245378 -1.950002 0.08565902 0.02245378 -1.825002 0.08565902 0.04367733 -1.950002 0.0770533 0.04367733 -1.825002 0.0770533 0.06222391 -1.950002 0.06361865 0.06222391 -1.825002 0.06361865 0.07701826 -1.950002 0.0461359 0.07701826 -1.825002 0.0461359 0.08719778 -1.950002 0.02562046 0.08719778 -1.825002 0.02562046 0.09217166 -1.950002 0.00326538 0.09217166 -1.825002 0.00326538 -0.5253954 -1.797095 0.0453794 -1.053243 -1.797095 0.1216766 -1.58109 -1.797094 0.1979739 -2.108939 -1.797094 0.2742715 -1.584315 -1.788546 0.1756651 -2.112164 -1.788545 0.2519627 -1.587154 -1.774851 0.1560294 -2.115002 -1.774851 0.2323265 -1.589441 -1.756806 0.1402075 -2.117288 -1.756806 0.2165048 -1.591043 -1.73546 0.1291196 -2.118892 -1.73546 0.2054169 -1.591868 -1.712053 0.1234097 -2.119717 -1.712053 0.199707 -1.591868 -1.687946 0.1234097 -2.119717 -1.687946 0.199707 -1.591043 -1.664539 0.1291196 -2.118892 -1.664539 0.2054169 -1.589441 -1.643193 0.1402075 -2.117288 -1.643193 0.2165048 -1.587153 -1.625149 0.1560294 -2.115002 -1.625149 0.2323265 -1.584315 -1.611454 0.1756651 -2.112164 -1.611454 0.2519627 -1.58109 -1.602905 0.1979739 -2.108938 -1.602905 0.2742715 -1.053242 -1.602905 0.1216766 -1.056467 -1.611454 0.09936785 -1.059306 -1.625149 0.07973194 -1.061593 -1.643193 0.06391024 -1.063195 -1.66454 0.05282235 -1.064021 -1.687947 0.04711222 -1.064021 -1.712054 0.04711222 -1.063195 -1.73546 0.05282235 -1.061593 -1.756807 0.06391024 -1.059306 -1.774851 0.07973194 -1.056467 -1.788546 0.09936785 -0.5253954 -1.602906 0.0453794 -0.5286198 -1.611454 0.02307057 -0.5314579 -1.625149 0.003434896 -0.5337448 -1.643194 -0.01238703 -0.5353479 -1.66454 -0.02347517 -0.5361729 -1.687947 -0.02918481 -0.5361729 -1.712054 -0.02918481 -0.5353479 -1.735461 -0.02347517 -0.5337448 -1.756807 -0.01238703 -0.5314579 -1.774851 0.003434658 -0.5286198 -1.788546 0.02307057 -2.109073 -1.796858 0.2733438 -2.118459 -1.657422 0.2084047 -2.101958 -1.796858 0.3225701 -2.098623 -1.78763 0.3456366 -2.095722 -1.772897 0.3657074 -2.093435 -1.753583 0.381521 -2.091909 -1.730902 0.3920841 -2.091237 -1.706279 0.3967331 -2.091463 -1.681262 0.3951755 -2.09257 -1.657422 0.3875089 -2.116538 -1.636257 0.221698 -2.094493 -1.636257 0.3742159 -2.113923 -1.619099 0.2397828 -2.097106 -1.619099 0.3561308 -2.110782 -1.607022 0.261523 -2.100249 -1.607022 0.3343909 -2.107307 -1.600788 0.2855525 -2.103722 -1.600788 0.3103614 -2.119568 -1.681262 0.2007386 -2.119121 -1.730902 0.2038292 -2.117594 -1.753583 0.2143924 -2.115309 -1.772897 0.2302064 -2.119792 -1.706279 0.1991808 -2.112406 -1.78763 0.2502768 -0.5490456 -1.550001 -0.1182398 -0.5362492 -1.706279 -0.02971124 -0.5490456 -1.850001 -0.1182398 -0.5355768 -1.730902 -0.02506256 -0.5340505 -1.753583 -0.01449942 -0.4948979 -1.550001 0.2563696 -0.5201788 -1.600789 0.08146929 -0.5237637 -1.600789 0.05666041 -0.5272379 -1.607023 0.03263092 -0.4948983 -1.850001 0.2563696 -0.5076943 -1.706279 0.1678409 -0.5079193 -1.681263 0.1662836 -0.509027 -1.657423 0.158617 -0.518414 -1.796858 0.09367823 -0.5150795 -1.787631 0.1167447 -0.5121784 -1.772897 0.1368155 -0.5098925 -1.753583 0.1526291 -0.5083656 -1.730902 0.163192 -0.5109487 -1.636258 0.1453235 -0.5135627 -1.619099 0.1272387 -0.516705 -1.607023 0.1054987 -0.5303803 -1.619099 0.01089096 -0.5329948 -1.636258 -0.007193803 -0.5349155 -1.657423 -0.02048707 -0.5360241 -1.681263 -0.02815341 -0.5317645 -1.772897 0.001314163 -0.5288634 -1.787631 0.02138519 -0.5255289 -1.796858 0.04445171 0.05009031 -1.450001 0.2127583 0.01709604 -1.450001 0.08694362 0.0135889 -1.450001 0.218393 -0.006639957 -1.450001 0.08886384 -0.03010749 -1.450001 0.08482074 0.08517789 -1.450001 0.2012281 0.117907 -1.450001 0.1841125 0.03960847 -1.450001 0.07918119 0.1473956 -1.450001 0.1618738 0.1728477 -1.450001 0.1351101 0.059484 -1.450001 0.06606388 0.1935782 -1.450001 0.1045432 0.07547187 -1.450001 0.04841589 0.2090296 -1.450001 0.07099676 0.0865693 -1.450001 0.02734613 0.2187848 -1.450001 0.0353744 0.09207725 -1.450001 0.004178524 0.2225809 -1.450001 -0.001363754 0.2203149 -1.450001 -0.03822827 0.212049 -1.450001 -0.07422494 0.08531856 -1.450001 -0.04258632 0.1980051 -1.450001 -0.1083848 0.07347488 -1.450001 -0.06324529 0.1785621 -1.450001 -0.1397869 0.05686569 -1.450001 -0.08031058 0.1542439 -1.450001 -0.1675851 0.03653335 -1.450001 -0.09270834 0.1257057 -1.450001 -0.1910305 0.01375865 -1.450001 -0.09966087 0.09371662 -1.450001 -0.209491 0.05913829 -1.450001 -0.2224698 -0.01003122 -1.450001 -0.1007308 0.02290248 -1.450001 -0.2296164 -0.01401472 -1.450001 -0.2307388 -0.05061769 -1.450001 -0.2258069 -0.03333854 -1.450001 -0.09585094 -0.05470132 -1.450001 -0.08532834 -0.07277488 -1.450001 -0.0698235 -0.4508538 -1.45 -0.1379408 -0.08642578 -1.450001 -0.05031061 -0.09479427 -1.450001 -0.02801632 -0.09735584 -1.450001 -0.004341125 -0.09394931 -1.450001 0.01922726 -0.3951459 -1.45 0.2474591 -0.08478832 -1.450001 0.04120802 -0.07044887 -1.450001 0.06022 -0.05183172 -1.450001 0.07506847 -0.4508538 -1.950001 -0.1379408 -0.06422662 -1.950002 -0.07814431 -0.05061769 -1.950002 -0.2258069 -0.0443511 -1.950002 -0.09126162 -0.02183914 -1.950002 -0.09902453 -0.3951464 -1.950001 0.2474589 -0.09681987 -1.950002 -0.01625895 -0.09131193 -1.950002 -0.03942656 0.0135889 -1.950002 0.218393 -0.0412774 -1.950002 0.08062767 -0.06160736 -1.950002 0.06822967 -0.0782175 -1.950002 0.05116486 0.05009031 -1.950002 0.2127583 0.005288124 -1.950002 0.0886507 -0.01850032 -1.950002 0.08758044 0.02859687 -1.950002 0.08377075 0.08517742 -1.950002 0.2012281 0.117907 -1.950002 0.1841125 0.1473951 -1.950002 0.1618738 0.0499587 -1.950002 0.07324743 0.1728472 -1.950002 0.1351101 0.1935782 -1.950002 0.1045432 0.06803321 -1.950002 0.05774283 0.2090296 -1.950002 0.07099652 0.08168315 -1.950002 0.03823018 0.2187848 -1.950002 0.0353744 0.09005165 -1.950002 0.01593542 0.2225809 -1.950002 -0.001363992 0.09261369 -1.950002 -0.007739305 0.2203145 -1.950002 -0.03822827 0.08920669 -1.950002 -0.03130793 0.2120485 -1.950002 -0.07422518 0.0800457 -1.950002 -0.05328845 0.1980051 -1.950002 -0.1083848 0.06570672 -1.950002 -0.07230091 0.1785621 -1.950002 -0.1397869 0.04708909 -1.950002 -0.0871489 0.1542439 -1.950002 -0.1675853 0.02536487 -1.950002 -0.09690117 0.1257052 -1.950002 -0.1910305 0.09371662 -1.950002 -0.209491 0.001896858 -1.950002 -0.1009442 0.05913829 -1.950002 -0.2224698 0.02290201 -1.950002 -0.2296166 -0.01401519 -1.950002 -0.2307391 -0.0802145 -1.950002 -0.06049633 -0.09006023 -1.950002 0.03050565 -0.4562149 -1.925 -0.1623589 -0.4562149 -1.850001 -0.1623589 -0.4705463 -1.923573 -0.1592128 -0.4843226 -1.919291 -0.1561884 -0.4970279 -1.912373 -0.1533989 -0.5081506 -1.903033 -0.1509573 -0.5172968 -1.891677 -0.1489496 -0.5240722 -1.878703 -0.1474621 -0.5282655 -1.864634 -0.1465415 -0.5296636 -1.850001 -0.1462345 -0.4562149 -1.550001 -0.1623589 -0.5296631 -1.550001 -0.1462345 -0.5282655 -1.535367 -0.1465413 -0.5240722 -1.521299 -0.1474621 -0.5172968 -1.508325 -0.1489496 -0.5081506 -1.496968 -0.1509573 -0.4970279 -1.487628 -0.1533989 -0.4843221 -1.48071 -0.1561882 -0.4705463 -1.476427 -0.1592128 -0.4562144 -1.475001 -0.1623589 -0.3933725 -1.925 0.2723961 -0.3933725 -1.850001 0.2723961 -0.4080091 -1.923573 0.273437 -0.4220777 -1.919291 0.2744372 -0.4350534 -1.912373 0.2753604 -0.4464121 -1.903033 0.2761676 -0.4557524 -1.891677 0.2768324 -0.4626718 -1.878703 0.277324 -0.4669542 -1.864634 0.2776284 -0.4683824 -1.850001 0.27773 -0.4683819 -1.550001 0.27773 -0.3933725 -1.550001 0.2723961 -0.4669538 -1.535367 0.2776284 -0.4626713 -1.521299 0.277324 -0.4557519 -1.508325 0.2768324 -0.4464116 -1.496968 0.2761676 -0.4350529 -1.487628 0.2753604 -0.4220772 -1.48071 0.2744372 -0.4080091 -1.476427 0.2734373 -0.3933725 -1.475001 0.2723961 0.01536226 -1.475001 0.2433302 0.01536226 -1.550001 0.2433302 0.2476253 -1.550001 -0.004578828 0.2476253 -1.475001 -0.004578828 0.2446222 -1.550001 0.03261446 0.2446222 -1.475001 0.03261446 0.2361183 -1.550001 0.06894659 0.2361183 -1.475001 0.06894659 0.2223 -1.550001 0.1036083 0.2223 -1.475001 0.1036083 0.2034769 -1.550001 0.1358273 0.2034773 -1.475001 0.1358273 0.1800694 -1.550001 0.1648855 0.1800694 -1.475001 0.1648855 0.1525955 -1.550001 0.1901359 0.1525955 -1.475001 0.1901359 0.1216711 -1.550001 0.2110161 0.1216711 -1.475001 0.2110161 0.08798217 -1.550001 0.2270612 0.08798217 -1.475001 0.2270612 0.05228137 -1.550001 0.2379131 0.05228137 -1.475001 0.2379131 -0.09040975 -1.450001 0.02965641 -0.09040975 -1.575001 0.02965641 -0.07930898 -1.575001 0.04968833 -0.07930898 -1.450001 0.04968833 -0.06373643 -1.575001 0.06648087 -0.06373643 -1.450001 0.06648087 -0.04459762 -1.575001 0.07905936 -0.04459762 -1.450001 0.07905936 -0.023005 -1.575001 0.08669209 -0.023005 -1.450001 0.08669209 -2.12669e-4 -1.575001 0.08893513 -2.12669e-4 -1.450001 0.08893513 0.02245378 -1.575001 0.08565902 0.02245378 -1.450001 0.08565902 0.04367733 -1.575001 0.0770533 0.04367733 -1.450001 0.0770533 0.06222391 -1.575001 0.06361865 0.06222438 -1.450001 0.06361865 0.07701873 -1.575001 0.0461359 0.07701873 -1.450001 0.0461359 0.08719778 -1.575001 0.02562046 0.08719778 -1.450001 0.02562046 0.09217214 -1.575001 0.00326538 0.09217214 -1.450001 0.00326538 -0.3704033 -1.825001 0.2438828 -0.3704033 -1.575 0.2438828 -0.4261108 -1.825001 -0.1415171 -0.4261108 -1.575 -0.1415171 -0.3702092 -1.825001 0.245686 -0.3702593 -1.825001 0.245083 0.0135889 -1.825002 0.218393 -0.3703241 -1.825001 0.244482 -0.09006023 -1.825002 0.03050565 -0.0782175 -1.825002 0.0511651 -0.4262047 -1.825001 -0.1421146 -0.06422662 -1.825002 -0.07814431 -0.08021402 -1.825002 -0.06049633 -0.4263129 -1.825001 -0.1427094 -0.426435 -1.825001 -0.1433017 -0.02183914 -1.825002 -0.09902453 -0.0443511 -1.825002 -0.09126162 0.001896858 -1.825002 -0.1009442 0.02536487 -1.825002 -0.09690117 0.04708909 -1.825002 -0.0871489 0.06570672 -1.825002 -0.07230091 0.0800457 -1.825002 -0.05328845 0.08920669 -1.825002 -0.03130793 0.09261369 -1.825002 -0.007739305 0.2225809 -1.825002 -0.001363992 0.09005165 -1.825002 0.01593542 0.2187848 -1.825002 0.0353744 0.08168315 -1.825002 0.03823018 0.2090296 -1.825002 0.07099652 0.06803321 -1.825002 0.05774283 0.1935782 -1.825002 0.1045432 0.1728477 -1.825002 0.1351101 0.0499587 -1.825002 0.07324743 0.1473956 -1.825002 0.1618738 0.02859687 -1.825002 0.08377075 0.117907 -1.825002 0.1841125 0.08517742 -1.825002 0.2012281 0.05009031 -1.825002 0.2127583 0.0052886 -1.825002 0.0886507 -0.01850032 -1.825002 0.08758044 -0.04127693 -1.825002 0.08062791 -0.06160736 -1.825002 0.06822967 -0.09131145 -1.825002 -0.03942656 -0.09681987 -1.825002 -0.01625895 -0.3703241 -1.575 0.244482 0.0135889 -1.575001 0.218393 -0.04127693 -1.575001 0.08062791 -0.06160736 -1.575001 0.06822967 -0.3702593 -1.575 0.245083 -0.3702092 -1.575 0.245686 0.05009031 -1.575001 0.2127583 0.0052886 -1.575001 0.0886507 -0.01850032 -1.575001 0.08758044 0.02859687 -1.575001 0.08377075 0.08517789 -1.575001 0.2012281 0.117907 -1.575001 0.1841125 0.1473956 -1.575001 0.1618738 0.0499587 -1.575001 0.07324743 0.1728477 -1.575001 0.1351101 0.06803321 -1.575001 0.05774283 0.1935782 -1.575001 0.1045432 0.2090296 -1.575001 0.07099676 0.08168315 -1.575001 0.03823018 0.2187848 -1.575001 0.0353744 0.09005212 -1.575001 0.01593542 0.2225809 -1.575001 -0.001363992 0.09261417 -1.575001 -0.007739305 0.2203149 -1.575001 -0.03822827 0.08920669 -1.575001 -0.03130793 0.212049 -1.575001 -0.07422518 0.0800457 -1.575001 -0.05328845 0.1980051 -1.575001 -0.1083848 0.06570672 -1.575001 -0.07230091 0.1785621 -1.575001 -0.1397869 0.04708909 -1.575001 -0.0871489 0.1542439 -1.575001 -0.1675851 0.1257057 -1.575001 -0.1910305 0.02536487 -1.575001 -0.09690117 0.09371662 -1.575001 -0.209491 0.001896858 -1.575001 -0.1009442 0.05913829 -1.575001 -0.2224698 0.02290248 -1.575001 -0.2296164 -0.01401472 -1.575001 -0.2307388 -0.02183866 -1.575001 -0.09902453 -0.05061769 -1.575001 -0.2258069 -0.0443511 -1.575001 -0.09126162 -0.06422615 -1.575001 -0.07814431 -0.08021402 -1.575001 -0.06049633 -0.09131145 -1.575001 -0.03942656 -0.09681987 -1.575001 -0.01625895 -0.09006023 -1.575001 0.03050589 -0.0782175 -1.575001 0.0511651 -0.426435 -1.575 -0.1433017 -0.4263129 -1.575 -0.1427094 -0.4262047 -1.575 -0.1421144 -0.5472264 -1.531309 -0.1186027 -0.4930506 -1.531309 0.2562027 -0.4876156 -1.512902 0.2557139 -0.5418754 -1.512902 -0.1196727 -0.4787512 -1.495604 0.2549212 -0.5331497 -1.495604 -0.121423 -0.4666166 -1.48024 0.2538431 -0.5212059 -1.48024 -0.1238248 -0.4517741 -1.467722 0.2525165 -0.5065961 -1.467722 -0.1267557 -0.4358864 -1.458721 0.2510975 -0.4909563 -1.458721 -0.1298935 -0.4734259 -1.452587 -0.133414 -0.4180756 -1.452587 0.2495095 -0.4073558 -1.450698 0.2485506 -0.4628725 -1.450698 -0.1355302 -0.4628725 -1.949303 -0.1355302 -0.4073558 -1.949303 0.2485506 -0.418076 -1.947413 0.2495095 -0.4358864 -1.941281 0.2510975 -0.4909568 -1.941281 -0.1298935 -0.4734259 -1.947413 -0.133414 -0.4517741 -1.932278 0.2525165 -0.5065966 -1.932278 -0.1267559 -0.4666166 -1.91976 0.2538431 -0.5212059 -1.91976 -0.123825 -0.4787512 -1.904397 0.2549212 -0.5331497 -1.904397 -0.121423 -0.4876161 -1.887099 0.2557139 -0.5418754 -1.887099 -0.119673 -0.4930506 -1.868693 0.2562027 -0.5472269 -1.868693 -0.1186027 -0.2571883 -1.556471 0.2618578 -0.3876963 -1.555748 0.2713442 -0.3833389 -1.560211 0.2694972 -0.2573657 -1.562501 0.2593663 -0.3795362 -1.564181 0.2669761 -0.2576475 -1.567678 0.2554038 -0.3761067 -1.567842 0.2636619 -0.3733535 -1.570865 0.2597072 -0.2580147 -1.571651 0.2502389 -0.3713999 -1.573133 0.2552755 -0.2584419 -1.574149 0.2442247 -0.3703361 -1.574524 0.2505405 -0.3701553 -1.57488 0.2481129 -0.1221971 -1.574149 0.2345356 0.01404809 -1.574149 0.2248473 0.01447534 -1.571651 0.2308614 -0.1217694 -1.571651 0.2405505 0.01484298 -1.567678 0.2360262 -0.1214027 -1.567678 0.2457146 -0.1211204 -1.562501 0.2496778 0.01512432 -1.562501 0.2399892 -0.120943 -1.556471 0.2521691 0.0153017 -1.556472 0.2424802 0.05401563 -1.550001 0.237518 0.05382347 -1.556472 0.2366881 0.09128952 -1.550001 0.2257521 0.09097099 -1.556472 0.2249622 0.1262745 -1.550001 0.2083196 0.1258373 -1.556472 0.2075896 0.1581153 -1.550001 0.1856474 0.1575679 -1.556472 0.1849944 0.1860322 -1.550001 0.1582894 0.1853904 -1.556472 0.1577293 0.2093434 -1.550001 0.126914 0.2086219 -1.556472 0.126461 0.2274799 -1.550001 0.09228849 0.2266969 -1.556472 0.09195351 0.2399969 -1.550001 0.05525922 0.2391719 -1.556472 0.05505037 0.2465896 -1.550001 0.01673173 0.2457413 -1.556472 0.01665425 0.2470951 -1.550001 -0.02235245 0.2462463 -1.556472 -0.0222969 0.2415046 -1.550001 -0.06103777 0.2406735 -1.556472 -0.06085062 0.2299509 -1.550001 -0.09837913 0.2291593 -1.556472 -0.09806466 0.212718 -1.550001 -0.1334626 0.2119855 -1.556472 -0.1330285 0.1902275 -1.550001 -0.1654319 0.1895718 -1.556472 -0.1648886 0.1630296 -1.550001 -0.1935043 0.1624655 -1.556472 -0.1928653 0.1317868 -1.550001 -0.2169942 0.1313295 -1.556472 -0.2162754 0.09726619 -1.550001 -0.2353272 0.09692668 -1.556472 -0.2345461 0.06030845 -1.550001 -0.2480554 0.06009387 -1.556472 -0.2472307 0.02181911 -1.550001 -0.2548673 0.02173709 -1.556472 -0.2540195 -0.0172615 -1.550001 -0.2555966 -0.01721143 -1.556472 -0.2547462 -0.05579566 -1.556472 -0.2493932 -0.05526018 -1.562501 -0.2469539 -0.01706218 -1.562501 -0.2522533 -0.05440807 -1.567678 -0.2430734 -0.01682567 -1.567678 -0.2482872 -0.05329799 -1.571651 -0.2380158 -0.01651716 -1.571651 -0.2431187 -0.05200576 -1.574149 -0.2321267 -0.0161581 -1.574149 -0.2370998 0.02002573 -1.574149 -0.2364246 0.0556631 -1.574149 -0.2301177 0.08988094 -1.574149 -0.218333 0.1218433 -1.574149 -0.2013587 0.1507701 -1.574149 -0.17961 0.1759529 -1.574149 -0.1536178 0.1967773 -1.574149 -0.1240184 0.2127318 -1.574149 -0.09153485 0.2234287 -1.574149 -0.05696153 0.2286067 -1.574149 -0.02114343 0.228137 -1.574149 0.01504397 0.2220335 -1.574149 0.05071616 0.2104439 -1.574149 0.08500075 0.1936516 -1.574149 0.1170594 0.1720681 -1.574149 0.1461095 0.1462192 -1.574149 0.1714401 0.1167397 -1.574149 0.1924316 0.08434772 -1.574149 0.2085719 0.04983568 -1.574149 0.2194662 0.05119562 -1.571651 0.2253398 0.05236339 -1.567678 0.2303843 0.05325937 -1.562501 0.234255 0.0866065 -1.571651 0.2141623 0.1198425 -1.571651 0.1976017 0.1500911 -1.571651 0.176063 0.1766114 -1.571651 0.1500728 0.1987581 -1.571651 0.1202661 0.2159876 -1.571651 0.0873723 0.227879 -1.571651 0.05219459 0.2341413 -1.571651 0.01559329 0.2346224 -1.571651 -0.02153682 0.2293105 -1.571651 -0.05828809 0.2183351 -1.571651 -0.09376215 0.2019639 -1.571651 -0.1270918 0.1805982 -1.571651 -0.1574623 0.1547594 -1.571651 -0.1841309 0.1250796 -1.571651 -0.2064464 0.09228372 -1.571651 -0.2238631 0.0571742 -1.571651 -0.2359542 0.02060937 -1.571651 -0.2424261 0.08854675 -1.567678 0.2189626 0.1225075 -1.567678 0.2020411 0.1534147 -1.567678 0.1800332 0.1805138 -1.567678 0.1534762 0.2031431 -1.567678 0.1230196 0.2207474 -1.567678 0.08940887 0.2328982 -1.567678 0.05346417 0.2392978 -1.567678 0.01606488 0.2397885 -1.567678 -0.02187466 0.2343611 -1.567678 -0.05942726 0.2231464 -1.567678 -0.09567427 0.2064189 -1.567678 -0.1297307 0.1845865 -1.567678 -0.1607632 0.158185 -1.567678 -0.1880137 0.1278576 -1.567678 -0.2108156 0.09434795 -1.567678 -0.2286117 0.05847263 -1.567678 -0.2409667 0.02111101 -1.567678 -0.2475793 0.09003496 -1.562501 0.2226467 0.1245517 -1.562501 0.2054479 0.1559653 -1.562501 0.1830794 0.1835088 -1.562501 0.1560873 0.2065072 -1.562501 0.1251327 0.2244005 -1.562501 0.09097146 0.2367496 -1.562501 0.05443811 0.2432541 -1.562501 0.01642656 0.2437548 -1.562501 -0.02213406 0.2382369 -1.562501 -0.0603013 0.2268381 -1.562501 -0.09714174 0.2098369 -1.562501 -0.1317558 0.1876473 -1.562501 -0.1632959 0.1608133 -1.562501 -0.1909928 0.1299896 -1.562501 -0.214168 0.09593105 -1.562501 -0.2322556 0.05946922 -1.562501 -0.2448132 0.02149534 -1.562501 -0.2515335 -0.3702502 -1.65 0.2497363 -0.3701573 -1.574882 0.2481126 -0.3703408 -1.574529 0.2505412 -0.3714628 -1.65 0.2554653 -0.3713999 -1.573133 0.2552755 -0.3733573 -1.57087 0.2597072 -0.3739748 -1.65 0.2607546 -0.3761077 -1.567843 0.2636621 -0.3776484 -1.65 0.2653144 -0.3795424 -1.564187 0.2669766 -0.3822813 -1.65 0.2688952 -0.3833432 -1.560215 0.2694974 -0.3876209 -1.65 0.2712994 -0.3876867 -1.555737 0.271343 -0.3876209 -1.750001 0.2712994 -0.3876867 -1.844264 0.271343 -0.3833432 -1.839787 0.2694974 -0.3822818 -1.750001 0.2688952 -0.3795424 -1.835814 0.2669766 -0.3776484 -1.750001 0.2653144 -0.3761077 -1.832158 0.2636621 -0.3739748 -1.750001 0.2607546 -0.3733578 -1.829131 0.2597072 -0.3714628 -1.750001 0.2554653 -0.3713999 -1.826869 0.2552755 -0.3703408 -1.825472 0.2505412 -0.3702502 -1.750001 0.2497363 -0.3701573 -1.82512 0.2481126 -0.1854171 -1.574149 -0.2028379 -0.3188291 -1.574149 -0.1735491 -0.4270711 -1.57488 -0.1456444 -0.4279318 -1.574524 -0.1479218 -0.4302921 -1.573133 -0.1521613 -0.3201223 -1.571651 -0.1794385 -0.1867098 -1.571651 -0.2087273 -0.1878199 -1.567678 -0.2137844 -0.1886725 -1.562501 -0.2176649 -0.1892075 -1.556471 -0.2201044 -0.3226199 -1.556471 -0.1908159 -0.4504728 -1.555748 -0.1629576 -0.4457703 -1.560211 -0.16242 -0.3220844 -1.562501 -0.1883766 -0.4414091 -1.564181 -0.1610791 -0.3212323 -1.567678 -0.1844956 -0.4371815 -1.567842 -0.1588716 -0.4334211 -1.570865 -0.1558585 -0.3701553 -1.825121 0.2481129 -0.2584419 -1.825852 0.2442247 -0.1221971 -1.825852 0.2345356 0.01404809 -1.825852 0.2248473 0.01447534 -1.828351 0.2308614 -0.1217694 -1.828351 0.2405502 0.01484298 -1.832324 0.2360262 -0.1214027 -1.832324 0.2457146 0.01512432 -1.8375 0.2399892 -0.1211204 -1.8375 0.2496778 0.01530122 -1.84353 0.2424802 -0.120943 -1.843529 0.2521691 -0.2571888 -1.843529 0.2618578 -0.3876963 -1.844254 0.2713442 -0.3833389 -1.839791 0.2694972 -0.2573657 -1.8375 0.2593663 -0.3795366 -1.83582 0.2669761 -0.2576475 -1.832324 0.2554038 -0.3761067 -1.83216 0.2636619 -0.373354 -1.829137 0.2597072 -0.2580147 -1.828351 0.2502389 -0.3713999 -1.826869 0.2552755 -0.3703361 -1.825476 0.2505405 -0.4276214 -1.65 -0.1471745 -0.4270725 -1.574882 -0.1456439 -0.4279361 -1.574529 -0.1479208 -0.4304066 -1.65 -0.1523256 -0.4302921 -1.573133 -0.1521613 -0.4334254 -1.57087 -0.1558575 -0.4343138 -1.65 -0.156687 -0.4371824 -1.567843 -0.1588716 -0.4391279 -1.65 -0.1600205 -0.4414153 -1.564187 -0.1610777 -0.4445858 -1.65 -0.1621422 -0.4457741 -1.560215 -0.162419 -0.450387 -1.65 -0.1629364 -0.4504624 -1.555737 -0.1629598 -0.450387 -1.750001 -0.1629364 -0.4504628 -1.844264 -0.1629598 -0.4457741 -1.839787 -0.162419 -0.4445858 -1.750001 -0.1621422 -0.4414158 -1.835814 -0.1610777 -0.4391284 -1.750001 -0.1600205 -0.4371824 -1.832158 -0.1588716 -0.4343138 -1.750001 -0.1566872 -0.4334254 -1.829131 -0.1558575 -0.4304066 -1.750001 -0.1523256 -0.4302926 -1.826869 -0.1521613 -0.4279361 -1.825472 -0.1479208 -0.4276214 -1.750001 -0.1471745 -0.4270725 -1.82512 -0.1456439 0.2467722 -1.84353 -0.004583835 0.2437806 -1.84353 0.03248262 0.2353048 -1.84353 0.06869125 0.2215347 -1.84353 0.1032345 0.2027764 -1.84353 0.1353437 0.1794471 -1.84353 0.164303 0.1520676 -1.84353 0.1894676 0.1212482 -1.84353 0.2102766 0.08767461 -1.84353 0.2262666 0.05209493 -1.84353 0.2370812 0.05154895 -1.8375 0.2346448 0.05068063 -1.832324 0.2307677 0.0495491 -1.828351 0.2257153 0.04823017 -1.825852 0.2198317 0.08128595 -1.825852 0.209784 0.1124777 -1.825852 0.1949286 0.1411104 -1.825852 0.1755957 0.1665468 -1.825852 0.1522171 0.1882205 -1.825852 0.125312 0.2056479 -1.825852 0.09548115 0.2184414 -1.825852 0.06338858 0.2263154 -1.825852 0.02974915 0.2290954 -1.825852 -0.00468707 0.2351245 -1.828351 -0.004652023 0.240302 -1.832324 -0.004621505 0.244276 -1.837501 -0.004598617 0.2322721 -1.828351 0.03068184 0.224193 -1.828351 0.06519722 0.2110667 -1.828351 0.09812545 0.1931848 -1.828351 0.1287336 0.1709475 -1.828351 0.1563391 0.1448483 -1.828351 0.1803271 0.1154689 -1.828351 0.2001638 0.08346462 -1.828351 0.2154057 0.2373876 -1.832324 0.03148221 0.2291326 -1.832324 0.06675028 0.2157196 -1.832324 0.1003966 0.1974477 -1.832324 0.1316719 0.174726 -1.832324 0.1598792 0.1480569 -1.832324 0.18439 0.1180377 -1.832324 0.2046589 0.0853362 -1.832324 0.2202339 0.2413134 -1.837501 0.03209638 0.232923 -1.837501 0.0679419 0.2192902 -1.837501 0.1021389 0.2007193 -1.837501 0.1339263 0.1776242 -1.837501 0.1625955 0.1505198 -1.8375 0.1875078 0.1200089 -1.8375 0.2081084 0.08677196 -1.8375 0.2239379 -0.3226199 -1.843529 -0.1908159 -0.4504728 -1.844254 -0.1629576 -0.4457703 -1.839791 -0.16242 -0.3220844 -1.8375 -0.1883766 -0.4414091 -1.83582 -0.1610791 -0.3212323 -1.832324 -0.1844956 -0.437182 -1.83216 -0.1588718 -0.4334211 -1.829137 -0.1558585 -0.3201223 -1.828351 -0.1794385 -0.4302921 -1.826869 -0.1521613 -0.3188291 -1.825852 -0.1735491 -0.4279323 -1.825476 -0.1479218 -0.4270711 -1.825121 -0.1456446 -0.1854171 -1.825852 -0.2028379 -0.1867098 -1.828351 -0.2087273 -0.1878199 -1.832324 -0.2137844 -0.1886725 -1.8375 -0.2176649 -0.1892075 -1.843529 -0.2201044 -0.4705434 -1.923556 -0.1592137 -0.471314 -1.927983 -0.1586239 -0.4560318 -1.931472 -0.1615271 -0.4719091 -1.932509 -0.1571457 -0.4554963 -1.937501 -0.1590878 -0.4722648 -1.936869 -0.1547336 -0.4546442 -1.942679 -0.1552071 -0.4723363 -1.94077 -0.1514508 -0.4721108 -1.943955 -0.147475 -0.4896855 -1.938403 -0.1438028 -0.489635 -1.940587 -0.1393616 -0.5062132 -1.931449 -0.1359522 -0.5060392 -1.932662 -0.1313922 -0.5208006 -1.920272 -0.1283984 -0.5202861 -1.920712 -0.12401 -0.5324926 -1.905555 -0.1215608 -0.4535341 -1.946652 -0.1501502 -0.4716101 -1.946253 -0.1430675 -0.4891906 -1.941899 -0.134809 -0.5054031 -1.933142 -0.126996 -0.4522414 -1.949149 -0.1442608 -0.4708867 -1.947608 -0.1385204 -0.48843 -1.942389 -0.1304016 -0.4700098 -1.948073 -0.1340973 -0.5328975 -1.90519 -0.125945 -0.5415711 -1.888268 -0.1197395 -0.5418897 -1.888009 -0.1241209 -0.5471525 -1.869509 -0.1186194 -0.5474162 -1.869374 -0.1229996 -0.5491624 -1.850001 -0.1244649 -0.5468745 -1.869071 -0.1275873 -0.5477362 -1.850001 -0.130526 -0.5454435 -1.868598 -0.1321475 -0.544857 -1.850001 -0.1360468 -0.5431285 -1.867964 -0.1364142 -0.5400372 -1.867203 -0.1401331 -0.5351539 -1.883755 -0.1411855 -0.5317149 -1.8821 -0.1441237 -0.5241461 -1.896615 -0.1457722 -0.5207677 -1.894114 -0.1477878 -0.5111165 -1.906165 -0.1499028 -0.4970179 -1.912356 -0.1534016 -0.5407028 -1.850001 -0.1406848 -0.536365 -1.86636 -0.1431112 -0.5279431 -1.880383 -0.1462156 -0.5172815 -1.891665 -0.1489531 -0.5355311 -1.850001 -0.1441526 -0.5323534 -1.865487 -0.1452496 -0.5282474 -1.864632 -0.1465456 -0.4993429 -1.91606 -0.1524822 -0.4859066 -1.923434 -0.1554265 -0.4873366 -1.927666 -0.1537866 -0.4885016 -1.931744 -0.151236 -0.5015316 -1.919842 -0.1506958 -0.5034323 -1.923489 -0.1480195 -0.5049033 -1.926768 -0.1445343 -0.489305 -1.935402 -0.1478474 -0.5058432 -1.929467 -0.1404261 -0.5139618 -1.909363 -0.1479895 -0.5165014 -1.912447 -0.1452043 -0.5185528 -1.915225 -0.1416351 -0.5199838 -1.917521 -0.1374704 -0.5207272 -1.919219 -0.1329662 -0.5272026 -1.899027 -0.1428985 -0.5380297 -1.885251 -0.1374974 -0.5297284 -1.901202 -0.1392614 -0.5315609 -1.903006 -0.13505 -0.5326147 -1.904347 -0.1305212 -0.5401611 -1.886494 -0.1332519 -0.5414476 -1.887421 -0.1287038 -0.5355311 -1.750001 -0.1441526 -0.5407028 -1.750001 -0.1406848 -0.544857 -1.750001 -0.1360468 -0.5477362 -1.750001 -0.130526 -0.5491619 -1.750001 -0.1244649 -0.5491619 -1.65 -0.1244649 -0.5491619 -1.550001 -0.1244649 -0.5477357 -1.550001 -0.130526 -0.5477362 -1.65 -0.130526 -0.544857 -1.550001 -0.1360466 -0.544857 -1.65 -0.1360466 -0.5407028 -1.550001 -0.1406848 -0.5407028 -1.65 -0.1406848 -0.5355311 -1.550001 -0.1441526 -0.5355311 -1.65 -0.1441526 -0.3188295 -1.949149 -0.1735491 -0.3201227 -1.946652 -0.1794385 -0.3212323 -1.942679 -0.1844956 -0.3220844 -1.937501 -0.1883766 -0.3226199 -1.931472 -0.1908159 -0.1892075 -1.931472 -0.2201044 -0.05579614 -1.931472 -0.2493932 -0.05526065 -1.937501 -0.2469539 -0.1886725 -1.937501 -0.2176649 -0.05440807 -1.942679 -0.2430734 -0.1878204 -1.942679 -0.2137844 -0.05329799 -1.946652 -0.2380158 -0.1867098 -1.946652 -0.2087273 -0.05200576 -1.949149 -0.2321267 -0.1854176 -1.949149 -0.2028379 -0.5282474 -1.535368 -0.1465456 -0.5323534 -1.534514 -0.1452493 -0.536365 -1.53364 -0.1431112 -0.5400372 -1.532798 -0.1401331 -0.5431285 -1.532036 -0.1364142 -0.5454435 -1.531403 -0.1321475 -0.5401607 -1.513507 -0.1332519 -0.5414476 -1.51258 -0.1287035 -0.5326147 -1.495653 -0.130521 -0.532897 -1.494812 -0.1259448 -0.5208001 -1.479729 -0.1283984 -0.5202856 -1.47929 -0.12401 -0.5054026 -1.466858 -0.126996 -0.5468741 -1.53093 -0.1275873 -0.5418897 -1.511993 -0.1241207 -0.5324922 -1.494446 -0.1215608 -0.5474162 -1.530628 -0.1229996 -0.5415707 -1.511733 -0.1197395 -0.5471525 -1.530491 -0.1186194 -0.5060392 -1.46734 -0.1313922 -0.48843 -1.457612 -0.1304013 -0.4891901 -1.458102 -0.134809 -0.4700093 -1.451928 -0.1340973 -0.4708862 -1.452394 -0.1385204 -0.452241 -1.450852 -0.1442608 -0.4716096 -1.453748 -0.1430675 -0.4535341 -1.45335 -0.15015 -0.4721108 -1.456046 -0.147475 -0.4546442 -1.457323 -0.1552071 -0.4723363 -1.459231 -0.1514508 -0.4722643 -1.463131 -0.1547334 -0.4885016 -1.468257 -0.151236 -0.4873362 -1.472335 -0.1537866 -0.5015316 -1.480158 -0.1506958 -0.4993425 -1.483941 -0.1524822 -0.511116 -1.493836 -0.1499025 -0.5172815 -1.508336 -0.1489529 -0.4554958 -1.4625 -0.1590876 -0.4719086 -1.467491 -0.1571457 -0.4859061 -1.476568 -0.1554262 -0.4970179 -1.487645 -0.1534016 -0.4560313 -1.46853 -0.1615271 -0.4713135 -1.472018 -0.1586239 -0.4705429 -1.476447 -0.1592137 -0.5207677 -1.505887 -0.1477878 -0.5279431 -1.519617 -0.1462156 -0.5317144 -1.517902 -0.1441237 -0.5351534 -1.516245 -0.1411855 -0.5380297 -1.51475 -0.1374974 -0.5241461 -1.503386 -0.1457722 -0.5272026 -1.500973 -0.1428983 -0.5297284 -1.498798 -0.1392612 -0.5315604 -1.496994 -0.13505 -0.5139618 -1.490638 -0.1479892 -0.516501 -1.487553 -0.145204 -0.5185528 -1.484776 -0.1416351 -0.5199833 -1.48248 -0.1374704 -0.5207272 -1.480783 -0.1329662 -0.5034323 -1.476511 -0.1480195 -0.489305 -1.464599 -0.1478474 -0.5049033 -1.473235 -0.1445343 -0.5058432 -1.470534 -0.1404259 -0.5062127 -1.468552 -0.1359519 -0.4896855 -1.461599 -0.1438026 -0.4896345 -1.459415 -0.1393616 -0.0161581 -1.949149 -0.2370998 -0.01651763 -1.946652 -0.2431187 -0.01682615 -1.942679 -0.2482872 -0.01706266 -1.937501 -0.2522533 -0.01721143 -1.931472 -0.2547464 -0.0172615 -1.925 -0.2555966 0.02173662 -1.931472 -0.2540195 0.02181911 -1.925 -0.2548673 0.06009387 -1.931472 -0.2472307 0.06030797 -1.925 -0.2480556 0.09692668 -1.931472 -0.2345461 0.09726572 -1.925 -0.2353272 0.1313295 -1.931472 -0.2162754 0.1317868 -1.925 -0.2169942 0.1624655 -1.931472 -0.1928653 0.1630291 -1.925 -0.1935043 0.1895718 -1.931472 -0.1648886 0.1902275 -1.925 -0.1654319 0.2119851 -1.931472 -0.1330285 0.212718 -1.925 -0.1334626 0.2291593 -1.931472 -0.09806466 0.2299504 -1.925 -0.09837913 0.2406735 -1.931472 -0.06085062 0.2415046 -1.925 -0.06103801 0.2462463 -1.931472 -0.0222969 0.2470951 -1.925 -0.02235245 0.2457408 -1.931472 0.01665425 0.2465896 -1.925 0.01673173 0.2391715 -1.931472 0.05505037 0.2399969 -1.925 0.05525922 0.2266969 -1.931472 0.09195351 0.2274799 -1.925 0.09228849 0.2086219 -1.931472 0.126461 0.2093434 -1.925 0.126914 0.1853904 -1.931472 0.1577293 0.1860318 -1.925 0.1582894 0.1575675 -1.931472 0.1849944 0.1581149 -1.925 0.1856474 0.1258373 -1.931472 0.2075893 0.1262745 -1.925 0.2083196 0.09097051 -1.931472 0.2249622 0.09128952 -1.925 0.2257521 0.05382299 -1.931472 0.2366878 0.05401515 -1.925 0.2375178 0.01530122 -1.931472 0.2424802 0.01512432 -1.937501 0.2399892 0.05325937 -1.937501 0.234255 0.09003496 -1.937501 0.2226464 0.1245517 -1.937501 0.2054479 0.1559648 -1.937501 0.1830794 0.1835083 -1.937501 0.1560873 0.2065072 -1.937501 0.1251327 0.2244005 -1.937501 0.09097146 0.2367496 -1.937501 0.05443811 0.2432541 -1.937501 0.01642656 0.2437543 -1.937501 -0.02213406 0.2382369 -1.937501 -0.0603013 0.2268381 -1.937501 -0.09714174 0.2098364 -1.937501 -0.1317558 0.1876473 -1.937501 -0.1632962 0.1608133 -1.937501 -0.1909928 0.1299896 -1.937501 -0.214168 0.09593057 -1.937501 -0.2322556 0.05946922 -1.937501 -0.2448132 0.02149486 -1.937501 -0.2515335 0.01484298 -1.942679 0.2360262 0.05236339 -1.942679 0.2303843 0.08854627 -1.942679 0.2189626 0.122507 -1.942679 0.2020411 0.1534142 -1.942679 0.1800329 0.1805133 -1.94268 0.1534762 0.2031431 -1.94268 0.1230196 0.2207469 -1.94268 0.08940863 0.2328977 -1.94268 0.05346417 0.2392973 -1.94268 0.01606488 0.2397885 -1.94268 -0.0218749 0.2343611 -1.94268 -0.05942726 0.2231464 -1.94268 -0.09567427 0.2064189 -1.94268 -0.1297307 0.1845865 -1.94268 -0.1607632 0.158185 -1.94268 -0.1880137 0.1278576 -1.94268 -0.2108156 0.09434795 -1.942679 -0.2286117 0.05847263 -1.942679 -0.2409667 0.02111053 -1.942679 -0.2475793 0.01447534 -1.946652 0.2308614 0.05119514 -1.946652 0.2253398 0.08660602 -1.946652 0.2141623 0.119842 -1.946652 0.1976017 0.1500906 -1.946652 0.176063 0.1766114 -1.946652 0.1500728 0.1987581 -1.946652 0.1202659 0.2159872 -1.946652 0.0873723 0.227879 -1.946652 0.05219459 0.2341413 -1.946652 0.01559329 0.2346224 -1.946652 -0.02153682 0.22931 -1.946652 -0.05828809 0.2183346 -1.946652 -0.09376215 0.2019639 -1.946652 -0.1270918 0.1805977 -1.946652 -0.1574623 0.1547589 -1.946652 -0.1841309 0.1250791 -1.946652 -0.2064464 0.09228372 -1.946652 -0.2238631 0.05717372 -1.946652 -0.2359545 0.02060937 -1.946652 -0.2424261 0.01404762 -1.949149 0.2248473 0.04983568 -1.949149 0.2194662 0.08434772 -1.949149 0.2085719 0.1167397 -1.949149 0.1924316 0.1462192 -1.949149 0.1714401 0.1720681 -1.949149 0.1461095 0.1936516 -1.949149 0.1170594 0.2104439 -1.949149 0.08500075 0.2220335 -1.949149 0.05071616 0.228137 -1.949149 0.01504397 0.2286062 -1.949149 -0.02114343 0.2234287 -1.949149 -0.05696177 0.2127318 -1.949149 -0.09153485 0.1967768 -1.949149 -0.1240184 0.1759529 -1.949149 -0.1536178 0.1507697 -1.949149 -0.17961 0.1218433 -1.949149 -0.2013587 0.08988094 -1.949149 -0.218333 0.05566263 -1.949149 -0.2301177 0.02002573 -1.949149 -0.2364246 -0.3226199 -1.46853 -0.1908159 -0.3220844 -1.4625 -0.1883766 -0.3212323 -1.457323 -0.1844956 -0.3201223 -1.45335 -0.1794385 -0.3188291 -1.450852 -0.1735491 -0.1854171 -1.450852 -0.2028379 -0.05200529 -1.450852 -0.2321267 -0.1867098 -1.45335 -0.2087273 -0.05329799 -1.45335 -0.2380158 -0.1878199 -1.457323 -0.2137844 -0.05440807 -1.457323 -0.2430734 -0.05526018 -1.4625 -0.2469539 -0.1886725 -1.4625 -0.2176649 -0.05579566 -1.46853 -0.2493932 -0.1892075 -1.46853 -0.2201044 -0.1221971 -1.949149 0.2345356 -0.2584419 -1.949149 0.2442245 -0.3946872 -1.949149 0.2539134 -0.2580152 -1.946652 0.2502389 -0.3942595 -1.946652 0.2599273 -0.3938928 -1.942679 0.2650921 -0.257648 -1.942679 0.2554038 -0.3936105 -1.937501 0.2690551 -0.2573657 -1.937501 0.2593663 -0.3934336 -1.931472 0.2715466 -0.2571888 -1.931472 0.2618578 -0.120943 -1.931472 0.2521691 -0.1211204 -1.937501 0.2496778 -0.1214027 -1.942679 0.2457146 -0.1217699 -1.946652 0.2405502 -0.0172615 -1.475001 -0.2555966 -0.01721143 -1.46853 -0.2547462 -0.01706218 -1.4625 -0.2522533 -0.01682567 -1.457323 -0.2482872 -0.01651716 -1.45335 -0.2431187 -0.0161581 -1.450852 -0.2370998 0.02002573 -1.450852 -0.2364246 0.02060937 -1.45335 -0.2424261 0.02111101 -1.457323 -0.2475793 0.02149534 -1.4625 -0.2515335 0.02173709 -1.46853 -0.2540195 0.02181911 -1.475001 -0.2548673 0.06009387 -1.46853 -0.2472307 0.06030845 -1.475001 -0.2480554 0.09692668 -1.46853 -0.2345461 0.09726619 -1.475001 -0.2353272 0.13133 -1.46853 -0.2162754 0.1317868 -1.475001 -0.2169942 0.162466 -1.46853 -0.1928653 0.1630296 -1.475001 -0.1935043 0.1895718 -1.46853 -0.1648886 0.1902275 -1.475001 -0.1654319 0.2119855 -1.46853 -0.1330285 0.212718 -1.475001 -0.1334626 0.2291593 -1.46853 -0.09806466 0.2299509 -1.475001 -0.09837913 0.2406735 -1.46853 -0.06085062 0.2415046 -1.475001 -0.06103777 0.2470951 -1.475001 -0.02235245 0.2462463 -1.46853 -0.0222969 0.2465896 -1.475001 0.01673173 0.2457413 -1.46853 0.01665425 0.2399969 -1.475001 0.05525922 0.2391719 -1.46853 0.05505037 0.2274799 -1.475001 0.09228849 0.2266969 -1.46853 0.09195351 0.2093434 -1.475001 0.126914 0.2086219 -1.46853 0.126461 0.1860322 -1.475001 0.1582894 0.1853909 -1.46853 0.1577293 0.1581153 -1.475001 0.1856477 0.1575679 -1.46853 0.1849944 0.1262745 -1.475001 0.2083196 0.1258373 -1.46853 0.2075896 0.09128952 -1.475001 0.2257521 0.09097099 -1.46853 0.2249622 0.05401563 -1.475001 0.237518 0.05382347 -1.46853 0.2366881 0.0153017 -1.46853 0.2424802 0.05325937 -1.4625 0.2342553 0.01512432 -1.4625 0.2399892 0.05236339 -1.457323 0.2303843 0.01484298 -1.457323 0.2360262 0.05119562 -1.45335 0.2253398 0.01447534 -1.45335 0.2308614 0.04983615 -1.450852 0.2194662 0.01404809 -1.450852 0.2248473 0.08434772 -1.450852 0.2085719 0.1167397 -1.450852 0.1924316 0.1462192 -1.450852 0.1714401 0.1720681 -1.450852 0.1461095 0.1936516 -1.450852 0.1170594 0.2104439 -1.450852 0.08500075 0.2220335 -1.450852 0.05071616 0.228137 -1.450852 0.01504397 0.2286067 -1.450852 -0.02114343 0.2234287 -1.450852 -0.05696153 0.2127318 -1.450852 -0.09153485 0.1967773 -1.450852 -0.1240184 0.1759529 -1.450852 -0.1536178 0.1507701 -1.450852 -0.1796097 0.1218438 -1.450852 -0.2013587 0.08988094 -1.450852 -0.218333 0.0556631 -1.450852 -0.2301177 0.0571742 -1.45335 -0.2359542 0.05847263 -1.457323 -0.2409667 0.05946922 -1.4625 -0.2448132 0.0922842 -1.45335 -0.2238631 0.09434795 -1.457323 -0.2286117 0.09593105 -1.4625 -0.2322556 0.1250796 -1.45335 -0.2064464 0.1278576 -1.457323 -0.2108156 0.1299896 -1.4625 -0.2141678 0.1547594 -1.45335 -0.1841309 0.158185 -1.457323 -0.1880137 0.1608133 -1.4625 -0.1909928 0.1805982 -1.45335 -0.1574623 0.184587 -1.457323 -0.1607632 0.1876473 -1.4625 -0.1632959 0.2019639 -1.45335 -0.1270918 0.2064189 -1.457323 -0.1297307 0.2098369 -1.4625 -0.1317558 0.2183351 -1.45335 -0.09376215 0.2231469 -1.457323 -0.09567427 0.2268385 -1.4625 -0.09714174 0.2293105 -1.45335 -0.05828809 0.2343611 -1.457323 -0.05942726 0.2382369 -1.4625 -0.0603013 0.2346224 -1.45335 -0.02153682 0.2341413 -1.45335 0.01559329 0.227879 -1.45335 0.05219459 0.2159876 -1.45335 0.0873723 0.1987586 -1.45335 0.1202661 0.1766114 -1.45335 0.1500728 0.1500911 -1.45335 0.176063 0.1198425 -1.45335 0.1976017 0.0866065 -1.45335 0.2141623 0.239789 -1.457323 -0.02187466 0.2392978 -1.457323 0.01606488 0.2328982 -1.457323 0.05346417 0.2207474 -1.457323 0.08940887 0.2031431 -1.457323 0.1230196 0.1805138 -1.457323 0.1534762 0.1534147 -1.457323 0.1800332 0.1225075 -1.457323 0.2020411 0.08854675 -1.457323 0.2189626 0.2437548 -1.4625 -0.02213406 0.2432541 -1.4625 0.01642656 0.2367501 -1.4625 0.05443811 0.2244005 -1.4625 0.09097146 0.2065072 -1.4625 0.1251327 0.1835088 -1.4625 0.1560873 0.1559653 -1.4625 0.1830794 0.1245517 -1.4625 0.2054479 0.09003496 -1.4625 0.2226467 -0.4146066 -1.948073 0.2491974 -0.4141951 -1.947608 0.2536879 -0.4136009 -1.946253 0.2582536 -0.4128337 -1.943955 0.2626226 -0.4119244 -1.94077 0.2664993 -0.4109259 -1.936869 0.2696273 -0.4274888 -1.931744 0.2708709 -0.4256487 -1.927666 0.2729871 -0.4401374 -1.919842 0.2740429 -0.4375329 -1.91606 0.2751362 -0.4495554 -1.906165 0.2759962 -0.4557366 -1.891665 0.2768309 -0.4099016 -1.932509 0.2718401 -0.4238129 -1.923434 0.2741549 -0.4350433 -1.912356 0.2753596 -0.4089122 -1.927983 0.2730892 -0.4080062 -1.923556 0.2734368 -0.4594102 -1.894114 0.2767012 -0.4667378 -1.880383 0.277225 -0.4669361 -1.864632 0.2776275 -0.4712405 -1.865487 0.2775471 -0.4745989 -1.850001 0.277395 -0.4756928 -1.86636 0.2766323 -0.4805408 -1.850001 0.2755337 -0.4800587 -1.867203 0.274816 -0.4858384 -1.850001 0.2722619 -0.4840765 -1.867964 0.2721245 -0.487505 -1.868598 0.2686882 -0.4821253 -1.886494 0.2682517 -0.4846487 -1.887421 0.2642539 -0.4756622 -1.904347 0.2634952 -0.4772291 -1.90519 0.2591863 -0.4649325 -1.920272 0.2581143 -0.4656811 -1.920712 0.2537596 -0.450562 -1.933142 0.2524092 -0.4901633 -1.850001 0.2677825 -0.4901686 -1.869071 0.2647195 -0.4863701 -1.888009 0.2599835 -0.4780817 -1.905555 0.2548673 -0.4932466 -1.850001 0.2623732 -0.4919877 -1.869374 0.2604735 -0.4873047 -1.888268 0.2556913 -0.4929748 -1.869509 0.2561979 -0.4499278 -1.932662 0.2568057 -0.4333196 -1.942389 0.250869 -0.4328013 -1.941899 0.2553115 -0.4319372 -1.940587 0.2598031 -0.4307294 -1.938403 0.2640772 -0.4292188 -1.935402 0.2678487 -0.4488034 -1.931449 0.2612279 -0.4471817 -1.929467 0.265414 -0.445117 -1.926768 0.269088 -0.4427185 -1.923489 0.2720144 -0.4635687 -1.919219 0.2624745 -0.4615798 -1.917521 0.2665832 -0.4590283 -1.915225 0.2701728 -0.4560495 -1.912447 0.2730143 -0.452826 -1.909363 0.2749667 -0.4733687 -1.903006 0.2675407 -0.4788799 -1.885251 0.2717197 -0.4704185 -1.901202 0.2710605 -0.4669666 -1.899027 0.2738338 -0.4632216 -1.896615 0.2757239 -0.4750767 -1.883755 0.2744422 -0.4709468 -1.8821 0.2762866 -0.120943 -1.46853 0.2521691 -0.2571883 -1.46853 0.2618578 -0.3934331 -1.46853 0.2715466 -0.39361 -1.4625 0.2690551 -0.2573657 -1.4625 0.2593663 -0.3938923 -1.457323 0.2650921 -0.2576475 -1.457323 0.2554038 -0.2580147 -1.45335 0.2502389 -0.1217694 -1.45335 0.2405505 -0.1221971 -1.450852 0.2345359 -0.1211204 -1.4625 0.2496778 -0.1214027 -1.457323 0.2457146 -0.2584419 -1.450852 0.2442247 -0.3946867 -1.450852 0.2539137 -0.3942595 -1.45335 0.2599275 -0.4932466 -1.750001 0.2623732 -0.4932466 -1.65 0.2623732 -0.4932466 -1.550001 0.2623732 -0.4901633 -1.550001 0.2677825 -0.4901633 -1.65 0.2677825 -0.4858384 -1.550001 0.2722621 -0.4858384 -1.65 0.2722621 -0.4805403 -1.550001 0.2755337 -0.4805403 -1.65 0.2755337 -0.4745989 -1.550001 0.277395 -0.4745989 -1.65 0.277395 -0.4745989 -1.750001 0.277395 -0.4805403 -1.750001 0.2755337 -0.4858384 -1.750001 0.2722619 -0.4901633 -1.750001 0.2677825 -0.4080062 -1.476447 0.2734368 -0.4089117 -1.472018 0.2730892 -0.4099012 -1.467491 0.2718401 -0.4109254 -1.463131 0.2696276 -0.4119239 -1.459231 0.2664993 -0.4128337 -1.456046 0.2626226 -0.4307289 -1.461599 0.2640772 -0.4319372 -1.459415 0.2598031 -0.4488034 -1.468552 0.2612279 -0.4499278 -1.46734 0.2568057 -0.4649325 -1.479729 0.2581143 -0.4656811 -1.47929 0.2537599 -0.4780812 -1.494446 0.2548676 -0.4136009 -1.453748 0.2582536 -0.4328013 -1.458102 0.2553117 -0.4505615 -1.466858 0.2524092 -0.4141951 -1.452394 0.2536879 -0.4333191 -1.457612 0.250869 -0.4146066 -1.451928 0.2491977 -0.4772287 -1.494812 0.2591863 -0.4873047 -1.511733 0.2556915 -0.4863696 -1.511993 0.2599835 -0.4929748 -1.530491 0.2561979 -0.4919877 -1.530628 0.2604735 -0.4901686 -1.53093 0.2647195 -0.487505 -1.531403 0.2686882 -0.4840765 -1.532036 0.2721245 -0.4800587 -1.532798 0.274816 -0.4750767 -1.516245 0.2744422 -0.4709468 -1.517902 0.2762866 -0.4632216 -1.503386 0.2757242 -0.4594097 -1.505887 0.2767012 -0.4495554 -1.493836 0.2759962 -0.4350429 -1.487645 0.2753596 -0.4756928 -1.53364 0.2766323 -0.4667373 -1.519617 0.277225 -0.4557362 -1.508336 0.2768309 -0.4712405 -1.534514 0.2775471 -0.4669361 -1.535368 0.2776275 -0.4375329 -1.483941 0.2751365 -0.4238129 -1.476568 0.2741549 -0.4256487 -1.472335 0.2729874 -0.4274888 -1.468257 0.2708712 -0.4292188 -1.464599 0.2678487 -0.4401369 -1.480158 0.2740431 -0.4427185 -1.476511 0.2720144 -0.4451165 -1.473235 0.269088 -0.4471817 -1.470534 0.265414 -0.452826 -1.490638 0.274967 -0.4560495 -1.487553 0.2730146 -0.4590283 -1.484776 0.2701728 -0.4615798 -1.48248 0.2665835 -0.4635687 -1.480783 0.2624748 -0.4669662 -1.500973 0.273834 -0.4788799 -1.51475 0.2717197 -0.4704185 -1.498798 0.2710607 -0.4733682 -1.496994 0.2675409 -0.4756622 -1.495653 0.2634955 -0.4821253 -1.513507 0.2682517 -0.4846482 -1.51258 0.2642539 -0.006227016 -1.95045 -0.1517333 -0.006130695 -1.950002 -0.1480906 0.02226972 -1.95045 -0.1496856 0.0234847 -1.950002 -0.1457681 0.04982042 -1.95045 -0.1421186 0.05197143 -1.950002 -0.1373391 0.07536554 -1.95045 -0.1293218 0.07808208 -1.950002 -0.1231713 0.09792232 -1.95045 -0.1117873 0.1006765 -1.950002 -0.1038844 0.1166253 -1.95045 -0.09018898 0.1187677 -1.950002 -0.08032131 0.1307559 -1.95045 -0.0653572 0.131565 -1.950002 -0.05351209 0.1397695 -1.95045 -0.03824567 0.1385083 -1.950002 -0.02462768 0.1433215 -1.95045 -0.009896278 0.1392941 -1.950002 0.005068778 0.1412744 -1.95045 0.01860094 0.1338882 -1.950002 0.0342803 0.1337065 -1.95045 0.04615163 0.1225275 -1.950002 0.06172871 0.1209101 -1.95045 0.07169604 0.1057081 -1.950002 0.08621597 0.1033759 -1.95045 0.0942533 0.08416509 -1.950002 0.106671 0.08177709 -1.95045 0.1129567 0.05884075 -1.950002 0.1222 0.0569458 -1.95045 0.1270868 0.03083992 -1.950002 0.1321241 0.02983331 -1.95045 0.1361007 0.001388549 -1.950002 0.1360104 0.001485347 -1.95045 0.1396527 0.03059148 -1.951772 0.1394417 0.001575469 -1.951772 0.1430771 0.03125429 -1.953885 0.1423695 0.001655101 -1.953885 0.1460781 0.03178453 -1.956664 0.1447088 0.001718044 -1.956664 0.1484758 0.03214931 -1.959943 0.1463198 0.00176239 -1.959943 0.1501269 0.03232669 -1.963525 0.1471056 0.001782894 -1.963525 0.1509323 0.001781463 -1.967194 0.1508436 0.00175476 -1.970734 0.1498663 0.03209209 -1.970734 0.1460657 0.0323081 -1.967194 0.1470189 0.06153726 -1.963525 0.1373932 0.06120967 -1.959943 0.1366574 0.08782672 -1.959943 0.1215116 0.086874 -1.956664 0.1201629 0.1097803 -1.956664 0.1003272 0.1080389 -1.953885 0.09867668 0.126347 -1.953885 0.07512474 0.1238079 -1.951772 0.07352352 0.1369051 -1.951772 0.04737806 0.0615015 -1.967194 0.1373124 0.06110382 -1.970734 0.1364197 0.08824157 -1.967194 0.122097 0.08767652 -1.970734 0.1212987 0.1114983 -1.967194 0.101957 0.1107888 -1.970734 0.1012845 0.1303796 -1.967194 0.07766747 0.1295533 -1.970734 0.07714581 0.1441593 -1.967194 0.0501604 0.1432466 -1.970734 0.04981017 0.1523075 -1.967195 0.02049398 0.1513452 -1.970735 0.02032852 0.1545119 -1.967195 -0.01019239 0.1535353 -1.970735 -0.01016688 0.1497344 -1.970735 -0.04050302 0.1506881 -1.967195 -0.0407195 0.140088 -1.970735 -0.06951522 0.1409811 -1.967195 -0.06991338 0.1249675 -1.970734 -0.09608817 0.1257667 -1.967194 -0.09665274 0.1049532 -1.970734 -0.1192007 0.1056265 -1.967194 -0.11991 0.08081436 -1.970734 -0.1379644 0.08133602 -1.967194 -0.1387913 0.05347967 -1.970734 -0.1516582 0.05382966 -1.967194 -0.1525712 0.0239973 -1.970734 -0.1597561 0.02416229 -1.967194 -0.1607198 -0.006497383 -1.970734 -0.1619467 -0.006524085 -1.967194 -0.162924 0.02417755 -1.963525 -0.1608071 -0.006525993 -1.963525 -0.1630127 0.02404165 -1.959943 -0.1600129 -0.006504535 -1.959943 -0.1622073 0.02376174 -1.956664 -0.158385 -0.00646162 -1.956664 -0.160556 0.02335691 -1.953885 -0.1560208 -0.006397247 -1.953885 -0.1581585 0.02284908 -1.951772 -0.1530621 -0.006317615 -1.951772 -0.1551578 0.05104732 -1.951772 -0.145317 0.0771923 -1.951772 -0.1322195 0.1002798 -1.951772 -0.1142728 0.1194219 -1.951772 -0.09216666 0.1338844 -1.951772 -0.06675124 0.1431102 -1.951772 -0.03900241 0.1467456 -1.951772 -0.009987115 0.1446509 -1.951772 0.01918029 0.05212211 -1.953885 -0.1481199 0.078794 -1.953885 -0.1347587 0.1023459 -1.953885 -0.116451 0.1218738 -1.953885 -0.09389996 0.1366267 -1.953885 -0.06797313 0.146039 -1.953885 -0.03966593 0.1497468 -1.953885 -0.0100665 0.1476097 -1.953885 0.01968789 0.139708 -1.953885 0.04845309 0.05298089 -1.956664 -0.1503593 0.0800724 -1.956664 -0.1367876 0.1039958 -1.956664 -0.1181912 0.1238317 -1.956664 -0.09528493 0.1388177 -1.956664 -0.06894922 0.1483778 -1.956664 -0.04019594 0.1521449 -1.956664 -0.01012969 0.1499729 -1.956664 0.02009296 0.1419482 -1.956664 0.04931211 0.128376 -1.956664 0.07640385 0.05357217 -1.959943 -0.1519017 0.08095312 -1.959943 -0.1381847 0.105133 -1.959943 -0.1193897 0.1251797 -1.959943 -0.09623861 0.1403264 -1.959943 -0.0696218 0.1499886 -1.959943 -0.04056096 0.1537957 -1.959943 -0.01017332 0.1516013 -1.959943 0.02037239 0.1434893 -1.959943 0.04990386 0.1297731 -1.959943 0.07728481 0.1109781 -1.959943 0.1014637 0.05386066 -1.963525 -0.1526536 0.08138322 -1.963525 -0.1388661 0.1056866 -1.963525 -0.1199741 0.1258387 -1.963525 -0.096704 0.1410627 -1.963525 -0.06994938 0.150774 -1.963525 -0.04073882 0.1546006 -1.963525 -0.01019501 0.1523957 -1.963525 0.02050876 0.1442427 -1.963525 0.05019187 0.1304545 -1.963525 0.07771444 0.1115622 -1.963525 0.1020181 0.08829212 -1.963525 0.1221692 0.1058607 -1.951772 0.09661078 0.08548831 -1.953885 0.1182048 0.06053733 -1.956664 0.1351485 0.08375549 -1.951772 0.1157534 0.05956172 -1.953885 0.1329576 0.05834054 -1.951772 0.1302156 -0.004590034 -1.275511 -0.08989334 -0.004487514 -1.275 -0.08601236 0.01718759 -1.275511 -0.08761024 0.01628208 -1.275 -0.08383512 0.03763294 -1.275511 -0.07976889 0.03578138 -1.275 -0.07635617 0.05535268 -1.275511 -0.06690263 0.05268096 -1.275 -0.06408572 0.06913709 -1.275511 -0.04988861 0.06582784 -1.275 -0.04785943 0.07805061 -1.275511 -0.02988672 0.07432794 -1.275 -0.02878284 0.08148193 -1.275511 -0.008259773 0.07760047 -1.275 -0.008156776 0.07919931 -1.275511 0.01351904 0.07542276 -1.275 0.01261353 0.067945 -1.275 0.03211283 0.07135725 -1.275511 0.03396415 0.05567455 -1.275 0.0490117 0.0584917 -1.275511 0.05168342 0.03944826 -1.275 0.06215906 0.04147672 -1.275511 0.06546878 0.02037239 -1.275 0.07065916 0.02147531 -1.275511 0.07438111 -2.54631e-4 -1.275 0.07393193 -1.52111e-4 -1.275511 0.07781267 0.02250337 -1.277011 0.07784938 -5.57899e-5 -1.277011 0.08142924 0.02338695 -1.279394 0.08082795 2.67029e-5 -1.279394 0.08453464 0.02406454 -1.282501 0.08311343 8.91685e-5 -1.282501 0.0869174 0.02449035 -1.286118 0.08455038 1.29223e-4 -1.286118 0.08841586 0.02279663 -1.290001 0.08556532 1.42574e-4 -1.290001 0.08892679 0.04398822 -1.290001 0.07688069 0.04702186 -1.286118 0.07451081 0.04623889 -1.282501 0.07323336 0.06510019 -1.282501 0.05795097 0.06337022 -1.279394 0.05631065 0.07726764 -1.279394 0.03717112 0.07453727 -1.277011 0.03568959 0.08271741 -1.277011 0.01436209 0.06248474 -1.290001 0.06337666 0.06618738 -1.286118 0.05898237 0.07936334 -1.282501 0.0383079 0.0857377 -1.279394 0.01508665 0.08509826 -1.277011 -0.008355379 0.07721281 -1.290001 0.04583835 0.08068037 -1.286118 0.03902244 0.08805656 -1.282501 0.01564264 0.08820438 -1.279394 -0.008437395 0.08151912 -1.277011 -0.03091526 0.08731555 -1.290001 0.02528524 0.08951377 -1.286118 0.01599216 0.09058666 -1.282501 -0.008500337 0.08449697 -1.279394 -0.03179836 0.0722227 -1.277011 -0.05177974 0.09220647 -1.290001 0.002911567 0.09208488 -1.286118 -0.008539915 0.08678245 -1.282501 -0.03247594 0.07487058 -1.279394 -0.05340337 0.05784225 -1.277011 -0.06952762 0.09160041 -1.290001 -0.01998257 0.08821916 -1.286118 -0.032902 0.07690286 -1.282501 -0.05464982 0.05997943 -1.279394 -0.07178139 0.03935956 -1.277011 -0.08294844 0.08553409 -1.290001 -0.04206609 0.07817935 -1.286118 -0.05543303 0.06162023 -1.282501 -0.07351088 0.0408411 -1.279394 -0.08567905 0.01803159 -1.277011 -0.09112834 0.07435798 -1.290001 -0.06205606 0.06265211 -1.286118 -0.07459855 0.0419774 -1.282501 -0.08777451 0.01875591 -1.279394 -0.09414935 -0.004686355 -1.277011 -0.09350967 0.05872297 -1.290001 -0.07879066 0.04269123 -1.286118 -0.0890913 0.01931142 -1.282501 -0.09646725 -0.004831314 -1.282501 -0.0989983 -0.004767894 -1.279394 -0.09661507 0.03953647 -1.290001 -0.09129714 0.01966142 -1.286118 -0.09792447 -0.004870891 -1.286118 -0.100496 0.01791524 -1.290001 -0.09884881 -0.004884719 -1.290001 -0.1010069 0.06111621 -1.277011 0.05417323 0.04336833 -1.277011 0.06855297 0.04499292 -1.279394 0.07120108 0.06156635 -2.015 -0.04524564 0.06156635 -2.057422 -0.04524564 0.04924011 -2.015 -0.06045818 0.04924011 -2.057422 -0.06045818 0.03339719 -2.015 -0.0719614 0.03339719 -2.057422 -0.0719614 0.01511621 -2.015 -0.07897305 0.01511621 -2.057422 -0.07897329 -0.00435543 -2.015 -0.08101391 -0.00435543 -2.057422 -0.08101415 -0.00612688 -1.997546 -0.147926 -0.03213405 -1.997546 -0.1448197 -0.03683471 -1.970734 -0.1581463 -0.05712795 -1.997546 -0.1369881 -0.06584692 -1.970734 -0.1485002 -0.08025693 -1.997546 -0.1246972 -0.09241914 -1.970734 -0.1333796 -0.1007337 -1.997546 -0.1083652 -0.1155319 -1.970734 -0.1133651 -0.1178617 -1.997546 -0.08854866 -0.1342954 -1.970734 -0.08922648 -0.1310558 -1.997546 -0.06592273 -0.1479892 -1.970734 -0.06189107 -0.1398682 -1.997546 -0.04125738 -0.1560873 -1.970734 -0.03240919 -0.1439976 -1.997546 -0.01539278 -0.1582784 -1.970734 -0.001913785 -0.1433057 -1.997546 0.01079034 -0.1544771 -1.970734 0.02842307 -0.137813 -1.997546 0.03640055 -0.1448307 -1.970734 0.05743503 -0.1277084 -1.997546 0.06056499 -0.1297106 -1.970734 0.08400774 -0.1133356 -1.997546 0.08246159 -0.1096963 -1.970734 0.1071197 -0.09518432 -1.997546 0.1013445 -0.08555746 -1.970734 0.1258838 -0.07387161 -1.997546 0.1165699 -0.05822181 -1.970734 0.1395776 -0.05012512 -1.997546 0.1276206 -0.02873992 -1.970734 0.1476757 -0.02475214 -1.997546 0.1341197 0.001384258 -1.997546 0.1358454 8.92162e-4 -2.021424 0.1172633 -0.02182006 -2.021424 0.1157634 -0.04387044 -2.021424 0.1101157 -0.06450796 -2.021424 0.1005127 -0.08302879 -2.021424 0.08728075 -0.09880352 -2.021424 0.07087111 -0.1112937 -2.021424 0.05184221 -0.124814 -2.015 0.03471374 -0.1074781 -2.03198 0.03425478 -0.09137773 -2.041598 0.04125857 -0.0878334 -2.046224 0.03373456 -0.06630849 -2.057422 0.03316497 -0.08117151 -2.041598 0.05680799 -0.05398225 -2.057422 0.04837727 -0.06828117 -2.041598 0.07021737 -0.03813982 -2.057422 0.05988097 -0.05314731 -2.041598 0.08102989 -0.03628253 -2.041598 0.0888772 2.95162e-4 -2.041598 0.09471774 -0.01826477 -2.041598 0.09349226 -3.87192e-4 -2.057422 0.06893348 -0.01985931 -2.057422 0.06689238 -0.1304163 -2.015 0.01001548 -0.1310853 -2.015 -0.01530075 -0.1267976 -2.015 -0.04026031 -0.1142029 -2.021424 -0.05808019 -0.1094617 -2.03198 -0.04071927 -0.09375524 -2.041598 -0.04856467 -0.089818 -2.046224 -0.04123902 -0.06829214 -2.057422 -0.0418086 -0.08438539 -2.041598 -0.06463241 -0.05678892 -2.057422 -0.05765175 -0.0722227 -2.041598 -0.07870483 -0.04157733 -2.057422 -0.06997728 -0.05768108 -2.041598 -0.0903027 -0.04125595 -2.041598 -0.09903073 -0.04995679 -2.021424 -0.1198384 -0.02823591 -2.021424 -0.1266448 -0.0236926 -2.057422 -0.07794594 -0.02350711 -2.041598 -0.1045928 -0.005634307 -2.021424 -0.1293439 -0.005037307 -2.041598 -0.1067984 -0.07005691 -2.021424 -0.109157 -0.08785247 -2.021424 -0.09496402 -0.1027364 -2.021424 -0.07774329 0.01978015 -1.620001 -0.09842157 0.01791524 -1.950002 -0.09884881 -0.004885196 -1.950002 -0.1010072 0.04293584 -1.620001 -0.08954071 0.03953647 -1.950002 -0.09129714 0.05872249 -1.950002 -0.07879066 0.06300354 -1.620001 -0.07496905 0.0743575 -1.950002 -0.06205606 0.07861518 -1.620001 -0.05570054 0.08553361 -1.950002 -0.04206609 0.08870935 -1.620001 -0.03304719 0.09160041 -1.950002 -0.01998257 0.09259557 -1.620001 -0.008553504 0.09220647 -1.950002 0.002911567 0.09001016 -1.620001 0.01611113 0.08731508 -1.950002 0.025285 0.08112859 -1.620001 0.03926634 0.07721233 -1.950002 0.04583835 0.06655788 -1.620001 0.05933403 0.06248474 -1.950002 0.06337642 0.04728937 -1.620001 0.07494688 0.04398775 -1.950002 0.07688069 0.02463579 -1.620001 0.08504009 0.02279663 -1.950002 0.08556532 1.42097e-4 -1.950002 0.08892655 -0.02102518 -1.275 0.07175445 -0.02511358 -1.275 -0.08273959 -0.04419088 -1.275 -0.07423973 -0.04052352 -1.275 0.06427597 -0.06041622 -1.275 -0.06109213 -0.05742263 -1.275 0.05200505 -0.07268762 -1.275 -0.04419302 -0.07057046 -1.275 0.03577876 -0.08016586 -1.275 -0.0246942 -0.07907009 -1.275 0.01670265 -0.08234262 -1.275 -0.003923654 -0.02265787 -1.950002 0.08676838 -0.0245223 -1.620001 0.08634114 -0.04427862 -1.950002 0.07921671 -0.04767847 -1.620001 0.07746028 -0.06346464 -1.950002 0.06670975 -0.06774568 -1.620001 0.06288862 -0.07910013 -1.950002 0.04997563 -0.08335781 -1.620001 0.0436201 -0.09027576 -1.950002 0.02998542 -0.09345197 -1.620001 0.02096676 -0.09634304 -1.950002 0.007901668 -0.09733772 -1.620001 -0.003526926 -0.09694862 -1.950002 -0.01499223 -0.09475183 -1.620001 -0.02819156 -0.0920577 -1.950002 -0.03736591 -0.08587074 -1.620001 -0.05134725 -0.08195447 -1.950002 -0.05791902 -0.07130002 -1.620001 -0.07141447 -0.06722831 -1.950002 -0.07545733 -0.05203151 -1.620001 -0.08702731 -0.04872989 -1.950002 -0.08896112 -0.02937841 -1.620001 -0.09712052 -0.02753877 -1.950002 -0.09764623 -0.02753877 -1.290001 -0.09764623 -0.02265787 -1.290001 0.08676838 -0.04427814 -1.290001 0.07921671 -0.06346464 -1.290001 0.06670999 -0.07910013 -1.290001 0.04997563 -0.09027528 -1.290001 0.02998542 -0.09634304 -1.290001 0.007901906 -0.09694862 -1.290001 -0.01499199 -0.09205722 -1.290001 -0.03736591 -0.08195447 -1.290001 -0.05791878 -0.06722784 -1.290001 -0.07545709 -0.04872989 -1.290001 -0.08896112 -0.02822732 -1.950002 0.1336877 -0.02355432 -1.950002 0.08656811 -0.05671405 -1.950002 0.1252582 -0.04591941 -1.950002 0.07839059 -0.08282423 -1.950002 0.1110908 -0.06554794 -1.950002 0.06490778 -0.1054196 -1.950002 0.09180402 -0.08120775 -1.950002 0.04696774 -0.1235108 -1.950002 0.06824088 -0.0919137 -1.950002 0.02569627 -0.1363077 -1.950002 0.04143142 -0.1432504 -1.950001 0.01254701 -0.09699249 -1.950002 0.002431392 -0.1440372 -1.950002 -0.0171492 -0.09612703 -1.950002 -0.02136635 -0.1386308 -1.950002 -0.04636073 -0.08937072 -1.950002 -0.04420065 -0.1272702 -1.950002 -0.07380962 -0.07714653 -1.950002 -0.06463789 -0.1104507 -1.950002 -0.09829688 -0.06022453 -1.950002 -0.08139276 -0.08890771 -1.950002 -0.1187517 -0.06358337 -1.950002 -0.1342806 -0.0396676 -1.950002 -0.09341287 -0.03558206 -1.950002 -0.1442048 -0.01676797 -1.950002 -0.09994339 0.007037162 -1.950002 -0.1005733 0.0302515 -1.950002 -0.09526348 0.05141544 -1.950002 -0.08434724 0.06920003 -1.950002 -0.06851124 0.08248758 -1.950002 -0.04874968 0.0904417 -1.950002 -0.02630424 0.09256553 -1.950002 -0.002585887 0.08872413 -1.950002 0.02091574 0.07915878 -1.950002 0.04272341 0.06446981 -1.950002 0.06146693 0.04558181 -1.950002 0.07596898 0.02368068 -1.950002 0.08531808 0.02000856 -1.997546 -0.1462001 0.01707744 -2.021424 -0.1278438 0.01352167 -2.041598 -0.1055729 0.03153991 -2.041598 -0.1009581 0.04840326 -2.041598 -0.09311032 0.06353807 -2.041598 -0.08229827 0.07828617 -2.021424 -0.09936118 0.09406042 -2.021424 -0.08295154 0.1085934 -1.997546 -0.09454202 0.1229653 -1.997546 -0.0726459 0.1330704 -1.997546 -0.04848098 0.1385622 -1.997546 -0.02287125 0.139255 -1.997546 0.003311872 0.1351256 -1.997546 0.02917671 0.1263132 -1.997546 0.05384182 0.1131191 -1.997546 0.07646822 0.09599161 -1.997546 0.09628438 0.07551431 -1.997546 0.1126163 0.05238533 -1.997546 0.1249074 0.02739143 -1.997546 0.132739 0.02349281 -2.021424 0.1145641 0.01876401 -2.041598 0.09251189 0.01894998 -2.057422 0.06586503 0.0365138 -2.041598 0.08695054 0.03683423 -2.057422 0.05789685 0.05293846 -2.041598 0.07822227 0.06748008 -2.041598 0.0666244 0.06531429 -2.021424 0.09707665 0.08311033 -2.021424 0.08288335 0.07642889 -2.041598 -0.06888866 0.1065506 -2.021424 -0.06392288 0.1200714 -2.015 -0.04679417 0.1256732 -2.015 -0.02209639 0.1263432 -2.015 0.003219842 0.08663463 -2.041598 -0.053339 0.1027355 -2.03198 -0.04633522 0.08309078 -2.046224 -0.04581546 0.1220555 -2.015 0.0281794 0.1094594 -2.021424 0.04599976 0.1047196 -2.03198 0.02863836 0.08901214 -2.041598 0.03648424 0.08507537 -2.046224 0.02915835 0.06354951 -2.057422 0.02972817 0.07964277 -2.041598 0.05255174 0.05204629 -2.057422 0.04557085 0.09044122 -1.997546 -0.113425 0.05976486 -2.021424 -0.1125931 0.06912899 -1.997546 -0.1286506 0.0391283 -2.021424 -0.1221964 0.04538249 -1.997546 -0.1397011 0.09799385 -2.021424 0.06566262 0.04521417 -2.021424 0.107758 -0.0236926 -2.015 -0.07794594 -0.04157733 -2.015 -0.06997728 -0.05678892 -2.015 -0.05765175 -0.06829214 -2.015 -0.0418086 -0.06630849 -2.015 0.03316497 -0.05398225 -2.015 0.04837727 -0.03813982 -2.015 0.05988097 -0.01985931 -2.015 0.06689238 -3.87192e-4 -2.015 0.06893348 0.01894998 -2.015 0.06586503 0.03683423 -2.015 0.05789685 0.05204629 -2.015 0.04557085 0.06354951 -2.015 0.02972817 -0.02440309 -1.286118 0.08584403 -0.04743385 -1.286118 0.0770111 -0.06739377 -1.286118 0.06251788 -0.08292198 -1.286118 0.04335284 -0.09296131 -1.286118 0.02082157 -0.09682655 -1.286118 -0.003540039 -0.09425544 -1.286118 -0.02807259 -0.08542251 -1.286118 -0.05110335 -0.07092905 -1.286118 -0.0710628 -0.05176401 -1.286118 -0.08659148 -0.0292325 -1.286118 -0.09663033 -0.02405309 -1.282501 0.08438682 -0.02349805 -1.279394 0.08206868 -0.02277374 -1.277011 0.07904791 -0.02192974 -1.275511 0.07552981 -0.04237556 -1.275511 0.06768798 -0.06009483 -1.275511 0.0548222 -0.07388114 -1.275511 0.03780817 -0.08279275 -1.275511 0.01780652 -0.0862236 -1.275511 -0.003820896 -0.08394145 -1.275511 -0.02559924 -0.07609939 -1.275511 -0.04604506 -0.06323337 -1.275511 -0.06376385 -0.04621982 -1.275511 -0.07754945 -0.02621746 -1.275511 -0.08646154 -0.02724552 -1.277011 -0.08992981 -0.0281291 -1.279394 -0.09290838 -0.02880668 -1.282501 -0.09519362 -0.04410076 -1.277011 0.07086801 -0.06258487 -1.277011 0.05744695 -0.07696437 -1.277011 0.03969931 -0.08626127 -1.277011 0.01883459 -0.08983993 -1.277011 -0.003725051 -0.08745908 -1.277011 -0.026443 -0.07927942 -1.277011 -0.04777002 -0.06585884 -1.277011 -0.06625342 -0.04811048 -1.277011 -0.08063316 -0.04558277 -1.279394 0.07359862 -0.06472206 -1.279394 0.05970096 -0.07961225 -1.279394 0.04132342 -0.08923864 -1.279394 0.01971793 -0.09294605 -1.279394 -0.003643035 -0.09048032 -1.279394 -0.02716732 -0.08200979 -1.279394 -0.04925155 -0.06811189 -1.279394 -0.06839108 -0.04973459 -1.279394 -0.08328151 -0.04671955 -1.282501 0.0756936 -0.06636238 -1.282501 0.06143045 -0.08164405 -1.282501 0.04256939 -0.0915246 -1.282501 0.02039551 -0.09532833 -1.282501 -0.003580093 -0.09279823 -1.282501 -0.02772307 -0.08410501 -1.282501 -0.05038857 -0.06984233 -1.282501 -0.07003164 -0.05098056 -1.282501 -0.08531379 -0.02890634 -1.967194 0.1486389 -0.02891969 -1.963525 0.1487264 -0.02878475 -1.959943 0.1479327 -0.02850532 -1.956664 0.1463043 -0.02809953 -1.953885 0.1439404 -0.02759218 -1.951772 0.1409816 -0.02701234 -1.95045 0.1376054 -0.05456304 -1.95045 0.1300382 -0.05578994 -1.951772 0.1332366 -0.08193492 -1.951772 0.1201388 -0.08353662 -1.953885 0.1226782 -0.107089 -1.953885 0.1043705 -0.1087388 -1.956664 0.106111 -0.1285748 -1.956664 0.0832045 -0.1299233 -1.959943 0.08415794 -0.1450691 -1.959943 0.05754089 -0.1458053 -1.963525 0.05786871 -0.1555171 -1.963525 0.02865815 -0.1554307 -1.967194 0.0286386 -0.159255 -1.967194 -0.001888036 -0.157051 -1.967194 -0.03257417 -0.1489019 -1.967194 -0.06224083 -0.1351227 -1.967194 -0.0897479 -0.1162409 -1.967194 -0.1140377 -0.09298372 -1.967194 -0.1341774 -0.06624412 -1.967194 -0.1493928 -0.03705072 -1.967194 -0.1590998 -0.03706932 -1.963525 -0.1591861 -0.03689146 -1.959943 -0.1584002 -0.03652715 -1.956664 -0.1567893 -0.03599691 -1.953885 -0.1544501 -0.03533363 -1.951772 -0.1515221 -0.03457641 -1.95045 -0.1481816 -0.06168794 -1.95045 -0.1391673 -0.08651971 -1.95045 -0.1250371 -0.108119 -1.95045 -0.1063342 -0.1256532 -1.95045 -0.08377671 -0.1384491 -1.95045 -0.05823183 -0.1460175 -1.95045 -0.03068161 -0.1480641 -1.95045 -0.002184391 -0.1445126 -1.95045 0.02616524 -0.1354985 -1.95045 0.0532763 -0.1213679 -1.95045 0.07810854 -0.1026649 -1.95045 0.09970688 -0.08010768 -1.95045 0.1172411 -0.1457238 -1.967194 0.05783247 -0.1305813 -1.963525 0.08462333 -0.1098752 -1.959943 0.1073088 -0.08481597 -1.956664 0.1247074 -0.05686473 -1.953885 0.1360392 -0.1305088 -1.967194 0.08457231 -0.1104302 -1.963525 0.1078937 -0.08569622 -1.959943 0.1261043 -0.05772352 -1.956664 0.1382789 -0.1103692 -1.967194 0.107829 -0.08612585 -1.963525 0.1267857 -0.0583148 -1.959943 0.139821 -0.08607912 -1.967194 0.1267108 -0.05860424 -1.963525 0.1405732 -0.05857229 -1.967194 0.1404905 -0.1050224 -1.951772 0.1021921 -0.126616 -1.953885 0.08181953 -0.1435608 -1.956664 0.05686879 -0.1547307 -1.959943 0.02848005 -0.1593432 -1.963525 -0.001885652 -0.124165 -1.951772 0.0800867 -0.1413688 -1.953885 0.05589222 -0.1531205 -1.956664 0.02811551 -0.1585383 -1.959943 -0.001906871 -0.1571383 -1.963525 -0.03258919 -0.1386275 -1.951771 0.05467081 -0.1507811 -1.953885 0.02758502 -0.1568875 -1.956664 -0.00195074 -0.1563439 -1.959943 -0.03245306 -0.1489853 -1.963525 -0.06227278 -0.1478533 -1.951771 0.02692198 -0.1544899 -1.953885 -0.002013921 -0.154716 -1.956664 -0.03217387 -0.1482324 -1.959943 -0.0619843 -0.1351971 -1.963525 -0.08979511 -0.1514883 -1.951771 -0.002093315 -0.1523523 -1.953885 -0.03176832 -0.1466908 -1.956664 -0.06139278 -0.1345157 -1.959943 -0.08936572 -0.1163058 -1.963525 -0.114099 -0.1493935 -1.951771 -0.03126096 -0.1444506 -1.953885 -0.06053376 -0.1331191 -1.956664 -0.08848476 -0.1157202 -1.959943 -0.1135444 -0.09303426 -1.963525 -0.1342496 -0.1416478 -1.951772 -0.05945873 -0.1310896 -1.953885 -0.08720517 -0.1145224 -1.956664 -0.1124076 -0.0925703 -1.959943 -0.1335921 -0.06628036 -1.963525 -0.1494741 -0.1285505 -1.951772 -0.08560395 -0.1127815 -1.953885 -0.1107571 -0.09161663 -1.956664 -0.1322436 -0.06595277 -1.959943 -0.1487383 -0.1106038 -1.951772 -0.1086916 -0.09023046 -1.953885 -0.1302852 -0.06528043 -1.956664 -0.1472294 -0.08849811 -1.951772 -0.127834 -0.06430435 -1.953885 -0.1450383 -0.06308269 -1.951772 -0.142296</float_array>
          <technique_common>
            <accessor source="#wheel_loader_v1_072-mesh-positions-array" count="4518" stride="3">
              <param name="X" type="float"/>
              <param name="Y" type="float"/>
              <param name="Z" type="float"/>
            </accessor>
          </technique_common>
        </source>
        <source id="wheel_loader_v1_072-mesh-normals">
          <float_array id="wheel_loader_v1_072-mesh-normals-array" count="36909">-0.0186969 0.9913294 -0.1300635 -0.0220915 0.992183 -0.1228202 -0.01802444 0.9915701 -0.1283114 -0.01682317 0.9920325 -0.1248536 0.001081049 0.9907748 -0.1355144 0.003037393 0.9920672 -0.1256723 0.001784205 0.9912548 -0.1319506 0.003715693 0.9925007 -0.1221827 0.02184253 0.990242 -0.1376362 0.02314633 0.9928194 -0.117363 0.04296553 0.9898267 -0.1356368 0.04144197 0.9930233 -0.1103962 0.06345623 0.9895711 -0.1293155 0.05852043 0.9931207 -0.1014238 0.08234089 0.9894856 -0.1189044 0.07432687 0.9931215 -0.0904724 0.0987184 0.9895694 -0.1049146 0.08875644 0.9930239 -0.07762598 0.1118276 0.9898273 -0.08795821 0.1017117 0.9928193 -0.06296485 0.121153 0.9902399 -0.06889933 0.1229484 0.9912458 -0.04812037 0.1130807 0.9924979 -0.04648208 0.1165215 0.9920727 -0.04705995 0.1264664 0.9907745 -0.04870557 0.1264485 0.9915695 -0.02830052 0.1227865 0.9920327 -0.02819293 0.1240286 0.9918769 -0.02823603 0.1277567 0.9914005 -0.02834051 0.3744958 0.9235011 -0.08305734 0.3745295 0.9234876 -0.08305609 0.3745005 0.9234994 -0.08305722 0.3745337 0.9234859 -0.08305597 0.5953922 0.7925112 -0.1320394 0.5953002 0.7925806 -0.1320369 0.5953799 0.7925204 -0.1320391 0.5952888 0.7925892 -0.1320366 0.775322 0.6077029 -0.1719684 0.7753624 0.6076512 -0.1719687 0.7753273 0.6076961 -0.1719685 0.7753673 0.6076449 -0.1719688 0.9023284 0.3817702 -0.2001371 0.9023184 0.3818039 -0.2001186 0.9023196 0.3817996 -0.2001209 0.9023297 0.3817661 -0.2001394 0.9679732 0.1301327 -0.2146939 0.9679683 0.1301656 -0.214696 0.967969 0.1301615 -0.2146957 0.9679737 0.1301287 -0.2146936 0.9252426 0.1301278 -0.3563607 0.9252429 0.130127 -0.3563601 0.9252454 0.1301214 -0.3563559 0.9252457 0.1301205 -0.3563554 0.8618977 0.1301249 -0.4901019 0.861899 0.1301203 -0.4901008 0.8618886 0.1301569 -0.4901096 0.8618872 0.1301615 -0.4901106 0.7793551 0.1301577 -0.6129149 0.7793567 0.1301593 -0.6129124 0.7793433 0.1301454 -0.6129325 0.7793416 0.1301437 -0.612935 0.6794354 0.1301277 -0.7221041 0.6794347 0.1301358 -0.7221033 0.6794404 0.1300698 -0.7221099 0.679441 0.1300616 -0.7221108 0.5643996 0.1300874 -0.8151873 0.5644037 0.1300767 -0.8151863 0.5643705 0.1301634 -0.8151954 0.5643664 0.1301742 -0.8151966 0.4367672 0.1301697 -0.8901069 0.4367666 0.1301715 -0.890107 0.4367712 0.1301569 -0.8901069 0.4367718 0.130155 -0.8901068 0.2994142 0.1301543 -0.9452043 0.2994129 0.1301576 -0.9452041 0.2994233 0.1301306 -0.9452046 0.2994246 0.1301272 -0.9452047 0.1554065 0.1301234 -0.9792429 0.1554065 0.1301224 -0.9792432 0.1554064 0.1301303 -0.9792421 0.1554064 0.1301313 -0.9792419 0.00791192 0.1301354 -0.9914647 0.007912397 0.1301321 -0.9914651 0.007908463 0.1301583 -0.9914617 0.007907986 0.1301615 -0.9914613 -0.1397368 0.130173 -0.981595 -0.1397372 0.1301738 -0.9815949 -0.1397337 0.1301673 -0.9815962 -0.1397333 0.1301665 -0.9815964 -0.1302595 0.3817628 -0.9150353 -0.1302586 0.3817608 -0.9150363 -0.1302595 0.3817626 -0.9150354 -0.1302585 0.3817605 -0.9150364 -0.1119211 0.6077272 -0.7862197 -0.1119211 0.6077185 -0.7862264 -0.1119211 0.6077261 -0.7862205 -0.1119211 0.6077174 -0.7862273 -0.08594244 0.7925055 -0.6037791 -0.08594793 0.7925545 -0.6037138 -0.0859431 0.7925115 -0.6037709 -0.08594864 0.7925612 -0.603705 -0.0540654 0.9234937 -0.3797847 -0.05406409 0.9234871 -0.3798009 -0.05406522 0.9234929 -0.3797867 -0.05406391 0.9234862 -0.3798031 0.003060102 0.923488 -0.3836154 0.003062367 0.9234841 -0.3836245 0.0030604 0.9234874 -0.3836166 0.003062665 0.9234837 -0.3836257 0.004868984 0.7925285 -0.6098155 0.004868865 0.7925261 -0.6098186 0.004868984 0.7925283 -0.6098159 0.004868865 0.7925258 -0.609819 0.006340622 0.6077243 -0.7941229 0.006345689 0.6077128 -0.7941317 0.006341278 0.6077228 -0.7941241 0.006346344 0.6077114 -0.7941328 0.007386028 0.3817712 -0.9242274 0.007372736 0.3818303 -0.924203 0.007384359 0.3817787 -0.9242244 0.007371127 0.3818376 -0.9242001 0.06012338 0.9234877 -0.3788875 0.06012922 0.9234796 -0.3789064 0.06012421 0.9234865 -0.3788902 0.06012994 0.9234786 -0.3789088 0.09558624 0.7925246 -0.6023023 0.09557616 0.7925347 -0.6022907 0.09558486 0.792526 -0.6023008 0.09557491 0.792536 -0.6022893 0.1244659 0.607724 -0.784334 0.1244733 0.6077024 -0.7843497 0.1244668 0.6077212 -0.784336 0.1244742 0.6076997 -0.7843516 0.1448549 0.3818238 -0.9128131 0.1448638 0.3818166 -0.9128146 0.144856 0.381823 -0.9128133 0.1448649 0.3818157 -0.9128149 0.1158629 0.9234812 -0.3657297 0.1158536 0.9234953 -0.3656973 0.1158616 0.9234832 -0.3657252 0.1158524 0.9234971 -0.3656932 0.1841645 0.7925398 -0.5813469 0.1841586 0.7925379 -0.5813513 0.1841638 0.7925395 -0.5813474 0.1841578 0.7925377 -0.5813518 0.2398404 0.6076897 -0.757093 0.2398146 0.6077506 -0.7570523 0.2398371 0.6076977 -0.7570877 0.2398115 0.6077581 -0.7570473 0.2790932 0.3818088 -0.8810954 0.2791137 0.3817744 -0.8811038 0.2790958 0.3818044 -0.8810965 0.2791162 0.3817703 -0.8811048 0.1689853 0.9234981 -0.3443767 0.1690032 0.9234785 -0.3444206 0.1689877 0.9234954 -0.3443827 0.1690055 0.923476 -0.3444262 0.2686273 0.7925525 -0.5474486 0.2686558 0.7925238 -0.5474764 0.2686311 0.7925486 -0.5474523 0.2686593 0.7925202 -0.5474798 0.3498373 0.607754 -0.7129158 0.3498373 0.6077256 -0.71294 0.3498373 0.6077503 -0.7129191 0.3498373 0.6077221 -0.712943 0.4071627 0.3817567 -0.8297471 0.407159 0.3817833 -0.8297368 0.4071623 0.3817601 -0.8297458 0.4071585 0.3817865 -0.8297355 0.2183935 0.9234717 -0.3154432 0.2183771 0.9234874 -0.3154085 0.2183912 0.9234739 -0.3154384 0.218375 0.9234894 -0.3154042 0.3471457 0.7925054 -0.5014233 0.34713 0.7925266 -0.5014005 0.3471435 0.7925081 -0.5014202 0.347128 0.7925292 -0.5013977 0.452054 0.6077363 -0.6529195 0.4520606 0.6077012 -0.6529476 0.4520549 0.6077318 -0.6529231 0.4520614 0.6076969 -0.652951 0.5261047 0.3817844 -0.7599043 0.5261079 0.3818249 -0.7598817 0.5261051 0.3817896 -0.7599014 0.5261083 0.3818299 -0.7598791 0.2628901 0.9234854 -0.2793986 0.262874 0.9234951 -0.2793816 0.2628879 0.9234867 -0.2793963 0.262872 0.9234963 -0.2793794 0.4178926 0.7925334 -0.4441358 0.4178972 0.7925335 -0.4441312 0.4178932 0.7925335 -0.4441352 0.4178978 0.7925336 -0.4441306 0.5442104 0.6076988 -0.578392 0.5442174 0.6076863 -0.5783985 0.5442114 0.6076971 -0.5783929 0.5442182 0.6076848 -0.5783993 0.6333513 0.3818266 -0.6731082 0.6333352 0.381839 -0.6731163 0.6333492 0.3818282 -0.6731092 0.6333333 0.3818405 -0.6731173 0.3015286 0.9235014 -0.2371199 0.3014999 0.9235087 -0.2371279 0.3015246 0.9235024 -0.2371209 0.3014962 0.9235097 -0.2371289 0.4793518 0.7925314 -0.376983 0.4793919 0.7924922 -0.3770141 0.4793571 0.7925261 -0.3769871 0.4793969 0.7924874 -0.3770179 0.624251 0.6076807 -0.4909531 0.6242483 0.607702 -0.4909303 0.6242507 0.6076835 -0.4909501 0.624248 0.6077045 -0.4909274 0.7264652 0.3818305 -0.5713614 0.7264863 0.3818268 -0.571337 0.7264679 0.38183 -0.5713582 0.7264889 0.3818264 -0.571334 0.3334265 0.9235144 -0.1895993 0.3334865 0.9234867 -0.1896288 0.3334348 0.9235106 -0.1896034 0.3334941 0.9234833 -0.1896325 0.5301855 0.7924827 -0.3014541 0.5301065 0.7925375 -0.3014489 0.5301749 0.79249 -0.3014534 0.5300967 0.7925443 -0.3014482 0.6903428 0.6077066 -0.3925807 0.6903447 0.6077155 -0.3925636 0.690343 0.6077077 -0.3925784 0.6903449 0.6077166 -0.3925614 0.8034229 0.3818157 -0.4568681 0.8034483 0.3817564 -0.4568729 0.8034262 0.3818082 -0.4568687 0.8034514 0.3817491 -0.4568735 0.3580048 0.9234821 -0.137889 0.3579658 0.9234981 -0.1378835 0.3579995 0.9234843 -0.1378883 0.3579609 0.9235001 -0.1378828 0.5690608 0.7925475 -0.2191767 0.569101 0.7925159 -0.2191865 0.5690662 0.7925433 -0.219178 0.5691061 0.792512 -0.2191877 0.7410925 0.6077106 -0.2854293 0.7411007 0.6077004 -0.2854297 0.7410935 0.6077093 -0.2854294 0.7411017 0.607699 -0.2854297 0.8625071 0.3817501 -0.3321873 0.8625031 0.3817644 -0.3321815 0.8625066 0.381752 -0.3321866 0.8625025 0.3817661 -0.3321809 0.9652563 0 -0.2613049 0.9652564 0 -0.261305 0.8746886 0 -0.4846854 0.8746862 9.17761e-7 -0.4846898 0.7332346 1.30128e-6 -0.6799758 0.7332497 -2.76524e-6 -0.6799596 0.5492215 -2.11465e-6 -0.8356769 0.5492196 -2.07398e-6 -0.8356781 0.3332878 -1.2708e-6 -0.9428252 0.3332881 -1.2708e-6 -0.942825 0.09794926 -3.73607e-7 -0.9951915 0.09794938 -3.73608e-7 -0.9951914 -0.1430622 5.46454e-7 -0.9897137 -0.1430593 0 -0.9897142 -0.3757498 0 -0.9267212 -0.5866181 0 -0.8098637 -0.7633844 0 -0.6459446 -0.8957889 0 -0.4444798 -0.9761268 0 -0.2172016 -0.999742 0 0.02271544 -0.999742 0 0.02271544 -0.999742 0 0.02271544 -0.999742 0 0.02271544 -0.1409338 0 -0.990019 -0.1409342 0 -0.990019 -0.1409339 0 -0.990019 -0.1409344 0 -0.990019 0.007981657 0 -0.9999682 0.007980644 0 -0.9999682 0.00798124 0 -0.9999682 0.007980227 0 -0.9999682 0.1567391 0 -0.9876401 0.1567385 0 -0.9876402 0.1567388 0 -0.9876401 0.1567383 0 -0.9876402 0.3019807 0 -0.9533141 0.3019809 0 -0.953314 0.3019808 0 -0.9533141 0.301981 0 -0.953314 0.4405209 0 -0.8977424 0.4405211 0 -0.8977423 0.440521 0 -0.8977424 0.4405212 0 -0.8977423 0.5692391 0 -0.8221721 0.5692412 0 -0.8221706 0.56924 0 -0.8221715 0.5692421 0 -0.82217 0.6852528 0 -0.7283054 0.6852537 0 -0.7283045 0.6852532 0 -0.728305 0.685254 0 -0.7283041 0.7860343 0 -0.6181829 0.7860342 0 -0.6181829 0.8692898 0 -0.4943029 0.8692898 0 -0.4943029 0.9331797 0 -0.3594102 0.93318 0 -0.3594093 0.9331799 0 -0.3594099 0.9331803 0 -0.3594089 0.9762709 0 -0.2165531 0.976271 0 -0.2165526 0.9762709 0 -0.2165529 0.976271 0 -0.2165524 0.01723843 0.9927131 0.1192631 0.01723808 0.9927151 0.1192461 0.01723843 0.992713 0.1192629 0.01723819 0.9927125 0.1192678 0.01723819 0.9927124 0.119268 0.01723867 0.9927131 0.1192629 0.05073106 0.9350138 0.3509638 0.05073106 0.9350142 0.3509628 0.050731 0.9350137 0.350964 0.05073106 0.935014 0.3509631 0.0812661 0.8229801 0.5622274 0.08126688 0.8229804 0.5622268 0.0812661 0.8229801 0.5622274 0.08126688 0.8229803 0.562227 0.1070803 0.6631251 0.7408097 0.1070797 0.6631255 0.7408095 0.1070802 0.663125 0.7408097 0.1070796 0.6631255 0.7408095 0.1266716 0.464727 0.8763466 0.1266706 0.4647239 0.8763484 0.1266716 0.4647269 0.8763466 0.1266706 0.4647237 0.8763484 0.1389006 0.2393102 0.9609565 0.138901 0.2393172 0.9609546 0.1389006 0.2393104 0.9609565 0.138901 0.2393173 0.9609546 0.1430581 0 0.9897143 0.1430578 0 0.9897144 0.1430581 0 0.9897143 0.1430577 0 0.9897144 0.1389005 -0.2393096 0.9609566 0.1388999 -0.239316 0.9609551 0.1389005 -0.2393099 0.9609566 0.1388999 -0.2393161 0.9609551 0.1266701 -0.4647236 0.8763484 0.1266704 -0.464725 0.8763477 0.1266701 -0.4647237 0.8763484 0.1266704 -0.4647249 0.8763477 0.107079 -0.6631203 0.7408142 0.1070795 -0.6631273 0.7408078 0.107079 -0.6631205 0.740814 0.1070795 -0.6631274 0.7408077 0.0812655 -0.8229846 0.5622208 0.08126622 -0.8229812 0.5622256 0.08126556 -0.8229846 0.5622209 0.08126622 -0.8229811 0.5622259 0.05072939 -0.9350141 0.3509631 0.05072879 -0.9350138 0.3509642 0.05072933 -0.9350141 0.3509632 0.05072879 -0.9350137 0.3509643 0.01723843 -0.9927132 0.1192627 0.01723867 -0.9927151 0.1192461 0.01723843 -0.9927131 0.1192625 0.01723903 -0.992713 0.1192628 0.01723903 -0.992713 0.1192629 0.01723873 -0.9927131 0.1192631 0.05072969 -0.9350135 0.350965 0.05072897 -0.9350134 0.3509652 0.05072969 -0.9350134 0.3509651 0.05072897 -0.9350134 0.3509652 0.0812661 -0.8229824 0.562224 0.08126759 -0.8229758 0.5622335 0.08126616 -0.8229823 0.5622243 0.08126759 -0.8229758 0.5622335 0.1070795 -0.6631306 0.7408048 0.1070784 -0.6631296 0.7408059 0.1070795 -0.6631307 0.7408048 0.1070784 -0.6631297 0.7408059 0.1266707 -0.4647182 0.8763514 0.1266715 -0.4647178 0.8763514 0.1266708 -0.4647182 0.8763514 0.1266714 -0.4647179 0.8763514 0.1389008 -0.239314 0.9609556 0.1389002 -0.2393151 0.9609553 0.1389008 -0.239314 0.9609555 0.1389002 -0.2393151 0.9609553 0.1430572 0 0.9897145 0.1430573 0 0.9897145 0.1430573 0 0.9897145 0.1389009 0.239314 0.9609555 0.1388998 0.239314 0.9609557 0.1389009 0.239314 0.9609555 0.1388999 0.2393141 0.9609556 0.1266721 0.4647237 0.8763481 0.126671 0.4647152 0.8763529 0.1266721 0.4647235 0.8763483 0.126671 0.4647151 0.876353 0.1070809 0.6631287 0.7408064 0.1070797 0.6631323 0.7408034 0.1070809 0.6631287 0.7408064 0.1070797 0.6631321 0.7408035 0.08126634 0.8229854 0.5622197 0.08126747 0.8229743 0.5622355 0.0812664 0.8229851 0.5622201 0.08126753 0.8229743 0.5622356 0.05073034 0.9350078 0.3509801 0.05073028 0.9350116 0.3509699 0.05073034 0.9350079 0.3509796 0.05073028 0.9350118 0.3509695 0.8746798 0 -0.4847013 0.8746885 -3.33457e-6 -0.4846856 0.733245 -2.84659e-6 -0.6799646 0.7332346 0 -0.6799758 0.5492275 0 -0.8356729 0.5492203 1.57566e-6 -0.8356777 0.3332786 1.79945e-6 -0.9428285 0.3332878 0 -0.9428252 0.09794926 0 -0.9951915 -0.3757571 0 -0.9267183 -0.8957806 0 -0.4444965 -0.8957803 0 -0.4444971 -0.9761263 0 -0.2172038 -0.9761308 3.74128e-6 -0.2171839 -0.999742 3.7412e-6 0.02271521 -0.9997416 4.31499e-7 0.02273386 -0.9997419 3.3097e-6 0.02271765 -0.9997416 0 0.02273625 -0.1409345 0 -0.990019 -0.1409336 0 -0.9900191 -0.1409342 0 -0.990019 -0.1409332 0 -0.9900192 0.007980227 0 -0.9999682 0.007980227 0 -0.9999682 0.007980227 0 -0.9999682 0.007980167 0 -0.9999682 0.1567397 0 -0.98764 0.1567387 0 -0.9876402 0.1567392 0 -0.98764 0.1567384 0 -0.9876403 0.3019808 0 -0.953314 0.3019802 0 -0.9533142 0.3019806 0 -0.9533142 0.30198 0 -0.9533143 0.440521 0 -0.8977424 0.4405204 0 -0.8977427 0.4405207 0 -0.8977425 0.4405202 0 -0.8977428 0.5692412 0 -0.8221707 0.5692403 0 -0.8221713 0.5692408 0 -0.822171 0.5692399 0 -0.8221715 0.685254 0 -0.7283043 0.685253 0 -0.7283051 0.6852536 0 -0.7283046 0.6852527 0 -0.7283055 0.7860414 0 -0.6181738 0.786037 -3.5247e-6 -0.6181796 0.7860396 -1.46711e-6 -0.6181762 0.786035 -4.9918e-6 -0.618182 0.8692843 -5.65734e-6 -0.4943127 0.8692882 -1.66272e-6 -0.4943056 0.869286 -3.99462e-6 -0.4943097 0.86929 0 -0.4943026 0.9331802 0 -0.359409 0.9331798 0 -0.3594099 0.93318 0 -0.3594094 0.9331797 0 -0.3594102 0.9762735 0 -0.2165412 0.9762736 0 -0.2165408 0.9762735 0 -0.216541 0.9762737 0 -0.2165406 0.9976296 0 -0.06881433 0.9976296 0 -0.06881445 0.9976296 0 -0.06881439 0.9976295 0 -0.06881451 0.9967551 0 0.08049434 0.9967551 0 0.08049434 0.9736871 0 0.227889 0.9736871 0 0.227889 0.9289057 0 0.3703166 0.9289053 0 0.3703175 0.9289055 0 0.3703169 0.9289051 0 0.3703178 0.8634431 0 0.5044462 0.8634433 0 0.504446 0.8634432 0 0.5044462 0.8634434 0 0.504446 0.7787541 0 0.6273295 0.7787586 -3.52478e-6 0.6273238 0.7787559 -1.46712e-6 0.6273271 0.7787604 -4.9919e-6 0.6273214 0.676692 -4.32619e-6 0.7362662 0.6766872 -1.27149e-6 0.7362707 0.67669 -3.05468e-6 0.7362681 0.6766851 0 0.7362726 0.5595825 0 0.8287748 0.5595834 0 0.8287741 0.5595829 0 0.8287745 0.5595837 0 0.8287738 0.4299971 0 0.9028304 0.4299978 0 0.90283 0.4299974 0 0.9028301 0.4299982 0 0.9028298 0.2908241 0 0.9567766 0.2908262 -1.2924e-6 0.9567759 0.290825 -5.37941e-7 0.9567763 0.290827 -1.83035e-6 0.9567757 0.1451756 -9.2556e-7 0.9894059 0.1451731 -2.72028e-7 0.9894064 0.1451746 -6.53529e-7 0.9894061 0.1451721 0 0.9894064 -0.9652563 -4.87995e-7 0.2613049 -0.9652569 0 0.2613026 -0.9652564 -4.31712e-7 0.2613046 -0.965257 0 0.2613023 -0.8746774 0 0.4847058 -0.7332401 0 0.6799698 -0.5492348 0 0.8356681 -0.333272 0 0.9428308 -0.09794098 0 0.9951923 0.1430462 0 0.9897161 0.3757647 0 0.9267151 0.3757643 0 0.9267153 0.5866349 0 0.8098516 0.7633594 0 0.645974 0.7633487 -2.92783e-6 0.6459867 0.8957868 -3.41592e-6 0.444484 0.8957954 0 0.4444668 0.9761313 0 0.2171818 0.999742 0 -0.02271544 0.999742 0 -0.02271544 -0.01723945 -0.9927118 -0.1192734 -0.01723957 -0.9927133 -0.1192603 -0.01723957 -0.9927133 -0.1192603 -0.01723915 -0.9927127 -0.1192655 -0.01724028 -0.9927129 -0.1192643 -0.01723909 -0.9927128 -0.1192656 -0.05072969 -0.9350149 -0.3509612 -0.05073016 -0.9350139 -0.3509638 -0.05073022 -0.9350138 -0.3509638 -0.08126753 -0.822979 -0.5622287 -0.08126658 -0.8229823 -0.562224 -0.08126753 -0.8229792 -0.5622287 -0.08126658 -0.8229824 -0.5622239 -0.1070799 -0.663124 -0.7408108 -0.1070802 -0.6631225 -0.7408121 -0.1070798 -0.6631242 -0.7408106 -0.1070802 -0.6631225 -0.740812 -0.126671 -0.4647254 -0.8763475 -0.1266708 -0.4647297 -0.8763452 -0.126671 -0.4647256 -0.8763474 -0.1266708 -0.4647297 -0.8763452 -0.1389007 -0.2393076 -0.9609571 -0.1389 -0.239313 -0.9609558 -0.1389007 -0.2393075 -0.9609571 -0.1389 -0.2393133 -0.9609559 -0.1430574 0 -0.9897144 -0.1430566 0 -0.9897145 -0.1430574 0 -0.9897145 -0.1430566 0 -0.9897146 -0.1389004 0.2393178 -0.9609546 -0.1389005 0.2393128 -0.9609558 -0.1389004 0.2393177 -0.9609546 -0.1389005 0.2393127 -0.9609559 -0.1266708 0.4647159 -0.8763525 -0.12667 0.4647269 -0.8763468 -0.1266708 0.4647161 -0.8763524 -0.12667 0.4647272 -0.8763467 -0.1070798 0.6631264 -0.7408086 -0.1070798 0.6631234 -0.7408112 -0.1070798 0.6631264 -0.7408086 -0.1070798 0.6631234 -0.7408112 -0.08126676 0.822979 -0.5622288 -0.08126646 0.822978 -0.5622303 -0.08126676 0.822979 -0.5622289 -0.08126646 0.8229781 -0.5622304 -0.05072975 0.9350134 -0.3509652 -0.0507301 0.9350091 -0.3509765 -0.05072975 0.9350134 -0.3509652 -0.05073016 0.9350091 -0.3509768 -0.01723802 0.9927139 -0.119256 -0.01723748 0.9927126 -0.1192668 -0.01723796 0.992714 -0.1192553 -0.01723748 0.9927126 -0.1192668 -0.01723802 0.9927139 -0.1192557 -0.05072951 0.9350133 -0.3509656 -0.05072951 0.9350131 -0.3509659 -0.08126616 0.8229805 -0.5622267 -0.08126616 0.8229805 -0.5622268 -0.1070796 0.6631275 -0.7408077 -0.1266714 0.4647181 -0.8763512 -0.1266714 0.4647182 -0.8763512 -0.1389013 0.2393168 -0.9609547 -0.1389013 0.2393166 -0.9609549 -0.143058 0 -0.9897144 -0.143058 0 -0.9897144 -0.1389004 -0.2393159 -0.960955 -0.1389004 -0.2393158 -0.9609552 -0.1266725 -0.4647189 -0.8763507 -0.1266725 -0.4647189 -0.8763507 -0.10708 -0.6631241 -0.7408106 -0.1070799 -0.6631242 -0.7408106 -0.08126688 -0.822981 -0.5622261 -0.08126688 -0.8229809 -0.5622261 -0.05073022 -0.9350141 -0.3509634 -0.05073022 -0.9350141 -0.3509634 -0.01723796 0.9927141 -0.1192551 -0.05072969 0.9350076 -0.3509806 -0.05072975 0.9350073 -0.3509812 -0.0812658 0.8229759 -0.5622336 -0.0812658 0.8229757 -0.5622339 -0.1070781 0.6631274 -0.740808 -0.1070781 0.6631274 -0.7408079 -0.1266706 0.4647231 -0.8763488 -0.1266705 0.4647231 -0.8763486 -0.1389006 0.2393046 -0.9609578 -0.1389006 0.2393042 -0.960958 -0.1430568 0 -0.9897146 -0.1430567 0 -0.9897146 -0.1389014 -0.2393013 -0.9609586 -0.1389014 -0.2393009 -0.9609587 -0.1266707 -0.464723 -0.8763487 -0.1266706 -0.4647231 -0.8763486 -0.1070789 -0.6631333 -0.7408025 -0.1070789 -0.6631336 -0.7408024 -0.08126783 -0.8229768 -0.5622318 -0.08126789 -0.8229768 -0.562232 -0.05072975 -0.9350146 -0.350962 -0.05072975 -0.9350146 -0.3509619 0.9897164 -2.34343e-6 -0.1430446 0.9897134 1.37934e-5 -0.1430646 0.9897145 -4.1343e-6 -0.1430566 0.9897121 -1.86977e-5 -0.1430734 0.9897143 -3.06543e-6 -0.1430581 0.9897143 -3.89179e-6 -0.1430579 0.9897136 -1.14782e-5 -0.1430636 0.989714 -9.30313e-6 -0.1430609 0.9897146 1.6575e-5 -0.1430559 0.9897154 9.48691e-6 -0.1430504 0.9897143 -1.38863e-5 -0.1430582 0.9897142 1.2232e-5 -0.1430591 0.9897149 4.37696e-5 -0.1430542 0.9897148 -5.39168e-5 -0.1430549 0.9897156 -6.27788e-6 -0.1430492 0.9897155 7.80637e-5 -0.1430498 0.9897156 1.17469e-4 -0.1430491 0.9897159 -2.27775e-4 -0.1430471 0.9897156 -2.38425e-4 -0.1430488 0.98975 2.97946e-5 -0.142811 0.9897136 4.69669e-6 -0.1430632 0.9897292 9.67409e-6 -0.1429552 0.9897032 -2.8686e-5 -0.1431354 0.9897072 1.19202e-5 -0.1431075 0.9897167 5.20055e-6 -0.1430422 -0.9897143 -6.83903e-7 0.1430583 -0.9897142 1.99013e-6 0.1430585 -0.9897137 -3.01534e-6 0.1430619 -0.9897131 -2.32658e-6 0.143067 -0.989715 5.98491e-6 0.1430529 -0.9897148 -3.46345e-7 0.1430555 -0.9897145 -1.06051e-5 0.1430566 -0.9897174 -8.11019e-5 0.1430374 -0.9897137 -3.4775e-7 0.1430625 -0.9897149 3.2996e-6 0.1430544 -0.9897156 -2.6128e-6 0.1430494 -0.9897152 5.82776e-6 0.1430516 -0.9897159 4.91374e-6 0.1430473 -0.9897148 9.65403e-6 0.1430556 -0.9897146 -1.08223e-6 0.1430563 -0.9897143 5.23904e-6 0.1430588 -0.9897139 1.55113e-5 0.1430618 -0.989715 6.02106e-6 0.1430537 -0.9897177 -1.11297e-5 0.1430349 -0.9897144 -4.1285e-6 0.143058 -0.9897146 7.63746e-7 0.1430562 -0.9897139 -2.35123e-5 0.1430612 -0.9897129 2.44397e-5 0.1430684 -0.9897159 -1.08375e-5 0.1430477 -0.9897136 0 0.1430628 -0.9897139 6.63667e-7 0.1430608 -0.9897142 2.0493e-6 0.1430591 -0.9897136 -1.33818e-5 0.1430628 -0.9897154 3.42215e-5 0.1430506 0 1 -3.84276e-7 0 1 1.20576e-6 0 1 -3.45178e-7 0 1 -3.52206e-7 0 1 -8.04746e-7 0 1 1.65914e-6 0 1 1.2741e-6 3.07708e-7 1 -5.65415e-7 1.11265e-6 1 -4.20477e-6 1.23392e-6 1 -3.02927e-6 6.14547e-7 1 0 7.85976e-7 1 -4.03882e-7 7.57662e-7 1 -3.65551e-6 8.57123e-7 1 1.82634e-6 8.53691e-7 1 -4.45801e-6 9.0172e-7 1 3.15245e-6 9.02119e-7 1 -8.62137e-6 9.17599e-7 1 2.4455e-6 8.98257e-7 1 -7.52092e-6 9.07558e-7 1 2.82206e-6 8.74834e-7 1 3.88849e-7 8.37497e-7 1 1.30558e-7 8.16756e-7 1 7.50936e-7 7.26664e-7 1 0 7.32912e-7 1 0 5.73284e-7 1 0 6.27064e-7 1 1.28204e-6 3.79596e-7 1 2.39991e-7 1.38974e-6 1 2.86729e-6 2.82515e-7 1 2.26166e-7 1.47778e-6 1 1.6819e-6 0 1 0 0 1 7.72069e-7 0 1 -1.5371e-6 1.21951e-7 1 -1.24269e-6 0 1 1.40757e-6 0 1 2.01183e-7 2.3293e-7 1 0 3.38774e-7 1 -2.13845e-7 2.88553e-7 1 0 3.12472e-7 1 0 3.44005e-7 1 0 3.35004e-7 1 0 3.27858e-7 1 -2.25136e-7 2.792e-7 1 0 2.31332e-7 1 0 1.99193e-7 1 0 -3.37715e-7 -1 2.56566e-7 -1.25475e-7 -1 0 -2.13986e-7 -1 -1.64465e-7 0 -1 0 -3.26766e-7 -1 2.08146e-7 -3.40517e-7 -1 1.6439e-6 -3.26851e-7 -1 3.03884e-6 -2.9993e-7 -1 1.58873e-6 0 -1 1.88608e-7 -1.81495e-7 -1 1.39471e-6 -2.07006e-7 -1 2.80174e-6 -2.54966e-7 -1 -2.2648e-7 0 -1 9.23796e-7 0 -1 0 0 -1 3.13147e-6 0 -1 0 0 -1 -6.89138e-7 -1.16236e-6 -1 -1.92249e-6 -4.07781e-7 -1 5.48824e-6 -1.34469e-6 -1 -1.97107e-6 -7.68449e-7 -1 0 -7.14235e-7 -1 0 -8.43633e-7 -1 -1.83932e-6 -8.28978e-7 -1 -2.77386e-7 -8.93687e-7 -1 0 -8.93428e-7 -1 2.55681e-7 -9.15854e-7 -1 5.81313e-7 -9.08647e-7 -1 -1.38395e-7 -9.08764e-7 -1 -1.51042e-6 -8.75479e-7 -1 -1.30255e-7 -8.72558e-7 -1 0 -7.94811e-7 -1 1.27841e-7 -8.08903e-7 -1 2.11598e-6 -6.67529e-7 -1 2.46562e-7 -7.20857e-7 -1 1.00972e-6 -4.94314e-7 -1 0 -6.12648e-7 -1 -2.43822e-7 -3.75463e-7 -1 0 -1.50037e-6 -1 1.8746e-7 -1.47665e-6 -1 -8.19711e-7 -2.7779e-7 -1 -5.9306e-7 -3.05345e-7 -1 1.1322e-6 -0.2144297 0 -0.9767395 -0.2144268 0 -0.9767401 -0.2144296 0 -0.9767395 -0.2144285 -6.08766e-7 -0.9767397 -0.2144368 2.32882e-6 -0.9767379 -0.2144351 -6.41356e-7 -0.9767383 -0.2144272 -2.53339e-6 -0.97674 -0.2144228 -1.0599e-5 -0.976741 -0.2144199 -8.44057e-6 -0.9767416 -0.2144287 8.8908e-6 -0.9767397 -0.2144283 3.80224e-6 -0.9767398 -0.2144265 -5.07753e-6 -0.9767402 -0.2144277 3.30266e-7 -0.9767399 -0.2144278 4.97106e-7 -0.97674 -0.2144277 3.30266e-7 -0.9767399 -0.2144274 -6.48854e-7 -0.97674 -0.2144278 0 -0.9767399 -0.2144313 -8.44954e-6 -0.9767391 -0.2144208 1.238e-6 -0.9767414 -0.214421 9.75307e-6 -0.9767413 -0.2144289 1.26475e-6 -0.9767397 -0.2144284 2.22415e-6 -0.9767398 -0.2144337 0 -0.9767386 -0.214434 0 -0.9767386 -0.2144291 0 -0.9767397 -0.214429 0 -0.9767397 -0.2144291 0 -0.9767396 -0.214429 0 -0.9767396 0.07093268 0 0.9974812 0.07093274 0 0.9974811 0.07093286 0 0.9974812 0.07093286 0 0.9974811 0.07093387 6.59492e-7 0.9974811 0.07092797 5.63679e-6 0.9974815 0.0709567 0 0.9974794 0.07092928 -1.04699e-6 0.9974814 0.07094043 -1.14386e-6 0.9974806 0.07093471 -1.58284e-6 0.9974811 0.07093846 3.67759e-7 0.9974808 0.07092726 1.63723e-5 0.9974815 0.07093024 4.50934e-7 0.9974813 0.07093429 -8.23e-6 0.9974811 0.07093381 0 0.9974811 0.07093387 0 0.9974811 0.07093423 -1.45293e-6 0.9974811 0.07093381 -2.19642e-6 0.9974811 0.07093238 5.48804e-7 0.9974812 0.07092922 -1.65268e-5 0.9974814 0.07094025 -2.23599e-6 0.9974806 0.07093375 5.18533e-7 0.9974811 0.07094281 -1.85799e-6 0.9974805 0.07093906 4.17143e-6 0.9974808 0.07092839 -5.42533e-6 0.9974815 0.07094293 0 0.9974804 0.07093167 0 0.9974812 0.07093173 0 0.9974812 0.9976304 0 -0.0688017 0.9967561 0 0.0804817 0.9967561 0 0.08048146 0.9967561 0 0.08048158 0.9967562 0 0.08048135 0.9736844 0 0.2279009 0.9736844 0 0.2279009 0.9736844 0 0.2279009 0.9736844 0 0.2279008 0.928906 0 0.3703158 0.9289063 0 0.3703148 0.9289062 0 0.3703154 0.9289065 0 0.3703145 0.8634467 0 0.5044402 0.8634475 0 0.5044389 0.863447 0 0.5044396 0.8634477 0 0.5044383 0.7787545 0 0.6273289 0.7787547 0 0.6273286 0.7787546 0 0.6273288 0.7787547 0 0.6273285 0.6766896 0 0.7362685 0.6766899 0 0.7362682 0.6766898 0 0.7362683 0.6766901 0 0.7362681 0.5595903 0 0.8287695 0.5595889 0 0.8287704 0.5595897 0 0.8287699 0.5595883 0 0.8287708 0.4299884 0 0.9028344 0.4299862 0 0.9028355 0.4299875 0 0.9028348 0.4299854 0 0.902836 0.2908276 0 0.9567755 0.2908286 0 0.9567753 0.290828 0 0.9567754 0.290829 0 0.956775 0.1451804 0 0.9894053 0.1451809 0 0.9894052 0.1451805 0 0.9894052 0.1451811 0 0.9894051 -0.9652563 0 0.2613049 -0.9652564 0 0.261305 -0.733245 0 0.6799646 -0.549218 0 0.8356792 -0.3332786 0 0.9428285 -0.3332718 1.28094e-6 0.9428309 -0.09793871 3.73607e-7 0.9951925 0.1430491 0 0.9897156 0.5866181 0 0.8098637 0.7633638 0 0.6459688 0.8957951 0 0.4444673 0.9761268 0 0.2172016 0.9997416 0 -0.02273625 0.9997415 0 -0.02273631 0.9997415 0 -0.02273631 0.9997416 0 -0.02273631 0.9905684 0 -0.1370192 0.98865 0 -0.1502369 0.9907005 0 -0.1360614 0.9888042 0 -0.1492196 3.08781e-7 1 0 1.24848e-7 1 1.09751e-6 3.08512e-7 1 1.04052e-4 3.07991e-7 1 -6.02743e-5 3.29643e-7 1 -1.47054e-4 3.35591e-7 1 -1.5107e-7 3.6763e-7 1 8.30269e-7 3.27913e-7 1 1.45405e-6 2.71378e-7 1 -1.9402e-6 3.05865e-7 1 0 1.3378e-7 1 7.49731e-7 2.2677e-7 1 1.78687e-7 2.93029e-7 1 6.16315e-7 3.04261e-7 1 1.00505e-4 2.94708e-5 1 5.38651e-4 0 1 5.75009e-7 0 1 -8.80133e-7 0 1 -1.07959e-6 1.47663e-6 1 -1.6394e-6 3.54176e-7 1 3.16939e-6 1.50436e-6 1 -2.34672e-6 4.91039e-7 1 5.08215e-6 6.31179e-7 1 -5.51801e-7 7.20857e-7 1 -1.00974e-6 6.6753e-7 1 -2.46562e-7 8.089e-7 1 -9.25023e-7 7.94809e-7 1 0 8.72554e-7 1 1.11368e-6 8.75476e-7 1 1.30254e-7 9.08761e-7 1 3.20387e-7 9.08646e-7 1 0 9.15855e-7 1 9.6387e-7 8.93429e-7 1 2.5568e-7 8.93689e-7 1 3.07522e-6 8.28978e-7 1 2.77388e-7 8.43633e-7 1 1.83932e-6 6.95346e-7 1 2.54869e-7 7.86922e-7 1 1.38631e-6 1.35618e-6 1 2.25075e-6 3.85709e-7 1 -5.73367e-6 1.16235e-6 1 9.04382e-7 0 1 -2.88466e-6 0 1 1.52511e-6 0 1 7.99661e-7 0 1 3.35821e-6 1.92105e-7 1 2.39058e-6 2.1864e-7 1 0 3.18921e-7 1 -1.72457e-6 3.50695e-7 1 -3.25022e-6 -3.07991e-7 -1 2.48078e-4 -3.29643e-7 -1 0 -1.24848e-7 -1 1.03014e-6 -1.92105e-7 -1 -2.36919e-7 -2.1864e-7 -1 -1.23266e-6 -3.08512e-7 -1 2.6096e-4 -3.08781e-7 -1 7.50158e-7 0 -1 1.88197e-6 0 -1 -2.11099e-6 0 -1 -9.17072e-7 0 -1 -6.91491e-7 0 -1 2.30879e-6 0 -1 6.89147e-7 -1.16235e-6 -1 8.19703e-7 -3.85709e-7 -1 1.22665e-7 -1.35617e-6 -1 6.57007e-7 -6.95345e-7 -1 -3.09921e-6 -7.86921e-7 -1 4.17251e-7 -8.43633e-7 -1 3.45157e-6 -8.28978e-7 -1 -8.67424e-6 -8.93689e-7 -1 4.89242e-6 -8.9343e-7 -1 -4.75609e-6 -9.15857e-7 -1 2.08288e-6 -9.08647e-7 -1 0 -9.08763e-7 -1 4.57698e-7 -8.75475e-7 -1 4.72501e-6 -8.72554e-7 -1 4.55253e-7 -7.94813e-7 -1 -1.49757e-6 -8.08902e-7 -1 -1.35726e-6 -6.67533e-7 -1 -3.4491e-6 -7.20859e-7 -1 0 -4.91036e-7 -1 -2.54872e-7 -6.31181e-7 -1 -1.3863e-6 -1.50436e-6 -1 -2.90776e-6 -3.54174e-7 -1 -2.45329e-7 -1.47663e-6 -1 -3.96766e-7 0 -1 -1.67852e-7 0 -1 1.67193e-6 0 -1 -7.54541e-7 0 -1 6.61581e-7 0 -1 0 -1.3378e-7 -1 2.53139e-6 -2.26769e-7 -1 9.63688e-7 -3.35592e-7 -1 -1.95599e-4 -2.93028e-7 -1 0 -3.18921e-7 -1 -6.89829e-6 -3.50695e-7 -1 -6.085e-6 -3.67629e-7 -1 0 -3.27913e-7 -1 0 -2.71378e-7 -1 0 -6.81899e-5 -1 3.81229e-5 -3.04262e-7 -1 3.05009e-4 -3.05866e-7 -1 -1.60953e-4 -0.9848905 0.09861266 0.1423606 -0.9848912 0.09860587 0.1423594 -0.9848905 0.09861242 0.1423606 -0.9848912 0.09860563 0.1423594 -0.9490017 0.2838649 0.137173 -0.9490004 0.2838708 0.1371707 -0.8803227 0.4569904 0.1272469 -0.8803411 0.4569547 0.1272482 -0.7759566 0.6207343 0.1121618 -0.775945 0.62075 0.1121551 -0.6371537 0.7652142 0.09210002 -0.6371608 0.7652087 0.0920974 -0.4870072 0.8705565 0.07039451 -0.4869954 0.8705633 0.07039207 -0.3214973 0.9457695 0.04647171 -0.3214811 0.9457752 0.04646944 -0.3214968 0.9457697 0.04647165 -0.3214805 0.9457753 0.04646939 -0.171443 0.9848824 0.02478033 -0.05634361 0.9983783 0.008146226 -0.0563482 0.998378 0.008143603 -0.05634367 0.9983783 0.008146166 -0.05634832 0.998378 0.008143544 -0.1714243 0.9848856 0.02477949 -0.05636525 -0.998377 0.008149683 -0.05636292 -0.9983772 0.008146047 -0.05636519 -0.998377 0.008149623 -0.05636286 -0.9983772 0.008145987 -0.1713423 -0.9849002 0.02476674 -0.3215388 -0.9457551 0.04647779 -0.3215395 -0.9457548 0.04647791 -0.3215388 -0.9457551 0.04647779 -0.3215395 -0.9457549 0.04647791 -0.1713362 -0.9849014 0.02476394 -0.4869637 -0.8705813 0.07038849 -0.486962 -0.8705825 0.0703873 -0.6371502 -0.7652176 0.0920971 -0.6371671 -0.7652033 0.09209823 -0.7759572 -0.6207345 0.1121578 -0.7759407 -0.6207551 0.1121579 -0.8803247 -0.4569865 0.1272466 -0.8803417 -0.456954 0.1272468 -0.9490112 -0.2838328 0.1371744 -0.9490022 -0.2838641 0.1371725 -0.9848904 -0.09861141 0.1423617 -0.984889 -0.09863084 0.1423574 -0.9848903 -0.09861207 0.1423615 -0.984889 -0.09863144 0.1423572 0.0703265 -0.1305471 0.9889447 0.07032477 -0.1305229 0.9889481 0.07032477 -0.1305231 0.9889481 0.07143831 -0.110884 0.9912626 0.06676119 -0.3251416 0.9433059 0.06632983 -0.3827117 0.9214836 0.06714159 -0.3827027 0.9214287 0.0655688 -0.3826909 0.9215468 0.060844 -0.4927784 0.8680251 0.05696326 -0.6088406 0.7912448 0.05765944 -0.6088355 0.7911983 0.05648463 -0.6089098 0.791226 0.0542134 -0.6418162 0.7649398 0.04472947 -0.7784068 0.6261647 0.0437994 -0.7933568 0.6071793 0.04443407 -0.7933628 0.6071254 0.04334461 -0.7932938 0.6072943 0.03227877 -0.8839117 0.4665385 0.02808451 -0.9238165 0.3818042 0.02903169 -0.9238159 0.3817347 0.0272243 -0.9238185 0.3818616 0.01936364 -0.9580236 0.286035 0.01157319 -0.9891841 0.1462225 0.003455221 -0.9988111 0.04862785 0.01200389 -0.9872239 0.1588867 0.009248137 -0.9914669 0.1300302 0.01310563 -0.9921482 0.1243796 0.009248077 -0.991467 0.13003 0.01879441 -0.9916675 0.1274452 0.02715432 -0.9238226 0.3818567 0.02715408 -0.9238122 0.3818817 0.02715408 -0.9238125 0.3818809 0.02715432 -0.9238227 0.3818567 0.04318231 -0.7933318 0.6072561 0.04318135 -0.7933701 0.6072062 0.04318135 -0.7933692 0.6072074 0.04318231 -0.7933318 0.6072562 0.05626821 -0.6088542 0.7912841 0.05626696 -0.6088543 0.7912841 0.05626827 -0.6088541 0.7912843 0.05626696 -0.6088545 0.7912839 0.06552934 -0.3826963 0.9215474 0.06553471 -0.3826883 0.9215503 0.06552946 -0.3826965 0.9215472 0.06553488 -0.382688 0.9215503 0.07032752 -0.1305461 0.9889448 0.0703265 -0.1305475 0.9889447 0.1474363 -0.1301537 0.9804705 0.1474356 -0.1301499 0.9804712 0.1474302 -0.1301209 0.9804759 0.1474295 -0.1301171 0.9804764 0.2984543 -0.130118 0.9455128 0.2984547 -0.1301192 0.9455125 0.2984577 -0.1301283 0.9455103 0.2984581 -0.1301295 0.94551 0.4421945 -0.1301119 0.8874317 0.4421943 -0.1300993 0.8874337 0.4421925 -0.1300046 0.8874484 0.4421923 -0.1299919 0.8874505 0.5751024 -0.1299718 0.807691 0.5751055 -0.1299934 0.8076852 0.5751291 -0.1301566 0.8076421 0.5751323 -0.1301786 0.8076363 0.6939601 -0.1301804 0.7081473 0.6939601 -0.1301649 0.70815 0.6939612 -0.130049 0.7081702 0.6939614 -0.1300334 0.708173 0.7958825 -0.130024 0.5913247 0.795883 -0.1300337 0.5913218 0.7958872 -0.1301074 0.5913 0.7958878 -0.1301172 0.591297 0.8783093 -0.1301171 0.4600462 0.8783087 -0.1301149 0.4600477 0.8783052 -0.1300977 0.4600594 0.8783048 -0.1300954 0.460061 0.9392914 -0.1300883 0.3175038 0.9392918 -0.1300775 0.3175073 0.9392942 -0.1299958 0.3175336 0.9392945 -0.1299847 0.3175371 0.9773129 -0.1299738 0.1672312 0.9773112 -0.1299886 0.1672301 0.9772977 -0.1301001 0.1672218 0.9772959 -0.1301151 0.1672207 0.9914167 -0.1301102 0.01282042 0.9914193 -0.1300903 0.01282393 0.9914385 -0.1299405 0.01285046 0.9914411 -0.1299204 0.01285403 0.9813326 -0.1299094 -0.1418102 0.9813287 -0.1299332 -0.1418145 0.9813002 -0.1301131 -0.141847 0.9812963 -0.1301372 -0.1418514 0.9471938 -0.1301301 -0.2930703 0.9471944 -0.130127 -0.2930696 0.9471992 -0.1301032 -0.2930647 0.9471999 -0.1301001 -0.293064 0.8899343 -0.1301101 -0.4371367 0.8899345 -0.1301033 -0.4371381 0.8899364 -0.1300525 -0.4371495 0.8899366 -0.1300457 -0.4371511 0.8109385 -0.1300517 -0.5704957 0.8109375 -0.1300522 -0.5704972 0.8109292 -0.1300557 -0.5705081 0.8109281 -0.1300562 -0.5705095 0.7121013 -0.1300723 -0.6899225 0.712098 -0.1300841 -0.6899237 0.7120724 -0.130173 -0.6899332 0.712069 -0.130185 -0.6899344 0.5958502 -0.130185 -0.7924737 0.5958491 -0.1301742 -0.7924762 0.5958414 -0.1300938 -0.7924953 0.5958403 -0.130083 -0.7924978 0.4650506 -0.1300958 -0.8756729 0.4650509 -0.1300948 -0.8756729 0.4650533 -0.1300867 -0.8756728 0.4650536 -0.1300857 -0.8756728 0.3228547 -0.13008 -0.9374669 0.3228517 -0.1300923 -0.9374662 0.3228291 -0.1301852 -0.937461 0.3228261 -0.1301977 -0.9374604 0.1727813 -0.1301794 -0.9763196 0.1727841 -0.1301671 -0.9763208 0.1728051 -0.1300746 -0.9763294 0.1728079 -0.1300622 -0.9763306 0.01849931 -0.1300665 -0.9913327 0.01849901 -0.1300694 -0.9913323 0.01849699 -0.130092 -0.9913294 0.01849675 -0.130095 -0.991329 -0.136259 -0.1300854 -0.9820954 -0.1270117 -0.3816728 -0.9155294 -0.127007 -0.381717 -0.9155115 -0.1270112 -0.381678 -0.9155272 -0.1270064 -0.3817224 -0.9155094 -0.1091265 -0.6076298 -0.7866877 -0.109129 -0.6076894 -0.7866412 -0.1091268 -0.6076369 -0.7866822 -0.1091293 -0.6076968 -0.7866355 -0.08380472 -0.7924764 -0.6041176 -0.08381724 -0.7924392 -0.6041646 -0.08380621 -0.792472 -0.6041231 -0.08381885 -0.7924345 -0.6041706 -0.05274486 -0.923393 -0.3802151 -0.05274707 -0.9234063 -0.3801825 -0.0527451 -0.9233946 -0.3802111 -0.05274736 -0.923408 -0.3801782 -0.01799595 -0.9915468 -0.1284959 -0.0177347 -0.991509 -0.1288232 -0.02236962 -0.9921523 -0.1230179 -0.01709574 -0.9917701 -0.1268855 0.003482222 -0.9918299 -0.1275197 0.002489805 -0.991068 -0.1333347 0.002842426 -0.991338 -0.1313049 0.003818154 -0.9920789 -0.1255587 0.02386522 -0.9919379 -0.1244581 0.02367788 -0.9907298 -0.133768 0.02374529 -0.9911625 -0.1305113 0.02391183 -0.9923319 -0.1212666 0.04498064 -0.9904135 -0.1306063 0.04281449 -0.9925504 -0.1140646 0.06572544 -0.9901332 -0.1237601 0.06016212 -0.9927273 -0.1042734 0.08527177 -0.9898808 -0.1134226 0.07566159 -0.9928722 -0.09208714 0.1029638 -0.9896674 -0.09978377 0.08900755 -0.9929838 -0.07785224 0.1181972 -0.9895012 -0.0831688 0.09995067 -0.9930664 -0.06187951 0.1304733 -0.9893778 -0.06409609 0.1083207 -0.9931186 -0.04452157 0.1393691 -0.9893018 -0.04310882 0.1139298 -0.9931442 -0.02616792 0.1445492 -0.9892772 -0.02088934 0.1166661 -0.9931453 -0.007178962 0.1458776 -0.9893009 0.001895487 0.1165035 -0.9931173 0.01204025 0.1432898 -0.9893772 0.02451235 0.1133916 -0.9930649 0.03105765 0.1369094 -0.9895023 0.04627245 0.1074084 -0.9929831 0.04948061 0.1269952 -0.9896698 0.0665276 0.09864884 -0.9928707 0.06690579 0.1139079 -0.9898781 0.08465409 0.08722972 -0.9927279 0.08296 0.09809803 -0.9901298 0.1000997 0.07336604 -0.9925486 0.0972867 0.08011949 -0.9904181 0.112486 0.05726444 -0.9923352 0.109507 0.05971133 -0.9911718 0.1183775 0.05814194 -0.9919313 0.1126585 0.06059485 -0.9907284 0.1215956 0.03921943 -0.9920852 0.1192851 0.03991007 -0.991343 0.1250855 0.03946411 -0.991815 0.1214314 0.0401538 -0.9910569 0.1272562 0.01953101 -0.991771 0.1265261 0.01947325 -0.9915095 0.1285687 0.05707722 -0.923406 0.3795571 0.05707627 -0.923395 0.379584 0.05707639 -0.9233964 0.3795805 0.05707734 -0.9234073 0.3795539 0.09069311 -0.7924486 0.6031584 0.09069538 -0.7924672 0.6031336 0.09069508 -0.7924648 0.6031368 0.09069281 -0.7924464 0.6031613 0.1180913 -0.6076875 0.7853474 0.1180963 -0.6077178 0.7853231 0.1180957 -0.6077141 0.7853261 0.1180908 -0.607684 0.7853502 0.1374388 -0.3816834 0.9140177 0.1374354 -0.3816733 0.9140225 0.1374358 -0.3816745 0.914022 0.1374392 -0.3816846 0.9140172 -0.1362398 -0.1301149 -0.9820942 0.1155472 -0.9233833 0.3660768 0.1155472 -0.9233869 0.3660676 0.1155476 -0.9234134 0.3660007 0.1155477 -0.9234175 0.3659906 0.1711851 -0.9233982 0.3435571 0.171185 -0.9233998 0.3435532 0.1711843 -0.9234105 0.3435245 0.1711841 -0.9234122 0.3435202 0.2226348 -0.9234046 0.3126625 0.2226327 -0.9234055 0.3126611 0.2226172 -0.9234127 0.3126509 0.2226148 -0.9234138 0.3126494 0.2686215 -0.923431 0.2740761 0.2686253 -0.9234271 0.2740858 0.2686533 -0.9233978 0.2741566 0.2686575 -0.9233934 0.2741673 0.3081126 -0.9233956 0.2289263 0.3081081 -0.9233983 0.2289214 0.3080754 -0.9234181 0.2288861 0.3080705 -0.9234209 0.2288808 0.3399796 -0.9234193 0.1780753 0.3399825 -0.9234181 0.1780759 0.3400032 -0.9234098 0.1780794 0.3400064 -0.9234086 0.17808 0.3636122 -0.9234095 0.122887 0.3636127 -0.9234088 0.1228914 0.3636158 -0.9234033 0.1229231 0.3636162 -0.9234024 0.1229279 0.3783342 -0.9234033 0.06472718 0.3783347 -0.923403 0.06472831 0.3783383 -0.923401 0.06473612 0.3783389 -0.9234007 0.06473731 0.3838056 -0.9234006 0.004977881 0.3838102 -0.9233986 0.004977643 0.383844 -0.9233846 0.004975914 0.3838491 -0.9233825 0.004975676 0.3799307 -0.9233835 -0.05491346 0.3799259 -0.9233855 -0.05491477 0.3798899 -0.9233998 -0.05492419 0.3798844 -0.9234018 -0.05492562 0.366685 -0.9234028 -0.113443 0.366684 -0.9234032 -0.1134443 0.3666768 -0.9234049 -0.1134532 0.3666757 -0.9234051 -0.1134545 0.3445086 -0.9234075 -0.1692113 0.3445144 -0.9234049 -0.1692137 0.3445569 -0.9233858 -0.1692315 0.3445633 -0.9233829 -0.1692342 0.3139646 -0.9233869 -0.2208687 0.3139593 -0.9233889 -0.220868 0.3139206 -0.9234032 -0.2208629 0.3139148 -0.9234054 -0.2208621 0.2756581 -0.9234102 -0.2670699 0.2756595 -0.9234095 -0.267071 0.2756688 -0.9234046 -0.2670781 0.2756703 -0.9234039 -0.2670792 0.2306678 -0.9233967 -0.3068081 0.2306681 -0.9233978 -0.306804 0.23067 -0.9234073 -0.3067743 0.2306703 -0.9234088 -0.3067698 0.1800259 -0.9233945 -0.3390182 0.1800249 -0.9233962 -0.3390144 0.1800171 -0.9234079 -0.3389865 0.180016 -0.9234097 -0.3389822 0.124978 -0.9234025 -0.3629167 0.1249805 -0.9234002 -0.3629216 0.1249984 -0.9233838 -0.3629571 0.1250011 -0.9233813 -0.3629625 0.0669012 -0.9233734 -0.3780291 0.066899 -0.923377 -0.3780205 0.0668829 -0.9234037 -0.3779582 0.06688046 -0.9234077 -0.3779487 0.007158875 -0.9234005 -0.3837714 0.007159411 -0.9234016 -0.3837686 0.007163107 -0.9234099 -0.3837484 0.007163643 -0.9234113 -0.3837453 0.1835934 -0.7924692 0.5816237 0.1835935 -0.7924689 0.581624 0.1835939 -0.7924672 0.5816262 0.1835939 -0.7924669 0.5816265 0.2719996 -0.7924548 0.5459228 0.272 -0.7924578 0.5459181 0.2720032 -0.7924805 0.5458836 0.2720037 -0.7924838 0.5458786 0.3537597 -0.7924658 0.4968421 0.3537627 -0.7924644 0.4968422 0.3537849 -0.7924542 0.4968428 0.3537881 -0.7924527 0.4968429 0.4269084 -0.7924369 0.4356524 0.4269065 -0.7924385 0.4356516 0.4268913 -0.7924502 0.4356449 0.4268892 -0.792452 0.4356439 0.4895679 -0.7924781 0.363733 0.4895694 -0.7924748 0.3637383 0.4895806 -0.7924498 0.3637778 0.4895822 -0.7924461 0.3637836 0.5403134 -0.79245 0.282992 0.5403152 -0.7924482 0.2829939 0.5403284 -0.7924342 0.2830078 0.5403303 -0.7924321 0.2830098 0.5778411 -0.792427 0.1953434 0.5778406 -0.7924274 0.1953442 0.5778359 -0.7924295 0.1953487 0.5778353 -0.7924299 0.1953495 0.6012208 -0.7924327 0.1028791 0.601215 -0.7924375 0.1028767 0.6011716 -0.7924728 0.1028587 0.6011652 -0.7924778 0.102856 0.6098484 -0.7924789 0.007890403 0.6098561 -0.792473 0.007891058 0.6099129 -0.7924293 0.007896065 0.6099212 -0.7924229 0.00789684 0.6036983 -0.7924247 -0.08724451 0.6036949 -0.7924271 -0.0872454 0.6036699 -0.7924455 -0.08725214 0.6036663 -0.7924481 -0.08725315 0.5826858 -0.7924499 -0.1802787 0.5826835 -0.7924515 -0.1802797 0.5826659 -0.7924626 -0.1802877 0.5826633 -0.7924642 -0.1802889 0.5474425 -0.79247 -0.2688832 0.5474404 -0.7924708 -0.2688849 0.547425 -0.7924772 -0.2688972 0.5474228 -0.7924782 -0.268899 0.4988249 -0.7924827 -0.35092 0.4988291 -0.7924785 -0.3509237 0.4988597 -0.7924468 -0.3509517 0.4988642 -0.7924423 -0.3509558 0.438066 -0.7924485 -0.4244098 0.4380623 -0.7924513 -0.4244084 0.4380351 -0.7924719 -0.4243981 0.4380311 -0.7924749 -0.4243966 0.3665244 -0.7924817 -0.4874758 0.3665261 -0.7924777 -0.487481 0.3665388 -0.7924478 -0.4875203 0.3665406 -0.7924433 -0.4875259 0.2860704 -0.7924514 -0.5386877 0.2860695 -0.7924529 -0.5386863 0.2860623 -0.7924625 -0.5386758 0.2860613 -0.792464 -0.5386743 0.1985969 -0.792452 -0.5766966 0.1985975 -0.792457 -0.5766896 0.1986015 -0.7924938 -0.5766378 0.1986021 -0.7924992 -0.5766301 0.1062949 -0.7924779 -0.6005665 0.1062962 -0.7924775 -0.6005669 0.1063061 -0.7924746 -0.600569 0.1063076 -0.7924742 -0.6005693 0.0113753 -0.7924615 -0.6098159 0.01137548 -0.792461 -0.6098166 0.01137661 -0.7924573 -0.6098215 0.01137673 -0.7924567 -0.6098222 0.278236 -0.3817182 0.8814058 0.2782289 -0.381696 0.8814175 0.2782298 -0.3816986 0.8814161 0.2390596 -0.6076881 0.7573412 0.2390601 -0.6076869 0.7573422 0.2390627 -0.6076769 0.7573492 0.2390632 -0.6076755 0.7573503 0.3541927 -0.6076715 0.7108326 0.354192 -0.6076676 0.7108362 0.3541865 -0.6076383 0.7108641 0.3541857 -0.6076341 0.7108681 0.4606648 -0.6076339 0.6469691 0.460666 -0.6076395 0.646963 0.4606747 -0.6076816 0.6469172 0.460676 -0.6076877 0.6469107 0.5558667 -0.6076771 0.5672221 0.5558662 -0.607683 0.5672163 0.5558622 -0.6077274 0.5671725 0.5558617 -0.6077336 0.5671663 0.6374641 -0.6077283 0.4736095 0.637468 -0.6077188 0.4736163 0.6374978 -0.6076481 0.4736672 0.637502 -0.607638 0.4736743 0.7035528 -0.6076345 0.3685023 0.7035482 -0.6076387 0.3685041 0.7035139 -0.6076703 0.3685176 0.703509 -0.6076747 0.3685196 0.7523521 -0.607689 0.2543238 0.752353 -0.6076881 0.2543233 0.7523601 -0.6076813 0.2543186 0.7523609 -0.6076804 0.2543179 0.7828056 -0.6076833 0.1339275 0.7828077 -0.6076798 0.1339312 0.7828235 -0.6076533 0.133959 0.7828256 -0.6076495 0.1339629 0.7941414 -0.6076458 0.01030772 0.7941262 -0.6076657 0.01030385 0.7940117 -0.6078159 0.01027476 0.7939954 -0.607837 0.01027071 0.7858906 -0.6078379 -0.1136186 0.7859045 -0.6078202 -0.1136171 0.7860093 -0.6076868 -0.113606 0.7860241 -0.6076679 -0.1136044 0.7587023 -0.6076725 -0.2347445 0.7587064 -0.6076679 -0.2347436 0.7587366 -0.6076327 -0.2347369 0.7587408 -0.6076278 -0.234736 0.712871 -0.6076331 -0.3501386 0.7128694 -0.6076349 -0.3501387 0.7128571 -0.6076485 -0.3501401 0.7128554 -0.6076505 -0.3501403 0.6495577 -0.6076572 -0.4569767 0.6495586 -0.6076528 -0.4569813 0.6495657 -0.6076197 -0.457015 0.6495667 -0.607615 -0.4570199 0.5704238 -0.6076406 -0.5526208 0.5704219 -0.607638 -0.5526255 0.5704077 -0.607619 -0.5526611 0.5704057 -0.6076163 -0.5526661 0.4773041 -0.6076382 -0.6347886 0.4773015 -0.6076372 -0.6347916 0.4772826 -0.6076291 -0.6348136 0.4772799 -0.6076279 -0.6348167 0.3725196 -0.6076456 -0.7014244 0.3725189 -0.6076461 -0.7014242 0.3725141 -0.6076499 -0.7014235 0.3725135 -0.6076503 -0.7014234 0.2586157 -0.607643 -0.7509248 0.2586143 -0.6076477 -0.7509214 0.258603 -0.6076835 -0.7508965 0.2586014 -0.6076886 -0.7508929 0.1383966 -0.6076546 -0.7820502 0.1383988 -0.6076548 -0.7820496 0.1384148 -0.6076569 -0.7820451 0.138417 -0.6076573 -0.7820445 0.01481842 -0.6076434 -0.7940719 0.01481759 -0.6076447 -0.7940708 0.01481139 -0.6076548 -0.7940632 0.0148105 -0.6076562 -0.7940621 0.4121949 -0.3817468 0.8272635 0.4121938 -0.3817073 0.8272822 0.412194 -0.381712 0.8272801 0.2782369 -0.3817209 0.8814042 0.412195 -0.3817516 0.8272612 0.5361333 -0.3816714 0.7529196 0.5361146 -0.3817533 0.7528916 0.5361168 -0.3817437 0.7528948 0.5361356 -0.3816615 0.7529231 0.6469244 -0.3817232 0.6601335 0.6469221 -0.3816455 0.6601808 0.6469224 -0.3816546 0.6601753 0.6469247 -0.3817327 0.6601278 0.7419322 -0.3816633 0.5512439 0.7419167 -0.3817186 0.5512265 0.7419185 -0.3817121 0.5512285 0.7419341 -0.3816566 0.551246 0.8187718 -0.3817107 0.4288468 0.8187815 -0.381659 0.4288746 0.8187804 -0.3816651 0.4288713 0.8187708 -0.381717 0.4288434 0.8755893 -0.3817644 0.2959718 0.8755982 -0.3817196 0.2960035 0.8755972 -0.3817248 0.2959998 0.8755882 -0.3817699 0.2959679 0.9110362 -0.3817214 0.1558905 0.911019 -0.381773 0.1558646 0.9110211 -0.381767 0.1558676 0.9110383 -0.3817151 0.1558936 0.9242399 -0.3816235 0.01199972 0.9242042 -0.3817107 0.01198136 0.9242084 -0.3817005 0.01198351 0.9242444 -0.381613 0.01200199 0.9147629 -0.3817343 -0.1322414 0.914815 -0.3816129 -0.1322311 0.914809 -0.381627 -0.1322323 0.9147565 -0.381749 -0.1322427 0.882993 -0.3816952 -0.2731893 0.8829701 -0.3817433 -0.2731959 0.8829728 -0.3817377 -0.2731951 0.8829957 -0.3816893 -0.2731884 0.8296188 -0.3816738 -0.4075021 0.8296154 -0.3817039 -0.4074809 0.8296158 -0.3817004 -0.4074834 0.8296191 -0.3816701 -0.4075047 0.7559288 -0.3817635 -0.5318161 0.7559637 -0.3816704 -0.5318332 0.7559596 -0.3816813 -0.5318313 0.7559245 -0.3817748 -0.531814 0.663818 -0.3816999 -0.643157 0.6638002 -0.3817779 -0.6431291 0.6638022 -0.3817688 -0.6431323 0.6638201 -0.3816905 -0.6431604 0.5554457 -0.381731 -0.7387568 0.5554543 -0.3816928 -0.73877 0.5554533 -0.3816972 -0.7387685 0.5554446 -0.3817356 -0.7387552 0.4335018 -0.3817262 -0.8163096 0.4335111 -0.3817317 -0.8163021 0.43351 -0.381731 -0.816303 0.4335007 -0.3817256 -0.8163105 0.3009808 -0.3816275 -0.87394 0.3009603 -0.3817436 -0.8738964 0.3009627 -0.3817301 -0.8739015 0.3009833 -0.3816133 -0.8739453 0.1610797 -0.3817337 -0.9101279 0.1610956 -0.3816525 -0.9101591 0.1610938 -0.381662 -0.9101555 0.1610777 -0.3817435 -0.9101242 0.01724529 -0.3817079 -0.9241221 0.01724213 -0.3817291 -0.9241135 0.01724249 -0.3817266 -0.9241145 0.01724565 -0.3817054 -0.9241232 0.9965575 -0.005012929 -0.08275324 0.9997711 -0.001698493 -0.02133089 0.9971592 3.93921e-4 0.07532191 0.9783236 -5.15066e-4 0.2070819 0.9776677 -8.2337e-4 0.2101557 0.9768928 -3.7596e-4 0.2137299 0.9758849 -2.65789e-4 0.2182862 0.9147647 2.4289e-4 0.4039872 0.9033108 -9.82391e-5 0.4289868 0.903306 -0.001372516 0.4289948 0.9033066 -6.82932e-4 0.428995 0.8213765 0.001138567 0.5703852 0.7787777 -6.66908e-5 0.6273 0.7787752 -0.001982152 0.6273002 0.7787752 -9.82385e-4 0.6273024 0.6952154 0.001424014 0.7188001 0.6114789 -1.40469e-4 0.7912608 0.6114683 -0.001828074 0.7912669 0.6114675 -9.04224e-4 0.791269 0.5533664 9.57735e-4 0.8329375 0.4105655 -5.23744e-5 0.9118312 0.4105596 -0.00126028 0.911833 0.4105613 -6.19619e-4 0.9118328 0.3909811 -1.55562e-4 0.9203988 0.1817554 -3.30765e-4 0.9833438 0.187294 0 0.9823039 0.1873002 0 0.9823027 0.1841009 1.91419e-4 0.9829074 0.1857861 9.08092e-5 0.9825903 0.1817529 3.30763e-4 0.9833442 0.3909796 1.55561e-4 0.9203994 0.4105904 4.44502e-5 0.9118199 0.4105883 0.001262068 0.9118199 0.4105903 6.27328e-4 0.9118198 0.6114443 4.10533e-5 0.7912875 0.5533671 -9.54857e-4 0.8329369 0.6114293 0.001829862 0.791297 0.6114301 9.06328e-4 0.791298 0.7787794 7.21056e-5 0.6272979 0.695216 -0.001424312 0.7187996 0.7787744 0.00198239 0.6273011 0.7787753 9.77203e-4 0.6273024 0.9033114 1.22112e-5 0.4289855 0.8213757 -0.001138269 0.5703864 0.9033057 0.001372814 0.4289953 0.9033067 6.73368e-4 0.4289946 0.9783213 2.65658e-5 0.2070931 0.914803 -2.4852e-4 0.4039005 0.975864 2.59547e-4 0.2183793 0.9783234 0.001033782 0.2070809 0.9783238 5.15141e-4 0.207081 0.9971592 -3.93928e-4 0.07532244 0.9997711 0.001698493 -0.02133059 0.9965576 0.005012929 -0.08275258 0.9942078 0.006534099 -0.107276 0.9997178 8.01153e-5 -0.02375638 0.9998386 2.73584e-4 -0.01796752 0.9998259 2.51389e-4 -0.0186609 0.9913856 0 -0.1309755 0.9996584 0 -0.02613949 0.9913515 -0.00820142 -0.1309768 0.9942087 -0.006533563 -0.1072678 -0.02795362 -0.9914669 -0.1273264 -0.02795273 -0.9914675 -0.1273223 -0.02795201 -0.991468 -0.1273192 -0.005829811 -0.9987866 -0.04890245 -0.03029459 -0.9892029 -0.1433869 -0.06243705 -0.9579868 -0.2799342 -0.08194124 -0.9237593 -0.3741048 -0.08025091 -0.9238204 -0.3743203 -0.08117753 -0.9238184 -0.3741256 -0.08208918 -0.923824 -0.3739126 -0.1305392 -0.793356 -0.5945973 -0.1305904 -0.7933205 -0.5946334 -0.1305395 -0.7933558 -0.5945974 -0.1305301 -0.7933735 -0.594576 -0.1701068 -0.6088294 -0.7748487 -0.1701034 -0.6088349 -0.7748451 -0.1701066 -0.6088294 -0.7748486 -0.1701033 -0.6088357 -0.7748446 -0.1981076 -0.3826816 -0.9023904 -0.1981068 -0.3826664 -0.9023969 -0.1981076 -0.3826811 -0.9023905 -0.1981067 -0.3826668 -0.9023968 -0.2126054 -0.1305153 -0.9683825 -0.2125867 -0.1306297 -0.9683712 -0.2126051 -0.1305171 -0.9683824 -0.2125864 -0.1306315 -0.968371 -0.2110838 -0.1582723 -0.9645692 -0.2030808 -0.3252497 -0.9235642 -0.196534 -0.3827162 -0.9027196 -0.1973251 -0.3827137 -0.9025482 -0.1979795 -0.3826872 -0.9024161 -0.1874464 -0.4927712 -0.8497297 -0.1687497 -0.6088985 -0.7750912 -0.1694287 -0.6088947 -0.7749461 -0.1701774 -0.60892 -0.774762 -0.1646103 -0.6418029 -0.7489944 -0.1344155 -0.7783765 -0.6132395 -0.1293116 -0.7933275 -0.5949035 -0.1299367 -0.7933396 -0.5947511 -0.1011574 -0.8839507 -0.4565069 -0.2130872 -0.1117985 -0.9706158 -0.1305297 -0.7933737 -0.5945756 -0.0820893 -0.9238242 -0.3739123 -0.08208924 -0.9238241 -0.3739123 -0.0820893 -0.9238241 -0.3739123 0.00825423 0.9987521 0.04925698 0.009256184 0.99145 0.1301593 0.009256243 0.9914467 0.1301841 0.009256124 0.9914538 0.1301299 0.01379376 0.9921816 0.1240383 0.01890081 0.9913218 0.1300916 0.02714723 0.9238755 0.3817292 0.02714633 0.9238725 0.3817366 0.02714717 0.9238755 0.3817292 0.02714627 0.9238724 0.3817367 0.04318213 0.7933365 0.6072501 0.04318392 0.793326 0.6072637 0.04318219 0.7933362 0.6072504 0.04318398 0.7933266 0.607263 0.05627095 0.6087924 0.7913315 0.05627334 0.6088045 0.7913221 0.05627101 0.608793 0.7913309 0.0562734 0.6088043 0.7913221 0.06553292 0.3826408 0.9215701 0.06553328 0.3827072 0.9215427 0.06553298 0.3826429 0.9215694 0.06553328 0.3827082 0.9215421 0.07032978 0.1305632 0.9889424 0.0703274 0.1305147 0.988949 0.07032972 0.1305624 0.9889426 0.07032734 0.130514 0.988949 0.07070356 0.1583735 0.9848446 0.06676292 0.3251877 0.9432898 0.06714433 0.3827137 0.9214238 0.06633019 0.3827112 0.9214839 0.06547456 0.3826768 0.9215593 0.06084656 0.4928742 0.8679705 0.05765825 0.608746 0.7912672 0.0569635 0.6087555 0.7913103 0.056387 0.6088169 0.7913044 0.05421793 0.6417473 0.7649973 0.04473179 0.7784069 0.6261644 0.04443502 0.7933525 0.6071387 0.04380095 0.7933599 0.6071751 0.04332953 0.7933555 0.6072146 0.03227669 0.8839135 0.4665353 0.02902597 0.9238708 0.3816026 0.02807706 0.9238677 0.3816811 0.02740734 0.9238942 0.3816654 0.0193547 0.9580578 0.2859209 0.01155185 0.9892439 0.1458193 0.07049036 0.1118133 0.991226 0.9878554 0 -0.1553758 0.9640151 -2.72802e-4 -0.2658476 0.9641964 -2.48722e-4 -0.2651894 0.9655257 -8.09297e-5 -0.2603079 0.9838364 -0.006507694 -0.1789521 0.9793825 -0.005063891 -0.2019512 0.964928 -0.00170654 -0.2625094 0.9349668 3.91405e-4 -0.3547353 0.879644 -0.001034677 -0.4756316 0.8796444 -5.15583e-4 -0.4756319 0.8796484 -2.69141e-5 -0.4756246 0.8740907 -2.6128e-4 -0.4857628 0.7628966 2.47856e-4 -0.6465204 0.7448658 -0.00136429 -0.667213 0.7448656 -6.69202e-4 -0.6672143 0.7448707 -1.99655e-4 -0.6672089 0.6263284 0.001143813 -0.7795585 0.5692494 -0.001982152 -0.8221626 0.569251 -9.77096e-4 -0.8221632 0.5692436 -7.20247e-5 -0.822169 0.4631476 0.001426935 -0.88628 0.362353 -0.001823365 -0.9320392 0.3623526 -9.03119e-4 -0.9320406 0.362351 1.01683e-5 -0.9320417 0.2949195 9.58996e-4 -0.9555216 0.1356213 -0.00125885 -0.99076 0.1356202 -6.26716e-4 -0.9907608 0.1356073 5.18872e-5 -0.9907627 0.1144332 -1.5478e-4 -0.993431 -0.1042138 -3.29857e-4 -0.9945549 -0.1026104 -2.35203e-4 -0.9947216 -0.09956169 -5.56456e-5 -0.9950315 -0.09860455 1.64083e-7 -0.9951267 -0.09860461 1.65656e-7 -0.9951267 -0.1042139 3.30265e-4 -0.9945549 0.1144218 1.54175e-4 -0.9934322 0.1356193 0.00125885 -0.9907603 0.1356222 6.18933e-4 -0.9907605 0.135613 -4.41566e-5 -0.9907619 0.2949247 -9.58926e-4 -0.95552 0.362353 0.001823365 -0.9320392 0.3623532 9.00272e-4 -0.9320405 0.3623592 -7.30133e-6 -0.9320386 0.4631438 -0.001426935 -0.886282 0.569251 0.001982152 -0.8221615 0.5692518 9.82374e-4 -0.8221628 0.5692569 6.66955e-5 -0.8221598 0.6263278 -0.001143813 -0.779559 0.7448648 0.00136429 -0.6672141 0.7448658 6.78832e-4 -0.667214 0.7448661 1.89966e-4 -0.667214 0.7629469 -2.52518e-4 -0.6464611 0.8740494 2.55811e-4 -0.4858372 0.8763887 3.75622e-4 -0.4816045 0.8780662 8.13854e-4 -0.4785386 0.8796507 -5.94219e-5 -0.4756205 0.9350304 -3.93343e-4 -0.3545673 0.9648782 0.001696288 -0.2626925 0.9793825 0.005063891 -0.2019512 0.9838364 0.006507694 -0.1789521 0.9878203 0.0081743 -0.1553841 0.9661511 0 -0.2579768 0.9891433 0.1301572 -0.06822603 0.9891408 0.130178 -0.06822288 0.9891229 0.1303257 -0.0682004 0.9891203 0.1303468 -0.06819719 0.9882516 0.1303454 0.07980608 0.9882567 0.1303099 0.07980048 0.9882931 0.1300582 0.07976055 0.9882983 0.1300224 0.07975488 0.9654228 0.1300236 0.2259485 0.9654178 0.1300522 0.2259535 0.965382 0.1302554 0.2259895 0.9653768 0.1302844 0.2259945 0.92099 0.1302769 0.3671585 0.920993 0.1302615 0.3671565 0.9210143 0.1301523 0.3671419 0.9210173 0.1301367 0.3671398 0.8561029 0.1301539 0.5001478 0.8561044 0.1301401 0.5001488 0.8561153 0.1300418 0.5001558 0.8561169 0.1300278 0.5001568 0.7721531 0.1300373 0.6219887 0.7721484 0.1300597 0.6219897 0.7721159 0.1302189 0.6219969 0.7721112 0.1302416 0.621998 0.6709082 0.130224 0.7300163 0.670913 0.13021 0.7300145 0.6709465 0.1301103 0.7300015 0.6709513 0.1300961 0.7299997 0.5548287 0.1300953 0.8217301 0.5548274 0.1300972 0.8217308 0.5548182 0.1301105 0.8217347 0.554817 0.1301124 0.8217353 0.4263347 0.1301119 0.8951591 0.4263351 0.1301174 0.895158 0.4263386 0.1301565 0.8951508 0.4263391 0.1301621 0.8951497 0.2883532 0.1301678 0.9486353 0.2883518 0.1301738 0.9486348 0.2883422 0.130216 0.948632 0.2883409 0.130222 0.9486315 0.143935 0.1302176 0.9809822 0.1439356 0.1302161 0.9809824 0.1439398 0.130205 0.9809832 0.1439404 0.1302035 0.9809833 0.1341837 0.381733 0.9144806 0.1341819 0.3817305 0.9144818 0.134182 0.3817308 0.9144817 0.1341839 0.3817332 0.9144805 0.1152893 0.6077224 0.7857366 0.1152942 0.6077117 0.7857441 0.1152936 0.6077131 0.7857432 0.1152887 0.6077238 0.7857356 0.08853065 0.7925317 0.6033704 0.08853006 0.7925344 0.6033671 0.08853012 0.792534 0.6033675 0.08853077 0.7925313 0.6033709 0.05569249 0.9234902 0.3795579 0.05568933 0.9234918 0.3795545 0.05568975 0.9234917 0.3795551 0.05569297 0.9234901 0.3795585 0.01905119 0.9915696 0.1281673 0.01921916 0.9920324 0.1245087 0.03849422 0.9920698 0.119649 0.03940939 0.9907779 0.1296384 0.03908097 0.9912537 0.1260507 0.0381692 0.9924994 0.1161382 0.05992513 0.9902381 0.1258476 0.05543029 0.992823 0.105973 0.07960122 0.98983 0.1178997 0.07100421 0.9930244 0.09413313 0.0974875 0.9895704 0.1060498 0.08484709 0.9931206 0.08069998 0.1126551 0.9894821 0.09074175 0.09690618 0.9931219 0.06571209 0.1243792 0.9895694 0.07267993 0.1071068 0.9930231 0.04932868 0.1321494 0.9898287 0.05268639 0.1153754 0.9928194 0.0315926 0.1357121 0.990239 0.0317651 0.121627 0.9924963 0.01257014 0.1315541 0.9912441 0.01134896 0.1250833 0.9920718 0.01215869 0.135084 0.9907742 0.01090455 0.1257433 0.9920327 -0.007728874 0.1293304 0.9915636 -0.008680582 0.1269478 0.9918769 -0.008038341 0.1305511 0.9914008 -0.009001016 0.3827278 0.9234841 -0.02639418 0.3827234 0.9234858 -0.02639979 0.382724 0.9234856 -0.02639901 0.3827283 0.923484 -0.02639347 0.6083189 0.7925841 -0.04193675 0.608397 0.7925227 -0.04196453 0.6083865 0.7925309 -0.04196077 0.6083093 0.7925918 -0.04193329 0.7923116 0.6076645 -0.05464679 0.7922046 0.6078068 -0.0546174 0.7922185 0.6077883 -0.05462121 0.7923247 0.6076471 -0.05465042 0.9220603 0.3817889 -0.06357675 0.9221233 0.3816321 -0.0636053 0.9221153 0.381652 -0.06360167 0.9220527 0.3818082 -0.06357324 0.3823902 0.9234855 0.03086245 0.3823877 0.9234864 0.03086328 0.3823711 0.9234931 0.03086888 0.3823685 0.9234942 0.03086978 0.3735128 0.9234957 0.0874291 0.3735157 0.9234945 0.08742928 0.3735352 0.9234866 0.08743029 0.3735384 0.9234853 0.08743041 0.3563622 0.923485 0.1420615 0.3563596 0.9234864 0.1420596 0.3563422 0.9234952 0.142046 0.3563394 0.9234966 0.1420439 0.3312299 0.9234972 0.1934936 0.3312306 0.9234967 0.1934944 0.3312353 0.923494 0.1935001 0.331236 0.9234935 0.1935009 0.2987466 0.9234932 0.2406467 0.2987464 0.923493 0.2406477 0.298745 0.9234916 0.2406547 0.2987448 0.9234914 0.2406559 0.259601 0.9234858 0.282456 0.2595999 0.9234869 0.2824535 0.2595925 0.9234939 0.2824371 0.2595914 0.9234951 0.2824344 0.2146655 0.9235019 0.3179043 0.2146658 0.9235001 0.3179093 0.2146676 0.923488 0.317943 0.2146678 0.9234861 0.3179485 0.1649475 0.9234903 0.3463495 0.1649482 0.9234893 0.3463519 0.1649533 0.9234823 0.346368 0.1649541 0.9234813 0.3463705 0.1115731 0.9234941 0.3670288 0.1115716 0.9234936 0.3670303 0.1115619 0.9234909 0.3670403 0.1115604 0.9234904 0.3670419 0.6078606 0.7925264 0.04906713 0.6078633 0.7925243 0.04906678 0.6078826 0.7925096 0.04906427 0.6078855 0.7925075 0.04906386 0.5938158 0.7925043 0.1389963 0.5938103 0.7925083 0.1389961 0.5937728 0.7925366 0.1389954 0.593767 0.792541 0.1389953 0.5664653 0.7925437 0.225813 0.5664683 0.7925415 0.2258136 0.5664888 0.7925257 0.225818 0.5664919 0.7925232 0.2258187 0.526562 0.7925239 0.3076338 0.5265665 0.79252 0.3076362 0.5265983 0.7924926 0.3076524 0.5266032 0.7924883 0.3076548 0.4749527 0.7924991 0.3825771 0.4749475 0.7925018 0.3825781 0.4749113 0.7925198 0.3825854 0.4749057 0.7925226 0.3825865 0.4126622 0.7925218 0.4490201 0.4126676 0.792519 0.4490201 0.4127053 0.7924994 0.4490202 0.4127111 0.7924963 0.4490202 0.3412737 0.7924963 0.5054522 0.3412726 0.7924969 0.505452 0.3412654 0.7925006 0.505451 0.3412643 0.7925012 0.5054509 0.2622423 0.7925226 0.5505787 0.2622382 0.7925261 0.5505756 0.2622089 0.7925509 0.550554 0.2622044 0.7925546 0.5505506 0.1773474 0.7925494 0.5834495 0.1773487 0.7925462 0.5834535 0.1773576 0.7925235 0.5834817 0.1773589 0.7925201 0.583486 0.9212527 0.381788 0.07437402 0.921317 0.3816375 0.07434976 0.9213091 0.381656 0.07435274 0.7915115 0.6078041 0.06390398 0.7915147 0.6078001 0.06390303 0.7915369 0.6077719 0.06389641 0.7915403 0.6077678 0.0638954 0.7732166 0.6077645 0.1809937 0.7732192 0.6077615 0.1809923 0.773238 0.6077405 0.1809818 0.7732409 0.6077374 0.1809803 0.7376843 0.6077309 0.2940834 0.7376855 0.6077295 0.2940835 0.7376937 0.6077193 0.294084 0.7376949 0.6077178 0.2940841 0.6857095 0.6077173 0.4006024 0.6857054 0.6077237 0.4005997 0.6856765 0.6077689 0.4005805 0.6856722 0.6077757 0.4005776 0.6184077 0.607768 0.4981868 0.6184193 0.6077541 0.4981893 0.6185017 0.6076552 0.4982076 0.618514 0.6076405 0.4982103 0.5374361 0.6076384 0.5847548 0.5374318 0.6076487 0.584748 0.5374015 0.6077216 0.5847 0.537397 0.6077325 0.5846928 0.4443939 0.6077334 0.6581597 0.4443937 0.6077318 0.6581614 0.4443924 0.6077207 0.6581725 0.4443922 0.6077191 0.6581742 0.3414671 0.6077219 0.7169898 0.3414704 0.6077156 0.7169936 0.3414934 0.6076705 0.7170208 0.3414969 0.6076638 0.7170249 0.2309772 0.6076678 0.7598615 0.2309761 0.6076725 0.759858 0.230968 0.6077063 0.7598335 0.2309669 0.6077113 0.7598299 0.899954 0.3817172 0.2106535 0.8999117 0.3818073 0.2106706 0.899917 0.3817963 0.2106685 0.9212445 0.3818072 0.07437711 0.8999594 0.3817057 0.2106513 0.8585459 0.3817799 0.3422618 0.8585749 0.3817188 0.342257 0.8585714 0.3817264 0.3422576 0.8585422 0.3817876 0.3422624 0.7980342 0.3818157 0.4662172 0.7980458 0.3817875 0.46622 0.7980445 0.3817911 0.4662198 0.7980327 0.3818192 0.4662168 0.7197347 0.3818101 0.5798302 0.7197422 0.3818233 0.5798122 0.7197412 0.3818216 0.5798144 0.7197337 0.3818084 0.5798325 0.6254478 0.381791 0.6804783 0.6254355 0.381803 0.6804829 0.625437 0.3818016 0.6804824 0.6254493 0.3817895 0.6804777 0.5171957 0.3817778 0.7659989 0.5171875 0.381792 0.7659974 0.5171886 0.3817903 0.7659977 0.5171968 0.381776 0.7659992 0.3974159 0.3818183 0.8344313 0.3974202 0.3817726 0.8344501 0.3974197 0.3817782 0.8344477 0.3974153 0.3818241 0.8344288 0.2688018 0.3817359 0.8843209 0.2687927 0.3818261 0.8842847 0.2687938 0.381815 0.8842891 0.268803 0.3817244 0.8843255 -0.2125994 0.1305279 -0.9683821 -0.2126016 0.1304981 -0.9683858 -0.2126014 0.1304993 -0.9683856 -0.2121793 0.1108593 -0.9709224 -0.2030841 0.3252787 -0.9235532 -0.1973259 0.3826834 -0.9025608 -0.1965332 0.3826842 -0.9027334 -0.1979798 0.3826654 -0.9024252 -0.1874403 0.492884 -0.8496655 -0.1694305 0.6088363 -0.7749914 -0.1687538 0.6088411 -0.7751354 -0.1697641 0.6088283 -0.7749248 -0.1646322 0.6416789 -0.7490958 -0.1344129 0.778391 -0.6132217 -0.1299391 0.7933307 -0.5947623 -0.1293179 0.7933424 -0.5948822 -0.1304796 0.7933719 -0.594589 -0.101154 0.883899 -0.4566076 -0.0811488 0.9238721 -0.3739991 -0.08022052 0.9238794 -0.3741812 -0.08202832 0.9238889 -0.3737656 -0.06239956 0.9580639 -0.2796782 -0.03020495 0.9892463 -0.1431064 -0.01061266 0.9987733 -0.04836541 -0.03347802 0.987235 -0.1557122 -0.02797734 0.9914512 -0.1274436 -0.0279774 0.9914512 -0.1274437 -0.0820617 0.923874 -0.3737953 -0.0820654 0.9238635 -0.3738202 -0.08206528 0.9238638 -0.3738195 -0.08206158 0.9238739 -0.3737955 -0.1305398 0.7933403 -0.5946181 -0.1305315 0.7933695 -0.5945809 -0.1305317 0.7933684 -0.5945824 -0.13054 0.7933393 -0.5946194 -0.1701155 0.6087821 -0.7748839 -0.1701182 0.6087917 -0.7748758 -0.1701181 0.6087912 -0.7748763 -0.1701152 0.6087825 -0.7748838 -0.1981093 0.3826726 -0.9023938 -0.198113 0.3826763 -0.9023913 -0.1981129 0.3826761 -0.9023915 -0.1981091 0.3826725 -0.9023938 -0.2125852 0.1306386 -0.9683704 -0.2125996 0.1305266 -0.9683823 -0.222246 -0.09063839 -0.9707685 -0.2137187 -0.1305056 -0.9681388 -0.2126551 -0.1304855 -0.9683757 -0.2131161 -0.1305075 -0.9682713 -0.2393046 -0.272781 -0.9318391 -0.2224267 -0.3825507 -0.8967615 -0.239818 -0.4549938 -0.8575943 -0.2209188 -0.6079285 -0.7626388 -0.2260683 -0.6247939 -0.7473459 -0.2111173 -0.7687027 -0.6037598 -0.3547549 -0.7357574 -0.5768968 -0.3533798 -0.7397719 -0.5725908 -0.3537836 -0.7385439 -0.5739251 -0.3515769 -0.8416781 -0.4098436 -0.350938 -0.8428636 -0.4079505 -0.3494483 -0.8455492 -0.403649 -0.5066127 -0.7729858 -0.3818857 -0.5053796 -0.7766574 -0.3760254 -0.5057404 -0.7754732 -0.3779789 -0.5043631 -0.8390923 -0.2038191 -0.5037361 -0.8400224 -0.2015252 -0.5022656 -0.8420902 -0.1965033 -0.6548517 -0.7345824 -0.177646 -0.6535394 -0.7373127 -0.1710444 -0.6539629 -0.7364444 -0.1731539 -0.6430562 -0.7658177 -0.001419663 -0.7763368 -0.6297026 0.02785539 -0.1981457 -0.7914401 -0.5782396 -0.1904915 -0.8791838 -0.436748 -0.3488199 -0.8467124 -0.4017499 -0.3347145 -0.9135875 -0.2309204 -0.3337794 -0.914572 -0.2283629 -0.3317934 -0.9165934 -0.2230911 -0.5016201 -0.8429901 -0.1942813 -0.4846188 -0.8743485 -0.02567684 -0.6400358 -0.7682986 0.008459925 -0.1596214 -0.9209193 -0.3555681 -0.1584323 -0.9529109 -0.2585734 -0.3308532 -0.9175343 -0.220606 -0.306973 -0.9502676 -0.0525285 -0.4805465 -0.8768512 -0.01439112 -0.1148778 -0.9875115 -0.1078158 -0.1159299 -0.9899152 -0.0814144 -0.3020695 -0.9524235 -0.04054135 -0.7783589 -0.6275118 0.01965773 -0.88265 -0.4680981 0.04258316 -0.8838104 -0.4664236 0.03644961 -0.9563043 -0.2876455 0.05236887 -0.9567898 -0.2866775 0.04867738 -0.9936127 -0.09752267 0.05677354 -0.9959142 -0.08835065 0.01869028 -0.9875161 -0.09831738 -0.1230677 -0.970354 -0.07901644 -0.2284066 -0.9475428 -0.09004712 -0.3066825 -0.8845906 -0.06880772 -0.4612646 -0.8719009 -0.07399016 -0.4840602 -0.7615053 -0.06006592 -0.6453696 -0.7395649 -0.1773059 -0.6493123 -0.7388147 -0.176607 -0.650356 -0.7390747 -0.1768652 -0.6499903 -0.6074159 -0.129365 -0.7837797 -0.607128 -0.1291374 -0.7840402 -0.6069917 -0.1290187 -0.7841654 -0.5755959 -0.2108948 -0.7900714 -0.5747584 -0.2098659 -0.7909547 -0.5750501 -0.2102288 -0.7906461 -0.4372772 -0.1268953 -0.8903294 -0.4370922 -0.1267083 -0.8904468 -0.436872 -0.1264465 -0.8905921 -0.40952 -0.1711624 -0.8961009 -0.4089441 -0.170175 -0.8965518 -0.4091315 -0.1705186 -0.8964011 -0.2807427 -0.05671656 -0.9581059 -0.2687326 -0.06898725 -0.9607412 -0.7439641 -0.05016672 -0.6663339 -0.6223511 -0.04914498 -0.781194 -0.6066839 -0.1287883 -0.7844414 -0.4562641 -0.07777369 -0.8864392 -0.4560963 -0.07765614 -0.8865359 -0.456178 -0.07771235 -0.8864889 -0.4366111 -0.1261804 -0.8907577 -0.2899895 -0.0420714 -0.9561047 -0.2805926 -0.0564503 -0.9581655 -0.5567487 -0.02447414 -0.8303203 -0.4645542 -0.03265136 -0.8849425 -0.4557521 -0.07740944 -0.8867343 -0.2962444 -0.02577239 -0.9547644 -0.2897317 -0.04180818 -0.9561945 -0.3343906 -8.66876e-4 -0.9424342 -0.3343788 3.38164e-5 -0.9424389 -0.3343917 -0.001870274 -0.9424324 -0.2993978 -0.008690416 -0.9540889 -0.2960909 -0.02566999 -0.9548149 -0.2690109 -0.06966376 -0.9606145 -0.2548708 -0.07932847 -0.9637157 -0.2549193 -0.07975256 -0.9636679 -0.239095 -0.08645004 -0.9671401 -0.2390915 -0.08721685 -0.9670721 -0.2836966 -0.26155 -0.9225551 -0.2836501 -0.2620999 -0.9224133 -0.2835944 -0.2632697 -0.9220973 -0.2835553 -0.2637226 -0.9219799 -0.3198755 -0.4350531 -0.8416701 -0.3197752 -0.4359176 -0.8412609 -0.3195428 -0.4379154 -0.8403111 -0.3194444 -0.4387429 -0.8399167 -0.3444893 -0.5997497 -0.7222378 -0.3449792 -0.6006425 -0.7212614 -0.3433328 -0.5976431 -0.7245312 -0.3313047 -0.2392579 -0.9126845 -0.331368 -0.2397302 -0.9125375 -0.3315303 -0.2408792 -0.9121759 -0.3315799 -0.241306 -0.9120451 -0.3992198 -0.3980597 -0.8259371 -0.3992611 -0.3987935 -0.825563 -0.3994299 -0.4006857 -0.8245646 -0.3994495 -0.4013957 -0.8242098 -0.4534795 -0.545715 -0.7046641 -0.453476 -0.5467148 -0.703891 -0.4534451 -0.5490593 -0.7020838 -0.4534452 -0.550051 -0.7013069 -0.4901216 -0.6727654 -0.5542271 -0.4899669 -0.6739458 -0.5529282 -0.4896119 -0.6765594 -0.5500432 -0.4894634 -0.6777212 -0.5487437 -0.5069872 -0.7717565 -0.3838699 -0.3733747 -0.2086305 -0.9039163 -0.3734853 -0.2089414 -0.9037988 -0.373804 -0.2098708 -0.9034517 -0.3739057 -0.2101938 -0.9033344 -0.4692867 -0.3468896 -0.8120577 -0.4694743 -0.3475975 -0.8116464 -0.4698748 -0.3490803 -0.8107778 -0.4700691 -0.3497166 -0.8103909 -0.5498965 -0.4758217 -0.6864455 -0.5500851 -0.4767389 -0.6856576 -0.5504289 -0.4786275 -0.6840642 -0.5506037 -0.4794759 -0.6833291 -0.6095009 -0.5868797 -0.5329924 -0.6095183 -0.5878782 -0.5318709 -0.6097016 -0.5901676 -0.5291184 -0.6097353 -0.5911489 -0.5279829 -0.6447816 -0.674102 -0.3603377 -0.6446639 -0.6750325 -0.358803 -0.6443909 -0.6772079 -0.3551759 -0.6442259 -0.6781429 -0.3536882 -0.6552615 -0.7337114 -0.179722 -0.4097195 -0.1715091 -0.8959434 -0.5287178 -0.2832471 -0.800143 -0.5289772 -0.2837118 -0.7998067 -0.5294842 -0.2847312 -0.7991088 -0.5758665 -0.2112274 -0.7897854 -0.6950319 -0.287968 -0.6587906 -0.6953083 -0.2883611 -0.6583269 -0.6959582 -0.2893028 -0.6572261 -0.7398352 -0.177562 -0.6489343 -0.8438354 -0.218185 -0.490242 -0.8440434 -0.2184222 -0.4897782 -0.844538 -0.2190107 -0.4886615 -0.5297105 -0.2851651 -0.7988039 -0.342858 -0.5967394 -0.7255002 -0.6316363 -0.3884134 -0.6709476 -0.6319163 -0.3890681 -0.6703044 -0.6325386 -0.390564 -0.6688459 -0.6327934 -0.3912141 -0.6682246 -0.7108402 -0.4794199 -0.5146483 -0.7110443 -0.4801767 -0.51366 -0.7114912 -0.481784 -0.5115315 -0.7116809 -0.4824931 -0.5105984 -0.7619463 -0.5509628 -0.3404087 -0.7619948 -0.5517232 -0.3390655 -0.7621112 -0.5534976 -0.3358972 -0.7621496 -0.5542462 -0.334573 -0.7837536 -0.6004076 -0.1588746 -0.7835591 -0.6011222 -0.157122 -0.7831423 -0.602615 -0.1534382 -0.7829457 -0.6033141 -0.1516841 -0.3551595 -0.7344767 -0.5782783 -0.7905573 -0.3575835 -0.4971451 -0.7903171 -0.3571377 -0.4978471 -0.7897267 -0.3560074 -0.4995903 -0.7894809 -0.3555144 -0.5003293 -0.6962299 -0.2896959 -0.656765 -0.9162924 -0.2518591 -0.3114087 -0.9158256 -0.2510088 -0.3134615 -0.9159823 -0.2512874 -0.3127799 -0.8447543 -0.2192429 -0.4881831 -0.8529091 -0.4088343 -0.3246546 -0.8530652 -0.4093744 -0.323562 -0.8533749 -0.4104776 -0.3213404 -0.8535178 -0.4109978 -0.3202939 -0.8837064 -0.4458562 -0.1423918 -0.8836646 -0.446357 -0.1410762 -0.8835741 -0.4474053 -0.1382946 -0.8835422 -0.4478651 -0.137004 -0.9529754 -0.2747356 -0.1278998 -0.9528676 -0.2738832 -0.1305052 -0.9528997 -0.2741304 -0.1297491 -0.9164495 -0.2521471 -0.3107125 -0.9530023 -0.2749819 -0.1271674 -0.3343891 -3.70907e-5 -0.9424352 -0.334381 4.83813e-7 -0.9424381 -0.5569152 0 -0.8305695 -0.5569169 0 -0.8305683 -0.5569168 0 -0.8305683 -0.5569152 0 -0.8305695 -0.7449031 0 -0.6671728 -0.7449029 0 -0.6671729 -0.744903 0 -0.6671729 -0.7449038 0 -0.667172 -0.8866927 2.24375e-6 -0.4623595 -0.886693 0 -0.4623588 -0.886692 2.15499e-6 -0.4623606 -0.9734138 2.15479e-6 -0.2290536 -0.973397 0 -0.2291252 -0.9733977 1.77594e-7 -0.2291223 -0.9734142 2.24355e-6 -0.2290522 -0.9998254 0 0.01868766 -0.9998241 4.48729e-6 0.01876276 -0.9998241 4.30968e-6 0.01875972 -0.9998255 0 0.01868611 -0.9998255 0 0.01868617 -0.9998254 0 0.01868617 -0.9734141 0 -0.229053 -0.9734141 0 -0.229053 -0.9734144 0 -0.2290517 -0.9734144 0 -0.2290516 -0.8866617 0 -0.4624187 -0.8866618 0 -0.4624188 -0.8866614 0 -0.4624192 -0.8866621 0 -0.4624181 -0.7449405 0 -0.6671309 -0.7449406 0 -0.6671308 -0.7449408 1.86972e-6 -0.6671305 -0.7449401 1.79576e-6 -0.6671314 -0.5568816 0 -0.8305919 -0.556883 0 -0.8305911 -0.556915 1.25692e-6 -0.8305696 -0.5569155 1.3087e-6 -0.8305692 -0.3343893 8.63794e-4 -0.9424347 -0.3343662 0 -0.9424433 -0.02740412 -0.9916881 -0.1257132 -0.02797687 -0.99145 -0.1274536 -0.02798026 -0.9914474 -0.1274722 -0.02797675 -0.99145 -0.127453 -0.08206468 -0.9238744 -0.3737935 -0.08206695 -0.9238637 -0.3738195 -0.08206683 -0.923864 -0.3738187 -0.08206462 -0.9238744 -0.3737936 -0.1305412 -0.7933425 -0.5946147 -0.1305358 -0.7933427 -0.5946156 -0.1305359 -0.7933425 -0.5946159 -0.1305412 -0.7933421 -0.5946153 -0.1701081 -0.6088306 -0.7748475 -0.1701177 -0.6087722 -0.7748913 -0.1701173 -0.6087735 -0.7748903 -0.1701079 -0.6088301 -0.7748479 -0.1981098 -0.3826395 -0.9024077 -0.1981117 -0.3826711 -0.9023938 -0.1981116 -0.38267 -0.9023943 -0.1981096 -0.3826391 -0.902408 -0.2125847 -0.1304525 -0.9683956 -0.2125908 -0.1305357 -0.9683831 -0.2125992 -0.130514 -0.9683842 -0.2125995 -0.1305132 -0.9683841 -0.1981087 -0.3826313 -0.9024115 -0.1981087 -0.3826318 -0.9024112 -0.198107 -0.3826492 -0.9024041 -0.198107 -0.3826494 -0.902404 -0.1701223 -0.6087887 -0.7748773 -0.1701222 -0.6087883 -0.7748777 -0.1701158 -0.608773 -0.7748911 -0.1701157 -0.6087738 -0.7748904 -0.1305318 -0.7933735 -0.5945754 -0.1305319 -0.7933723 -0.5945771 -0.1305349 -0.7933328 -0.5946291 -0.1305351 -0.7933325 -0.5946295 -0.082071 -0.9238764 -0.3737872 -0.08207088 -0.9238759 -0.3737885 -0.08206653 -0.9238592 -0.3738307 -0.08206647 -0.9238592 -0.3738309 -0.01861244 -0.9912098 -0.1309845 -0.02798044 -0.9914515 -0.1274402 -0.2993442 0.008691847 -0.9541056 -0.334388 0.00186187 -0.9424337 -0.4645513 0.03263658 -0.8849447 -0.5567163 0.02446359 -0.8303425 -0.6223267 0.0491442 -0.7812134 -0.7440022 0.05016893 -0.6662911 -0.7615189 0.06004703 -0.6453552 -0.8719072 0.07396864 -0.4840523 -0.8446456 0.2186758 -0.4886255 -0.8436844 0.2187941 -0.4902306 -0.8439828 0.2187507 -0.4897361 -0.9166778 0.2514272 -0.3106225 -0.9164441 0.2514916 -0.3112594 -0.9159066 0.2516334 -0.3127233 -0.8536553 0.4099546 -0.321263 -0.8523431 0.409936 -0.3247521 -0.8527393 0.4099439 -0.3237002 -0.8841481 0.446713 -0.1368559 -0.8838936 0.446805 -0.1381943 -0.8833365 0.4469996 -0.1410961 -0.7837459 0.6018974 -0.153173 -0.7826051 0.6018359 -0.159132 -0.7829406 0.6018708 -0.1573394 -0.7775263 0.6282216 0.02811807 -0.6412447 0.7673344 -0.001838624 -0.8845587 0.0688014 -0.4613268 -0.9475767 0.09005987 -0.3065744 -0.9156774 0.2517126 -0.3133302 -0.9532523 0.2741543 -0.1270814 -0.9531025 0.2742748 -0.1279422 -0.9527732 0.2745274 -0.1298393 -0.8830813 0.4470742 -0.1424512 -0.8832993 0.4668574 0.04273998 -0.7771601 0.6290016 0.01947468 -0.9703703 0.07903391 -0.2283311 -0.9875001 0.09830379 -0.1232074 -0.9526158 0.2746534 -0.1307244 -0.9565299 0.2868432 0.0526455 -0.883145 0.4676696 0.03660923 -0.9959173 0.08833068 0.01861131 -0.9936115 0.09752339 0.05679476 -0.9565315 0.2875316 0.0487166 -0.6418056 0.7668134 0.009101331 -0.4822502 0.8756526 -0.02583116 -0.4828737 0.875577 -0.01406753 -0.3041839 0.9511249 -0.05323231 -0.3048352 0.9515766 -0.03971827 -0.1159289 0.9899326 -0.08120399 -0.1148627 0.9874987 -0.1079491 -0.1583796 0.9528958 -0.2586614 -0.1595711 0.9209823 -0.3554275 -0.1905426 0.879148 -0.436798 -0.1981831 0.7914509 -0.5782119 -0.2111428 0.7686669 -0.6037963 -0.2261046 0.6247975 -0.7473318 -0.3433108 0.5976353 -0.7245479 -0.3449428 0.6006402 -0.7212808 -0.3444418 0.5997267 -0.7222796 -0.3187706 0.4354575 -0.8418801 -0.3191785 0.4361513 -0.8413662 -0.3200641 0.4377271 -0.8402107 -0.3988072 0.3991332 -0.8256183 -0.4004068 0.4009423 -0.8239657 -0.3999205 0.4003858 -0.8244725 -0.3308312 0.2396359 -0.9127571 -0.3311337 0.2399646 -0.9125609 -0.3317922 0.2406908 -0.9121305 -0.3733034 0.2091928 -0.9038158 -0.3743354 0.2099457 -0.9032142 -0.3739771 0.2096884 -0.9034224 -0.268607 0.06915324 -0.9607644 -0.2808443 0.05666857 -0.9580789 -0.220918 0.6078159 -0.7627288 -0.2398412 0.454971 -0.8576 -0.3204684 0.4384505 -0.8396793 -0.283075 0.2617892 -0.9226782 -0.2833041 0.2621999 -0.9224913 -0.2838891 0.2631846 -0.9220309 -0.3321138 0.2410562 -0.9119169 -0.2547291 0.07938128 -0.9637488 -0.2691642 0.06954932 -0.9605799 -0.2224513 0.382583 -0.8967418 -0.2393024 0.2728103 -0.931831 -0.2841511 0.2636266 -0.9218239 -0.2390922 0.08708626 -0.9670837 -0.2390784 0.08720046 -0.9670769 -0.2390818 0.08707386 -0.9670875 -0.2390983 0.08646446 -0.967138 -0.2131045 0.1305159 -0.9682728 -0.2127847 0.1304925 -0.9683462 -0.213703 0.130514 -0.968141 -0.2222584 0.0906226 -0.9707671 -0.255069 0.07972377 -0.9636307 -0.2805423 0.05653423 -0.9581754 -0.2900524 0.04197096 -0.95609 -0.2896527 0.04188072 -0.9562152 -0.2962059 0.02570855 -0.9547781 -0.2960352 0.02570688 -0.9548311 -0.4563552 0.07760828 -0.8864067 -0.4562541 0.07760614 -0.886459 -0.4562346 0.07760798 -0.8864688 -0.4557207 0.07760667 -0.8867334 -0.6075341 0.1290943 -0.7837328 -0.6071392 0.1290946 -0.7840386 -0.6069052 0.1291054 -0.7842181 -0.6066041 0.1291058 -0.784451 -0.7399609 0.1770727 -0.6489247 -0.7396675 0.1770904 -0.6492543 -0.7389367 0.1771229 -0.6500769 -0.7386958 0.1771399 -0.6503461 -0.8449348 0.2186357 -0.4881431 -0.4374504 0.1266688 -0.8902766 -0.437096 0.1265906 -0.8904618 -0.4368568 0.1265367 -0.8905868 -0.4365215 0.1264638 -0.8907614 -0.5761396 0.2107357 -0.7897175 -0.5757571 0.2106483 -0.7900197 -0.5749505 0.2104884 -0.7906495 -0.5745605 0.2104007 -0.7909563 -0.6966564 0.2890383 -0.6566025 -0.6961627 0.2889387 -0.6571697 -0.6951967 0.288775 -0.6582633 -0.6946721 0.2886692 -0.6588634 -0.7910435 0.3567201 -0.4969919 -0.7905611 0.3566698 -0.4977949 -0.7894607 0.3565227 -0.4996433 -0.7889875 0.3564471 -0.5004439 -0.8540615 0.4099673 -0.3201655 -0.4099733 0.1711394 -0.895898 -0.4097086 0.1710209 -0.8960418 -0.4089512 0.1706714 -0.8964542 -0.4087129 0.170565 -0.8965832 -0.530243 0.2846871 -0.7986212 -0.52982 0.2844796 -0.7989757 -0.528802 0.2840172 -0.7998143 -0.5283008 0.2837992 -0.8002226 -0.6335532 0.3904498 -0.6679516 -0.6329228 0.3901629 -0.6687164 -0.6316189 0.3895957 -0.6702781 -0.6310239 0.389334 -0.6709903 -0.7125453 0.4814989 -0.5103313 -0.7119586 0.4812604 -0.511374 -0.7106046 0.4807118 -0.5137678 -0.7100201 0.4804814 -0.5147903 -0.7631794 0.5529575 -0.3343583 -0.7626388 0.5527812 -0.33588 -0.7614695 0.5524207 -0.3391098 -0.7609195 0.5522531 -0.3406144 -0.7840973 0.6019037 -0.1513394 -0.3729806 0.2089458 -0.9040062 -0.4707546 0.3491685 -0.8102293 -0.4702544 0.3487809 -0.8106867 -0.4691137 0.3479362 -0.8117098 -0.3983401 0.3985841 -0.8261089 -0.4547845 0.549441 -0.7009178 -0.4542045 0.5487738 -0.701816 -0.4528708 0.5472297 -0.7038806 -0.3428241 0.5967509 -0.7255068 -0.3553155 0.73926 -0.5720539 -0.3548344 0.7383664 -0.5735048 -0.3537074 0.7362332 -0.5769331 -0.4686434 0.3475906 -0.8121294 -0.5516583 0.4787744 -0.6829702 -0.551016 0.4782947 -0.6838243 -0.5495904 0.4772211 -0.685719 -0.5489622 0.4767537 -0.6865469 -0.611058 0.5900817 -0.5276474 -0.6103656 0.5895854 -0.5290019 -0.6088814 0.5885055 -0.5319069 -0.6082062 0.5880091 -0.5332267 -0.6457269 0.6769534 -0.3532292 -0.6451396 0.6765772 -0.3550187 -0.6438466 0.6757183 -0.3589797 -0.6432633 0.675335 -0.3607425 -0.6552139 0.7358804 -0.1708063 -0.6548306 0.7357008 -0.1730358 -0.6539849 0.7353231 -0.1777741 -0.653577 0.7351563 -0.1799512 -0.4884134 0.6736982 -0.5546019 -0.489068 0.6744478 -0.5531119 -0.4905883 0.6762229 -0.549587 -0.4912295 0.6769737 -0.548088 -0.4522954 0.5465463 -0.7047809 -0.3496832 0.8431428 -0.4084507 -0.3511759 0.8459516 -0.4012998 -0.3507502 0.8451191 -0.4034206 -0.3532359 0.7353563 -0.5783387 -0.50733 0.7754806 -0.3758275 -0.5067749 0.7748925 -0.3777841 -0.5055691 0.7735289 -0.3821688 -0.505024 0.7729097 -0.3841372 -0.5038344 0.8418661 -0.1934229 -0.5034456 0.8414619 -0.1961749 -0.5025518 0.8406772 -0.2017517 -0.5021262 0.8402813 -0.2044423 -0.3324051 0.9150223 -0.2285635 -0.3334388 0.916728 -0.2200649 -0.3331181 0.9162226 -0.2226397 -0.3492224 0.8423248 -0.4105273 -0.3320993 0.9144887 -0.2311291 -0.01711255 -0.9917528 -0.1270189 -0.01774406 -0.9915042 -0.128859 -0.05272823 -0.9234495 -0.3800799 -0.05273336 -0.923448 -0.380083 -0.05272889 -0.9234494 -0.3800804 -0.05273395 -0.9234478 -0.3800834 -0.08381742 -0.7924475 -0.6041538 -0.08381116 -0.7924823 -0.6041089 -0.08381664 -0.7924518 -0.604148 -0.08381044 -0.7924864 -0.6041036 -0.1091406 -0.6075798 -0.7867244 -0.1091391 -0.6075938 -0.7867137 -0.1091404 -0.6075816 -0.786723 -0.1091389 -0.6075955 -0.7867125 -0.1270083 -0.3816654 -0.9155329 -0.1270175 -0.3816477 -0.915539 -0.1270094 -0.3816632 -0.9155337 -0.1270186 -0.3816456 -0.9155397 -0.1362459 -0.1300909 -0.9820965 -0.1362442 -0.1301258 -0.9820921 0.01849669 -0.1301124 -0.9913268 0.01849645 -0.1301135 -0.9913266 0.01849478 -0.1301214 -0.9913256 0.0184946 -0.1301225 -0.9913255 0.1727994 -0.1301231 -0.9763239 0.1727985 -0.1301297 -0.9763232 0.1727913 -0.130178 -0.9763181 0.1727903 -0.1301844 -0.9763174 0.3228426 -0.1301966 -0.9374548 0.3228448 -0.1301838 -0.9374559 0.322861 -0.130088 -0.9374636 0.3228632 -0.1300753 -0.9374647 0.465057 -0.1300684 -0.8756737 0.4650548 -0.1300764 -0.8756735 0.4650394 -0.1301357 -0.8756729 0.4650374 -0.1301435 -0.8756729 0.5958425 -0.1301461 -0.7924858 0.5958428 -0.1301472 -0.7924854 0.5958452 -0.1301558 -0.7924823 0.5958455 -0.1301569 -0.7924819 0.7120863 -0.1301536 -0.6899226 0.7120891 -0.1301473 -0.6899209 0.7121101 -0.130101 -0.6899079 0.7121129 -0.1300949 -0.6899062 0.8109194 -0.1300716 -0.5705185 0.8109219 -0.1300713 -0.5705149 0.8109408 -0.1300694 -0.5704885 0.8109433 -0.1300692 -0.5704849 0.8899412 -0.1300631 -0.4371365 0.8899425 -0.1300628 -0.4371342 0.8899514 -0.1300604 -0.4371166 0.8899526 -0.1300601 -0.4371142 0.9472036 -0.1300513 -0.2930735 0.947202 -0.1300615 -0.293074 0.9471908 -0.1301364 -0.2930772 0.9471893 -0.1301463 -0.2930776 0.9812957 -0.1301539 -0.1418402 0.9812992 -0.1301313 -0.1418375 0.9813244 -0.1299632 -0.1418169 0.9813278 -0.1299409 -0.1418142 0.99144 -0.1299297 0.01285338 0.9914373 -0.1299506 0.01284992 0.9914172 -0.130106 0.01282411 0.9914145 -0.1301267 0.01282072 0.9772958 -0.1301172 0.1672202 0.9772962 -0.1301112 0.1672218 0.9773002 -0.1300671 0.1672335 0.9773007 -0.1300612 0.1672351 0.9392898 -0.1300668 0.3175178 0.9392894 -0.1300693 0.3175175 0.9392873 -0.1300882 0.3175162 0.9392871 -0.1300907 0.317516 0.8783105 -0.1300947 0.4600501 0.8783103 -0.1300988 0.4600495 0.8783086 -0.1301289 0.4600442 0.8783083 -0.1301329 0.4600435 0.7958778 -0.1301324 0.5913072 0.7958772 -0.1301229 0.5913101 0.7958728 -0.130052 0.5913317 0.7958722 -0.1300426 0.5913345 0.6939581 -0.130046 0.7081738 0.6939595 -0.1300626 0.7081695 0.6939694 -0.1301864 0.708137 0.6939707 -0.1302028 0.7081327 0.5751235 -0.1301934 0.8076403 0.5751217 -0.1301715 0.807645 0.5751084 -0.1300093 0.8076806 0.5751067 -0.1299878 0.8076853 0.4421811 -0.1300053 0.887454 0.4421832 -0.1300188 0.8874509 0.4421991 -0.130119 0.8874284 0.4422011 -0.1301324 0.8874254 0.2984566 -0.1301328 0.94551 0.2984559 -0.1301327 0.9455102 0.2984505 -0.130132 0.945512 0.2984498 -0.1301319 0.9455122 0.1474256 -0.1301361 0.9804746 0.1474258 -0.1301397 0.9804741 0.1474279 -0.1301656 0.9804702 0.1474282 -0.1301691 0.9804698 0.1374377 -0.3816335 0.9140387 0.1374374 -0.3816321 0.9140394 0.1374353 -0.3816213 0.9140442 0.137435 -0.3816198 0.9140449 0.2782383 -0.3816352 0.8814408 0.2782376 -0.3816356 0.881441 0.2782322 -0.3816381 0.8814417 0.2782315 -0.3816384 0.8814417 0.412207 -0.381639 0.8273072 0.4122064 -0.3816459 0.8273043 0.4122028 -0.381698 0.827282 0.4122023 -0.3817052 0.827279 0.5361396 -0.3817148 0.7528933 0.5361386 -0.3817028 0.7529 0.536131 -0.3816128 0.752951 0.53613 -0.3816005 0.752958 0.6469535 -0.3816095 0.6601708 0.6469516 -0.3816202 0.6601665 0.6469364 -0.3817011 0.6601345 0.6469343 -0.3817122 0.6601301 0.7419276 -0.3816931 0.5512294 0.7419298 -0.3816873 0.5512306 0.7419464 -0.3816432 0.5512387 0.7419487 -0.3816372 0.5512397 0.8187872 -0.3816275 0.4288916 0.8187871 -0.3816323 0.4288877 0.8187857 -0.3816686 0.4288579 0.8187856 -0.3816736 0.4288539 0.8756181 -0.3816722 0.2960059 0.8756165 -0.3816796 0.2960011 0.8756045 -0.3817354 0.2959645 0.8756029 -0.3817431 0.2959595 0.9110285 -0.3817421 0.155885 0.9110316 -0.3817341 0.1558864 0.911055 -0.3816739 0.1558972 0.9110582 -0.3816657 0.1558986 0.9242224 -0.3816666 0.01198363 0.924224 -0.381663 0.0119841 0.9242354 -0.381635 0.01198768 0.924237 -0.3816313 0.01198816 0.9148066 -0.3816311 -0.1322373 0.9148033 -0.3816387 -0.1322377 0.9147788 -0.3816962 -0.1322414 0.9147755 -0.381704 -0.1322419 0.8829872 -0.3816958 -0.2732073 0.8829865 -0.3816974 -0.2732071 0.8829815 -0.3817098 -0.2732055 0.8829809 -0.3817115 -0.2732053 0.8296094 -0.3817137 -0.4074838 0.8296105 -0.3817103 -0.4074848 0.8296188 -0.3816841 -0.4074921 0.82962 -0.3816806 -0.4074931 0.7559657 -0.3816801 -0.5318235 0.7559637 -0.3816853 -0.5318226 0.7559487 -0.3817241 -0.5318161 0.7559466 -0.3817294 -0.5318152 0.6637919 -0.381721 -0.6431715 0.6637998 -0.3817124 -0.6431683 0.6638597 -0.3816482 -0.6431446 0.663868 -0.3816394 -0.6431414 0.5554628 -0.3816189 -0.7388018 0.5554632 -0.381623 -0.7387995 0.5554658 -0.3816536 -0.7387816 0.5554662 -0.3816577 -0.7387793 0.4335364 -0.3816605 -0.816322 0.4335337 -0.3816668 -0.8163204 0.4335137 -0.3817147 -0.8163086 0.433511 -0.3817213 -0.8163071 0.3009543 -0.3817057 -0.873915 0.3009589 -0.381688 -0.8739212 0.3009939 -0.3815541 -0.8739675 0.3009986 -0.3815357 -0.873974 0.1611003 -0.3815778 -0.9101896 0.161097 -0.3815874 -0.9101862 0.1610721 -0.3816597 -0.9101603 0.1610687 -0.3816697 -0.9101567 0.01724344 -0.3816923 -0.9241287 0.01724368 -0.3816898 -0.9241296 0.01724535 -0.3816713 -0.9241372 0.01724559 -0.3816688 -0.9241384 0.1180961 -0.607589 0.7854228 0.1180965 -0.6075928 0.78542 0.1180995 -0.6076206 0.785398 0.1180999 -0.6076245 0.7853948 0.2390846 -0.6076409 0.7573712 0.239083 -0.6076384 0.7573736 0.2390708 -0.6076199 0.7573924 0.2390692 -0.6076173 0.757395 0.3542062 -0.6076477 0.7108463 0.354206 -0.6076418 0.7108513 0.354205 -0.6075978 0.7108894 0.3542048 -0.6075916 0.7108948 0.4607068 -0.6076022 0.646969 0.4607068 -0.6075996 0.6469714 0.4607067 -0.6075803 0.6469896 0.4607067 -0.6075776 0.6469922 0.5559114 -0.6075571 0.5673067 0.5559097 -0.6075646 0.5673004 0.555897 -0.6076202 0.5672532 0.5558953 -0.6076281 0.5672466 0.6375038 -0.6076392 0.4736702 0.6375088 -0.6076304 0.4736749 0.6375463 -0.6075641 0.4737095 0.6375516 -0.6075547 0.4737144 0.7036021 -0.6075473 0.3685517 0.7035965 -0.6075587 0.3685435 0.7035547 -0.607645 0.3684812 0.7035487 -0.6076572 0.3684724 0.7523751 -0.6076586 0.2543277 0.7523795 -0.6076531 0.2543285 0.7524115 -0.6076112 0.254334 0.7524159 -0.6076052 0.2543348 0.7828575 -0.6076081 0.1339645 0.782857 -0.6076092 0.133963 0.7828528 -0.6076172 0.1339519 0.7828521 -0.6076183 0.1339502 0.7941561 -0.6076266 0.010306 0.7941487 -0.6076362 0.01030296 0.7940935 -0.6077087 0.01028025 0.7940857 -0.607719 0.01027703 0.7859804 -0.6077213 -0.1136217 0.7859905 -0.6077084 -0.1136202 0.7860673 -0.6076114 -0.1136081 0.7860781 -0.6075977 -0.1136064 0.7587571 -0.6075971 -0.2347627 0.7587602 -0.6075932 -0.2347632 0.7587828 -0.6075636 -0.2347664 0.7587861 -0.6075594 -0.2347669 0.7129117 -0.6075598 -0.3501831 0.7129145 -0.6075575 -0.3501809 0.7129365 -0.6075411 -0.3501647 0.7129397 -0.6075388 -0.3501624 0.649621 -0.6075413 -0.4570406 0.649619 -0.6075453 -0.4570382 0.6496035 -0.6075758 -0.4570196 0.6496013 -0.6075801 -0.4570171 0.5704411 -0.6075713 -0.5526791 0.5704419 -0.6075713 -0.5526782 0.5704477 -0.6075712 -0.5526723 0.5704485 -0.6075712 -0.5526716 0.477307 -0.6075618 -0.6348596 0.4773084 -0.6075624 -0.634858 0.4773187 -0.607567 -0.6348459 0.4773201 -0.6075677 -0.6348441 0.3725394 -0.6075702 -0.7014791 0.3725387 -0.6075667 -0.7014825 0.3725331 -0.6075403 -0.7015084 0.3725323 -0.6075366 -0.701512 0.2586531 -0.6075758 -0.7509662 0.258648 -0.6075805 -0.7509642 0.2586101 -0.6076157 -0.7509488 0.2586048 -0.6076207 -0.7509467 0.1384073 -0.6076466 -0.7820545 0.1384083 -0.6076384 -0.7820607 0.1384162 -0.6075765 -0.7821072 0.1384174 -0.6075678 -0.7821139 0.01481938 -0.6075774 -0.7941222 0.01481914 -0.6075786 -0.7941213 0.01481753 -0.607588 -0.7941142 0.01481729 -0.6075893 -0.7941132 0.09069448 -0.7924608 0.6031422 0.09069448 -0.7924607 0.6031423 0.09069448 -0.7924603 0.6031429 0.09069448 -0.7924602 0.603143 0.1836016 -0.7925014 0.5815774 0.183601 -0.7924949 0.5815864 0.1835964 -0.7924467 0.5816534 0.1835958 -0.7924397 0.5816631 0.272009 -0.7924594 0.5459114 0.2720079 -0.7924606 0.5459102 0.2720002 -0.7924693 0.5459015 0.2719991 -0.7924705 0.5459002 0.3537638 -0.7924948 0.4967929 0.353764 -0.7924918 0.4967975 0.3537652 -0.7924704 0.4968308 0.3537654 -0.7924672 0.4968357 0.4268967 -0.792483 0.4355802 0.4268977 -0.7924812 0.4355823 0.4269056 -0.7924681 0.4355984 0.4269067 -0.7924662 0.4356008 0.4895743 -0.7924583 0.3637679 0.4895733 -0.79246 0.3637653 0.4895663 -0.7924733 0.3637459 0.4895653 -0.7924752 0.3637431 0.540283 -0.7924657 0.2830062 0.5402882 -0.7924625 0.2830051 0.540327 -0.7924391 0.2829968 0.5403326 -0.7924356 0.2829957 0.5778429 -0.7924257 0.1953441 0.5778458 -0.7924239 0.1953426 0.5778673 -0.7924107 0.1953321 0.5778705 -0.7924089 0.1953306 0.6012522 -0.7924063 0.1028995 0.6012465 -0.7924111 0.1028947 0.6012048 -0.7924474 0.1028593 0.6011987 -0.7924526 0.1028541 0.6098849 -0.7924507 0.00789839 0.6098887 -0.7924479 0.007898688 0.609917 -0.792426 0.007900834 0.6099211 -0.7924228 0.007901132 0.6036978 -0.792424 -0.08725452 0.6036951 -0.7924261 -0.0872544 0.6036754 -0.7924412 -0.08725357 0.6036725 -0.7924434 -0.08725345 0.5826886 -0.792446 -0.180287 0.5826865 -0.7924479 -0.1802858 0.5826706 -0.7924617 -0.1802765 0.5826683 -0.7924637 -0.1802751 0.5474506 -0.792463 -0.2688872 0.5474488 -0.7924642 -0.2688874 0.5474354 -0.792473 -0.2688887 0.5474334 -0.7924743 -0.2688888 0.4988273 -0.7924686 -0.3509488 0.498831 -0.7924666 -0.3509478 0.498858 -0.792453 -0.3509403 0.4988619 -0.792451 -0.3509392 0.4380612 -0.7924354 -0.424439 0.4380565 -0.7924429 -0.4244303 0.4380214 -0.7924972 -0.4243648 0.4380163 -0.7925052 -0.4243553 0.3665118 -0.7924978 -0.4874591 0.3665141 -0.792495 -0.4874619 0.3665308 -0.7924747 -0.4874823 0.3665333 -0.7924717 -0.4874853 0.2860674 -0.792477 -0.5386518 0.2860676 -0.7924771 -0.5386517 0.2860689 -0.7924774 -0.5386503 0.2860691 -0.7924774 -0.5386501 0.1986017 -0.7924617 -0.5766817 0.1986002 -0.7924637 -0.5766796 0.1985893 -0.7924779 -0.5766637 0.1985878 -0.7924801 -0.5766614 0.106293 -0.7924861 -0.600556 0.1062945 -0.7924824 -0.6005606 0.1063059 -0.792455 -0.6005949 0.1063076 -0.7924511 -0.6005999 0.01137888 -0.7924466 -0.6098353 0.01137858 -0.7924463 -0.6098355 0.01137626 -0.7924446 -0.609838 0.0113759 -0.7924443 -0.6098383 0.05706202 -0.9234622 0.3794227 0.05706167 -0.9234581 0.3794328 0.0570591 -0.9234283 0.3795058 0.05705875 -0.9234237 0.3795167 0.115517 -0.92345 0.3659182 0.1155164 -0.9234484 0.3659222 0.1155117 -0.9234375 0.3659512 0.1155111 -0.9234359 0.3659557 0.1711367 -0.9234464 0.3434517 0.1711363 -0.9234459 0.3434534 0.1711327 -0.9234418 0.3434658 0.1711322 -0.9234412 0.3434677 0.2225752 -0.9234445 0.3125874 0.2225741 -0.9234455 0.3125846 0.2225667 -0.9234541 0.3125647 0.2225657 -0.9234554 0.3125618 0.2685572 -0.9234513 0.2740712 0.2685604 -0.9234496 0.2740735 0.2685837 -0.923438 0.2740897 0.2685872 -0.9234363 0.2740922 0.3080305 -0.923434 0.2288818 0.3080272 -0.9234362 0.2288774 0.3080033 -0.9234519 0.2288462 0.3079997 -0.9234544 0.2288415 0.3399005 -0.9234508 0.1780625 0.3399037 -0.9234499 0.1780614 0.3399263 -0.9234431 0.1780532 0.3399298 -0.9234421 0.178052 0.3635276 -0.9234411 0.1228994 0.3635261 -0.9234419 0.1228981 0.3635146 -0.9234478 0.1228882 0.3635129 -0.9234486 0.1228866 0.3782263 -0.9234485 0.06471496 0.3782268 -0.9234482 0.06471431 0.3782308 -0.9234469 0.06470966 0.3782315 -0.9234468 0.06470894 0.3836963 -0.923446 0.00497812 0.3836982 -0.9234452 0.004977822 0.3837125 -0.9234393 0.004975438 0.3837146 -0.9234384 0.00497508 0.3797948 -0.9234403 -0.05490022 0.3797929 -0.9234411 -0.05489903 0.3797788 -0.9234474 -0.05489015 0.3797767 -0.9234484 -0.05488884 0.3665747 -0.9234486 -0.1134275 0.3665765 -0.923448 -0.1134266 0.3665898 -0.9234434 -0.11342 0.3665918 -0.9234429 -0.1134189 0.3444269 -0.9234434 -0.1691815 0.3444279 -0.9234431 -0.1691814 0.3444346 -0.9234407 -0.1691807 0.3444356 -0.9234403 -0.1691806 0.3138499 -0.9234387 -0.2208155 0.3138487 -0.9234398 -0.2208124 0.3138395 -0.9234481 -0.2207905 0.3138381 -0.9234494 -0.2207872 0.2755842 -0.9234443 -0.2670282 0.2755847 -0.9234452 -0.2670246 0.2755878 -0.9234519 -0.2669979 0.2755883 -0.9234529 -0.2669939 0.2306036 -0.923448 -0.3067018 0.2306036 -0.9234483 -0.3067005 0.2306039 -0.9234515 -0.3066908 0.230604 -0.923452 -0.3066893 0.1799765 -0.9234436 -0.3389109 0.1799752 -0.9234429 -0.3389135 0.1799654 -0.923438 -0.3389318 0.179964 -0.9234373 -0.3389346 0.1249393 -0.9234502 -0.3628084 0.124942 -0.923448 -0.3628129 0.1249613 -0.9234326 -0.3628457 0.1249642 -0.9234302 -0.3628507 0.06688481 -0.9234485 -0.3778487 0.0668829 -0.9234469 -0.3778525 0.06686878 -0.9234366 -0.3778804 0.06686663 -0.923435 -0.3778846 0.007157146 -0.9234623 -0.3836225 0.007157325 -0.9234605 -0.3836271 0.007158756 -0.9234468 -0.3836598 0.007158994 -0.9234447 -0.3836648 0.01931428 -0.9913839 0.1295571 0.009347617 -0.9917017 0.1282209 0.01948875 -0.9914934 0.1286898 0.01954996 -0.9917553 0.1266469 0.04019397 -0.9910469 0.1273207 0.03950828 -0.991804 0.1215072 0.03995168 -0.9913201 0.1252534 0.03925818 -0.9920621 0.1194642 0.06065326 -0.990713 0.1216924 0.05819028 -0.991917 0.1127601 0.05977833 -0.9911484 0.1185392 0.05732059 -0.992319 0.1096242 0.08019787 -0.9903963 0.1126207 0.07343679 -0.9925322 0.09740072 0.09819203 -0.9901103 0.1001993 0.0873118 -0.9927138 0.0830422 0.1140105 -0.9898611 0.08471602 0.09874135 -0.9928588 0.06694477 0.1271145 -0.98965 0.06659418 0.1075114 -0.9929705 0.04950791 0.1370408 -0.9894809 0.04634135 0.1135014 -0.9930517 0.03107815 0.1434274 -0.9893566 0.02453821 0.1166167 -0.993104 0.01204705 0.1460227 -0.9892795 0.001897752 0.1167819 -0.9931318 -0.007177293 0.1446829 -0.9892569 -0.02091914 0.1140326 -0.9931319 -0.02618664 0.1394919 -0.9892824 -0.04315638 0.1084225 -0.9931051 -0.04457354 0.1306038 -0.9893574 -0.06414675 0.1000536 -0.9930519 -0.06194657 0.1183174 -0.989481 -0.08323746 0.08909434 -0.9929696 -0.07793301 0.1030661 -0.9896462 -0.09988921 0.07573729 -0.9928585 -0.09217286 0.08535617 -0.9898583 -0.1135566 0.06022256 -0.9927169 -0.1043378 0.06579017 -0.9901177 -0.1238496 0.04285573 -0.9925322 -0.114207 0.04502451 -0.9903988 -0.1307016 0.02376544 -0.9911469 -0.1306258 0.02393519 -0.9923176 -0.1213801 0.02387422 -0.991916 -0.1246308 0.02370119 -0.9907122 -0.1338945 0.002839028 -0.9913175 -0.1314604 0.003821611 -0.9920592 -0.125714 0.003472387 -0.9918024 -0.1277347 0.002491235 -0.9910451 -0.1335047 -0.2125949 0.1305059 -0.9683862 -0.2126057 0.1304873 -0.9683862 -0.1981047 0.3827233 -0.9023732 -0.1981056 0.382684 -0.9023898 -0.1981057 0.3826855 -0.902389 -0.198105 0.3827237 -0.902373 -0.170123 0.6087307 -0.7749227 -0.1701322 0.6086853 -0.7749563 -0.1701319 0.6086868 -0.7749552 -0.1701228 0.6087306 -0.7749229 -0.1305434 0.7933501 -0.5946041 -0.1305333 0.793334 -0.5946279 -0.1305336 0.7933346 -0.5946272 -0.1305434 0.7933508 -0.5946033 -0.08203649 0.9239117 -0.3737074 -0.08203625 0.9239116 -0.3737078 -0.08203649 0.9239119 -0.3737072 -0.08204048 0.9239162 -0.3736955 -0.02800482 0.9914501 -0.1274464 -0.02800786 0.9914273 -0.1276232 -0.02735912 0.9916822 -0.1257697 -0.01814275 0.9913879 -0.129696 -0.08203625 0.9239116 -0.3737078 -0.02800959 0.9914407 -0.1275184 -0.02800953 0.9914402 -0.1275217 -0.08203774 0.9239132 -0.3737036 -0.08204048 0.9239158 -0.3736963 -0.08203768 0.9239127 -0.3737047 -0.1305353 0.7933771 -0.59457 -0.1305276 0.7933559 -0.5945999 -0.1305353 0.7933763 -0.5945709 -0.1305273 0.7933552 -0.5946007 -0.1701255 0.608692 -0.7749525 -0.1701321 0.6086987 -0.7749459 -0.1701321 0.608699 -0.7749456 -0.1701254 0.608693 -0.7749518 -0.1981149 0.3826898 -0.9023852 -0.1981015 0.3826786 -0.9023929 -0.1981019 0.3826789 -0.9023926 -0.1981149 0.3826903 -0.902385 -0.2125878 0.1306066 -0.9683741 -0.2125949 0.1305046 -0.9683864 0.009257018 -0.9914496 0.1301617 0.009254932 -0.9914482 0.1301732 0.009254693 -0.9914514 0.130148 0.009254693 -0.9914515 0.1301472 0.02714872 -0.9238423 0.3818095 0.02714824 -0.9238567 0.3817744 0.02714824 -0.9238559 0.3817766 0.02714866 -0.9238415 0.3818113 0.04318124 -0.7933648 0.6072131 0.04317849 -0.7933703 0.6072063 0.04318118 -0.7933647 0.6072133 0.04317855 -0.7933692 0.6072075 0.0562728 -0.6087735 0.791346 0.05627834 -0.6087254 0.7913825 0.05627292 -0.6087718 0.7913471 0.05627828 -0.6087253 0.7913826 0.06553608 -0.382699 0.9215458 0.06553304 -0.3826911 0.9215493 0.06553596 -0.3826985 0.9215461 0.06553298 -0.3826901 0.9215497 0.06978982 -0.1304957 0.9889896 0.07032227 -0.1305348 0.9889466 0.07011669 -0.130523 0.9889628 0.07032531 -0.1305221 0.9889482 0.07032591 -0.1305578 0.9889434 0.07032597 -0.1305589 0.9889432 0.06553769 -0.3826352 0.9215722 0.06553208 -0.382655 0.9215644 0.06553751 -0.3826358 0.921572 0.06553202 -0.3826559 0.9215639 0.05627393 -0.6087667 0.7913509 0.05627059 -0.6087895 0.7913337 0.05627387 -0.608768 0.7913501 0.05627071 -0.6087894 0.7913337 0.04317814 -0.7933547 0.6072266 0.04318398 -0.7933228 0.6072677 0.04317826 -0.7933538 0.6072278 0.04318398 -0.7933232 0.6072673 0.02714675 -0.9238756 0.3817291 0.02714675 -0.9238741 0.3817327 0.02714675 -0.9238747 0.381731 0.02714675 -0.9238759 0.3817285 -0.136237 0.130077 -0.9820995 -0.1362486 0.1301128 -0.9820932 -0.1270139 0.3817275 -0.9155063 -0.1270116 0.3817028 -0.9155168 -0.1270137 0.3817246 -0.9155076 -0.1270114 0.3816999 -0.9155182 -0.1091384 0.6075041 -0.7867831 -0.1091448 0.6075338 -0.7867593 -0.1091392 0.6075076 -0.7867803 -0.1091456 0.6075376 -0.7867563 -0.08380806 0.7924577 -0.6041416 -0.08380895 0.7924649 -0.6041321 -0.08380818 0.7924585 -0.6041405 -0.08380907 0.7924658 -0.6041308 -0.05271345 0.9234961 -0.3799688 -0.05271404 0.9235021 -0.3799542 -0.05271357 0.9234969 -0.379967 -0.0527141 0.9235029 -0.3799522 -0.01776462 0.991481 -0.1290341 -0.01713109 0.9917442 -0.1270833 0.002494692 0.9910255 -0.1336501 0.003487586 0.9917898 -0.1278315 0.002844631 0.9912943 -0.1316339 0.00715959 0.9234974 -0.3835383 0.007152855 0.9235063 -0.3835167 0.007158696 0.9234985 -0.3835354 0.00715202 0.9235074 -0.3835142 0.01137256 0.7924705 -0.6098044 0.01137447 0.7924242 -0.6098644 0.0113728 0.7924646 -0.609812 0.01137471 0.7924188 -0.6098715 0.01481401 0.6075689 -0.7941289 0.01481944 0.6074919 -0.7941877 0.01481467 0.6075594 -0.7941362 0.01482003 0.6074829 -0.7941946 0.01724565 0.3817274 -0.9241141 0.01724314 0.3817393 -0.9241092 0.01724535 0.3817289 -0.9241136 0.01724284 0.3817407 -0.9241086 0.01849567 0.1300846 -0.9913304 0.0185002 0.1300663 -0.9913327 0.1728042 0.1300546 -0.9763321 0.1727856 0.1301777 -0.9763191 0.3228359 0.1301972 -0.9374571 0.3228678 0.1300802 -0.9374623 0.4650443 0.1300779 -0.8756789 0.4650414 0.1300874 -0.8756791 0.5958405 0.1300801 -0.7924982 0.5958491 0.1301363 -0.7924824 0.7120869 0.1301321 -0.689926 0.7120907 0.1301167 -0.689925 0.8109183 0.1301085 -0.5705114 0.8109548 0.1300493 -0.5704731 0.8899547 0.1300436 -0.4371147 0.8899411 0.1301044 -0.4371246 0.9471993 0.1300952 -0.2930677 0.9471961 0.1301277 -0.2930639 0.9813029 0.130127 -0.1418154 0.9813045 0.1301117 -0.1418189 0.9813159 0.1299968 -0.1418455 0.9813174 0.1299813 -0.1418492 0.9914322 0.1299906 0.01283383 0.9914307 0.1300024 0.01283586 0.9914188 0.130091 0.01285076 0.9914172 0.1301029 0.01285278 0.9772946 0.1301053 0.1672365 0.9772969 0.1300915 0.1672338 0.9773141 0.1299878 0.1672134 0.9773164 0.1299738 0.1672107 0.9393081 0.1299836 0.3174977 0.9393053 0.1299938 0.3175016 0.9392846 0.1300705 0.3175317 0.9392817 0.1300807 0.3175356 0.8783191 0.1300919 0.4600344 0.8783177 0.1300871 0.4600386 0.8783068 0.1300516 0.4600696 0.8783053 0.1300467 0.4600737 0.7958896 0.1300567 0.5913079 0.7958887 0.1300525 0.5913102 0.7958818 0.1300204 0.5913265 0.7958808 0.1300161 0.5913286 0.6939725 0.1300282 0.7081631 0.6939698 0.1300437 0.7081629 0.6939498 0.1301602 0.708161 0.6939472 0.130176 0.7081608 0.5750868 0.1301699 0.8076701 0.5750933 0.130149 0.8076689 0.5751422 0.1299916 0.8076593 0.5751488 0.1299704 0.8076581 0.4421913 0.1299805 0.8874526 0.4421921 0.1299946 0.88745 0.4421981 0.1301008 0.8874315 0.4421989 0.1301151 0.887429 0.2984474 0.1301208 0.9455146 0.2984496 0.1301205 0.945514 0.2984663 0.1301189 0.9455088 0.2984685 0.1301187 0.9455083 0.1474331 0.1301109 0.9804768 0.1474332 0.1301153 0.9804762 0.1474341 0.130148 0.9804717 0.1474342 0.1301524 0.9804711 0.1374393 0.3816945 0.914013 0.1374388 0.381685 0.9140171 0.1374389 0.381686 0.9140166 0.1374393 0.3816956 0.9140125 0.1181118 0.6075391 0.7854591 0.1181018 0.6075404 0.7854596 0.118103 0.6075402 0.7854595 0.1181131 0.6075389 0.7854591 0.09069645 0.7924705 0.6031291 0.09069514 0.7924756 0.6031225 0.09069526 0.7924751 0.6031234 0.09069663 0.7924699 0.60313 0.05704295 0.9235035 0.379325 0.05704474 0.9234682 0.3794109 0.0570445 0.9234724 0.3794005 0.05704271 0.9235082 0.3793136 0.01931321 0.9912735 0.1303986 0.01950246 0.9914703 0.1288663 0.009345233 0.9916751 0.128426 0.01957136 0.9917391 0.1267701 0.03954058 0.9917929 0.1215882 0.040237 0.991029 0.1274463 0.03999626 0.9912942 0.1254437 0.03930026 0.992043 0.1196087 0.05826342 0.9918956 0.11291 0.06071972 0.9906891 0.1218538 0.05983847 0.9911361 0.1186117 0.05738341 0.9923083 0.1096872 0.08028429 0.9903749 0.1127485 0.07351797 0.9925183 0.09748238 0.09831047 0.9900885 0.100299 0.08742058 0.9926972 0.08312606 0.114142 0.9898397 0.0847882 0.09885132 0.9928411 0.06704455 0.1272556 0.9896284 0.06664508 0.107631 0.9929543 0.04957205 0.1371913 0.9894593 0.04635787 0.1136267 0.9930359 0.03112298 0.1435846 0.9893332 0.02456402 0.1167453 0.9930888 0.01205378 0.1461777 0.9892566 0.001899302 0.116908 0.9931168 -0.007178783 0.1448465 0.9892325 -0.02094143 0.1141658 0.9931156 -0.02622252 0.1396504 0.9892584 -0.04319345 0.1085386 0.9930894 -0.04464077 0.1307381 0.9893364 -0.06419694 0.1001577 0.9930365 -0.06202578 0.1184404 0.9894577 -0.08334004 0.08919203 0.9929545 -0.07801473 0.1031761 0.9896283 -0.09995335 0.07581818 0.9928396 -0.09231024 0.08544892 0.9898422 -0.1136271 0.06029832 0.9927006 -0.1044487 0.06587153 0.9900901 -0.1240266 0.04290318 0.9925204 -0.1142923 0.04507321 0.9903703 -0.1309015 0.02396136 0.992303 -0.1214938 0.02377432 0.9911245 -0.1307941 0.02388644 0.991892 -0.1248192 0.0237267 0.990685 -0.1340909 0.003826022 0.9920436 -0.125837 0.06684279 0.9235173 -0.3776876 0.06685853 0.923479 -0.3777784 0.06684482 0.9235122 -0.3776995 0.06686037 0.9234745 -0.3777893 0.1063037 0.7924448 -0.6006087 0.1062932 0.7924747 -0.6005712 0.1063023 0.7924486 -0.6006039 0.1062919 0.7924782 -0.6005668 0.1384327 0.6075148 -0.7821523 0.1384214 0.6075204 -0.7821499 0.1384313 0.6075155 -0.782152 0.1384201 0.6075211 -0.7821497 0.1610741 0.3817437 -0.9101247 0.16109 0.3816599 -0.910157 0.161076 0.3817335 -0.9101285 0.1610919 0.3816502 -0.9101607 0.1249274 0.9234976 -0.3626919 0.1249028 0.9234887 -0.3627228 0.1249241 0.9234964 -0.3626959 0.1248999 0.9234877 -0.3627265 0.1985913 0.7924798 -0.5766605 0.1986015 0.7924673 -0.5766741 0.1985926 0.7924782 -0.5766623 0.1986027 0.7924659 -0.5766757 0.2586482 0.6075441 -0.7509936 0.2586442 0.6074888 -0.7510396 0.2586477 0.6075372 -0.7509993 0.2586438 0.6074824 -0.7510451 0.3009931 0.3816331 -0.8739334 0.3009456 0.3817154 -0.8739137 0.3009874 0.3816431 -0.873931 0.3009401 0.381725 -0.8739114 0.1799141 0.9235092 -0.338765 0.1799144 0.9234895 -0.3388185 0.1799141 0.9235066 -0.3387721 0.1799145 0.9234871 -0.3388249 0.2860749 0.7924892 -0.5386299 0.2860803 0.7924702 -0.5386551 0.2860756 0.7924868 -0.5386331 0.2860809 0.7924678 -0.538658 0.3725556 0.6074903 -0.7015398 0.3725615 0.6074848 -0.7015414 0.3725563 0.6074895 -0.7015399 0.3725622 0.6074842 -0.7015416 0.433516 0.3817452 -0.8162932 0.4335302 0.3817539 -0.8162816 0.4335178 0.3817462 -0.8162918 0.4335319 0.3817549 -0.8162803 0.2305189 0.9235022 -0.3066019 0.2305274 0.9234987 -0.3066064 0.2305201 0.9235017 -0.3066025 0.2305284 0.9234983 -0.306607 0.3665462 0.7924552 -0.4875024 0.3665257 0.7924759 -0.487484 0.3665435 0.7924579 -0.4875001 0.3665233 0.7924785 -0.487482 0.4773428 0.6074839 -0.6349072 0.4773469 0.6075164 -0.6348732 0.4773433 0.6074879 -0.634903 0.4773474 0.6075202 -0.6348692 0.5554361 0.3817411 -0.7387588 0.5554503 0.3817063 -0.7387661 0.5554379 0.3817369 -0.7387596 0.5554519 0.3817023 -0.7387669 0.2754997 0.923493 -0.2669469 0.2754903 0.9235027 -0.266923 0.2754985 0.9234943 -0.2669437 0.2754892 0.9235039 -0.2669201 0.4380254 0.7924644 -0.4244219 0.4380652 0.7924553 -0.4243977 0.4380304 0.7924633 -0.4244188 0.4380699 0.7924543 -0.4243949 0.5704724 0.607516 -0.5527076 0.5704934 0.607492 -0.5527123 0.5704749 0.607513 -0.5527082 0.5704958 0.6074892 -0.5527129 0.6638264 0.3816978 -0.6431495 0.6637996 0.3817715 -0.6431334 0.6638233 0.3817067 -0.6431475 0.6637966 0.3817801 -0.6431315 0.313723 0.9235029 -0.2207273 0.313752 0.9234966 -0.2207119 0.3137269 0.923502 -0.2207252 0.3137555 0.9234958 -0.2207101 0.4988557 0.7924365 -0.3509806 0.4988467 0.7924545 -0.3509529 0.4988545 0.7924388 -0.3509771 0.4988455 0.7924566 -0.3509495 0.6496692 0.6074872 -0.4570442 0.6496443 0.6075083 -0.4570515 0.6496661 0.6074898 -0.4570451 0.6496413 0.6075108 -0.4570524 0.7559182 0.3817791 -0.5318199 0.7559651 0.3816917 -0.5318161 0.7559239 0.3817685 -0.5318195 0.7559705 0.3816815 -0.5318157 0.3443276 0.9234873 -0.1691446 0.3443215 0.9234941 -0.1691198 0.3443268 0.9234882 -0.1691414 0.3443208 0.9234949 -0.1691169 0.5474551 0.7924557 -0.2688995 0.5474444 0.792468 -0.2688852 0.5474538 0.7924572 -0.2688977 0.5474432 0.7924693 -0.2688835 0.712947 0.6075046 -0.3502069 0.7129644 0.607491 -0.3501949 0.7129491 0.6075029 -0.3502054 0.7129665 0.6074895 -0.3501935 0.8296241 0.3816798 -0.4074854 0.8296105 0.3817055 -0.4074891 0.8296225 0.3816829 -0.4074859 0.8296089 0.3817085 -0.4074895 0.3664746 0.9234923 -0.1133944 0.3664621 0.9235 -0.1133726 0.366473 0.9234934 -0.1133915 0.3664606 0.923501 -0.11337 0.5826641 0.7924652 -0.1802814 0.5826556 0.7924756 -0.1802635 0.5826631 0.7924667 -0.1802791 0.5826546 0.7924769 -0.1802614 0.7588358 0.6074875 -0.2347918 0.7588391 0.6074867 -0.2347831 0.7588362 0.6074874 -0.2347908 0.7588395 0.6074866 -0.234782 0.8829918 0.3816952 -0.2731927 0.8829705 0.3817442 -0.2731932 0.8829892 0.3817011 -0.2731928 0.8829681 0.3817499 -0.2731933 0.3796531 0.9235004 -0.05487024 0.3796581 0.9234982 -0.05487245 0.3796944 0.9234823 -0.05488836 0.3796998 0.9234799 -0.05489075 0.383615 0.9234797 0.004971265 0.3836102 0.9234818 0.004972219 0.3835753 0.9234963 0.004979014 0.38357 0.9234984 0.004980087 0.3781114 0.9234974 0.0646882 0.3781101 0.9234979 0.06468898 0.3781011 0.9235011 0.06469446 0.3780997 0.9235016 0.06469529 0.3633973 0.9235013 0.1228329 0.3633962 0.9235015 0.122834 0.363388 0.9235036 0.1228421 0.3633867 0.923504 0.1228434 0.3398026 0.9235073 0.1779561 0.3397995 0.9235079 0.1779596 0.3397766 0.9235113 0.1779851 0.3397731 0.9235119 0.177989 0.3078833 0.9235119 0.2287656 0.3078879 0.9235091 0.2287707 0.3079218 0.9234886 0.2288078 0.307927 0.9234855 0.2288134 0.2685061 0.9234883 0.2739961 0.2685002 0.9234922 0.2739886 0.2684572 0.9235209 0.2739346 0.2684506 0.9235251 0.2739264 0.2224738 0.9235172 0.3124444 0.2224773 0.9235154 0.312447 0.2225027 0.9235031 0.3124653 0.2225065 0.9235013 0.3124681 0.171074 0.9234905 0.3433641 0.1710747 0.9234902 0.3433648 0.1710801 0.9234877 0.3433691 0.1710809 0.9234872 0.3433697 0.1154729 0.9235047 0.365794 0.1154737 0.9235023 0.3657999 0.1154797 0.9234845 0.365843 0.1154806 0.9234817 0.3658495 0.6036339 0.7924758 -0.08722555 0.6036369 0.7924732 -0.08722919 0.603659 0.7924533 -0.08725631 0.6036622 0.7924504 -0.08726024 0.6098849 0.7924507 0.00789839 0.6098812 0.7924535 0.007898688 0.6098544 0.7924743 0.007900893 0.6098504 0.7924773 0.007901191 0.6011635 0.7924779 0.1028655 0.6011698 0.7924729 0.1028664 0.6012166 0.7924367 0.1028728 0.6012235 0.7924314 0.1028738 0.5778352 0.7924374 0.1953188 0.5778359 0.7924361 0.1953223 0.5778414 0.7924258 0.1953481 0.5778421 0.7924242 0.1953518 0.5403383 0.7924339 0.28299 0.540332 0.7924373 0.2829924 0.5402847 0.792463 0.2830105 0.5402778 0.7924668 0.2830131 0.4895665 0.7924795 0.3637319 0.4895656 0.7924784 0.3637355 0.4895592 0.7924702 0.363762 0.4895583 0.7924691 0.3637658 0.4269011 0.7924802 0.4355807 0.4269035 0.792477 0.4355843 0.426922 0.7924526 0.4356107 0.4269247 0.7924489 0.4356145 0.3537914 0.7924426 0.4968565 0.3537876 0.7924462 0.4968535 0.3537592 0.7924731 0.4968307 0.3537551 0.7924771 0.4968274 0.2719951 0.7924631 0.545913 0.2719965 0.7924643 0.5459105 0.2720069 0.7924736 0.5458918 0.2720084 0.792475 0.5458891 0.1835948 0.7924658 0.5816279 0.1835945 0.7924662 0.5816273 0.1835928 0.79247 0.5816228 0.1835926 0.7924705 0.5816221 0.9148018 0.381636 -0.1322563 0.9147587 0.38175 -0.1322255 0.9147638 0.3817368 -0.1322292 0.7861562 0.607486 -0.1136633 0.7861438 0.6075031 -0.1136577 0.7860504 0.6076318 -0.1136156 0.7860372 0.6076499 -0.1136097 0.7941385 0.6076495 0.0103113 0.7941501 0.6076344 0.0103085 0.7942364 0.6075218 0.0102877 0.7942487 0.6075059 0.01028478 0.7829357 0.6075086 0.1339598 0.7829327 0.607512 0.1339611 0.7829107 0.6075382 0.1339713 0.7829076 0.6075419 0.1339727 0.752462 0.6075392 0.2543563 0.7524612 0.60754 0.2543568 0.7524551 0.6075459 0.2543606 0.7524542 0.6075468 0.2543612 0.7036049 0.607541 0.3685569 0.703613 0.6075311 0.3685577 0.7036739 0.6074567 0.368564 0.7036826 0.6074462 0.368565 0.6376258 0.6074623 0.4737331 0.6376158 0.6074753 0.4737297 0.6375406 0.6075737 0.4737048 0.6375299 0.6075876 0.4737012 0.5559112 0.6075698 0.5672934 0.5559146 0.6075652 0.5672951 0.5559402 0.6075299 0.5673077 0.5559438 0.607525 0.5673095 0.4607236 0.6075331 0.6470218 0.4607256 0.6075302 0.6470233 0.4607399 0.607508 0.6470339 0.4607419 0.6075049 0.6470354 0.3542394 0.6074944 0.7109606 0.3542395 0.6074988 0.7109569 0.3542397 0.6075316 0.7109287 0.3542397 0.6075363 0.7109248 0.2390936 0.6075191 0.7574661 0.2390928 0.6075217 0.7574642 0.2390872 0.6075415 0.7574501 0.2390865 0.6075444 0.7574481 0.9242045 0.3817097 0.01199996 0.9242421 0.381619 0.01198214 0.9242377 0.3816295 0.01198416 0.914807 0.3816221 -0.13226 0.9241998 0.3817207 0.01200211 0.9110137 0.381778 0.1558835 0.9110394 0.3817203 0.1558749 0.9110364 0.381727 0.1558759 0.9110106 0.3817851 0.1558846 0.8755979 0.3817292 0.2959917 0.8755792 0.3817775 0.2959847 0.8755815 0.381772 0.2959855 0.8756002 0.3817234 0.2959926 0.8187659 0.3817223 0.4288478 0.8187708 0.3817244 0.428837 0.8187702 0.3817241 0.4288383 0.8187654 0.381722 0.4288491 0.7419096 0.381724 0.5512323 0.7419354 0.3817236 0.5511978 0.7419324 0.3817237 0.5512018 0.7419064 0.3817241 0.5512365 0.6469501 0.3816697 0.6601392 0.6469162 0.3817427 0.6601302 0.6469202 0.3817342 0.6601313 0.6469542 0.3816608 0.6601403 0.5361184 0.3817605 0.7528851 0.5361323 0.3816562 0.7529282 0.5361307 0.3816683 0.7529231 0.5361167 0.3817732 0.75288 0.4121952 0.3817163 0.8272774 0.4121896 0.3817597 0.8272601 0.4121903 0.3817546 0.8272622 0.4121959 0.381711 0.8272795 0.2782316 0.3817082 0.8814114 0.2782178 0.381703 0.881418 0.2782194 0.3817036 0.8814172 0.2782334 0.3817088 0.8814107 -0.08813375 -0.9899175 0.1108873 -0.07964217 -0.9875162 0.1359003 -0.078722 -0.952897 0.2928997 -0.05240517 -0.9209061 0.3862458 -0.05903393 -0.8792256 0.4727341 -0.02627468 -0.7914476 0.6106721 -0.03149199 -0.7686356 0.6389114 -0.005203962 -0.6248403 0.7807353 -0.1241002 -0.5976519 0.7920931 -0.1266399 -0.6006876 0.7893902 -0.1258607 -0.599763 0.7902173 -0.06736862 -0.4354603 0.8976836 -0.06785649 -0.4360927 0.8973398 -0.06909894 -0.4377621 0.8964316 -0.1486537 -0.3991544 0.9047529 -0.1506406 -0.4009585 0.9036259 -0.1500543 -0.4004046 0.9039691 -0.05877023 -0.239623 0.9690856 -0.05906438 -0.2399151 0.9689955 -0.0599057 -0.2407174 0.9687448 -0.1021711 -0.2092159 0.9725173 -0.1032323 -0.2099196 0.9722536 -0.102814 -0.2096368 0.972359 0.0144239 -0.06914961 0.9975021 0.001918733 -0.05665481 0.998392 0.004081785 -0.6079341 0.793977 0.01285356 -0.454946 0.8904264 -0.06959682 -0.438418 0.8960725 -0.01023226 -0.261793 0.9650698 -0.01056426 -0.2622759 0.9649351 -0.011146 -0.2631097 0.9647017 -0.0602656 -0.2410712 0.9686346 0.02864271 -0.07933109 0.9964368 0.01392585 -0.06948977 0.9974855 0.04059416 -0.3825731 0.9230331 0.03435266 -0.2728073 0.9614552 -0.01151072 -0.2636268 0.9645562 0.04455858 -0.08697438 0.9952136 0.04453796 -0.08723616 0.9951916 0.04455357 -0.08677458 0.9952313 0.04454898 -0.08649516 0.9952557 0.06916201 -0.1304948 0.9890338 0.06173598 -0.09066456 0.9939662 0.02824211 -0.07974284 0.9964154 0.00239247 -0.05645775 0.9984022 -0.007323563 -0.041933 0.9990937 -0.00704956 -0.04187893 0.9990979 -0.0137518 -0.02571278 0.9995748 -0.01355469 -0.0257107 0.9995776 -0.016936 -0.008695125 0.9998188 -0.05383926 -0.001867771 0.9985479 -0.05384224 -1.29085e-5 0.9985495 -0.05384236 -8.65722e-4 0.9985492 -0.1950088 -0.03266048 0.9802576 -0.2988422 -0.02449446 0.9539881 -0.3755503 -0.0491333 0.9254989 -0.5247687 -0.05015558 0.849766 -0.5476545 -0.06010419 0.8345431 -0.6991184 -0.07401376 0.7111649 -0.671746 -0.218667 0.7077727 -0.6703158 -0.2188004 0.7090862 -0.6707619 -0.2187659 0.7086748 -0.7910965 -0.251414 0.5576357 -0.7907049 -0.2514701 0.5581656 -0.7898242 -0.2516244 0.5593416 -0.7277404 -0.4099377 0.5498591 -0.7254274 -0.4099023 0.5529333 -0.7261548 -0.4099093 0.5519725 -0.809263 -0.4467291 0.3814796 -0.808614 -0.4468326 0.3827325 -0.8072379 -0.4470099 0.3854207 -0.7082949 -0.6018887 0.3688474 -0.705592 -0.6018344 0.3740792 -0.7064314 -0.6018495 0.3724673 -0.7537277 -0.6282069 0.1930046 -0.614556 -0.7673184 0.1831486 -0.7177202 -0.06884527 0.69292 -0.8219327 -0.09010106 0.5624131 -0.7894183 -0.2516869 0.5598861 -0.8782779 -0.2741509 0.3917518 -0.8778689 -0.2742794 0.3925777 -0.8770145 -0.2745404 0.3943012 -0.8066016 -0.4471024 0.3866437 -0.8592291 -0.4668643 0.2091962 -0.7508253 -0.6290205 0.2014813 -0.8660653 -0.07904595 0.4936423 -0.9121938 -0.09828197 0.3977978 -0.8766345 -0.2746561 0.3950644 -0.9322667 -0.2868366 0.2204621 -0.8573044 -0.4676929 0.2151572 -0.9604059 -0.08831703 0.264236 -0.9690362 -0.09754157 0.2268361 -0.9311825 -0.287501 0.2241487 -0.618056 -0.7668249 0.1731661 -0.4551146 -0.8756502 0.1615778 -0.4592083 -0.8755701 0.1500159 -0.2767081 -0.9511318 0.1370438 -0.2810396 -0.9515791 0.1245558 -0.2529214 -0.9144026 0.3160678 -0.2540012 -0.9149868 0.3135007 -0.2564017 -0.9161923 0.307977 -0.2575124 -0.9167409 0.3054071 -0.2187743 -0.8424966 0.4922777 -0.2198001 -0.8433172 0.4904122 -0.222162 -0.8452338 0.4860287 -0.2231876 -0.8460587 0.4841197 -0.1749076 -0.7352067 0.6548882 -0.1757841 -0.7360779 0.6536738 -0.1779068 -0.7383003 0.6505857 -0.1787918 -0.7391968 0.6493238 -0.1233649 -0.5967465 0.7928902 -0.4237791 -0.840305 0.3380811 -0.4248645 -0.8406742 0.3357935 -0.4272134 -0.841458 0.330813 -0.4282785 -0.8417992 0.3285602 -0.3755378 -0.7729572 0.511379 -0.3766601 -0.7735839 0.5096032 -0.3791798 -0.7750131 0.5055466 -0.3802929 -0.775621 0.5037752 -0.3114501 -0.6737638 0.6701055 -0.3124119 -0.6744617 0.6689546 -0.3147789 -0.6761607 0.6661238 -0.3157674 -0.6768689 0.6649358 -0.2341116 -0.5464877 0.8040789 -0.2348968 -0.5471548 0.803396 -0.2367969 -0.5487172 0.8017711 -0.2376389 -0.5494281 0.8010348 -0.148113 -0.3986455 0.905066 -0.5758096 -0.7351472 0.3577736 -0.57683 -0.7353442 0.3557192 -0.5790824 -0.7357303 0.351233 -0.580105 -0.735904 0.3491755 -0.5148213 -0.6753232 0.5281077 -0.5158938 -0.675727 0.5265423 -0.5182165 -0.6765534 0.5231894 -0.5192941 -0.6769564 0.5215973 -0.4323614 -0.5880332 0.6835792 -0.4333931 -0.5885321 0.6824958 -0.4356369 -0.5896022 0.6801396 -0.4366896 -0.5901076 0.6790253 -0.3320483 -0.4766787 0.8139542 -0.3328516 -0.4771429 0.8133539 -0.3347874 -0.4782127 0.81193 -0.335616 -0.4786825 0.8113108 -0.2194993 -0.3475834 0.9115952 -0.2200853 -0.3479318 0.9113209 -0.2215794 -0.3488464 0.9106091 -0.2221294 -0.3491925 0.9103423 -0.1017752 -0.2089644 0.9726129 -0.7091186 -0.6019052 0.3672342 -0.6333318 -0.5522717 0.5421134 -0.6342216 -0.5524482 0.5408919 -0.6363352 -0.5528197 0.5380222 -0.72847 -0.4099273 0.5488999 -0.6150966 -0.3564494 0.7032781 -0.6157688 -0.3565043 0.7026618 -0.6172325 -0.3566431 0.7013058 -0.6722162 -0.2186364 0.7073355 -0.5243438 -0.1771216 0.8328815 -0.5246472 -0.1771034 0.8326944 -0.5255277 -0.1770673 0.8321466 -0.6372412 -0.5529711 0.5367929 -0.5351827 -0.4805052 0.6947621 -0.5360295 -0.4807258 0.6939561 -0.5380167 -0.4812809 0.6920309 -0.5389041 -0.4815217 0.6911723 -0.4151817 -0.3893244 0.822223 -0.4159209 -0.3895748 0.8217307 -0.417632 -0.3901495 0.8205894 -0.4183796 -0.3904128 0.8200832 -0.2800067 -0.2837759 0.9170973 -0.2805702 -0.2840048 0.9168542 -0.2817423 -0.2844374 0.9163605 -0.282397 -0.28469 0.9160805 -0.1382097 -0.1706317 0.9755936 -0.1384714 -0.1707445 0.9755368 -0.1392647 -0.1710671 0.9753673 -0.1395575 -0.1711851 0.9753049 -0.4822245 -0.2890288 0.8269958 -0.4816218 -0.2889485 0.8273749 -0.4802643 -0.2887516 0.8282324 -0.4796259 -0.2886562 0.8286355 -0.6179015 -0.3567079 0.7006834 -0.3604773 -0.1290818 0.9237934 -0.3595646 -0.1290912 0.9241476 -0.3597232 -0.1290863 0.9240866 -0.5258556 -0.1770569 0.8319416 -0.3270552 -0.2103799 0.92129 -0.3274195 -0.2104402 0.9211468 -0.3285003 -0.2106344 0.9207175 -0.3288536 -0.2106999 0.9205765 -0.1664661 -0.126497 0.9778996 -0.1667056 -0.1265369 0.9778536 -0.1671135 -0.1266221 0.977773 -0.1675587 -0.1267121 0.9776852 -0.1867049 -0.07762032 0.9793449 -0.1860252 -0.07761228 0.9794749 -0.1861053 -0.07761782 0.9794592 -0.3607485 -0.1290702 0.9236891 -0.1867056 -0.07761442 0.9793453 0.07033139 0.1305506 0.9889439 0.07032352 0.1305291 0.9889473 0.07033121 0.1305499 0.988944 0.07032811 0.130522 0.9889479 0.07011181 0.1304979 0.9889665 0.06978559 0.130463 0.9889942 0.06553471 0.3827148 0.9215393 0.06553363 0.3827186 0.9215378 0.06553465 0.3827149 0.9215393 0.06553363 0.3827186 0.9215378 0.0562787 0.6087299 0.7913789 0.05627709 0.6086599 0.791433 0.05627864 0.608728 0.7913804 0.05627709 0.6086599 0.7914329 0.04317831 0.7933366 0.6072502 0.04318118 0.7933784 0.6071954 0.04318106 0.7933779 0.6071959 0.04318445 0.7933245 0.6072654 0.02713841 0.9239111 0.3816438 0.02713739 0.9239142 0.3816364 0.02713733 0.9239136 0.3816375 0.02714103 0.9239144 0.3816357 0.009264707 0.9914367 0.1302602 0.06553095 0.3827074 0.9215427 0.06553226 0.382687 0.9215511 0.06553101 0.3827072 0.9215428 0.06553232 0.3826866 0.9215511 0.0562762 0.6087038 0.7913992 0.05627852 0.6087418 0.7913698 0.05627632 0.6087055 0.7913979 0.05627864 0.6087433 0.7913687 0.04318445 0.793325 0.607265 0.04317921 0.7933561 0.6072246 0.04317939 0.7933546 0.6072265 0.02714115 0.9239146 0.381635 0.009264767 0.9914267 0.1303359 0.009264886 0.9914386 0.1302446 0.009264945 0.9914391 0.1302417 0.02714067 0.9238882 0.381699 0.02714061 0.9238892 0.3816965 0.02713847 0.9239101 0.3816459 0.04317826 0.793335 0.6072524 -0.964174 0 0.2652708 -0.9641738 0 0.2652713 -0.9641742 0 0.2652699 -0.9641852 1.20944e-6 0.2652298 -0.9641902 0 0.2652119 -0.9641904 0 0.2652111 -0.8687806 0 0.4951972 -0.8687799 0 0.4951986 -0.8687805 0 0.4951974 -0.8687798 0 0.4951986 -0.719423 0 0.6945722 -0.7194241 0 0.6945711 -0.719424 0 0.6945711 -0.5254293 0 0.8508373 -0.5254257 0 0.8508396 -0.5254291 0 0.8508374 -0.5254251 0 0.8508399 -0.2989219 0 0.9542776 -0.2989205 -1.14871e-6 0.9542781 -0.2989218 0 0.9542777 -0.2989211 -1.10327e-6 0.9542779 -0.05384021 8.65769e-4 0.9985492 -0.05383849 0 0.9985498 -0.0538429 1.29405e-5 0.9985495 -0.05384069 0 0.9985496 -0.2989295 0 0.9542753 -0.2989557 7.18324e-7 0.954267 -0.2989306 0 0.9542748 -0.2989556 7.02454e-7 0.954267 -0.5254321 2.24365e-6 0.8508356 -0.5254015 -8.9038e-7 0.8508545 -0.5254309 2.15484e-6 0.8508363 -0.5254014 -8.97795e-7 0.8508545 -0.7194223 0 0.6945729 -0.7194223 0 0.6945729 -0.7194223 0 0.6945729 -0.8687804 0 0.4951975 -0.8687795 0 0.4951993 -0.8687795 0 0.4951992 0.06173968 0.09064501 0.9939677 0.06915795 0.1304646 0.989038 0.03434103 0.2727981 0.9614582 0.04057246 0.3826032 0.9230215 0.01284384 0.4549102 0.8904448 0.004080176 0.6078842 0.7940152 -0.00521773 0.6247946 0.7807719 -0.03151935 0.7686377 0.6389074 -0.1769077 0.735879 0.6535946 -0.1768079 0.7397259 0.6492647 -0.1768171 0.7385731 0.6505733 -0.2211228 0.8415373 0.4928691 -0.2210657 0.8427647 0.4907928 -0.2208451 0.8454701 0.486218 -0.3777045 0.7729296 0.5098229 -0.3781389 0.7765344 0.5039893 -0.3780089 0.7754356 0.5057759 -0.4259908 0.8390387 0.3384461 -0.4259917 0.8399968 0.3360604 -0.4260152 0.8421028 0.3307176 -0.5777496 0.7345828 0.3557998 -0.5783169 0.7372438 0.3493153 -0.5781449 0.7364177 0.3513368 -0.616379 0.7658075 0.1833462 -0.7524619 0.6297079 0.1930519 -0.02630376 0.7914756 0.6106346 -0.05903398 0.8791327 0.4729068 -0.2207487 0.8466588 0.4841889 -0.2556486 0.9136427 0.316071 -0.2554737 0.9145824 0.3134838 -0.25507 0.9166195 0.3078116 -0.4260489 0.8430331 0.3282951 -0.4575091 0.8744152 0.1615039 -0.6162571 0.7683378 0.1728711 -0.0523855 0.9209633 0.386112 -0.07866317 0.9529078 0.2928804 -0.2548764 0.9175159 0.3052908 -0.2795588 0.9502285 0.1375232 -0.4568119 0.8768143 0.1500656 -0.07957935 0.9874963 0.1360813 -0.08819073 0.9899356 0.1106798 -0.2782161 0.9524611 0.1241519 -0.7521072 0.6275212 0.2013754 -0.8586074 0.468069 0.209057 -0.8580124 0.4664637 0.2150031 -0.9320344 0.2876871 0.2203363 -0.931419 0.2866848 0.2242108 -0.9690191 0.09752053 0.226918 -0.9604223 0.08833605 0.26417 -0.9121832 0.09830737 0.397816 -0.866058 0.07906806 0.4936515 -0.8219802 0.0901103 0.5623424 -0.7177125 0.06884586 0.6929278 -0.6991233 0.07401746 0.7111597 -0.5476566 0.0601077 0.8345415 -0.5254343 0.1773276 0.8321502 -0.5244856 0.1766752 0.8328871 -0.5247223 0.1768401 0.8327029 -0.3606326 0.1294105 0.9236867 -0.3603232 0.1292137 0.923835 -0.3599479 0.1289494 0.9240183 -0.328253 0.2108265 0.9207618 -0.3273133 0.2099148 0.9213045 -0.3276265 0.2102036 0.9211272 -0.1673422 0.126953 0.9776909 -0.1671794 0.1267769 0.9777416 -0.1668074 0.126428 0.9778503 -0.1390717 0.1712613 0.9753608 -0.1383951 0.1702491 0.9756342 -0.1385623 0.1704812 0.9755699 0.002028882 0.05675411 0.9983862 0.01429718 0.06901818 0.997513 -0.524772 0.05015254 0.8497641 -0.3755152 0.04913383 0.925513 -0.3596212 0.1287338 0.9241755 -0.1866072 0.07778054 0.9793508 -0.186566 0.07773703 0.9793621 -0.1862413 0.07753866 0.9794396 -0.1665464 0.1261832 0.9779264 -0.007272183 0.04199516 0.9990914 0.002310276 0.0563395 0.9984091 -0.2988397 0.02449518 0.953989 -0.1950051 0.03266155 0.9802583 -0.1860599 0.07742649 0.979483 -0.01372963 0.02576291 0.9995738 -0.007075071 0.04180246 0.9991009 -0.05384236 0.00186789 0.9985478 -0.01699459 0.008684754 0.9998179 -0.01361554 0.02569091 0.9995772 0.01404762 0.06959855 0.9974762 0.02851516 0.07925784 0.9964463 0.02840983 0.07973885 0.9964109 0.0445708 0.0864318 0.9952603 0.04456269 0.08722651 0.9951913 -0.0108205 0.2615877 0.9651192 -0.01083493 0.2621347 0.9649705 -0.01085472 0.2633066 0.9646512 -0.01085853 0.263757 0.9645282 -0.06839752 0.4350523 0.8978036 -0.0683906 0.4359421 0.8973724 -0.06845015 0.4378579 0.8964347 -0.06845635 0.4386684 0.8960378 -0.124919 0.5961531 0.7930932 -0.1249371 0.5973188 0.7922127 -0.1249644 0.5999751 0.7901987 -0.124957 0.6010864 0.7893549 -0.1769059 0.7346774 0.6549454 -0.05931293 0.2393521 0.9691195 -0.05938404 0.2397693 0.9690121 -0.05964416 0.2409176 0.9687112 -0.05974316 0.2413283 0.9686029 -0.149001 0.3980453 0.9051845 -0.1491642 0.3988597 0.904799 -0.1495549 0.4005898 0.9039697 -0.1497253 0.4013721 0.9035945 -0.2354627 0.5457826 0.8041633 -0.2356736 0.5467972 0.803412 -0.2361564 0.5490638 0.8017227 -0.236336 0.5500025 0.8010261 -0.3131263 0.672619 0.6704742 -0.3133667 0.6738947 0.6690794 -0.3138715 0.676658 0.666047 -0.3140913 0.6778846 0.6646948 -0.3775246 0.7718096 0.5116494 -0.1021038 0.2085542 0.9726664 -0.1022614 0.2088963 0.9725764 -0.1027132 0.2098999 0.9723128 -0.1028495 0.2102561 0.9722214 -0.2201807 0.347004 0.9116517 -0.220468 0.3476028 0.911354 -0.2210922 0.3490794 0.9106382 -0.2213628 0.3497133 0.9103292 -0.3330287 0.4758186 0.8140569 -0.3333819 0.4766791 0.8134086 -0.3342325 0.4787134 0.8118635 -0.3345906 0.4795311 0.811233 -0.4336534 0.5869634 0.6836803 -0.4340039 0.5879008 0.6826517 -0.4348701 0.590136 0.6801673 -0.4352298 0.5910284 0.6791616 -0.5162551 0.6739279 0.5284904 -0.5166389 0.6750032 0.5267401 -0.5173515 0.6771672 0.5232513 -0.5177082 0.6781921 0.5215686 -0.5775471 0.7337328 0.3578763 -0.1392312 0.1714584 0.9753034 -0.2804709 0.2831612 0.9171456 -0.28079 0.2836411 0.9168995 -0.281581 0.2847973 0.9162984 -0.3285893 0.2111663 0.9205639 -0.4799559 0.2878894 0.828711 -0.4804272 0.2883536 0.8282766 -0.4813694 0.2893125 0.8273947 -0.5256823 0.1775023 0.8319562 -0.6704531 0.2181512 0.7091563 -0.6708766 0.2184233 0.708672 -0.6715938 0.2189681 0.7078239 -0.2819131 0.2852568 0.9160534 -0.415866 0.3885006 0.8222669 -0.416265 0.3891224 0.8217708 -0.4172788 0.3906002 0.8205546 -0.4176519 0.3911675 0.8200945 -0.5359801 0.4793576 0.6949402 -0.5364789 0.4801015 0.694041 -0.5375239 0.4818165 0.6920412 -0.5380234 0.4825717 0.6911261 -0.6343131 0.5509669 0.5422937 -0.634724 0.5517237 0.541042 -0.6357015 0.5534145 0.5381599 -0.6361132 0.5541466 0.5369187 -0.7066822 0.6003826 0.3743543 -0.7069895 0.6010718 0.3726642 -0.7076816 0.6026244 0.3688235 -0.707952 0.6033088 0.3671818 -0.617356 0.3575742 0.7007228 -0.6169208 0.3571216 0.7013366 -0.6159238 0.3560543 0.7027541 -0.6154738 0.3555549 0.7034009 -0.4818311 0.2897754 0.8269637 -0.7906295 0.2518199 0.5581144 -0.7896618 0.2510259 0.5598396 -0.7899627 0.2512884 0.559297 -0.6719818 0.2192497 0.7073685 -0.7259827 0.4088256 0.5530016 -0.7264465 0.4093391 0.5520118 -0.7273766 0.4104713 0.5499424 -0.7278466 0.4110114 0.5489162 -0.807228 0.4458932 0.3867326 -0.8075456 0.4463711 0.385517 -0.8082453 0.4474241 0.3828201 -0.8085731 0.4478837 0.3815885 -0.8777334 0.2747014 0.3925852 -0.8768551 0.2737911 0.3951753 -0.8771446 0.2740851 0.3943283 -0.7909187 0.2520664 0.5575933 -0.8780145 0.2749832 0.3917585 -0.1221077 -0.992444 0.01202738 -0.1177777 -0.9929656 0.0121631 -0.1204624 -0.9926443 0.01208972 -0.1162167 -0.9931487 0.01222401 -0.1231204 -0.9916896 0.03732371 -0.1066032 -0.9936988 0.0346207 -0.1183212 -0.9909579 0.0632655 -0.093885 -0.9941066 0.05420023 -0.1076096 -0.9902625 0.08831983 -0.07843708 -0.9944137 0.07063376 -0.09102529 -0.9896493 0.1109445 -0.06079417 -0.9946359 0.08368688 -0.06923991 -0.9891576 0.1295115 -0.04147994 -0.9947844 0.09318548 -0.04315704 -0.9887615 0.143137 -0.04315704 -0.9887616 0.1431371 -0.04315704 -0.9887615 0.1431371 -0.02102309 -0.994875 0.0989027 -0.01474493 -0.988622 0.1496972 1.54299e-6 -0.9949027 0.1008394 0.01474678 -0.9886164 0.1497337 0.0210241 -0.9948753 0.09889954 0.04341506 -0.9887107 0.1434103 0.04341506 -0.9887106 0.1434103 0.04341506 -0.9887106 0.1434103 0.04148143 -0.9947789 0.09324407 0.06925576 -0.9891538 0.129532 0.06080466 -0.9946345 0.08369684 0.09102922 -0.9896512 0.1109254 0.07843846 -0.9944136 0.07063353 0.1076086 -0.9902664 0.08827751 0.09388273 -0.9941053 0.05422824 0.1183319 -0.9909589 0.06323093 0.1066144 -0.9936963 0.03465539 0.1230714 -0.9916956 0.03732776 0.1205133 -0.9926382 0.01208335 0.1161702 -0.9931543 0.01221424 0.1177583 -0.992968 0.01214933 0.1220908 -0.9924463 0.01201778 0.3597674 -0.9323694 0.03542453 0.3596963 -0.932397 0.03542137 0.3597609 -0.9323719 0.03542423 0.3596905 -0.9323992 0.03542107 0.574701 -0.8164036 0.0566039 0.5746408 -0.8164464 0.0565977 0.5746957 -0.8164075 0.05660337 0.5746359 -0.8164498 0.05659723 0.7548915 -0.6516209 0.07435828 0.755065 -0.6514221 0.07433885 0.7549065 -0.6516036 0.07435661 0.7550789 -0.6514061 0.0743373 0.8897147 -0.4480346 0.08759462 0.8896875 -0.4480872 0.08760237 0.8897125 -0.448039 0.08759528 0.8896853 -0.4480913 0.08760297 0.9711068 -0.2186522 0.09561944 0.9711179 -0.2186084 0.09560525 0.9711077 -0.2186486 0.09561824 0.9711189 -0.2186049 0.09560412 0.994899 0.02409785 0.09795498 0.9949009 0.02404206 0.09795033 0.9949008 0.02404659 0.09795075 0.9596469 0.2648505 0.09450942 0.9596034 0.2650207 0.09447401 0.9596433 0.2648647 0.0945065 0.9595999 0.2650344 0.09447115 0.9948989 0.02410238 0.09795534 0.9566596 0.0240662 0.2902126 0.9566599 0.0240671 0.2902114 0.9566637 0.02407705 0.2901982 0.9338002 -0.2186295 0.2832287 0.9338597 -0.2183105 0.2832784 0.9338082 -0.2186555 0.2831823 0.8606517 -0.2183184 0.4600172 0.8606518 -0.2183215 0.4600155 0.8606529 -0.2183562 0.4599969 0.7883936 -0.4481512 0.4214217 0.7884303 -0.4481143 0.4213921 0.7884274 -0.4481173 0.4213945 0.6910215 -0.4481192 0.5671673 0.6910232 -0.4481233 0.5671618 0.6910426 -0.4481678 0.567103 0.5863112 -0.6516822 0.4811959 0.5864031 -0.6515945 0.4812026 0.5863958 -0.6516016 0.481202 0.481229 -0.6515662 0.5864132 0.4812311 -0.6515699 0.5864073 0.4812535 -0.6516088 0.5863457 0.3663234 -0.8164259 0.4463812 0.3663916 -0.8163834 0.4464026 0.3663861 -0.8163869 0.4464008 0.2722468 -0.8163765 0.5093242 0.2722455 -0.8163759 0.5093258 0.2722319 -0.81637 0.5093426 0.1704114 -0.9323568 0.3188584 0.1704253 -0.9323608 0.3188396 0.1704241 -0.9323604 0.3188412 0.1049537 -0.932369 0.3459377 0.1049538 -0.9323665 0.3459444 0.1049545 -0.9323421 0.3460097 0.9227205 0.2650463 0.2798884 0.9227215 0.2650402 0.2798904 0.9227342 0.2649711 0.2799143 0.9227354 0.2649648 0.2799165 0.8504112 0.2649565 0.4545317 0.8504133 0.2649524 0.45453 0.8504383 0.2649051 0.4545109 0.8504405 0.2649008 0.4545092 0.7453804 0.2648952 0.6117506 0.7453812 0.2649046 0.6117455 0.7453908 0.2650122 0.611687 0.7453917 0.265022 0.6116818 0.6117385 0.26501 0.7453494 0.6117346 0.2650129 0.7453516 0.61169 0.2650464 0.7453762 0.611686 0.2650495 0.7453785 0.454532 0.2650384 0.8503855 0.4545347 0.2650282 0.8503871 0.4545653 0.2649127 0.8504068 0.454568 0.2649022 0.8504086 0.2799539 0.2649477 0.9227288 0.2799518 0.2649508 0.9227286 0.2799279 0.2649868 0.9227255 0.2799257 0.2649901 0.9227253 0.09450805 0.2650038 0.9596048 0.09450864 0.265003 0.9596049 0.0945155 0.2649944 0.9596067 0.09451615 0.2649936 0.9596068 -0.09450757 0.264975 0.9596128 -0.09450882 0.2649719 0.9596135 -0.09449386 0.2650089 0.9596047 -0.09449267 0.2650119 0.959604 -0.2798795 0.2650149 0.9227322 -0.2798776 0.2650175 0.9227319 -0.2798995 0.264986 0.9227343 -0.2799014 0.2649835 0.9227346 -0.4545434 0.2650263 0.8503831 -0.4545463 0.2650265 0.8503814 -0.4545114 0.2650246 0.8504009 -0.4545085 0.2650244 0.8504024 -0.6116814 0.265012 0.7453956 -0.6116784 0.2650164 0.7453964 -0.6117137 0.2649627 0.7453866 -0.6117166 0.2649584 0.7453858 -0.7453938 0.2649838 0.6116958 -0.7453967 0.2649849 0.6116918 -0.745362 0.2649723 0.6117395 -0.7453592 0.2649713 0.6117433 -0.8504077 0.26496 0.454536 -0.8504093 0.2649582 0.4545341 -0.8503901 0.2649806 0.4545571 -0.8503885 0.2649824 0.4545589 -0.9227276 0.264988 0.2799202 -0.9227311 0.2649763 0.2799198 -0.9226893 0.2651163 0.2799248 -0.922686 0.2651277 0.2799252 -0.959568 0.2651281 0.09453225 -0.9595644 0.2651409 0.09453374 -0.9596084 0.264988 0.09451574 -0.9596119 0.2649756 0.09451431 -0.9948989 0.02398109 0.09798598 -0.9949008 0.02392762 0.09797996 -0.994899 0.02397668 0.0979855 -0.9949009 0.02392327 0.09797942 -0.9711294 -0.2185414 0.09564226 -0.9711645 -0.2183764 0.09566301 -0.9711323 -0.2185281 0.09564393 -0.9711673 -0.2183626 0.09566473 -0.8896555 -0.4481455 0.08762907 -0.8897286 -0.447993 0.08766603 -0.8896613 -0.4481332 0.08763206 -0.8897348 -0.4479801 0.08766919 -0.7549045 -0.6516014 0.07439678 -0.7548838 -0.6516277 0.07437568 -0.7549028 -0.6516036 0.07439512 -0.754882 -0.65163 0.07437384 -0.5747599 -0.8163599 0.05663543 -0.5747569 -0.8163627 0.0566262 -0.5747597 -0.8163602 0.05663472 -0.5747566 -0.8163629 0.05662536 -0.3597147 -0.9323889 0.0354464 -0.3597598 -0.9323711 0.03545463 -0.3597185 -0.9323874 0.03544706 -0.359764 -0.9323695 0.0354554 -0.3458935 -0.932388 0.1049302 -0.3459035 -0.932384 0.1049329 -0.3460149 -0.9323394 0.1049624 -0.3460261 -0.9323348 0.1049654 -0.318895 -0.9323335 0.1704711 -0.318889 -0.9323362 0.1704675 -0.3188222 -0.9323661 0.1704285 -0.3188155 -0.9323692 0.1704245 -0.279447 -0.9323639 0.2293618 -0.279444 -0.9323653 0.2293599 -0.2794118 -0.9323803 0.2293382 -0.2794086 -0.9323818 0.229336 -0.229305 -0.9323931 0.2793961 -0.2293084 -0.9323911 0.2794007 -0.2293452 -0.9323667 0.2794514 -0.2293489 -0.9323643 0.2794565 -0.1704142 -0.9323483 0.3188822 -0.1704124 -0.9323514 0.318874 -0.1703921 -0.9323862 0.3187829 -0.1703901 -0.9323897 0.3187737 -0.104924 -0.9323698 0.3459443 -0.1049261 -0.9323693 0.3459451 -0.1049503 -0.9323638 0.3459528 -0.1049527 -0.9323632 0.3459535 -0.03543394 -0.9323543 0.3598056 -0.03543299 -0.9323552 0.3598032 -0.0354222 -0.9323656 0.3597772 -0.03542113 -0.9323667 0.3597746 0.03543806 -0.9323733 0.3597559 0.03543788 -0.9323722 0.3597587 0.03543603 -0.9323601 0.3597903 0.03543585 -0.9323589 0.3597935 0.1049546 -0.93234 0.3460156 -0.5526708 -0.8163591 0.1676691 -0.5526739 -0.8163573 0.1676674 -0.5527085 -0.816338 0.1676474 -0.5527119 -0.816336 0.1676455 -0.5093701 -0.8163352 0.2722852 -0.5093676 -0.8163385 0.2722797 -0.5093394 -0.8163769 0.2722172 -0.5093367 -0.8163807 0.272211 -0.4464166 -0.8163543 0.3664395 -0.4464215 -0.8163548 0.3664327 -0.446476 -0.8163599 0.3663549 -0.4464813 -0.8163604 0.3663472 -0.3663867 -0.8163493 0.446469 -0.3663834 -0.8163532 0.4464649 -0.3663468 -0.8163948 0.4464187 -0.3663432 -0.8163989 0.4464141 -0.272219 -0.8163765 0.509339 -0.2722209 -0.816376 0.5093389 -0.272242 -0.8163704 0.5093365 -0.272244 -0.8163698 0.5093363 -0.1676523 -0.8164075 0.5526046 -0.1676495 -0.8164105 0.5526007 -0.1676177 -0.8164466 0.5525572 -0.1676146 -0.81645 0.5525529 -0.05659091 -0.8164165 0.5746839 -0.05659157 -0.8164166 0.5746836 -0.05659949 -0.8164183 0.5746805 -0.05660027 -0.8164185 0.5746802 0.05661153 -0.8163972 0.5747093 0.05661171 -0.8163993 0.5747063 0.05661374 -0.8164228 0.5746726 0.05661392 -0.8164252 0.5746694 0.1676463 -0.8164424 0.5525548 0.1676459 -0.8164369 0.5525627 0.1676413 -0.8163766 0.5526534 0.1676408 -0.8163707 0.5526623 0.2722307 -0.8163695 0.509344 -0.725894 -0.6515938 0.2202348 -0.7258933 -0.6515957 0.2202316 -0.7258847 -0.6516175 0.2201953 -0.725884 -0.6516196 0.2201918 -0.6689769 -0.6516169 0.3575827 -0.668987 -0.6516045 0.3575862 -0.6691024 -0.6514643 0.3576259 -0.6691134 -0.6514509 0.3576296 -0.5864816 -0.6514572 0.4812929 -0.5864761 -0.6514644 0.4812899 -0.5864133 -0.6515467 0.4812551 -0.5864074 -0.6515545 0.4812517 -0.4812676 -0.6515772 0.5863691 -0.4812636 -0.6515769 0.5863727 -0.4812183 -0.6515735 0.5864138 -0.481214 -0.6515732 0.5864176 -0.3575795 -0.6515881 0.6690067 -0.35758 -0.6515839 0.6690104 -0.3575862 -0.6515357 0.6690541 -0.3575868 -0.6515312 0.6690583 -0.2202165 -0.6515747 0.7259168 -0.2202163 -0.6515662 0.7259244 -0.2202139 -0.6514698 0.7260117 -0.2202137 -0.6514607 0.72602 -0.07435721 -0.6515411 0.7549605 -0.07435619 -0.6515405 0.754961 -0.07434463 -0.6515346 0.7549672 -0.07434356 -0.6515341 0.7549678 0.07437336 -0.651555 0.7549469 0.07437306 -0.6515517 0.7549496 0.07436949 -0.6515154 0.7549813 0.07436913 -0.6515119 0.7549844 0.2202287 -0.6515491 0.7259361 0.2202265 -0.6515503 0.7259356 0.220201 -0.6515648 0.7259303 0.2201986 -0.6515662 0.7259299 0.3576001 -0.6516404 0.6689448 0.3575989 -0.6516345 0.6689511 0.3575849 -0.6515678 0.6690235 0.3575836 -0.6515615 0.6690304 0.4812554 -0.6516122 0.5863403 -0.855462 -0.4481379 0.2595329 -0.8554612 -0.4481412 0.2595297 -0.8554522 -0.4481792 0.2594935 -0.8554515 -0.4481828 0.2594901 -0.7883785 -0.4481784 0.4214209 -0.7883706 -0.4481931 0.42142 -0.7882796 -0.4483624 0.4214103 -0.788271 -0.448378 0.4214094 -0.6909339 -0.4483656 0.5670791 -0.6909414 -0.4483505 0.567082 -0.6910268 -0.4481779 0.5671142 -0.6910348 -0.4481619 0.5671172 -0.5671201 -0.448184 0.6910179 -0.5671175 -0.4481834 0.6910206 -0.5670867 -0.4481751 0.6910511 -0.5670839 -0.4481744 0.6910539 -0.4213625 -0.4481809 0.7884083 -0.4213636 -0.448181 0.7884076 -0.4213762 -0.4481821 0.7884002 -0.4213774 -0.4481822 0.7883995 -0.2595088 -0.4482012 0.8554362 -0.2595061 -0.448198 0.8554385 -0.2594757 -0.448162 0.8554667 -0.2594729 -0.4481586 0.8554693 -0.08761674 -0.4481663 0.8896462 -0.0876165 -0.4481641 0.8896474 -0.08761399 -0.4481384 0.8896605 -0.08761376 -0.448136 0.8896617 0.0876373 -0.4481654 0.8896447 0.08763694 -0.4481673 0.8896437 0.08763289 -0.4481891 0.8896331 0.08763253 -0.4481911 0.8896321 0.2595027 -0.4482885 0.8553922 0.2595017 -0.4482835 0.8553951 0.2594898 -0.4482265 0.8554286 0.2594887 -0.4482212 0.8554317 0.421405 -0.4482317 0.7883566 0.4214041 -0.4482284 0.788359 0.4213937 -0.4481902 0.7883864 0.4213927 -0.4481866 0.7883889 0.5671132 -0.4482188 0.6910012 0.5671119 -0.4482145 0.691005 0.567098 -0.4481652 0.6910483 0.5670967 -0.4481608 0.6910523 0.6910443 -0.4481716 0.5670979 -0.9566614 0.02393078 0.2902179 -0.95666 0.02398282 0.2902182 -0.9566601 0.02397853 0.2902182 -0.9337986 -0.2185475 0.2832974 -0.9338033 -0.2185285 0.2832963 -0.9338575 -0.2183137 0.2832834 -0.9338624 -0.2182942 0.2832821 -0.8606652 -0.21829 0.4600056 -0.8605909 -0.218641 0.4599777 -0.8606859 -0.2182595 0.4599812 -0.8605898 -0.2186067 0.4599961 -0.7542636 -0.2186014 0.6191124 -0.7542706 -0.2185747 0.6191132 -0.7542096 -0.2187292 0.6191328 -0.7543585 -0.2182439 0.6191227 -0.6190896 -0.2182762 0.7543763 -0.6190882 -0.2182772 0.7543772 -0.619072 -0.2182889 0.7543871 -0.6190705 -0.21829 0.754388 -0.4600498 -0.21831 0.8606365 -0.460045 -0.2183251 0.8606351 -0.459991 -0.2184966 0.8606206 -0.459986 -0.2185122 0.8606192 -0.2832627 -0.2185082 0.9338182 -0.2832621 -0.2185061 0.9338189 -0.2832555 -0.2184822 0.9338266 -0.2832548 -0.21848 0.9338272 -0.09563869 -0.2184956 0.97114 -0.09563922 -0.2184892 0.9711415 -0.09564489 -0.2184165 0.9711573 -0.09564542 -0.2184099 0.9711587 0.09565711 -0.2184354 0.9711518 0.09565681 -0.2184363 0.9711517 0.09565353 -0.2184467 0.9711496 0.09565323 -0.2184476 0.9711495 0.2832828 -0.2184169 0.9338335 0.2832829 -0.2184168 0.9338335 0.283284 -0.2184148 0.9338335 0.2832841 -0.2184147 0.9338336 0.4600253 -0.2183961 0.8606277 0.4600273 -0.2183977 0.8606261 0.4600508 -0.2184166 0.8606088 0.4600529 -0.2184183 0.8606072 0.6190561 -0.21838 0.7543739 0.6190593 -0.2183781 0.7543717 0.6190952 -0.218357 0.7543484 0.6190985 -0.2183551 0.7543463 0.7543461 -0.2183449 0.619102 0.7543482 -0.2183474 0.619099 0.7543689 -0.2183753 0.6190637 0.7543708 -0.2183779 0.6190605 0.860653 -0.2183592 0.4599952 -0.8816819 0.02429324 0.4712188 -0.8816674 0.02393758 0.4712641 -0.8816685 0.02396672 0.4712603 -0.9566615 0.02392655 0.2902178 -0.8816831 0.02432227 0.4712151 -0.7727701 0.02396172 0.6342336 -0.7727829 0.02429366 0.6342053 -0.7727819 0.02426648 0.6342077 -0.772769 0.02393466 0.6342359 -0.6342153 0.02387684 0.7727877 -0.6342473 0.0239681 0.7727587 -0.6342446 0.02396059 0.7727611 -0.6342127 0.02386945 0.7727901 -0.4712742 0.02403676 0.8816593 -0.4712533 0.0238887 0.8816745 -0.471255 0.0239008 0.8816732 -0.4712759 0.0240488 0.881658 -0.2902077 0.0241177 0.9566597 -0.2901843 0.02408182 0.9566679 -0.2901862 0.02408474 0.9566671 -0.2902097 0.02412068 0.9566591 -0.09797114 0.02405893 0.9948984 -0.09797757 0.02407729 0.9948974 -0.09797704 0.0240758 0.9948974 -0.09797066 0.02405744 0.9948986 0.09799963 0.02399128 0.9948973 0.09798616 0.02403199 0.9948976 0.09798723 0.02402865 0.9948976 0.0980007 0.02398794 0.9948972 0.2902058 0.02414435 0.9566596 0.290225 0.02398097 0.956658 0.2902234 0.02399438 0.9566581 0.2902043 0.02415764 0.9566599 0.4712609 0.02396154 0.8816685 0.4712549 0.02417254 0.8816659 0.4712553 0.02415525 0.881666 0.4712613 0.02394431 0.8816686 0.1704102 -0.9323565 0.3188602 0.2293433 -0.932372 0.2794355 0.2293464 -0.93237 0.2794397 0.2293801 -0.9323476 0.2794868 0.3663173 -0.8164296 0.4463793 0.4463526 -0.8164758 0.3662466 0.4463576 -0.8164676 0.3662589 0.4464145 -0.8163744 0.3663976 0.5863031 -0.6516899 0.4811953 0.6689146 -0.651739 0.3574767 0.6689159 -0.6517344 0.3574825 0.6689305 -0.6516829 0.3575492 0.7883903 -0.4481543 0.4214242 0.8554807 -0.4481562 0.2594392 0.855484 -0.4481468 0.259445 0.8555207 -0.4480389 0.2595103 0.9337953 -0.218656 0.2832246 0.6342251 0.0239948 0.7727761 0.6342306 0.02391999 0.772774 0.63423 0.02392613 0.7727741 0.6342246 0.02400088 0.7727763 0.2293835 -0.9323453 0.2794916 0.2795172 -0.9323386 0.2293797 0.2795147 -0.9323393 0.2293795 0.2794871 -0.932348 0.229378 0.44642 -0.8163652 0.3664112 0.5093336 -0.816365 0.2722638 0.5093309 -0.8163688 0.2722578 0.5093 -0.8164109 0.272189 0.6689319 -0.651678 0.3575556 0.7258329 -0.6516908 0.2201495 0.7258368 -0.6516852 0.2201533 0.7258806 -0.6516215 0.2201973 0.855524 -0.4480289 0.2595164 0.7727754 0.02403378 0.6342244 0.7728016 0.02399063 0.6341942 0.7727994 0.02399414 0.6341966 0.7727733 0.0240373 0.6342268 0.2794843 -0.9323489 0.2293778 0.3188677 -0.9323425 0.1704727 0.3188674 -0.9323434 0.170468 0.3188642 -0.9323539 0.1704166 0.509297 -0.8164151 0.2721822 0.5526047 -0.8164149 0.1676149 0.5526052 -0.8164141 0.1676173 0.5526109 -0.8164048 0.1676443 0.7258847 -0.6516155 0.2202015 0.8816638 0.02407717 0.4712635 0.88168 0.02401161 0.4712364 0.8816787 0.02401697 0.4712386 0.8816626 0.02408248 0.4712657 0.3188639 -0.9323551 0.1704114 0.3459843 -0.9323515 0.104956 0.3459812 -0.9323529 0.1049529 0.3459475 -0.9323694 0.1049183 0.5526114 -0.8164039 0.167647 0.3459441 -0.932371 0.1049147 0.956664 0.02407795 0.290197 -0.1305011 -0.9912993 0.01718342 -0.1305021 -0.9912992 0.01718366 -0.1305088 -0.9912982 0.0171855 -0.13051 -0.9912981 0.0171858 -0.1216191 -0.9912974 0.05038219 -0.1216202 -0.9912973 0.05038136 -0.1216289 -0.9912965 0.0503751 -0.1216304 -0.9912964 0.05037409 -0.1044424 -0.9912971 0.08013689 -0.1044433 -0.991297 0.080136 -0.1044504 -0.9912968 0.08012968 -0.1044515 -0.9912968 0.08012866 -0.08015078 -0.991294 0.1044616 -0.08014899 -0.9912948 0.1044561 -0.08013594 -0.9913 0.1044159 -0.08013385 -0.9913008 0.1044093 -0.05037504 -0.9912919 0.1216665 -0.05037468 -0.9912923 0.1216635 -0.05037224 -0.9912951 0.1216415 -0.05037182 -0.9912956 0.121638 -0.01718181 -0.9912979 0.1305115 -0.01718187 -0.9912979 0.1305117 -0.01718246 -0.9912978 0.130513 -0.01718258 -0.9912977 0.1305131 0.01718503 -0.9912976 0.1305137 0.01718497 -0.9912976 0.130514 0.01718455 -0.9912973 0.1305164 0.01718449 -0.9912973 0.1305167 0.05038416 -0.9912934 0.1216509 0.0503847 -0.9912929 0.1216546 0.0503807 -0.9912964 0.121628 0.05038022 -0.9912968 0.1216248 0.08014196 -0.9912946 0.1044626 0.08014255 -0.991294 0.1044667 0.08013832 -0.9912976 0.1044371 0.08013778 -0.991298 0.1044336 0.1044359 -0.9912992 0.08011895 0.1044358 -0.9912997 0.0801143 0.1044362 -0.9912968 0.08014798 0.1044363 -0.9912965 0.08015197 0.1216176 -0.9912983 0.05036824 0.1216134 -0.9912989 0.05036765 0.1216434 -0.991295 0.05037194 0.1216469 -0.9912945 0.05037242 0.1305398 -0.9912942 0.01717931 0.1305431 -0.9912939 0.01717847 0.1305198 -0.9912968 0.01718455 0.1305171 -0.9912972 0.01718533 0.3822739 -0.9226772 0.05033582 0.3824105 -0.9226211 0.05032366 0.3822919 -0.9226697 0.05033421 0.382426 -0.9226148 0.05032229 0.6066622 -0.790941 0.07983344 0.6067064 -0.790907 0.07983434 0.6066677 -0.7909368 0.07983356 0.6067113 -0.7909033 0.07983446 0.7892329 -0.6052496 0.1038482 0.7890359 -0.6055019 0.1038744 0.7892093 -0.6052799 0.1038513 0.7890146 -0.6055293 0.1038772 0.9170393 -0.3800809 0.1207373 0.9171272 -0.3798768 0.1207119 0.9170494 -0.3800574 0.1207343 0.9171368 -0.3798547 0.1207092 0.9740297 -0.1866392 0.1281872 0.9843408 -0.1296096 0.1194763 0.9322844 -0.07633024 0.3535812 0.8984649 -0.2329244 0.3721655 0.854556 -0.380059 0.3539622 0.8545858 -0.379953 0.354004 0.8545826 -0.3799646 0.3539994 0.7338871 -0.3799457 0.5630729 0.7338836 -0.3799524 0.5630729 0.7338567 -0.3800038 0.5630733 0.6314877 -0.6053261 0.4845654 0.6314054 -0.605472 0.4844904 0.6314144 -0.6054559 0.4844986 0.4845345 -0.6054532 0.6313896 0.4845317 -0.6054499 0.6313949 0.4845112 -0.6054255 0.631434 0.372545 -0.7909005 0.4854757 0.3725337 -0.7908863 0.4855076 0.3725349 -0.7908879 0.485504 0.2341969 -0.7909268 0.5653201 0.2341962 -0.7909213 0.565328 0.2341914 -0.7908838 0.5653825 0.1475865 -0.922653 0.3562719 0.1475815 -0.922651 0.3562794 0.147582 -0.9226512 0.3562785 0.05033969 -0.9226604 0.382314 0.05033934 -0.9226577 0.3823202 0.05033725 -0.9226407 0.3823615 0.8225564 -0.03222322 0.5677698 0.7641856 -0.268774 0.5863284 0.7338534 -0.3800101 0.5630734 0.5631111 -0.3800075 0.7338258 0.563112 -0.3799936 0.7338322 0.5631189 -0.3798874 0.7338821 0.4845087 -0.6054226 0.6314388 0.3045974 -0.6054164 0.7353172 0.3045973 -0.6054032 0.7353281 0.3045958 -0.6053065 0.7354084 0.2341908 -0.790879 0.5653894 0.07987838 -0.7909114 0.6066949 0.07987809 -0.7909081 0.6066992 0.07987588 -0.790885 0.6067297 0.05033701 -0.9226385 0.382367 -0.05033677 -0.9226432 0.3823556 -0.05033707 -0.9226422 0.3823583 -0.05033886 -0.9226347 0.3823756 0.6631014 0.001745223 0.7485276 0.6631214 0.001385569 0.7485107 0.6631337 0.002457499 0.748497 0.5816394 -0.2950674 0.7580441 0.5631197 -0.3798743 0.7338881 0.3539924 -0.3799219 0.8546046 0.3539915 -0.3799336 0.8545997 0.3539841 -0.3800232 0.8545628 0.3045956 -0.6052945 0.7354183 0.1038999 -0.6053302 0.7891643 0.1039008 -0.605339 0.7891574 0.1039071 -0.6054041 0.7891067 0.07987564 -0.790882 0.6067335 -0.0798763 -0.7909238 0.6066791 -0.07987481 -0.7909211 0.6066828 -0.0798642 -0.790902 0.606709 -0.05033916 -0.9226338 0.3823779 -0.147593 -0.9226349 0.3563161 -0.1475922 -0.9226354 0.3563152 -0.1475867 -0.9226386 0.3563095 0.4645664 0.02702867 0.8851257 0.3635582 -0.3122366 0.8776867 0.3539832 -0.3800342 0.8545584 0.1207622 -0.3799974 0.9170707 0.1207617 -0.3799905 0.9170736 0.120758 -0.3799377 0.9170959 0.1039078 -0.6054121 0.7891004 -0.1038795 -0.6054323 0.7890887 -0.1038791 -0.6054293 0.789091 -0.1038762 -0.6054078 0.7891079 -0.07986283 -0.7908996 0.6067124 -0.2341719 -0.7909438 0.5653064 -0.2341716 -0.7909379 0.5653148 -0.2341697 -0.7908965 0.5653736 -0.1475859 -0.9226389 0.3563086 -0.2347832 -0.9226413 0.3059574 -0.2347772 -0.9226452 0.3059504 -0.2347374 -0.9226706 0.3059041 0.2391081 0.04181319 0.9700923 0.1236401 -0.3206793 0.9390836 0.1207575 -0.3799313 0.9170987 -0.1207305 -0.3799141 0.9171094 -0.1207322 -0.3799058 0.9171125 -0.120745 -0.379842 0.9171373 -0.1038758 -0.6054052 0.78911 -0.3045678 -0.6054451 0.7353059 -0.3045681 -0.6054412 0.735309 -0.3045703 -0.6054127 0.7353314 -0.2341694 -0.7908913 0.565381 -0.3725191 -0.790889 0.4855146 -0.3725197 -0.7908884 0.4855148 -0.3725243 -0.7908851 0.4855166 -0.2347322 -0.922674 0.305898 -0.305903 -0.9226619 0.234773 -0.3059147 -0.922657 0.2347775 -0.3059912 -0.9226243 0.2348063 1.04628e-5 0.04677367 0.9989056 -0.1236351 -0.3207061 0.9390751 -0.1207465 -0.3798342 0.9171404 -0.3540073 -0.3797773 0.8546626 -0.3540015 -0.3797995 0.8546551 -0.3539578 -0.3799697 0.8545975 -0.3045706 -0.6054092 0.7353342 -0.4845351 -0.60543 0.6314114 -0.4845308 -0.6054267 0.6314178 -0.4844994 -0.6054027 0.631465 -0.3725249 -0.7908847 0.4855168 -0.4854996 -0.7909116 0.3724905 -0.4854857 -0.7909201 0.3724907 -0.4853881 -0.7909793 0.3724921 -0.3060011 -0.9226199 0.2348101 -0.3563533 -0.922621 0.1475904 -0.3563417 -0.9226256 0.1475901 -0.3562657 -0.9226554 0.1475875 -0.2391084 0.04176795 0.9700942 -0.363514 -0.312203 0.8777169 -0.3539524 -0.3799906 0.8545905 -0.5630817 -0.3800268 0.7338383 -0.5630832 -0.3800221 0.7338396 -0.5630944 -0.3799866 0.7338494 -0.4844955 -0.6053997 0.6314708 -0.6314116 -0.6054522 0.484507 -0.6314223 -0.6054329 0.4845172 -0.6315007 -0.6052911 0.4845923 -0.4853758 -0.7909867 0.3724923 -0.5652461 -0.791003 0.2341177 -0.5652663 -0.7909857 0.2341276 -0.5654066 -0.7908652 0.234196 -0.3562557 -0.9226592 0.1475872 -0.3823116 -0.9226608 0.05034953 -0.3823093 -0.9226617 0.05034929 -0.3822948 -0.9226679 0.05034744 -0.4645242 0.02712613 0.8851449 -0.5816487 -0.2950226 0.7580546 -0.5630958 -0.3799822 0.7338505 -0.7338584 -0.3799651 0.5630972 -0.7338621 -0.3799574 0.5630974 -0.7338906 -0.3798999 0.5630993 -0.6315104 -0.6052736 0.4846014 -0.7354377 -0.6052834 0.3045709 -0.7354193 -0.6053045 0.3045735 -0.7352844 -0.6054589 0.3045924 -0.5654243 -0.7908499 0.2342046 -0.6067658 -0.7908542 0.07990711 -0.6067658 -0.7908539 0.07990843 -0.6067666 -0.7908525 0.07991749 -0.3822929 -0.9226686 0.0503472 -0.6631392 0.001438498 0.7484948 -0.663144 0.001757442 0.7484898 -0.6631385 0.002503335 0.7484927 -0.7641827 -0.2687106 0.5863612 -0.7338941 -0.3798927 0.5630995 -0.8546218 -0.3798782 0.3539971 -0.8546259 -0.3798685 0.353998 -0.8546565 -0.3797932 0.354005 -0.7352678 -0.6054779 0.3045948 -0.7890518 -0.6054769 0.1038999 -0.7890443 -0.6054872 0.1038969 -0.7891127 -0.6053932 0.1039245 -0.789121 -0.6053818 0.1039279 -0.8225522 -0.0321685 0.5677793 -0.8984651 -0.2329161 0.3721703 -0.8546602 -0.3797841 0.3540059 -0.917159 -0.379778 0.1207812 -0.9171619 -0.3797701 0.1207837 -0.9171349 -0.3798427 0.1207607 -0.9171317 -0.3798512 0.120758 -0.932259 -0.07654505 0.3536016 -0.9739823 -0.1868373 0.1282587 -0.9843178 -0.1297303 0.1195344 -0.6067667 -0.7908522 0.07991862 0.1475871 -0.9226534 0.3562709 0.2347754 -0.9226408 0.305965 0.2347763 -0.9226407 0.3059645 0.2347843 -0.92264 0.3059607 0.2347854 -0.9226399 0.3059601 0.3059746 -0.922635 0.2347855 0.3059712 -0.9226377 0.2347798 0.3059448 -0.9226574 0.2347366 0.3059408 -0.9226604 0.23473 0.3562705 -0.9226579 0.1475602 0.3562667 -0.9226596 0.1475584 0.356238 -0.9226729 0.1475447 0.3562336 -0.9226748 0.1475426 0.3725464 -0.7909024 0.4854717 0.485506 -0.7908545 0.3726034 0.4855058 -0.7908602 0.3725914 0.485504 -0.7909063 0.3724961 0.6314976 -0.6053084 0.4845745 0.7354115 -0.6052923 0.3046167 0.7354143 -0.6052888 0.3046166 0.7354375 -0.605261 0.3046159 0.8545526 -0.3800714 0.3539573 0.4855037 -0.7909128 0.3724825 0.565323 -0.7909395 0.2341469 0.5653282 -0.7909339 0.2341534 0.5653642 -0.7908946 0.2341987 0.5653687 -0.7908897 0.2342044 0.7354407 -0.6052572 0.3046158 0.6087589 0 -0.7933554 0.6087589 0 -0.7933554 0.7933616 0 -0.6087507 0.7933604 9.64592e-7 -0.6087524 0.7933583 2.53958e-6 -0.6087551 0.793357 3.50418e-6 -0.6087567 0.9238585 1.9623e-6 -0.3827344 0.9238591 1.42213e-6 -0.3827327 0.9238604 5.4017e-7 -0.38273 0.9238611 0 -0.3827282 0.9914429 0 -0.1305414 0.9914429 0 -0.1305414 -0.8831102 0.4619753 -0.08182495 -0.883944 0.4598956 -0.08449316 -0.8831817 0.4617931 -0.08208107 -0.8847602 0.4578279 -0.08713799 -0.8509991 0.4660196 -0.2421284 -0.8524667 0.4543398 -0.2586042 -0.7903841 0.4694914 -0.3935365 -0.7869955 0.4513404 -0.4206306 -0.7033489 0.4724217 -0.531148 -0.6907755 0.4488285 -0.5669059 -0.59291 0.474807 -0.650397 -0.5675569 0.446825 -0.6915394 -0.4627981 0.4766681 -0.7473992 -0.4220829 0.4452934 -0.7896581 -0.3173046 0.4779731 -0.8190602 -0.2600697 0.4442833 -0.8573075 -0.1613389 0.4787573 -0.8629955 -0.08785825 0.4437755 -0.8918207 -1.62976e-5 0.4790316 -0.8777977 0.08782708 0.4437745 -0.8918243 0.161315 0.4787634 -0.8629966 0.2600569 0.4442811 -0.8573125 0.3173066 0.4779772 -0.819057 0.4220623 0.4453052 -0.7896625 0.4627739 0.4766766 -0.7474088 0.5675462 0.4468329 -0.691543 0.5928838 0.4747973 -0.6504278 0.6907595 0.4488176 -0.5669339 0.7033477 0.4724386 -0.5311346 0.7869777 0.4513614 -0.420641 0.7903634 0.4695016 -0.3935658 0.8524616 0.4543517 -0.2585995 0.8509914 0.4660288 -0.242138 0.8839378 0.4599048 -0.08450752 0.8831884 0.4617815 -0.08207422 0.8847546 0.4578385 -0.08714002 0.8831037 0.461983 -0.08185189 0.7869922 0.6126372 -0.072932 0.7869926 0.6126365 -0.07293349 0.7869928 0.6126363 -0.07293391 0.7869932 0.6126354 -0.07293552 0.7601939 0.6126365 -0.2162912 0.7601854 0.612643 -0.216303 0.7601825 0.6126451 -0.2163068 0.760173 0.6126523 -0.2163197 0.7074907 0.612651 -0.3523005 0.707497 0.6126461 -0.3522968 0.707499 0.6126443 -0.3522955 0.7075058 0.6126388 -0.3522914 0.6307276 0.6126428 -0.4762893 0.630717 0.6126493 -0.476295 0.6307137 0.6126514 -0.4762969 0.630702 0.6126585 -0.4763031 0.5324271 0.6126554 -0.5841017 0.5324435 0.6126468 -0.5840957 0.5324488 0.612644 -0.5840938 0.5324669 0.6126347 -0.5840871 0.4160736 0.6126351 -0.6719829 0.41607 0.6126383 -0.6719822 0.4160689 0.6126394 -0.6719819 0.4160648 0.612643 -0.6719811 0.3153006 0.6137748 -0.7237858 0.2517895 0.6915447 -0.6770288 0.3048346 0.745298 -0.5929645 0.2041219 0.7926173 -0.5745365 0.3047921 0.8449818 -0.4394401 0.278363 0.8487614 -0.4495758 0.3126821 0.8580079 -0.4074955 0.3557853 0.8491734 -0.3902838 0.4116027 0.8548901 -0.3158263 0.4151038 0.8538087 -0.3141648 0.4120635 0.854748 -0.3156102 0.4156662 0.8536297 -0.3139075 0.4719052 0.8497533 -0.2349995 0.5982128 0.743914 -0.2978817 0.5982168 0.7439118 -0.2978792 0.5982058 0.7439178 -0.2978859 0.5982228 0.7439084 -0.2978757 0.6654154 0.7439222 -0.06166267 0.6654208 0.7439178 -0.06165653 0.6654244 0.7439149 -0.06165248 0.6654307 0.7439099 -0.06164538 0.6427607 0.7439101 -0.1829111 0.6427621 0.7439096 -0.1829082 0.6427631 0.7439092 -0.1829061 0.6427648 0.7439087 -0.1829027 0.522301 0.8513875 -0.04838639 0.5112832 0.8567723 -0.06731092 0.5089689 0.848515 -0.1448212 0.4748547 0.8578006 -0.196701 0.2925521 0.5866263 -0.7551708 0.1487056 0.5907411 -0.7930395 0.1559535 0.5983221 -0.7859321 0.1564057 0.598805 -0.7854744 0.148308 0.5903335 -0.7934174 -1.47418e-5 0.5945282 -0.8040749 -1.08376e-5 0.594533 -0.8040712 -1.16083e-5 0.5945321 -0.8040719 -7.62343e-6 0.5945371 -0.8040683 -0.1483317 0.5903334 -0.7934131 -0.1486954 0.5907542 -0.7930317 -0.1559505 0.5983322 -0.7859249 -0.1564214 0.5987929 -0.7854803 -0.2925554 0.5866116 -0.755181 -0.3153169 0.6137776 -0.7237765 -0.2518174 0.6915265 -0.677037 -0.3048819 0.7452971 -0.5929412 -0.2041444 0.7926269 -0.5745154 -0.3048166 0.8449781 -0.4394304 -0.2783788 0.8487628 -0.4495631 -0.3127031 0.8580036 -0.4074882 -0.3557976 0.8491777 -0.3902633 -0.4120711 0.8547445 -0.3156097 -0.4151513 0.8537937 -0.3141432 -0.4116066 0.8548889 -0.3158245 -0.4156747 0.853627 -0.3139036 -0.4719189 0.8497514 -0.2349796 -0.5982172 0.7439181 -0.2978624 -0.5982164 0.7439177 -0.2978653 -0.5982187 0.743919 -0.2978574 -0.6427654 0.7439152 -0.182874 -0.6427662 0.7439131 -0.1828798 -0.6427668 0.7439116 -0.1828836 -0.7601848 0.61265 -0.2162846 -0.7601851 0.6126494 -0.2162858 -0.7601842 0.6126523 -0.2162806 -0.7869808 0.6126531 -0.07292157 -0.7869855 0.6126458 -0.0729326 -0.786987 0.6126433 -0.07293623 -0.4748659 0.8577947 -0.1966996 -0.5089846 0.8485025 -0.144839 -0.6427678 0.7439092 -0.1828902 -0.665426 0.7439116 -0.06167519 -0.6654201 0.7439178 -0.06166565 -0.665416 0.7439219 -0.06165927 -0.7869922 0.6126352 -0.07294833 -0.5112992 0.8567641 -0.06729358 -0.5223151 0.8513786 -0.04838895 -0.665409 0.743929 -0.0616483 -0.7601856 0.6126473 -0.2162895 -0.7075077 0.6126461 -0.352275 -0.7075076 0.6126462 -0.3522748 -0.7075076 0.6126463 -0.3522748 -0.5982151 0.743917 -0.2978697 -0.5332909 0.743916 -0.402728 -0.5332912 0.7439159 -0.402728 -0.5332913 0.7439157 -0.402728 -0.7075074 0.6126465 -0.3522748 -0.6307135 0.6126451 -0.4763052 -0.6307155 0.6126483 -0.4762983 -0.6307162 0.6126493 -0.4762963 -0.5332916 0.7439156 -0.402728 -0.4502264 0.7439135 -0.4938512 -0.450225 0.7439121 -0.4938545 -0.4502242 0.7439113 -0.4938565 -0.6307179 0.6126522 -0.4762901 -0.5324675 0.6126542 -0.5840661 -0.5324624 0.6126475 -0.5840777 -0.5324609 0.6126456 -0.5840812 -0.4502229 0.7439102 -0.4938594 -0.3518185 0.7439095 -0.5681747 -0.3518171 0.7439084 -0.5681771 -0.3518164 0.7439076 -0.5681785 -0.5324563 0.6126396 -0.5840917 -0.4160875 0.612645 -0.6719654 -0.416085 0.6126416 -0.67197 -0.4160842 0.6126406 -0.6719713 -0.3518152 0.7439066 -0.5681806 -0.416082 0.6126375 -0.6719755 0.351799 0.7439094 -0.5681869 0.3517953 0.7439088 -0.5681899 0.3518053 0.7439104 -0.5681816 0.3517898 0.7439079 -0.5681945 0.4502149 0.7439147 -0.49386 0.4502126 0.7439129 -0.4938645 0.4502189 0.7439175 -0.493852 0.4502092 0.7439105 -0.4938714 0.533289 0.743916 -0.4027304 0.5332877 0.7439162 -0.402732 0.5332913 0.7439159 -0.4027275 0.5332856 0.7439163 -0.4027345 -0.9927065 7.58978e-4 0.120554 -0.9902724 -6.49706e-4 0.1391406 -0.9927068 7.08576e-7 0.120554 -0.9350034 -6.38692e-4 0.3546382 -0.9238794 6.70705e-7 0.3826839 -0.9238787 0.00128144 0.3826835 -0.9238795 6.70292e-7 0.3826839 -0.9238786 -0.001280069 0.3826837 -0.8229883 0.001166582 0.5680573 -0.7933508 -0.001747608 0.6087624 -0.7933518 -2.24975e-7 0.6087635 -0.7933518 -2.25635e-7 0.6087634 -0.6631227 0.001574218 0.7485091 -0.6087485 -0.002098321 0.7933605 -0.6087502 0 0.793362 -0.6087502 0 0.7933621 -0.4646902 0.001865744 0.8854714 -0.3826528 -0.002331137 0.9238893 -0.3826541 0 0.9238917 -0.3826541 0 0.9238917 -0.2393003 0.002040266 0.9709435 -0.1305158 -0.002448081 0.9914433 -0.1305162 0 0.9914463 -0.1305162 0 0.9914463 1.03514e-5 0.002099096 0.9999978 0.130535 -0.002447664 0.9914408 0.1305351 0 0.9914437 0.1305352 0 0.9914437 0.2393102 0.002040684 0.9709411 0.3826833 -0.002331435 0.9238767 0.3826842 -2.74665e-7 0.9238793 0.3826842 -2.76723e-7 0.9238793 0.4647239 0.001865565 0.8854538 0.6087795 -0.002098619 0.7933368 0.6087808 -7.22757e-7 0.7933385 0.6087808 -7.23715e-7 0.7933385 0.6631344 0.001572549 0.7484987 0.7933545 -0.001749575 0.6087576 0.7933555 -5.80162e-7 0.6087587 0.7933555 -5.81134e-7 0.6087588 0.8229849 0.00116384 0.5680622 0.9238868 -0.001283288 0.3826637 0.9238876 -8.23269e-7 0.3826642 0.9238876 -8.23282e-7 0.3826642 0.9350199 6.38433e-4 0.3545949 0.9927142 -7.59343e-4 0.1204912 0.9902776 6.51344e-4 0.1391044 0.9927145 0 0.1204899 -0.8229751 -0.001165628 0.5680761 -0.7933505 0.001747131 0.6087627 -0.6631284 -0.001574575 0.7485041 -0.6087491 0.002098321 0.79336 -0.4646905 -0.001865744 0.8854712 -0.3826534 0.002331018 0.9238891 -0.2393097 -0.002040326 0.9709411 -0.1305158 0.00244832 0.9914432 1.03512e-5 -0.002099156 0.9999978 0.1305345 0.002447664 0.9914408 0.2393152 -0.002040863 0.9709398 0.3826829 0.002330899 0.9238768 0.4647318 -0.001866638 0.8854496 0.6087795 0.002097189 0.7933368 0.6631283 -0.001573622 0.7485041 0.7933541 0.001748383 0.608758 0.8229882 -0.00116533 0.5680573 0.9238868 0.001281678 0.3826639 0.9350116 -6.3856e-4 0.3546167 -0.9350033 6.40038e-4 0.3546385 0 -1 -5.06695e-7 0 -1 0 0 -1 7.66709e-7 0 -1 -1.67835e-6 0 -1 -2.38074e-7 0 -1 -1.82885e-6 0 -1 1.58301e-7 0 -1 7.48974e-7 0 -1 2.08369e-6 0 -1 -3.47045e-6 0 -1 5.46474e-6 0 -1 3.12724e-6 0 -1 -2.21757e-5 0 -1 9.24525e-6 0 -1 -3.30005e-5 0 -1 0 0 -1 1.76005e-6 0 -1 -1.90301e-6 0 -1 7.20768e-6 0 -1 -5.29851e-6 0 -1 0 0 -1 2.21758e-5 0 -1 -9.24538e-6 0 -1 3.30005e-5 0.9927122 0 -0.1205092 0.9902802 -6.5005e-4 -0.1390857 0.9350091 6.39964e-4 -0.3546233 0.9238771 -0.00128138 -0.382687 0.923878 0 -0.3826873 0.923878 0 -0.3826873 0.8229687 0.001165747 -0.5680854 0.7933286 -0.001748502 -0.6087911 0.7933298 2.22975e-7 -0.6087921 0.7933298 2.23612e-7 -0.6087921 0.6631166 0.001572847 -0.7485144 0.6087585 -0.00209856 -0.7933529 0.6087598 -4.37357e-7 -0.7933548 0.6087597 -4.3573e-7 -0.7933548 0.4647239 0.00186491 -0.8854538 0.3826758 -0.002332448 -0.9238798 0.3826771 -2.74279e-7 -0.9238821 0.3826771 -2.72324e-7 -0.9238823 0.2392956 0.002040088 -0.9709447 0.1305043 -0.002448618 -0.9914447 0.1305046 0 -0.9914478 0.1305046 0 -0.9914478 -1.08441e-5 0.002098381 -0.9999979 -0.1305372 -0.002448499 -0.9914404 -0.1305373 0 -0.9914435 -0.1305373 0 -0.9914435 -0.2393346 0.002040624 -0.9709351 -0.3826847 -0.00233078 -0.9238761 -0.3826855 0 -0.9238787 -0.3826855 0 -0.9238788 -0.4647235 0.001866221 -0.8854539 -0.6087798 -0.002097725 -0.7933366 -0.608781 4.42801e-7 -0.7933384 -0.608781 4.44408e-7 -0.7933384 -0.6631123 0.001571953 -0.7485184 -0.7933508 -0.00175029 -0.6087624 -0.793352 0 -0.6087633 -0.793352 0 -0.6087633 -0.8230113 0.001166045 -0.5680239 -0.9238868 -0.001280367 -0.3826638 -0.9238876 0 -0.3826641 -0.9238877 0 -0.3826641 -0.9350116 6.39929e-4 -0.3546165 -0.9927094 -7.57722e-4 -0.1205297 -0.9902779 6.49945e-4 -0.1391019 -0.9927073 7.08554e-7 -0.1205502 0.9927118 7.57826e-4 -0.1205103 0.935009 -6.39966e-4 -0.3546235 0.9238772 0.00128138 -0.3826869 0.8229719 -0.001165628 -0.5680809 0.7933286 0.001748979 -0.6087912 0.6631007 -0.001572668 -0.7485285 0.6631023 0.001569986 -0.7485272 0.6631016 0.001323461 -0.7485282 0.6087582 0.002097666 -0.7933531 0.4647238 -0.001865565 -0.8854539 0.3826764 0.002331852 -0.9238796 0.2392952 -0.002040445 -0.9709448 0.1305039 0.002448439 -0.9914448 -1.08441e-5 -0.002098381 -0.9999978 -0.1305366 0.002448678 -0.9914405 -0.2393398 -0.002040505 -0.9709337 -0.3826841 0.00233078 -0.9238763 -0.4647152 -0.001865804 -0.8854582 -0.6087795 0.002098619 -0.7933368 -0.6631226 -0.001571714 -0.7485092 -0.6631255 0.001382827 -0.7485071 -0.663127 0.001641571 -0.7485052 -0.7933507 0.00175029 -0.6087624 -0.823011 -0.001166045 -0.5680243 -0.9238868 0.001280367 -0.3826637 -0.9350116 -6.39923e-4 -0.3546165 0 -1 -3.12974e-6 0 -1 -8.16482e-7 0 -1 -2.34241e-6 0 -1 1.26689e-7 0 -1 -1.43043e-6 0 -1 -2.43192e-7 0 -1 4.60256e-6 0 -1 -2.25581e-6 0 -1 -2.1148e-6 0 -1 -9.69098e-7 0 -1 -5.61882e-7 0 -1 9.33251e-7 0 -1 2.67718e-6 0 -1 -5.85781e-7 0 -1 -2.69534e-7 0 -1 0 0 -1 2.71937e-7 0 -1 2.0369e-6 0 -1 -3.69046e-6 0 -1 2.2919e-6 0 -1 -4.03305e-6 0 -1 1.68547e-6 0 -1 -1.33856e-6 0 -1 -9.89835e-7 0 -1 4.68657e-6 0 -1 1.85635e-6 0 -1 5.46704e-6 0 -1 -8.45928e-7 0 -1 -2.4699e-7 0 -1 -2.71468e-6 0 -1 5.14767e-6 0 -1 5.48646e-7 0 -1 4.77071e-6 0 -1 1.33858e-6 0 -1 -2.11486e-6 0 -1 -9.69092e-7 0 -1 -2.54168e-6 0 -1 -2.15198e-6 0 -1 1.49141e-6 0 -1 -4.43251e-6 0 -1 -1.36276e-6 0 -1 -1.22623e-6 0 -1 -1.16799e-6 0 -1 2.5571e-6 0 -1 -1.0574e-6 0 -1 5.63245e-6 -0.8847566 0.4578315 0.08715611 -0.8839408 0.4598965 0.08452123 -0.8831822 0.4617981 0.0820477 -0.8831077 0.4619734 0.08186316 -0.7869873 0.6126407 0.0729556 -0.7869861 0.6126421 0.07295691 -0.7869911 0.6126364 0.07295143 -0.7869819 0.6126468 0.0729615 -0.66541 0.7439249 0.0616886 -0.6654129 0.7439225 0.06168478 -0.6654055 0.7439284 0.06169426 -0.665418 0.7439185 0.06167823 -0.5223152 0.8513772 0.04841363 -0.5113036 0.8567585 0.06733149 -0.5089895 0.848502 0.1448251 -0.4748581 0.8577942 0.1967205 -0.4719106 0.8497533 0.234989 -0.415673 0.8536283 0.3139024 -0.4120746 0.8547372 0.3156247 -0.4151119 0.8538013 0.3141742 -0.5332937 0.7439066 0.4027417 -0.5332834 0.7439102 0.4027485 -0.5333115 0.7439001 0.4027302 -0.4502421 0.7438997 0.4938576 -0.4502292 0.7439075 0.4938576 -0.4502205 0.7439126 0.4938577 -0.5324742 0.6126474 0.5840674 -0.5324693 0.6126497 0.5840691 -0.53249 0.6126391 0.5840615 -0.4160747 0.6126366 0.6719809 -0.4160619 0.6126477 0.6719787 -0.4160577 0.6126513 0.6719779 -0.4627869 0.4766588 0.7474121 -0.4220718 0.4452845 0.789669 -0.3172846 0.4779693 0.8190702 -0.2600472 0.4442797 0.8573161 -0.161312 0.4787621 0.862998 -0.08783054 0.4437748 0.8918238 0 0.4790256 0.877801 0.08783942 0.4437682 0.8918263 0.1613361 0.4787634 0.8629928 0.2600784 0.4442808 0.8573063 0.3173149 0.4779713 0.8190572 0.4220853 0.4452958 0.7896554 0.4627846 0.4766579 0.747414 0.5675563 0.4468136 0.6915472 0.592919 0.4748058 0.6503896 0.6907677 0.4488284 0.5669154 0.703351 0.4724376 0.5311309 0.7869896 0.451357 0.4206239 0.7903752 0.4694992 0.3935448 0.8524673 0.4543488 0.2585857 0.8510013 0.4660167 0.2421269 0.8847631 0.4578248 0.08712434 0.8831739 0.4618176 0.08202791 0.8839434 0.4598986 0.08448338 0.883106 0.4619842 0.08181917 0.7869963 0.612635 0.07290709 0.786996 0.6126356 0.07290494 0.7869972 0.6126329 0.07291364 0.7869949 0.6126379 0.07289773 0.665416 0.7439233 0.0616424 0.6654162 0.743923 0.0616433 0.6654156 0.7439237 0.06164103 0.6654166 0.7439225 0.06164491 0.522302 0.8513868 0.04838711 0.5112918 0.8567685 0.06729507 0.5089793 0.8485135 0.1447935 0.4748514 0.8578069 0.1966812 0.4718995 0.8497526 0.2350134 0.4151664 0.8537814 0.3141564 0.4121242 0.8547245 0.3155942 0.415681 0.8536272 0.3138953 0.5332898 0.7439237 0.4027154 0.5332883 0.7439206 0.402723 0.5332922 0.7439291 0.402702 0.5332861 0.7439159 0.4027346 0.6307219 0.6126421 0.4762977 0.6307227 0.6126446 0.4762937 0.6307197 0.6126339 0.4763113 0.6307247 0.612652 0.4762814 -0.4116051 0.85489 0.3158233 -0.3557793 0.8491727 0.3902908 -0.4502056 0.7439216 0.4938578 -0.351778 0.7439134 0.5681946 -0.3517826 0.7439136 0.5681915 -0.3517857 0.7439138 0.5681895 -0.4160438 0.6126635 0.6719755 -0.3152964 0.6137948 0.7237708 -0.29253 0.5866213 0.7551832 -0.1564034 0.5988032 0.7854762 -0.1483036 0.5903273 0.7934227 4.1812e-6 0.5945323 0.8040718 3.35581e-6 0.5945316 0.8040724 7.62341e-6 0.5945349 0.8040698 0 0.594529 0.8040742 0.1483286 0.5903387 0.7934097 0.1487319 0.590734 0.7930398 0.1559721 0.5983218 0.7859286 -0.3126882 0.8580068 0.407493 -0.2783581 0.8487575 0.4495861 -0.351791 0.743914 0.5681858 -0.3048754 0.7452998 0.5929412 -0.2518053 0.6915224 0.6770458 -0.3048618 0.8449656 0.439423 -0.2041813 0.7926108 0.5745242 0.1564193 0.5987994 0.785476 0.2925623 0.5866194 0.7551723 0.3153207 0.613784 0.7237695 0.2518097 0.6915318 0.6770345 0.3048667 0.7453032 0.5929414 0.2041629 0.7926133 0.5745274 0.304821 0.8449757 0.4394319 0.2783641 0.8487598 0.4495776 0.3126854 0.8580094 0.4074894 0.3558043 0.8491747 0.3902635 0.4116172 0.8548856 0.3158193 -0.5675424 0.4468182 0.6915557 -0.5929098 0.4748144 0.6503917 -0.5324549 0.6126573 0.5840744 -0.6306836 0.6126617 0.4763234 -0.6306927 0.6126542 0.4763209 -0.6306954 0.612652 0.4763203 -0.5332681 0.7439158 0.4027586 -0.5982081 0.7439201 0.2978759 -0.5982116 0.7439181 0.2978737 -0.5982136 0.7439171 0.2978724 -0.6907606 0.4488393 0.5669154 -0.7033315 0.4724239 0.5311691 -0.6307036 0.6126452 0.4763181 -0.7075023 0.6126492 0.3522804 -0.7075052 0.6126454 0.3522813 -0.707506 0.6126443 0.3522815 -0.5982167 0.7439154 0.2978705 -0.6427643 0.7439162 0.1828737 -0.6427618 0.7439171 0.182879 -0.6427603 0.7439176 0.1828821 -0.7869802 0.45134 0.4206594 -0.7903743 0.4695078 0.3935367 -0.7075085 0.6126409 0.3522824 -0.7601869 0.6126412 0.2163023 -0.7601847 0.6126425 0.2163065 -0.7601841 0.6126429 0.2163076 -0.6427581 0.7439184 0.1828867 -0.852456 0.4543553 0.2586123 -0.8509932 0.4660243 0.2421407 -0.760182 0.612644 0.2163114 0.4160757 0.6126461 0.6719717 0.4160764 0.6126469 0.6719704 0.4160733 0.6126434 0.6719756 0.3518089 0.7439095 0.5681806 0.3518088 0.7439116 0.5681779 0.3518088 0.7439129 0.5681763 0.3518088 0.7439153 0.5681732 0.4502247 0.7439073 0.493862 0.4502273 0.7439105 0.4938548 0.4502291 0.7439126 0.49385 0.4502321 0.7439163 0.4938417 0.5324634 0.6126484 0.584076 0.5324641 0.6126493 0.5840744 0.5324612 0.6126456 0.5840809 0.4160791 0.6126499 0.671966 0.5324665 0.6126524 0.5840689 0.5982159 0.7439275 0.2978416 0.5982171 0.7439178 0.2978636 0.598218 0.7439113 0.2978783 0.5982192 0.7439 0.2979037 0.6427726 0.7438996 0.1829125 0.6427686 0.743909 0.1828882 0.642766 0.7439152 0.1828719 0.6427615 0.743926 0.1828438 0.7075137 0.6126335 0.3522849 0.7075137 0.6126409 0.3522719 0.7075138 0.6126433 0.3522677 0.7075138 0.6126515 0.3522534 0.7601823 0.6126485 0.2162979 0.7601858 0.6126423 0.2163035 0.7601869 0.6126402 0.2163054 0.7601906 0.6126334 0.2163115 1 1.14806e-5 -1.62947e-5 1 6.98639e-6 -9.98881e-6 1 1.1405e-5 -1.6255e-5 1 5.81852e-6 -8.36106e-6 1 0 0 0.9914465 0 0.130514 0.9914466 0 0.130514 0.9238708 0 0.3827047 0.9238708 0 0.3827048 0.7933571 0 0.6087566 0.7933573 0 0.6087565 0.7933572 0 0.6087564 0.7933573 0 0.6087564 0.6087948 0 0.7933278 0.6087948 0 0.7933277 1 0 -2.21452e-5 1 3.7407e-6 -2.12071e-5 1 -5.23009e-7 -2.28756e-5 1 1.05563e-5 -1.87651e-5 1 1.65181e-5 -1.62948e-5 -1 -3.63163e-5 8.14737e-6 -1 -8.66901e-6 1.91789e-5 -1 -2.36212e-5 1.33886e-5 -1 5.23016e-7 2.28754e-5 -1 0 2.21447e-5 -0.6087536 0 0.7933595 -0.6087533 0 0.7933596 -0.6087535 0 0.7933595 -0.6087533 0 0.7933597 -0.7933526 0 0.6087624 -0.7933527 0 0.6087624 -0.9238708 0 0.3827049 -0.9238707 0 0.3827049 -0.9238708 0 0.3827048 -0.9238708 0 0.3827047 -0.9914463 0 0.1305156 -0.9914491 0 -0.1304945 -0.991449 0 -0.1304945 -0.9238795 0 -0.3826837 -0.9238795 0 -0.3826838 -0.7933751 0 -0.6087331 -0.7933751 0 -0.6087331 -0.7933751 0 -0.608733 -0.7933752 0 -0.608733 -0.6087589 0 -0.7933554 -0.6087589 0 -0.7933554 -1 0 0 -1 -6.91087e-6 9.98886e-6 -1 -5.75318e-6 8.36111e-6 -1 -1.12847e-5 1.62551e-5 -1 -1.13635e-5 1.62947e-5 0 1 -1.10728e-6 0 1 5.1923e-7 0 1 -1.2745e-7 0 1 1.13438e-6 0 1 -3.78726e-7 0 1 4.14312e-7 0 1 -4.09817e-7 0 1 0 0 1 -5.58794e-7 0 1 2.71835e-6 0 1 8.01171e-7 0 1 -3.91405e-7 0 1 1.18667e-6 0 1 -2.92003e-6 0 1 1.9547e-6 0.9843409 -0.1295909 -0.1194958 0.9740043 -0.1867449 -0.1282259 0.9322725 -0.07645887 -0.3535846 0.8984442 -0.23301 -0.3721616 0.8225491 -0.03226178 -0.5677784 0.7641426 -0.2688755 -0.5863377 0.6631163 0.00233972 -0.7485128 0.5816502 -0.2950434 -0.7580452 0.4645585 0.02704972 -0.8851293 0.3635259 -0.3123114 -0.8776734 0.2390803 0.04171282 -0.9701035 0.1236243 -0.320734 -0.939067 -1.04628e-5 0.04671245 -0.9989085 -0.123634 -0.3207198 -0.9390706 -0.2391275 0.04184019 -0.9700863 -0.3635739 -0.3121811 -0.8776999 -0.464541 0.02706897 -0.8851379 -0.5816535 -0.2950567 -0.7580375 -0.663133 0.002422869 -0.7484977 -0.7641767 -0.2688187 -0.5863194 -0.8225942 -0.03213006 -0.5677205 -0.8984947 -0.2328127 -0.3721636 -0.9322844 -0.0763064 -0.3535864 -0.9740288 -0.186617 -0.1282266 -0.984322 -0.1297019 -0.1195312 0.917127 -0.3798645 -0.1207525 0.9171259 -0.3798689 -0.1207469 0.9171268 -0.3798649 -0.1207519 0.9171257 -0.3798693 -0.1207462 0.7891042 -0.6054094 -0.1038939 0.7890173 -0.605532 -0.1038414 0.7890947 -0.6054229 -0.1038882 0.7890066 -0.6055468 -0.103835 0.606714 -0.7908993 -0.07985389 0.6067113 -0.7909003 -0.07986396 0.6067116 -0.7909002 -0.07986283 0.6067143 -0.7908992 -0.07985264 0.382327 -0.922655 -0.05033814 0.3824259 -0.9226143 -0.05033272 0.3824145 -0.9226191 -0.05033338 0.3823137 -0.9226604 -0.05033886 0.1305255 -0.9912961 -0.0171827 0.1305171 -0.9912972 -0.0171855 0.1305181 -0.9912971 -0.01718515 0.1305267 -0.991296 -0.01718229 0.1216318 -0.991295 -0.050399 0.1216332 -0.9912949 -0.05039703 0.1216436 -0.9912943 -0.05038255 0.1216453 -0.9912943 -0.05038022 0.104458 -0.9912946 -0.08014774 0.1044565 -0.9912946 -0.08014988 0.1044458 -0.9912945 -0.0801652 0.104444 -0.9912944 -0.08016771 0.08014667 -0.9912947 -0.104458 0.08014714 -0.9912943 -0.1044604 0.08015072 -0.9912923 -0.1044774 0.08015131 -0.991292 -0.1044801 0.05038404 -0.9912946 -0.1216409 0.05038321 -0.9912946 -0.1216418 0.05037736 -0.991294 -0.1216483 0.05037641 -0.9912939 -0.1216493 0.01718097 -0.9912974 -0.130516 0.01718109 -0.9912974 -0.1305153 0.01718199 -0.9912981 -0.1305108 0.01718217 -0.9912981 -0.1305101 -0.01718509 -0.9912902 -0.1305695 -0.01718509 -0.9912909 -0.1305646 -0.01718538 -0.9912956 -0.130529 -0.01718544 -0.9912963 -0.1305232 -0.050381 -0.9912948 -0.1216414 -0.05038237 -0.9912937 -0.1216492 -0.0503726 -0.991301 -0.1215937 -0.05037146 -0.9913018 -0.1215871 -0.08012461 -0.9913021 -0.1044042 -0.08012104 -0.9913035 -0.1043947 -0.0801469 -0.991294 -0.1044632 -0.08014994 -0.991293 -0.1044713 -0.104449 -0.9912974 -0.08012431 -0.1044515 -0.9912972 -0.08012408 -0.1044335 -0.991299 -0.08012604 -0.1044314 -0.9912991 -0.08012628 -0.1216164 -0.9912985 -0.0503683 -0.1216119 -0.991299 -0.05036765 -0.1216443 -0.9912948 -0.05037236 -0.1216481 -0.9912943 -0.05037289 -0.1305379 -0.9912945 -0.01717907 -0.1305431 -0.9912939 -0.01717847 -0.1305059 -0.9912987 -0.01718276 -0.1305015 -0.9912992 -0.01718324 -0.3822746 -0.9226763 -0.05034548 -0.3822966 -0.9226676 -0.05033785 -0.3822775 -0.9226751 -0.05034446 -0.3822991 -0.9226666 -0.05033701 -0.6067049 -0.7909026 -0.07989037 -0.6067622 -0.7908585 -0.07989162 -0.6067121 -0.790897 -0.07989048 -0.6067684 -0.7908536 -0.07989174 -0.7891013 -0.6054149 -0.1038853 -0.7891222 -0.6053875 -0.1038857 -0.7891038 -0.6054115 -0.1038854 -0.7891245 -0.6053845 -0.1038858 -0.9171262 -0.3798679 -0.1207475 -0.9171266 -0.3798685 -0.1207433 -0.9171262 -0.379868 -0.120747 -0.9171267 -0.3798685 -0.1207428 0.3562546 -0.9226616 -0.1475747 0.3562625 -0.922658 -0.1475778 0.356323 -0.9226309 -0.1476017 0.3563323 -0.9226267 -0.1476054 0.3059821 -0.9226303 -0.2347943 0.3059743 -0.9226341 -0.2347897 0.3059138 -0.922663 -0.2347545 0.3059046 -0.9226675 -0.2347491 0.2347324 -0.9226669 -0.3059192 0.2347364 -0.9226649 -0.3059221 0.2347669 -0.9226498 -0.3059443 0.2347714 -0.9226475 -0.3059477 0.1475771 -0.9226549 -0.356271 0.1475791 -0.9226529 -0.3562755 0.1475945 -0.9226371 -0.3563097 0.1475968 -0.9226347 -0.356315 0.05034142 -0.9226377 -0.3823682 0.05033999 -0.9226382 -0.3823676 0.05032902 -0.9226409 -0.3823622 0.0503273 -0.9226413 -0.3823614 -0.05034458 -0.9226698 -0.3822904 -0.05034434 -0.9226685 -0.3822936 -0.05034244 -0.9226584 -0.382318 -0.0503422 -0.9226569 -0.3823218 -0.1475794 -0.9226399 -0.3563089 -0.1475793 -0.9226405 -0.3563075 -0.1475787 -0.922645 -0.356296 -0.1475787 -0.9226456 -0.3562943 -0.2347888 -0.9226316 -0.3059823 -0.2347897 -0.9226317 -0.3059816 -0.2347959 -0.9226319 -0.305976 -0.2347968 -0.9226319 -0.3059752 -0.3059931 -0.9226367 -0.2347546 -0.3059899 -0.9226369 -0.2347581 -0.3059647 -0.9226385 -0.234785 -0.3059608 -0.9226387 -0.2347891 -0.3563084 -0.922641 -0.1475743 -0.3563018 -0.9226442 -0.1475692 -0.3562514 -0.9226698 -0.1475308 -0.3562438 -0.9226737 -0.147525 0.5653542 -0.7909011 -0.234201 0.5653449 -0.7909089 -0.2341971 0.5652707 -0.7909709 -0.234167 0.5652602 -0.7909798 -0.2341628 0.4854053 -0.7909578 -0.3725151 0.4854198 -0.7909485 -0.372516 0.4855345 -0.7908749 -0.3725228 0.485551 -0.7908644 -0.3725237 0.3725413 -0.7908625 -0.4855405 0.372537 -0.7908693 -0.4855327 0.3725025 -0.790924 -0.4854703 0.3724975 -0.7909317 -0.4854613 0.2341654 -0.7909103 -0.5653561 0.2341634 -0.7909151 -0.5653504 0.2341469 -0.7909525 -0.5653046 0.2341446 -0.790958 -0.5652981 0.07985132 -0.7909505 -0.6066475 0.0798543 -0.7909454 -0.6066538 0.07987809 -0.7909048 -0.6067036 0.07988148 -0.7908989 -0.6067107 -0.07988446 -0.7908607 -0.6067602 -0.07988506 -0.7908665 -0.6067525 -0.07988983 -0.7909132 -0.606691 -0.07989054 -0.7909199 -0.6066823 -0.2341763 -0.7909095 -0.5653526 -0.234178 -0.7909088 -0.5653532 -0.2341914 -0.7909017 -0.5653573 -0.2341933 -0.7909008 -0.5653579 -0.3725464 -0.790866 -0.485531 -0.3725478 -0.7908706 -0.4855223 -0.3725591 -0.7909078 -0.4854531 -0.3725607 -0.7909131 -0.4854432 -0.4854757 -0.7908986 -0.3725491 -0.4854732 -0.7909014 -0.3725463 -0.4854533 -0.7909245 -0.3725235 -0.4854503 -0.7909278 -0.3725203 -0.5653285 -0.7909295 -0.2341675 -0.5653318 -0.7909272 -0.2341668 -0.5653586 -0.7909098 -0.2341614 -0.5653625 -0.7909072 -0.2341606 0.8545421 -0.3800507 -0.3540047 0.8546233 -0.3798565 -0.3540171 0.8546144 -0.3798777 -0.3540158 0.735308 -0.6054067 -0.3046392 0.7353229 -0.6053891 -0.304638 0.735444 -0.6052467 -0.3046286 0.7354606 -0.6052272 -0.3046274 0.6315589 -0.6052452 -0.4845736 0.6315398 -0.6052738 -0.4845628 0.6313847 -0.6055054 -0.4844757 0.6313636 -0.6055369 -0.4844638 0.4844557 -0.6054799 -0.6314245 0.4844632 -0.6054764 -0.631422 0.4845249 -0.6054483 -0.6314016 0.4845334 -0.6054444 -0.6313989 0.3045569 -0.6053938 -0.7353526 0.3045618 -0.6053905 -0.7353533 0.3046016 -0.605364 -0.7353587 0.304607 -0.6053603 -0.7353594 0.1038751 -0.6053531 -0.78915 0.1038746 -0.6053568 -0.7891472 0.1038709 -0.6053866 -0.7891249 0.1038703 -0.6053907 -0.7891218 -0.1038959 -0.6053747 -0.7891306 -0.1038962 -0.6053765 -0.7891292 -0.1038991 -0.605391 -0.7891178 -0.1038995 -0.605393 -0.7891161 -0.3045926 -0.6053875 -0.7353431 -0.3045941 -0.6053841 -0.7353452 -0.3046066 -0.6053568 -0.7353625 -0.3046084 -0.6053531 -0.7353649 -0.4845605 -0.6053459 -0.6314725 -0.4845581 -0.6053573 -0.6314634 -0.4845379 -0.6054501 -0.6313899 -0.4845352 -0.6054628 -0.6313799 -0.6313819 -0.605449 -0.4845498 -0.6313874 -0.6054454 -0.484547 -0.6314324 -0.6054164 -0.4845246 -0.6314386 -0.6054125 -0.4845216 -0.7353278 -0.605418 -0.3045688 -0.7353286 -0.6054177 -0.3045672 -0.7353355 -0.6054161 -0.3045542 -0.7353364 -0.6054158 -0.3045524 0.7339016 -0.3798363 -0.5631279 0.7338128 -0.38005 -0.5630993 0.7338225 -0.3800267 -0.5631025 0.8545327 -0.3800733 -0.3540032 0.7339119 -0.3798114 -0.5631312 0.563124 -0.3799024 -0.7338704 0.5631241 -0.3798313 -0.733907 0.5631241 -0.379839 -0.733903 0.5631239 -0.3799106 -0.7338661 0.3539745 -0.3798966 -0.8546231 0.3539727 -0.3798996 -0.8546225 0.3539729 -0.3798993 -0.8546226 0.3539747 -0.3798963 -0.8546233 0.1207208 -0.3799693 -0.9170877 0.1207404 -0.3798789 -0.9171226 0.1207383 -0.3798888 -0.9171188 0.1207185 -0.3799799 -0.9170837 -0.1207498 -0.3799663 -0.9170852 -0.1207426 -0.3799408 -0.9170966 -0.1207435 -0.3799437 -0.9170954 -0.1207507 -0.3799692 -0.9170838 -0.3539965 -0.379983 -0.8545756 -0.3539949 -0.3799113 -0.8546082 -0.353995 -0.3799191 -0.8546046 -0.3539966 -0.3799914 -0.8545718 -0.5630899 -0.380063 -0.7338133 -0.5630909 -0.3800008 -0.7338446 -0.5630908 -0.3800076 -0.7338413 -0.5630897 -0.3800702 -0.7338097 -0.7339197 -0.3797987 -0.5631295 -0.7338272 -0.3800906 -0.563053 -0.7338374 -0.3800588 -0.5630614 -0.7339305 -0.3797647 -0.5631384 -0.8546404 -0.3798601 -0.353972 -0.8546912 -0.3797047 -0.3540163 -0.8546856 -0.3797217 -0.3540115 -0.8546345 -0.3798781 -0.3539669 0.9595975 0.2650256 -0.09452044 0.9596403 0.2648764 -0.09450501 0.9596011 0.2650132 -0.09451913 0.9596436 0.2648644 -0.09450376 0.9948971 0.0241214 -0.09797012 0.9948998 0.02405548 -0.09795862 0.9948973 0.02411603 -0.09796917 0.9949 0.02405005 -0.09795773 0.9711314 -0.2185401 -0.09562522 0.9711195 -0.2186002 -0.09560948 0.9711304 -0.218545 -0.09562397 0.9711184 -0.2186051 -0.09560817 0.8896548 -0.4481535 -0.08759582 0.88968 -0.4481009 -0.0876072 0.8896567 -0.4481493 -0.08759677 0.8896822 -0.4480965 -0.08760815 0.7549133 -0.6515989 -0.07432937 0.7550643 -0.6514192 -0.07437175 0.7549255 -0.6515843 -0.07433283 0.7550775 -0.6514034 -0.07437545 0.5746989 -0.8164033 -0.056629 0.5746468 -0.8164426 -0.05659222 0.5746947 -0.8164065 -0.05662602 0.5746421 -0.8164461 -0.05658894 0.3597185 -0.9323881 -0.03542995 0.3596928 -0.9323981 -0.03542506 0.3597164 -0.9323889 -0.03542953 0.3596904 -0.932399 -0.03542459 0.1204165 -0.9926499 -0.01208382 0.1220908 -0.9924463 -0.01201778 0.1178056 -0.9929625 -0.01213866 0.1161684 -0.9931546 -0.01220911 0.1230728 -0.9916948 -0.03734737 0.3459043 -0.9323839 -0.1049312 0.3459397 -0.9323706 -0.1049326 0.3459365 -0.9323718 -0.1049325 0.3188165 -0.9323714 -0.1704105 0.3188169 -0.9323716 -0.1704089 0.3188207 -0.9323737 -0.1703904 0.5093326 -0.8163707 -0.2722486 0.5094022 -0.8163103 -0.2722995 0.509396 -0.8163157 -0.2722949 0.4464852 -0.8162916 -0.3664956 0.4464779 -0.8163008 -0.3664839 0.4463951 -0.8164055 -0.3663516 0.5864036 -0.6516138 -0.4811762 0.586371 -0.6516094 -0.4812219 0.5863738 -0.6516097 -0.4812178 0.4812206 -0.6516024 -0.5863797 0.4812201 -0.6516001 -0.5863827 0.4812135 -0.6515743 -0.5864166 0.5671289 -0.4481171 -0.6910542 0.567101 -0.4481917 -0.6910287 0.5671033 -0.4481854 -0.6910309 0.4213731 -0.44818 -0.7884031 0.4213728 -0.4481881 -0.7883986 0.4213689 -0.4482814 -0.7883477 0.4600412 -0.2182542 -0.8606553 0.4600109 -0.2184041 -0.8606334 0.4600134 -0.2183917 -0.8606351 0.28327 -0.2183958 -0.9338423 0.2832689 -0.2183973 -0.9338423 0.2832564 -0.2184144 -0.9338421 0.2901949 0.02399784 -0.9566667 0.2901703 0.02400434 -0.956674 0.2901723 0.0240038 -0.9566733 0.09798437 0.02403748 -0.9948977 0.09798449 0.02403807 -0.9948977 0.09798586 0.02404415 -0.9948973 0.09451091 0.2648992 -0.9596334 0.09450286 0.2649723 -0.959614 0.09451025 0.2649051 -0.9596318 0.09450215 0.2649784 -0.9596124 -0.09453725 0.2649829 -0.9596076 -0.09453618 0.264986 -0.959607 -0.0945239 0.2650209 -0.9595984 -0.09452283 0.265024 -0.9595977 -0.2799131 0.2650644 -0.9227077 -0.2799124 0.2650616 -0.9227088 -0.2799041 0.2650304 -0.9227203 -0.2799033 0.2650277 -0.9227212 -0.454546 0.2650757 -0.8503662 -0.4545459 0.2650683 -0.8503686 -0.4545453 0.2649872 -0.8503944 -0.4545452 0.26498 -0.8503966 -0.6116992 0.265 -0.7453852 -0.6117033 0.2649946 -0.7453837 -0.6117486 0.2649347 -0.7453679 -0.6117525 0.2649295 -0.7453665 -0.7454122 0.2649255 -0.6116986 -0.7454074 0.2649334 -0.6117011 -0.7453541 0.2650193 -0.6117287 -0.7453495 0.2650269 -0.6117312 -0.8504056 0.2650375 -0.4544947 -0.8504034 0.2650415 -0.4544965 -0.8503796 0.2650848 -0.4545159 -0.8503775 0.2650886 -0.4545176 -0.9226999 0.265102 -0.2799036 -0.9227024 0.2650948 -0.279902 -0.9227304 0.2650154 -0.2798848 -0.9227328 0.2650085 -0.2798832 -0.9596029 0.2650122 -0.0945028 -0.9596023 0.2650147 -0.09450322 -0.9596111 0.2649844 -0.09449809 -0.9949037 0.02392649 -0.09795004 -0.9948965 0.02412754 -0.09797418 -0.9948971 0.02411109 -0.09797221 -0.9949043 0.02391004 -0.09794813 -0.9711723 -0.2183598 -0.09562098 -0.9711076 -0.2186393 -0.09564018 -0.9711671 -0.2183824 -0.09562253 -0.9711022 -0.2186626 -0.09564179 -0.8897286 -0.4479999 -0.08763211 -0.8897066 -0.4480443 -0.08762687 -0.8897267 -0.4480034 -0.0876317 -0.8897048 -0.4480481 -0.08762645 -0.7548893 -0.6516233 -0.07436001 -0.7548466 -0.6516726 -0.07436084 -0.7548859 -0.6516273 -0.07436007 -0.7548429 -0.6516769 -0.0743609 -0.5747636 -0.8163588 -0.05661672 -0.574835 -0.8163086 -0.05661422 -0.5747694 -0.8163546 -0.05661648 -0.5748415 -0.8163041 -0.05661398 -0.3597624 -0.932371 -0.0354321 -0.3596845 -0.9324012 -0.03542917 -0.3597559 -0.9323735 -0.03543186 -0.3596772 -0.9324041 -0.03542894 -0.1221066 -0.9924442 -0.01202505 -0.1205277 -0.9926369 -0.01205307 -0.1177744 -0.9929658 -0.01216906 -0.1161856 -0.9931524 -0.01221567 -0.1230894 -0.9916928 -0.0373429 -0.1066293 -0.9936957 -0.0346288 -0.1183548 -0.9909529 -0.06328105 -0.09388434 -0.9941068 -0.05419886 -0.1076084 -0.9902664 -0.08827739 -0.07843929 -0.9944145 -0.07062095 -0.09102559 -0.9896494 -0.1109433 -0.06079465 -0.9946387 -0.0836541 -0.06924211 -0.9891634 -0.1294659 -0.04147982 -0.9947873 -0.0931549 -0.04332768 -0.9887969 -0.142841 -0.02102577 -0.9948749 -0.09890341 -0.0147491 -0.98861 -0.1497758 -7.71422e-7 -0.9949038 -0.1008297 0.01471573 -0.9885749 -0.1500104 0.01471573 -0.9885749 -0.1500104 0.01471573 -0.9885749 -0.1500104 0.02102148 -0.9948726 -0.09892678 0.04333305 -0.9887934 -0.1428633 0.04148358 -0.9947806 -0.09322428 0.06924986 -0.98916 -0.1294873 0.06079912 -0.9946377 -0.0836625 0.09101313 -0.989652 -0.110931 0.07842713 -0.9944129 -0.07065594 0.1075975 -0.9902682 -0.08827036 0.09387421 -0.9941082 -0.05419248 0.1183006 -0.9909611 -0.06325322 0.1065915 -0.9936997 -0.03463286 -0.9596118 0.2649818 -0.09449768 0.2799109 0.2649137 -0.9227517 0.2798892 0.2649927 -0.9227356 0.2799091 0.2649203 -0.9227504 0.2798875 0.2649991 -0.9227343 0.290197 0.02399736 -0.956666 0.4712757 0.02399528 -0.8816596 0.4712737 0.02397829 -0.8816611 0.4712511 0.02378684 -0.8816782 0.4600436 -0.2182421 -0.860657 0.6190817 -0.2182111 -0.7544016 0.6190807 -0.2182221 -0.7543992 0.6190694 -0.2183439 -0.7543734 0.5671312 -0.4481111 -0.6910563 0.6910374 -0.4480632 -0.567192 0.691036 -0.4480755 -0.5671839 0.691021 -0.4482089 -0.5670968 0.5864061 -0.6516141 -0.4811726 0.6689765 -0.6515934 -0.3576263 0.6689762 -0.6515951 -0.3576238 0.6689729 -0.6516129 -0.3575977 0.509327 -0.8163756 -0.2722446 0.5526527 -0.8163784 -0.1676345 0.5526489 -0.8163806 -0.1676366 0.5526094 -0.8164031 -0.1676575 0.3459014 -0.932385 -0.1049311 0.4545409 0.2650216 -0.8503859 0.4545215 0.2649796 -0.8504095 0.4545392 0.2650181 -0.8503878 0.4545199 0.2649762 -0.8504114 0.4712491 0.02376979 -0.8816798 0.6341824 0.0237385 -0.7728191 0.6341856 0.02375447 -0.7728159 0.6342214 0.02393448 -0.7727809 0.6190684 -0.2183546 -0.754371 0.7543386 -0.2183399 -0.6191132 0.7543364 -0.2183574 -0.6191095 0.754313 -0.2185504 -0.6190699 0.6910197 -0.4482206 -0.5670892 0.7883644 -0.4482017 -0.4214227 0.7883661 -0.4482009 -0.4214201 0.7883856 -0.448193 -0.4213919 0.6689726 -0.6516144 -0.3575953 0.7258851 -0.6516175 -0.220194 0.7258859 -0.6516159 -0.2201968 0.7258933 -0.6515979 -0.2202256 0.5526058 -0.816405 -0.1676594 0.6116952 0.2649716 -0.7453986 0.6116964 0.2650426 -0.7453724 0.6116953 0.2649775 -0.7453964 0.6116966 0.2650483 -0.7453702 0.6342247 0.02395051 -0.7727778 0.7727687 0.023947 -0.6342357 0.7727694 0.02396577 -0.6342343 0.7727764 0.02417671 -0.6342178 0.754311 -0.2185674 -0.6190665 0.8605707 -0.2185711 -0.4600486 0.8605774 -0.2185521 -0.4600454 0.8606495 -0.218342 -0.46001 0.7883874 -0.4481924 -0.4213895 0.8554527 -0.4481788 -0.2594926 0.8554534 -0.4481771 -0.2594932 0.855461 -0.4481593 -0.2594991 0.7258939 -0.6515963 -0.2202281 0.7453433 0.2650542 -0.6117267 0.7453984 0.2648187 -0.6117616 0.7453479 0.2650346 -0.6117296 0.7454029 0.2647998 -0.6117644 0.772777 0.02419555 -0.6342163 0.88167 0.02421087 -0.4712452 0.88167 0.02420765 -0.4712451 0.881671 0.02417147 -0.4712453 0.8606559 -0.2183235 -0.4600069 0.9338466 -0.2183189 -0.2833151 0.9338429 -0.218336 -0.2833142 0.9338903 -0.218203 -0.2832607 0.8554617 -0.4481579 -0.2594997 0.8504521 0.2647964 -0.4545483 0.8504373 0.2647942 -0.4545775 0.8504509 0.2647962 -0.4545508 0.8504361 0.264794 -0.4545798 0.881671 0.02416825 -0.4712453 0.9566549 0.02418208 -0.2902182 0.9566544 0.02417755 -0.2902207 0.9566472 0.02412652 -0.2902485 0.9337983 -0.2185402 -0.2833037 0.9227837 0.2647756 -0.2799358 0.9227191 0.265007 -0.27993 0.9227784 0.264795 -0.2799354 0.9227138 0.2650257 -0.2799295 0.9566466 0.02412199 -0.290251 0.3188211 -0.9323738 -0.1703886 0.2794414 -0.9323742 -0.2293274 0.279446 -0.9323714 -0.2293326 0.2794964 -0.932342 -0.2293908 0.446387 -0.8164157 -0.3663386 0.366337 -0.8164048 -0.4464083 0.3663408 -0.816403 -0.4464086 0.3663842 -0.8163818 -0.4464116 0.4812129 -0.6515718 -0.5864199 0.3575816 -0.651594 -0.6689997 0.3575845 -0.6515837 -0.6690084 0.357617 -0.6514649 -0.6691066 0.4213686 -0.4482901 -0.788343 0.2594844 -0.4482806 -0.8554019 0.2594846 -0.4482736 -0.8554055 0.2594864 -0.448193 -0.8554473 0.2832553 -0.2184159 -0.9338421 0.0956484 -0.2184578 -0.9711477 0.09564822 -0.2184583 -0.9711475 0.09564578 -0.2184646 -0.9711463 0.09798598 0.02404469 -0.9948973 -0.09800612 0.02404516 -0.9948953 -0.09800636 0.02404165 -0.9948953 -0.09800964 0.02400231 -0.9948961 0.2795015 -0.932339 -0.2293967 0.2293756 -0.93235 -0.2794824 0.2293719 -0.9323521 -0.2794787 0.2293311 -0.9323745 -0.2794374 0.3663884 -0.8163799 -0.446412 0.2722386 -0.8163521 -0.5093677 0.2722371 -0.8163582 -0.5093587 0.2722212 -0.8164267 -0.5092576 0.3576201 -0.6514536 -0.6691159 0.2202128 -0.6514937 -0.7259906 0.2202116 -0.651499 -0.7259862 0.2201981 -0.6515594 -0.7259361 0.2594866 -0.4481855 -0.8554511 0.08762234 -0.4481777 -0.88964 0.08762198 -0.4481759 -0.8896408 0.08761835 -0.4481559 -0.8896512 0.0956456 -0.2184651 -0.9711462 -0.09567725 -0.2185073 -0.9711336 -0.09567576 -0.2184993 -0.9711356 -0.09565919 -0.2184075 -0.9711578 -0.09800994 0.02399885 -0.9948961 -0.2902286 0.02402049 -0.9566559 -0.2902274 0.02402049 -0.9566562 -0.2902143 0.02402031 -0.9566602 0.229327 -0.9323767 -0.2794332 0.1704023 -0.9323597 -0.3188549 0.1704013 -0.9323616 -0.31885 0.1703905 -0.9323821 -0.3187958 0.2722196 -0.8164334 -0.5092476 0.1676179 -0.8163787 -0.5526574 0.1676197 -0.8163774 -0.5526586 0.1676409 -0.8163632 -0.5526732 0.2201969 -0.6515651 -0.7259314 0.07435816 -0.6516035 -0.7549065 0.07435727 -0.6515988 -0.7549106 0.07434672 -0.6515464 -0.7549569 0.08761799 -0.448154 -0.8896523 -0.08763831 -0.448144 -0.8896553 -0.08763849 -0.448149 -0.8896527 -0.08764052 -0.4482067 -0.8896236 -0.0956577 -0.2183992 -0.9711599 -0.283267 -0.218377 -0.9338476 -0.2832686 -0.2183797 -0.9338465 -0.2832864 -0.2184097 -0.933834 -0.2902131 0.02402031 -0.9566605 -0.4712963 0.02399289 -0.8816486 -0.4712942 0.0239892 -0.8816497 -0.471271 0.02394837 -0.8816633 0.1703894 -0.9323842 -0.3187903 0.1049244 -0.9323692 -0.3459457 0.1049262 -0.9323705 -0.3459418 0.1049458 -0.9323845 -0.3458985 0.167643 -0.8163619 -0.5526746 0.05660223 -0.816365 -0.574756 0.056602 -0.8163663 -0.5747541 0.05659943 -0.8163816 -0.5747327 0.07434576 -0.6515413 -0.7549614 -0.0743705 -0.6515891 -0.7549178 -0.0743702 -0.6515855 -0.7549208 -0.07436656 -0.6515445 -0.7549566 -0.0876407 -0.448212 -0.8896209 -0.2595089 -0.4482882 -0.8553905 -0.2595078 -0.4482831 -0.8553935 -0.2594951 -0.4482252 -0.8554276 -0.283288 -0.2184123 -0.9338329 -0.4600253 -0.2183961 -0.8606277 -0.4600265 -0.2183974 -0.8606266 -0.460041 -0.2184122 -0.8606153 -0.471269 0.02394479 -0.8816645 -0.6342388 0.02392011 -0.7727672 -0.6342384 0.02393251 -0.7727672 -0.634233 0.02407139 -0.7727671 0.1049479 -0.9323858 -0.345894 0.03543251 -0.9323868 -0.3597213 0.0354321 -0.9323846 -0.3597273 0.03542727 -0.932359 -0.3597939 0.05659919 -0.8163831 -0.5747306 -0.05661791 -0.816399 -0.5747062 -0.05661785 -0.8163969 -0.5747091 -0.0566166 -0.8163735 -0.5747425 -0.07436621 -0.6515406 -0.7549601 -0.2202256 -0.6515843 -0.7259053 -0.2202236 -0.6515809 -0.7259089 -0.2202005 -0.6515427 -0.7259503 -0.259494 -0.4482198 -0.8554309 -0.4214048 -0.4482325 -0.7883563 -0.4214038 -0.4482291 -0.7883588 -0.421393 -0.4481897 -0.7883871 -0.4600422 -0.2184134 -0.8606142 -0.6190555 -0.2183821 -0.7543737 -0.619058 -0.2183798 -0.7543722 -0.6190862 -0.2183542 -0.7543566 -0.6342325 0.02408379 -0.7727672 -0.7727917 0.02409261 -0.6342023 -0.77279 0.02408498 -0.6342047 -0.7727705 0.02399945 -0.6342317 0.03542679 -0.9323565 -0.3598006 -0.03544217 -0.9323839 -0.359728 -0.03544199 -0.9323816 -0.3597339 -0.03544026 -0.9323566 -0.3597989 -0.05661654 -0.8163712 -0.5747458 -0.1676483 -0.8164386 -0.5525596 -0.1676478 -0.8164314 -0.5525704 -0.1676427 -0.8163504 -0.5526916 -0.2201983 -0.6515391 -0.7259542 -0.3575985 -0.6515755 -0.6690088 -0.3575988 -0.6515765 -0.6690077 -0.3576022 -0.6515879 -0.6689947 -0.421392 -0.448186 -0.7883896 -0.5671135 -0.4482187 -0.691001 -0.5671132 -0.4482174 -0.691002 -0.5671104 -0.4482033 -0.6910136 -0.6190887 -0.2183519 -0.7543552 -0.7543471 -0.2183409 -0.6191024 -0.7543484 -0.218348 -0.6190984 -0.7543625 -0.2184282 -0.6190528 -0.7727688 0.02399182 -0.6342341 -0.8816744 0.02398133 -0.4712487 -0.8816741 0.02397799 -0.4712495 -0.88167 0.0239405 -0.4712588 -0.03544008 -0.9323541 -0.3598055 -0.1049563 -0.9323373 -0.3460223 -0.1049559 -0.9323406 -0.3460136 -0.1049505 -0.9323772 -0.3459163 -0.1676422 -0.8163424 -0.5527036 -0.2722463 -0.8163461 -0.5093733 -0.2722461 -0.8163496 -0.5093677 -0.272243 -0.8163897 -0.5093049 -0.3576026 -0.651589 -0.6689935 -0.4812542 -0.6516079 -0.5863459 -0.4812524 -0.6516024 -0.5863537 -0.4812307 -0.6515381 -0.5864427 -0.5671101 -0.448202 -0.6910146 -0.6910241 -0.4482169 -0.5670868 -0.6910246 -0.4482097 -0.5670918 -0.6910304 -0.4481288 -0.5671488 -0.7543637 -0.2184355 -0.6190487 -0.8606494 -0.2184386 -0.4599645 -0.8606495 -0.2184298 -0.4599684 -0.8606513 -0.2183292 -0.4600128 -0.8816697 0.02393722 -0.4712597 -0.9566726 0.02393156 -0.2901808 -0.9566713 0.02394753 -0.2901837 -0.9566569 0.024127 -0.2902164 -0.10495 -0.932381 -0.3459064 -0.170424 -0.9323695 -0.3188146 -0.1704251 -0.9323676 -0.3188198 -0.1704373 -0.9323458 -0.3188771 -0.2722427 -0.8163937 -0.5092988 -0.3663576 -0.8163908 -0.446417 -0.3663594 -0.816391 -0.4464152 -0.3663796 -0.8163928 -0.4463955 -0.4812287 -0.651532 -0.5864512 -0.5864388 -0.6515749 -0.4811857 -0.5864357 -0.651574 -0.4811908 -0.5864006 -0.651564 -0.4812471 -0.6910309 -0.4481211 -0.5671541 -0.7884264 -0.4481114 -0.4214026 -0.7884237 -0.4481145 -0.4214042 -0.7883931 -0.4481512 -0.4214224 -0.8606514 -0.2183201 -0.4600169 -0.9338586 -0.2183125 -0.2832803 -0.9338534 -0.2183375 -0.2832785 -0.9337931 -0.2186224 -0.2832574 -0.9566556 0.02414292 -0.2902193 -0.1704385 -0.9323436 -0.3188828 -0.2293744 -0.9323309 -0.279547 -0.2293722 -0.932334 -0.2795382 -0.2293483 -0.9323691 -0.279441 -0.3663815 -0.816393 -0.4463936 -0.4464228 -0.8163778 -0.3663799 -0.4464209 -0.8163802 -0.3663765 -0.4463989 -0.8164092 -0.3663389 -0.5863972 -0.6515631 -0.4812525 -0.6690261 -0.6515918 -0.3575363 -0.6690229 -0.6515927 -0.3575407 -0.6689861 -0.6516025 -0.3575917 -0.7883903 -0.4481546 -0.4214242 -0.8554686 -0.4481611 -0.2594705 -0.8554714 -0.448153 -0.2594754 -0.855503 -0.4480598 -0.2595326 -0.9337877 -0.2186482 -0.2832555 -0.2293458 -0.9323726 -0.2794312 -0.2794541 -0.9323695 -0.2293305 -0.2794544 -0.9323688 -0.2293338 -0.2794566 -0.9323592 -0.2293693 -0.4463967 -0.816412 -0.3663352 -0.5092875 -0.8164029 -0.2722367 -0.5092914 -0.8164003 -0.2722367 -0.5093364 -0.8163719 -0.2722378 -0.6689826 -0.6516034 -0.3575966 -0.7258868 -0.6516147 -0.220197 -0.7258838 -0.6516191 -0.2201937 -0.7258494 -0.6516701 -0.2201564 -0.8555058 -0.4480512 -0.2595378 -0.2794569 -0.9323583 -0.2293729 -0.3188339 -0.9323704 -0.1703834 -0.3188326 -0.93237 -0.1703875 -0.3188185 -0.9323668 -0.1704322 -0.5093407 -0.8163691 -0.2722379 -0.5526697 -0.8163744 -0.1675987 -0.5526753 -0.816369 -0.1676065 -0.5527379 -0.8163086 -0.1676939 -0.7258461 -0.6516749 -0.2201528 -0.3188171 -0.9323664 -0.1704367 -0.3459377 -0.9323704 -0.104941 -0.3459327 -0.9323727 -0.1049374 -0.3458766 -0.932398 -0.1048975 -0.552744 -0.8163026 -0.1677024 -0.345871 -0.9324005 -0.1048935 -0.01848435 0.99163 -0.1277832 -0.02207201 0.9921997 -0.1226897 -0.01799023 0.9915928 -0.1281405 -0.01680314 0.9920557 -0.1246724 0.001080751 0.9907941 -0.1353734 0.003026008 0.9920853 -0.125529 0.001769125 0.9912676 -0.1318545 0.003711581 0.9925183 -0.1220401 0.02181857 0.9902617 -0.1374978 0.02312064 0.9928331 -0.1172513 0.04291707 0.9898482 -0.1354942 0.04139488 0.9930377 -0.1102849 0.06338989 0.9895886 -0.1292135 0.05845952 0.9931375 -0.1012932 0.08225399 0.9895052 -0.1188023 0.07424682 0.9931373 -0.09036523 0.09861302 0.9895948 -0.1047742 0.08866029 0.9930388 -0.07754498 0.1117138 0.9898506 -0.08784121 0.1016066 0.9928334 -0.06291311 0.1210189 0.9902629 -0.06880366 0.1227734 0.99127 -0.04806977 0.1129544 0.9925144 -0.04643905 0.116427 0.9920867 -0.0469979 0.1263201 0.9907958 -0.04865193 0.1263043 0.9915887 -0.02827286 0.122643 0.9920513 -0.02816176 0.1238794 0.9918966 -0.0281983 0.1276069 0.9914211 -0.02829778 0.3746415 0.9234396 -0.08308547 0.3746561 0.9234331 -0.0830909 0.3746435 0.9234387 -0.08308619 0.3746579 0.9234324 -0.08309155 0.5953487 0.7925441 -0.1320369 0.5952798 0.7925971 -0.1320305 0.5953395 0.7925512 -0.132036 0.5952712 0.7926036 -0.1320297 0.7752769 0.6077617 -0.1719636 0.7753149 0.6077161 -0.1719534 0.7752819 0.6077557 -0.1719623 0.7753196 0.6077105 -0.1719521 0.9023308 0.3817639 -0.2001384 0.9023182 0.3818005 -0.2001256 0.9023198 0.3817959 -0.2001272 0.9023324 0.3817595 -0.20014 0.9679733 0.1301242 -0.2146987 0.9679702 0.1301501 -0.2146967 0.9679706 0.1301469 -0.214697 0.9679737 0.1301211 -0.214699 0.9252403 0.1301285 -0.3563666 0.9252411 0.1301278 -0.3563645 0.9252476 0.1301226 -0.3563498 0.9252485 0.1301218 -0.3563476 0.8618951 0.1301224 -0.4901073 0.8618956 0.1301245 -0.4901057 0.8618912 0.1301071 -0.4901184 0.8618906 0.1301049 -0.4901199 0.7793611 0.1301107 -0.6129173 0.7793626 0.1301088 -0.6129158 0.7793504 0.1301239 -0.612928 0.779349 0.1301257 -0.6129295 0.6794455 0.1301209 -0.7220958 0.6794481 0.1301267 -0.7220924 0.6794274 0.13008 -0.7221203 0.6794248 0.1300742 -0.7221238 0.5643964 0.1300941 -0.8151886 0.5643979 0.1300891 -0.8151882 0.5643857 0.1301296 -0.8151903 0.5643841 0.1301347 -0.8151905 0.436789 0.130131 -0.8901019 0.4367896 0.1301293 -0.8901019 0.4367851 0.1301428 -0.890102 0.4367845 0.1301445 -0.8901021 0.2994104 0.1301378 -0.9452077 0.2994096 0.1301412 -0.9452075 0.2994163 0.1301134 -0.9452092 0.2994171 0.13011 -0.9452095 0.1553943 0.1301042 -0.9792475 0.1553935 0.1301026 -0.9792479 0.1553998 0.1301158 -0.979245 0.1554006 0.1301174 -0.9792447 0.007918715 0.1301247 -0.9914661 0.007919311 0.130122 -0.9914664 0.007914423 0.130144 -0.9914636 0.007913827 0.1301467 -0.9914633 -0.1397445 0.1301673 -0.9815947 -0.1397451 0.1301703 -0.9815942 -0.1397401 0.1301463 -0.9815981 -0.1397394 0.1301432 -0.9815986 -0.1302564 0.3817675 -0.9150339 -0.1302618 0.3817766 -0.9150292 -0.130257 0.3817686 -0.9150333 -0.1302626 0.3817777 -0.9150287 -0.1119137 0.6077893 -0.7861728 -0.1119136 0.6077792 -0.7861805 -0.1119137 0.607788 -0.7861737 -0.1119135 0.607778 -0.7861816 -0.08594405 0.7925072 -0.6037765 -0.08594971 0.792558 -0.6037091 -0.08594477 0.7925136 -0.6037679 -0.08595043 0.7925648 -0.6036999 -0.05408573 0.9234345 -0.3799258 -0.05408585 0.9234423 -0.3799066 -0.05408573 0.9234355 -0.3799234 -0.05408585 0.9234434 -0.3799039 0.003064155 0.9234663 -0.3836674 0.003065824 0.9234312 -0.383752 0.003064334 0.9234615 -0.383679 0.003066003 0.9234268 -0.3837627 0.004872679 0.7925147 -0.6098334 0.004865586 0.7925288 -0.6098152 0.004871726 0.7925167 -0.6098309 0.004864692 0.7925304 -0.609813 0.006334662 0.6078155 -0.7940532 0.006340265 0.6077689 -0.7940886 0.006335377 0.6078094 -0.7940578 0.00634098 0.6077632 -0.7940931 0.007379889 0.3817964 -0.9242171 0.00737822 0.3818098 -0.9242115 0.00737971 0.381798 -0.9242163 0.007378041 0.3818115 -0.9242109 0.06014358 0.92344 -0.3790004 0.06014841 0.9234248 -0.3790369 0.06014424 0.923438 -0.3790054 0.06014907 0.9234228 -0.3790414 0.09558236 0.7925537 -0.6022648 0.09557831 0.7925301 -0.6022963 0.09558182 0.7925505 -0.6022689 0.09557783 0.7925273 -0.6023002 0.1244632 0.6077808 -0.7842906 0.1244717 0.6077721 -0.7842958 0.1244643 0.6077796 -0.7842912 0.1244727 0.607771 -0.7842965 0.1448585 0.3817821 -0.9128299 0.1448608 0.3818506 -0.9128009 0.1448588 0.3817908 -0.9128262 0.1448611 0.3818591 -0.9127974 0.1158981 0.923432 -0.3658428 0.1158888 0.9234406 -0.3658241 0.1158968 0.9234333 -0.3658401 0.1158877 0.9234418 -0.3658217 0.1841617 0.7925475 -0.5813372 0.1841525 0.7925262 -0.5813693 0.1841604 0.7925446 -0.5813415 0.1841514 0.7925236 -0.5813733 0.2398242 0.6077819 -0.7570242 0.2398009 0.6077802 -0.757033 0.2398212 0.6077817 -0.7570253 0.239798 0.6077799 -0.757034 0.2790985 0.3818448 -0.8810781 0.279106 0.3818187 -0.881087 0.2790995 0.3818414 -0.8810793 0.2791069 0.3818156 -0.8810882 0.1690442 0.9234442 -0.3444921 0.1690554 0.9234265 -0.3445342 0.1690458 0.9234418 -0.344498 0.1690568 0.9234243 -0.3445394 0.2686342 0.7925561 -0.5474398 0.2686526 0.7925332 -0.5474641 0.2686367 0.7925531 -0.5474431 0.2686549 0.7925304 -0.5474671 0.3498182 0.6077871 -0.712897 0.3498135 0.607783 -0.7129028 0.3498176 0.6077865 -0.7128977 0.3498129 0.6077825 -0.7129034 0.4071423 0.3818064 -0.8297345 0.4071491 0.3818121 -0.8297284 0.4071431 0.3818071 -0.8297336 0.40715 0.3818128 -0.8297277 0.2184556 0.9234336 -0.3155118 0.2184401 0.923441 -0.3155007 0.2184534 0.9234346 -0.3155103 0.2184381 0.9234419 -0.3154994 0.3471423 0.7925169 -0.5014073 0.3471332 0.7925333 -0.5013877 0.3471411 0.7925192 -0.5014047 0.347132 0.7925354 -0.5013853 0.4520125 0.6077936 -0.6528947 0.4520295 0.6077875 -0.6528888 0.4520147 0.6077929 -0.652894 0.4520316 0.6077868 -0.6528881 0.5260953 0.3818103 -0.7598978 0.5261097 0.3818008 -0.7598926 0.5260972 0.3818091 -0.7598972 0.5261115 0.3817996 -0.759892 0.262971 0.9234384 -0.2794775 0.26296 0.9234445 -0.2794682 0.2629694 0.9234393 -0.2794762 0.2629586 0.9234453 -0.279467 0.4178935 0.7925273 -0.4441459 0.4178892 0.7925393 -0.4441283 0.417893 0.7925289 -0.4441436 0.4178888 0.7925409 -0.4441262 0.544169 0.6077787 -0.578347 0.5441993 0.6077377 -0.5783616 0.544173 0.6077734 -0.5783489 0.544203 0.6077326 -0.5783634 0.6333588 0.3818001 -0.6731162 0.6333423 0.3818589 -0.6730982 0.6333567 0.3818076 -0.6731139 0.6333404 0.3818661 -0.673096 0.3016275 0.9234427 -0.2372228 0.3015835 0.9234622 -0.2372024 0.3016214 0.9234453 -0.2372199 0.301578 0.9234647 -0.2371999 0.4793393 0.7925382 -0.3769843 0.479375 0.7925087 -0.3770009 0.4793441 0.7925343 -0.3769866 0.4793794 0.792505 -0.377003 0.6242303 0.6077243 -0.4909255 0.6242045 0.6077579 -0.4909169 0.6242269 0.6077286 -0.4909244 0.6242012 0.6077619 -0.4909157 0.7264547 0.3818635 -0.5713527 0.7264797 0.381809 -0.5713574 0.7264578 0.3818566 -0.5713533 0.7264828 0.3818023 -0.571358 0.3335118 0.9234713 -0.1896597 0.333593 0.9234353 -0.189692 0.3335229 0.9234663 -0.1896641 0.3336032 0.9234308 -0.1896961 0.5301594 0.7924892 -0.3014827 0.5300962 0.7925457 -0.3014455 0.530151 0.7924968 -0.3014777 0.5300884 0.7925527 -0.3014408 0.6903061 0.6077719 -0.392544 0.6903082 0.6077659 -0.3925498 0.6903064 0.6077712 -0.3925448 0.6903085 0.6077652 -0.3925505 0.8034355 0.3818034 -0.4568564 0.8034483 0.3817532 -0.4568758 0.8034371 0.381797 -0.4568588 0.8034498 0.381747 -0.4568781 0.3581209 0.923431 -0.1379298 0.3581013 0.9234395 -0.1379243 0.3581182 0.9234322 -0.137929 0.3580988 0.9234405 -0.1379235 0.5690519 0.7925553 -0.2191718 0.5690689 0.7925461 -0.2191608 0.5690541 0.7925541 -0.2191703 0.5690709 0.7925449 -0.2191594 0.741051 0.6077627 -0.2854259 0.7410601 0.6077617 -0.2854045 0.7410522 0.6077626 -0.2854232 0.7410612 0.6077615 -0.2854018 0.8625026 0.3817483 -0.3322013 0.8625056 0.3817579 -0.3321825 0.8625029 0.3817495 -0.3321989 0.8625059 0.3817591 -0.3321802 0.965257 0 -0.2613023 0.9652571 0 -0.2613023 0.8746862 0 -0.4846898 0.7332394 0 -0.6799707 0.5492203 0 -0.8356777 0.3332786 0 -0.9428285 -0.1430625 5.46455e-7 -0.9897137 -0.3757571 1.42327e-6 -0.9267183 -0.3757494 0 -0.9267214 -0.5866113 0 -0.8098686 -0.7633888 0 -0.6459395 -0.8957871 0 -0.4444835 -0.8957889 8.37135e-7 -0.4444798 -0.9761267 4.87985e-7 -0.2172019 -0.999742 0 0.02271544 -0.1409398 0 -0.9900182 0.007986843 0 -0.9999681 0.007986843 0 -0.9999681 0.007986843 0 -0.9999681 0.007986903 0 -0.9999681 0.1567319 0 -0.9876412 0.1567327 0 -0.987641 0.1567322 0 -0.9876412 0.1567332 0 -0.987641 0.4405252 0 -0.8977403 0.4405255 0 -0.8977401 0.4405254 0 -0.8977403 0.4405255 0 -0.8977401 0.5692411 0 -0.8221707 0.5692404 0 -0.8221712 0.5692416 0 -0.8221703 0.7860312 0 -0.6181869 0.7860323 0 -0.6181856 0.7860317 0 -0.6181864 0.7860327 0 -0.6181849 0.8692893 0 -0.494304 0.8692893 0 -0.4943037 0.8692893 0 -0.4943038 0.8692894 0 -0.4943037 0.9331806 0 -0.359408 0.9331809 0 -0.3594071 0.9331808 0 -0.3594077 0.9331811 0 -0.3594068 0.9762737 0 -0.2165406 0.9762718 -4.22964e-6 -0.2165492 0.9762729 -1.76053e-6 -0.2165442 0.9762709 -5.99017e-6 -0.2165526 0.01723915 0.9927131 0.119263 0.01723861 0.992712 0.1192719 0.01723915 0.9927131 0.1192632 0.01723909 0.992713 0.1192634 0.01723909 0.992713 0.1192633 0.01723927 0.992712 0.1192719 0.0507301 0.935014 0.3509634 0.05073028 0.9350156 0.3509593 0.0507301 0.935014 0.3509634 0.05073028 0.9350156 0.3509593 0.08126628 0.8229845 0.5622211 0.08126622 0.8229823 0.5622241 0.08126628 0.8229843 0.5622212 0.08126622 0.8229821 0.5622245 0.107081 0.6631196 0.7408145 0.1070806 0.6631215 0.7408128 0.107081 0.6631197 0.7408145 0.1070806 0.6631217 0.7408127 0.1266705 0.4647231 0.8763486 0.1266707 0.4647329 0.8763435 0.1266705 0.4647235 0.8763486 0.1266708 0.464733 0.8763435 0.1389008 0.2393195 0.9609542 0.1389001 0.2393029 0.9609583 0.1389007 0.239319 0.9609543 0.1389001 0.2393029 0.9609584 0.1430575 0 0.9897145 0.1430571 0 0.9897145 0.1430575 0 0.9897144 0.1430571 0 0.9897145 0.1388984 -0.2393174 0.960955 0.1389011 -0.2393047 0.9609578 0.1388986 -0.239317 0.9609551 0.1389011 -0.2393046 0.9609578 0.1266704 -0.4647254 0.8763476 0.1266704 -0.4647351 0.8763424 0.1266704 -0.4647257 0.8763474 0.1266704 -0.4647349 0.8763425 0.1070806 -0.6631177 0.7408163 0.1070801 -0.6631199 0.7408143 0.1070806 -0.6631177 0.7408163 0.1070801 -0.66312 0.7408142 0.08126497 -0.8229831 0.5622231 0.0812655 -0.8229846 0.562221 0.08126503 -0.8229829 0.5622234 0.05072975 -0.9350112 0.3509712 0.05073016 -0.9350127 0.3509671 0.05072981 -0.9350113 0.3509709 0.05073016 -0.9350127 0.3509668 0.01723772 -0.992712 0.1192719 0.0172379 -0.9927152 0.1192457 0.01723772 -0.9927121 0.1192714 0.01723837 -0.9927127 0.1192662 0.01723837 -0.9927127 0.1192663 0.01723802 -0.992713 0.1192634 0.05073028 -0.9350137 0.3509642 0.05072969 -0.935015 0.3509607 0.05073028 -0.9350138 0.350964 0.05072969 -0.9350151 0.3509607 0.08126628 -0.8229817 0.5622251 0.08126759 -0.8229763 0.5622327 0.08126634 -0.8229816 0.5622254 0.08126759 -0.8229763 0.5622327 0.1070796 -0.6631293 0.740806 0.1070784 -0.6631297 0.7408058 0.1070796 -0.6631293 0.7408059 0.1070784 -0.6631296 0.7408059 0.1266704 -0.4647218 0.8763494 0.1266715 -0.4647201 0.8763502 0.1266704 -0.4647219 0.8763495 0.1266715 -0.4647203 0.8763501 0.1389009 -0.2393118 0.960956 0.1389003 -0.2393134 0.9609557 0.1389009 -0.2393119 0.960956 0.1389003 -0.2393134 0.9609557 0.1430582 0 0.9897143 0.1388998 0.2393097 0.9609567 0.1389007 0.2393134 0.9609556 0.1388998 0.2393097 0.9609566 0.1389007 0.2393133 0.9609557 0.1266719 0.4647256 0.8763472 0.1266713 0.4647201 0.8763502 0.1266719 0.4647254 0.8763473 0.1266713 0.4647202 0.8763502 0.1070797 0.663128 0.7408071 0.1070798 0.6631318 0.7408037 0.1070797 0.6631281 0.7408071 0.1070798 0.6631318 0.7408037 0.08126658 0.822977 0.5622319 0.08126747 0.8229742 0.5622358 0.08126664 0.822977 0.5622319 0.08126747 0.8229744 0.5622354 0.05072993 0.935014 0.3509634 0.05072987 0.9350147 0.3509617 0.05072993 0.9350141 0.3509634 0.05072987 0.9350147 0.3509616 0.8746774 0 -0.4847058 0.8746858 -3.3346e-6 -0.4846906 0.7332498 -2.76524e-6 -0.6799595 -0.8957785 0 -0.4445007 -0.9997416 0 0.02273631 -0.9997415 0 0.02273631 -0.9997415 0 0.02273631 -0.140941 0 -0.990018 -0.1409421 0 -0.9900178 -0.1409415 0 -0.990018 -0.1409425 0 -0.9900178 0.007986783 0 -0.9999682 0.007986843 0 -0.9999681 0.007986843 0 -0.9999681 0.1567335 0 -0.987641 0.1567338 -6.97596e-7 -0.987641 0.1567336 -2.90372e-7 -0.987641 0.1567339 -9.87965e-7 -0.9876409 0.3019764 -1.95512e-6 -0.9533154 0.3019794 -5.74629e-7 -0.9533145 0.3019776 -1.3805e-6 -0.953315 0.4405241 0 -0.8977408 0.4405251 0 -0.8977403 0.4405245 0 -0.8977406 0.4405255 0 -0.8977402 0.5692368 0 -0.8221737 0.5692365 0 -0.8221738 0.5692367 0 -0.8221738 0.5692363 0 -0.822174 0.6852559 0 -0.7283024 0.6852562 0 -0.7283022 0.685256 0 -0.7283023 0.6852563 0 -0.728302 0.7860382 0 -0.618178 0.7860382 0 -0.6181779 0.869284 0 -0.494313 0.869284 0 -0.4943129 0.976274 0 -0.216539 0.9762739 0 -0.2165395 0.976274 0 -0.2165392 0.9762738 0 -0.2165397 0.9976295 0 -0.06881475 0.9976295 0 -0.06881475 0.9967552 0 0.08049374 0.9967551 0 0.08049398 0.9967551 0 0.0804938 0.9967551 0 0.08049404 0.9736862 -4.22969e-6 0.2278929 0.9736852 -1.76057e-6 0.2278975 0.9736871 -5.99026e-6 0.2278895 0.9289098 -5.99018e-6 0.3703064 0.9289065 -1.76057e-6 0.3703145 0.9289084 -4.22961e-6 0.3703098 0.9289051 0 0.3703179 0.863442 0 0.5044482 0.8634412 0 0.5044496 0.8634417 0 0.5044488 0.8634408 0 0.5044502 0.778756 0 0.6273269 0.7787549 0 0.6273283 0.7787556 0 0.6273275 0.6766939 0 0.7362645 0.6766947 0 0.7362638 0.6766942 0 0.7362642 0.676695 0 0.7362635 0.5595833 0 0.8287742 0.5595827 0 0.8287746 0.559583 0 0.8287743 0.5595824 0 0.8287748 0.4299969 0 0.9028304 0.4299984 0 0.9028297 0.4299975 0 0.9028301 0.429999 0 0.9028294 0.2908231 0 0.9567769 0.2908253 0 0.9567762 0.290824 0 0.9567767 0.2908261 0 0.956776 0.1451746 0 0.9894061 0.1451749 0 0.9894061 0.1451748 0 0.9894061 0.1451751 0 0.989406 -0.9652564 -2.87808e-7 0.2613046 -0.9652569 0 0.2613026 -0.9652563 -3.2533e-7 0.2613049 -0.8746798 -8.94631e-7 0.4847013 -0.7332505 0 0.6799586 -0.73324 2.84661e-6 0.6799699 -0.5492192 2.1146e-6 0.8356783 -0.5492275 0 0.8356729 -0.3332813 -1.80029e-6 0.9428275 -0.09795129 -1.8973e-6 0.9951912 0.8957889 0 0.4444798 0.9761308 0 0.217184 0.999742 0 -0.02271544 0.999742 0 -0.02271544 0.999742 0 -0.02271544 -0.01723867 -0.9927142 -0.1192539 -0.01723885 -0.9927149 -0.119248 -0.01723885 -0.9927149 -0.1192477 -0.01723849 -0.9927129 -0.1192644 -0.01723921 -0.992711 -0.1192803 -0.01723849 -0.9927129 -0.1192644 -0.05073058 -0.9350112 -0.3509709 -0.05073088 -0.9350146 -0.3509619 -0.05073058 -0.935011 -0.3509711 -0.05073088 -0.9350146 -0.3509619 -0.08126771 -0.8229783 -0.5622298 -0.08126652 -0.8229854 -0.5622196 -0.08126771 -0.8229783 -0.5622298 -0.08126652 -0.8229856 -0.5622193 -0.1070787 -0.6631305 -0.7408051 -0.1070801 -0.6631232 -0.7408114 -0.1070787 -0.6631306 -0.740805 -0.1070802 -0.663123 -0.7408116 -0.1266716 -0.4647182 -0.8763512 -0.1266717 -0.4647241 -0.876348 -0.1266716 -0.4647184 -0.8763511 -0.1266717 -0.4647244 -0.8763479 -0.1389008 -0.2393103 -0.9609564 -0.1388997 -0.2393139 -0.9609557 -0.1389008 -0.2393102 -0.9609564 -0.1388997 -0.239314 -0.9609557 -0.1430583 0 -0.9897143 -0.1430567 0 -0.9897146 -0.1430582 0 -0.9897143 -0.1430567 0 -0.9897146 -0.1388998 0.2393104 -0.9609565 -0.1388999 0.2393122 -0.960956 -0.1388998 0.2393102 -0.9609566 -0.1388999 0.2393122 -0.960956 -0.1266713 0.4647184 -0.8763511 -0.1266711 0.4647227 -0.8763489 -0.1266713 0.4647182 -0.8763511 -0.1266711 0.4647228 -0.8763487 -0.1070789 0.6631332 -0.7408027 -0.1070793 0.6631245 -0.7408104 -0.1070789 0.6631331 -0.7408027 -0.1070794 0.6631243 -0.7408106 -0.08126682 0.8229751 -0.5622346 -0.08126616 0.8229836 -0.5622221 -0.08126682 0.8229752 -0.5622345 -0.08126616 0.822984 -0.5622217 -0.05072945 0.9350141 -0.3509632 -0.05072951 0.9350134 -0.3509651 -0.05072945 0.9350141 -0.3509634 -0.05072951 0.9350134 -0.3509652 -0.01723879 0.9927127 -0.1192653 -0.01723802 0.9927128 -0.1192657 -0.01723849 0.9927131 -0.1192631 -0.01723802 0.9927128 -0.1192656 -0.01723855 0.9927141 -0.1192546 -0.05072933 0.9350141 -0.3509633 -0.05072939 0.9350141 -0.3509632 -0.08126598 0.8229768 -0.5622323 -0.08126598 0.8229768 -0.5622323 -0.1070795 0.6631269 -0.7408083 -0.1070794 0.6631268 -0.7408082 -0.1266711 0.4647174 -0.8763517 -0.1266711 0.4647176 -0.8763515 -0.1389003 0.2393245 -0.960953 -0.1389003 0.2393244 -0.9609529 -0.143058 0 -0.9897144 -0.143058 0 -0.9897143 -0.1388995 -0.2393239 -0.9609532 -0.1388996 -0.2393238 -0.9609533 -0.1266714 -0.464716 -0.8763524 -0.1266714 -0.4647161 -0.8763523 -0.10708 -0.6631254 -0.7408095 -0.10708 -0.6631252 -0.7408096 -0.08126682 -0.8229807 -0.5622265 -0.08126682 -0.8229805 -0.5622266 -0.050731 -0.935014 -0.3509633 -0.050731 -0.9350141 -0.3509632 -0.01723849 0.9927131 -0.1192631 -0.05072963 0.9350165 -0.3509569 -0.05072963 0.9350166 -0.3509566 -0.08126682 0.8229773 -0.5622316 -0.08126682 0.8229772 -0.5622316 -0.1070789 0.6631318 -0.7408039 -0.1070789 0.663132 -0.7408038 -0.1266714 0.4647284 -0.8763458 -0.1266714 0.4647287 -0.8763456 -0.1389003 0.2393021 -0.9609586 -0.1389003 0.2393015 -0.9609587 -0.1430563 0 -0.9897146 -0.1430562 0 -0.9897146 -0.1389025 -0.2393041 -0.9609577 -0.1389026 -0.2393035 -0.9609578 -0.1266714 -0.4647288 -0.8763456 -0.1266714 -0.4647293 -0.8763454 -0.1070795 -0.6631217 -0.7408128 -0.1070795 -0.6631215 -0.740813 -0.08126682 -0.8229759 -0.5622336 -0.08126676 -0.8229756 -0.5622338 -0.05073082 -0.9350105 -0.3509727 -0.05073082 -0.9350104 -0.3509729 0.9897173 6.61552e-6 -0.1430376 0.9897127 1.4207e-5 -0.1430696 0.9897162 2.70653e-6 -0.1430451 0.989713 -1.66677e-5 -0.1430674 0.9897133 -1.08123e-5 -0.1430655 0.9897126 -2.05646e-5 -0.1430702 0.9897133 -9.22655e-6 -0.1430649 0.9897151 8.17381e-6 -0.1430525 0.9897152 1.28391e-5 -0.1430524 0.9897152 2.43245e-6 -0.143052 0.9897145 -8.23213e-6 -0.1430577 0.9897146 2.29506e-5 -0.1430557 0.9897148 2.39855e-5 -0.1430549 0.9897149 -2.30875e-5 -0.1430537 0.9897148 -3.22836e-5 -0.1430551 0.989715 6.21833e-5 -0.1430534 0.9897151 5.55861e-5 -0.1430529 0.989715 -1.61486e-4 -0.1430532 0.9897146 -1.43033e-4 -0.1430565 0.9896962 8.28225e-6 -0.1431838 0.9897127 -2.95473e-6 -0.1430696 0.9897203 -5.46481e-7 -0.1430168 0.9897015 -2.44094e-5 -0.1431472 0.9897286 1.19208e-5 -0.1429599 0.9897196 1.34215e-5 -0.1430211 -0.9897143 -4.99129e-7 0.1430584 -0.9897143 1.25047e-6 0.1430585 -0.9897139 -2.95703e-6 0.1430616 -0.9897131 -2.17862e-6 0.1430667 -0.9897151 3.81204e-6 0.1430531 -0.9897146 0 0.1430556 -0.9897146 -1.62797e-5 0.1430563 -0.9897196 -1.43044e-4 0.1430217 -0.989712 4.16788e-5 0.1430745 -0.9897149 3.72925e-6 0.1430537 -0.9897156 -3.16825e-6 0.143049 -0.9897153 3.34826e-6 0.1430514 -0.9897159 7.07327e-6 0.1430469 -0.9897147 8.12734e-6 0.1430554 -0.9897145 4.82652e-6 0.1430573 -0.9897142 2.05548e-5 0.1430597 -0.9897148 6.34518e-6 0.1430547 -0.9897149 6.39157e-6 0.1430548 -0.9897179 -1.07723e-5 0.1430338 -0.9897144 -2.82476e-6 0.1430577 -0.9897148 -1.87314e-7 0.1430549 -0.9897134 -2.39693e-5 0.1430642 -0.989714 6.0319e-6 0.1430603 -0.9897152 -3.06297e-6 0.1430525 -0.9897136 -4.33849e-7 0.1430628 -0.9897142 4.58524e-7 0.1430593 -0.9897142 -1.97003e-6 0.1430594 -0.9897137 -8.96768e-6 0.1430624 -0.9897156 2.94108e-5 0.1430498 0 1 3.84275e-7 0 1 0 0 1 4.42134e-7 0 1 -1.40779e-6 0 1 3.29134e-6 0 1 -8.29567e-7 0 1 1.73254e-7 3.07704e-7 1 0 1.11264e-6 1 -1.67872e-7 1.23392e-6 1 -1.01975e-6 6.14544e-7 1 0 7.85976e-7 1 4.87257e-7 7.57663e-7 1 -3.46716e-6 8.57122e-7 1 2.06022e-6 8.53691e-7 1 -4.58714e-6 9.0172e-7 1 4.6827e-7 9.02119e-7 1 -2.28478e-7 9.17599e-7 1 -9.94127e-7 8.98257e-7 1 -1.37561e-7 9.07557e-7 1 -8.27163e-7 8.74834e-7 1 7.92892e-7 8.37497e-7 1 3.26395e-7 8.16757e-7 1 2.23382e-6 7.26663e-7 1 -4.84554e-6 7.32911e-7 1 4.96742e-7 5.73284e-7 1 -3.46713e-6 6.27064e-7 1 1.44879e-6 3.79596e-7 1 1.19995e-7 1.38974e-6 1 8.27785e-7 2.82515e-7 1 0 1.47779e-6 1 0 0 1 5.16139e-7 1.21951e-7 1 0 0 1 5.27816e-7 2.3293e-7 1 0 3.38774e-7 1 -2.13845e-7 2.88553e-7 1 0 3.12472e-7 1 0 3.44006e-7 1 0 3.27858e-7 1 -4.77114e-7 2.792e-7 1 0 2.31332e-7 1 -4.11369e-6 1.99193e-7 1 -1.12925e-6 -3.37715e-7 -1 -1.9944e-7 -1.25475e-7 -1 5.31088e-7 -2.13986e-7 -1 1.26968e-6 0 -1 2.52456e-7 -3.26766e-7 -1 -3.6609e-7 -3.40516e-7 -1 3.51572e-6 -3.26851e-7 -1 2.15849e-6 -2.99931e-7 -1 -4.76624e-6 0 -1 -3.94698e-7 -1.81495e-7 -1 -1.23918e-6 -2.07005e-7 -1 4.30318e-7 -2.54966e-7 -1 6.34145e-6 0 -1 -3.60401e-7 0 -1 -1.26334e-6 0 -1 7.61989e-7 0 -1 -2.54006e-7 0 -1 -1.5993e-6 0 -1 -1.37828e-6 -1.16235e-6 -1 4.09847e-6 -4.07783e-7 -1 -2.1822e-6 -1.34467e-6 -1 4.12955e-6 -7.68449e-7 -1 -1.17096e-6 -7.14236e-7 -1 -3.54737e-6 -8.43633e-7 -1 -4.8943e-6 -8.28978e-7 -1 5.10192e-6 -8.93687e-7 -1 -6.3152e-6 -8.93428e-7 -1 7.14021e-6 -9.15854e-7 -1 -2.82161e-6 -9.08647e-7 -1 8.97774e-6 -9.08763e-7 -1 -1.55619e-6 -8.75479e-7 -1 9.2545e-6 -8.72557e-7 -1 -1.63145e-6 -7.94811e-7 -1 1.73715e-5 -8.08903e-7 -1 -4.03236e-6 -6.67527e-7 -1 6.52821e-6 -7.20858e-7 -1 -1.20198e-6 -4.94313e-7 -1 2.34113e-7 -6.12648e-7 -1 2.25974e-6 -3.75463e-7 -1 0 -1.50037e-6 -1 1.87466e-7 -1.47665e-6 -1 -2.06234e-6 0 -1 0 0 -1 -1.67193e-6 0 -1 0 -2.7779e-7 -1 1.48263e-6 -3.05345e-7 -1 -2.51602e-7 -0.21443 0 -0.9767395 -0.2144275 0 -0.97674 -0.2144299 0 -0.9767394 -0.2144284 2.10485e-7 -0.9767398 -0.2144246 0 -0.9767405 -0.2144337 3.81344e-6 -0.9767386 -0.2144302 -4.35569e-7 -0.9767394 -0.2144203 -8.46285e-6 -0.9767415 -0.2144252 -1.68159e-6 -0.9767405 -0.2144272 1.26496e-6 -0.97674 -0.2144273 3.81326e-6 -0.97674 -0.2144269 1.01563e-5 -0.97674 -0.2144279 0 -0.9767398 -0.2144281 1.28656e-7 -0.9767398 -0.2144277 0 -0.97674 -0.2144284 -6.48809e-7 -0.9767398 -0.2144305 -7.18941e-6 -0.9767392 -0.2144303 -8.89049e-6 -0.9767393 -0.2144229 1.6813e-6 -0.976741 -0.2144194 8.46273e-6 -0.9767417 -0.2144231 6.98423e-6 -0.9767409 -0.2144367 5.35198e-7 -0.976738 -0.2144328 -1.58868e-6 -0.9767388 -0.2144179 1.26944e-6 -0.976742 -0.2144297 1.17975e-6 -0.9767394 -0.2144297 1.53635e-7 -0.9767395 -0.2144298 1.33338e-6 -0.9767394 0.07093268 0 0.9974811 0.07093268 0 0.9974811 0.0709328 0 0.9974812 0.07093119 9.11077e-7 0.9974812 0.07092696 2.51409e-6 0.9974816 0.07093966 0 0.9974806 0.07093828 -4.0582e-6 0.9974808 0.07093536 3.38478e-6 0.997481 0.07093238 -3.16301e-6 0.9974812 0.07093745 3.33955e-7 0.9974808 0.07092404 1.52585e-5 0.9974818 0.07093042 1.48896e-6 0.9974813 0.07093065 -4.91679e-7 0.9974813 0.07093054 0 0.9974814 0.07093065 0 0.9974813 0.07093274 -1.40086e-6 0.9974812 0.07092994 -1.66756e-6 0.9974814 0.07092958 8.13236e-7 0.9974814 0.07092517 -1.53915e-5 0.9974817 0.07093733 -5.1994e-7 0.9974809 0.07093173 2.84394e-6 0.9974812 0.07093399 -3.67624e-6 0.9974811 0.07093125 9.93215e-7 0.9974813 0.0709297 -5.42527e-6 0.9974814 0.07094407 0 0.9974803 0.07093244 0 0.9974812 0.0709325 0 0.9974812 0.9976295 -5.99012e-6 -0.06881439 0.9976302 -1.76053e-6 -0.06880533 0.9976298 -4.22959e-6 -0.06881064 0.9976304 0 -0.06880158 0.9967562 0 0.08048146 0.9967561 0 0.0804817 0.9967561 0 0.08048152 0.9967561 0 0.08048176 0.9736844 0 0.227901 0.9736843 0 0.227901 0.9736843 0 0.227901 0.8634468 -3.75965e-6 0.50444 0.8634447 -1.56492e-6 0.5044437 0.8634484 -5.32458e-6 0.5044373 0.7787607 -4.9919e-6 0.6273211 0.778757 -1.46712e-6 0.6273259 0.7787593 -3.52478e-6 0.6273231 0.7787553 0 0.6273279 0.6766867 0 0.7362712 0.6766856 0 0.7362722 0.6766862 0 0.7362716 0.5595882 0 0.8287709 0.5595893 0 0.8287701 0.5595887 0 0.8287706 0.5595899 0 0.8287698 0.429993 0 0.9028322 0.4299923 0 0.9028326 0.4299927 0 0.9028325 0.429992 0 0.9028328 0.290827 0 0.9567757 0.2908285 0 0.9567753 0.2908276 0 0.9567756 0.290829 0 0.9567751 0.145174 0 0.9894062 0.1451749 0 0.9894061 0.1451743 0 0.9894061 0.1451753 0 0.989406 -0.9652571 0 0.2613023 -0.5492253 0 0.8356744 -0.09793895 0 0.9951925 0.5866249 -2.23664e-6 0.8098588 0.7633485 -2.92783e-6 0.6459869 0.8957974 0 0.4444626 0.8957971 0 0.4444631 0.9761263 0 0.2172041 0.9761263 0 0.2172038 0.9997415 0 -0.02273625 0.9905684 0 -0.1370192 0.98865 0 -0.150237 0.9907005 0 -0.1360613 0.9888041 0 -0.1492198 3.0878e-7 1 0 1.24852e-7 1 -3.53579e-7 3.08511e-7 1 -1.03829e-4 3.07992e-7 1 -2.04373e-4 3.29644e-7 1 -9.75566e-5 3.35594e-7 1 0 3.67629e-7 1 1.11863e-6 3.27913e-7 1 8.45735e-7 2.71377e-7 1 6.46728e-7 3.05865e-7 1 0 1.33774e-7 1 -5.18549e-7 2.2677e-7 1 -3.37796e-6 2.93029e-7 1 -7.70393e-6 3.04261e-7 1 -1.00035e-4 -6.36255e-5 0.9999998 -6.7854e-4 0 1 -7.20814e-7 0 1 -1.29711e-7 1.47664e-6 1 3.2788e-6 3.54176e-7 1 -2.92406e-6 1.50437e-6 1 2.06698e-6 4.91037e-7 1 -8.14354e-6 6.31178e-7 1 1.66899e-6 7.20858e-7 1 0 6.67527e-7 1 -5.90334e-6 8.08903e-7 1 -6.61004e-7 7.94811e-7 1 0 8.72557e-7 1 1.91281e-7 8.75479e-7 1 0 9.08763e-7 1 -1.19003e-6 9.08647e-7 1 4.38304e-6 9.15854e-7 1 -1.29177e-6 8.93428e-7 1 3.70593e-6 8.93687e-7 1 3.1393e-6 8.28978e-7 1 6.78052e-7 8.43633e-7 1 5.43397e-6 6.95346e-7 1 4.30456e-7 7.86921e-7 1 2.63807e-6 1.35617e-6 1 -1.69127e-6 3.85711e-7 1 -6.13324e-7 1.16235e-6 1 -4.09848e-6 0 1 1.23474e-7 0 1 1.37828e-6 0 1 8.44728e-7 0 1 -7.43596e-7 0 1 -1.19846e-6 0 1 -9.17073e-7 1.92105e-7 1 0 2.18641e-7 1 0 3.18922e-7 1 2.37129e-6 3.50695e-7 1 3.75189e-6 -3.07992e-7 -1 -2.65184e-4 -3.29644e-7 -1 -2.4503e-4 -1.24852e-7 -1 2.32239e-7 -1.92105e-7 -1 0 -2.18641e-7 -1 -2.4653e-6 -3.08511e-7 -1 0 -3.0878e-7 -1 -1.87539e-7 0 -1 -1.80201e-7 0 -1 0 0 -1 1.67911e-6 0 -1 -3.00093e-6 0 -1 7.99661e-7 0 -1 6.89147e-7 -1.16235e-6 -1 2.83064e-7 -3.85711e-7 -1 -5.73359e-6 -1.35617e-6 -1 6.57005e-7 -6.95345e-7 -1 0 -7.8692e-7 -1 -8.34509e-7 -8.43632e-7 -1 6.00989e-7 -8.28977e-7 -1 1.84925e-7 -8.93689e-7 -1 2.38097e-6 -8.9343e-7 -1 2.23722e-7 -9.15857e-7 -1 8.8522e-7 -9.08647e-7 -1 -4.23228e-6 -9.08763e-7 -1 1.9429e-7 -8.75475e-7 -1 -3.97983e-6 -8.72554e-7 -1 2.19337e-6 -7.9481e-7 -1 1.91761e-7 -8.08901e-7 -1 8.6047e-7 -6.67527e-7 -1 0 -7.20857e-7 -1 1.46692e-6 -4.91037e-7 -1 5.4437e-6 -6.31179e-7 -1 1.81036e-6 -1.50437e-6 -1 -1.54984e-6 -3.54176e-7 -1 3.16939e-6 -1.47664e-6 -1 -1.6394e-6 0 -1 -4.74528e-7 0 -1 3.7727e-7 0 -1 2.98884e-7 0 -1 -5.04924e-7 -1.33774e-7 -1 0 0 -1 8.39577e-7 -2.26769e-7 -1 -4.42956e-6 -3.35593e-7 -1 -4.93715e-5 -2.93028e-7 -1 -9.86101e-6 -3.18922e-7 -1 0 -3.50695e-7 -1 0 -3.6763e-7 -1 2.67151e-6 -3.27913e-7 -1 1.36156e-6 -2.71377e-7 -1 -3.44924e-6 -3.0347e-7 -1 0 -3.04264e-7 -1 -5.22798e-5 -3.05866e-7 -1 -1.02956e-4 -0.9848913 0.09860533 0.1423591 -0.9848905 0.09861242 0.1423606 -0.9848914 0.09860515 0.142359 -0.9490043 0.2838566 0.1371729 -0.9490036 0.2838587 0.137173 -0.8803339 0.4569687 0.1272477 -0.8803423 0.4569525 0.1272476 -0.7759553 0.6207363 0.1121605 -0.7759406 0.6207553 0.1121574 -0.6371484 0.7652193 0.09209454 -0.6371675 0.7652027 0.09210067 -0.4869651 0.8705806 0.07038778 -0.486953 0.8705875 0.07038587 -0.3215463 0.9457526 0.04647684 -0.3215305 0.9457579 0.0464766 -0.3215458 0.9457527 0.04647684 -0.32153 0.9457581 0.04647654 -0.1713499 0.984899 0.0247668 -0.05634361 0.9983782 0.008143067 -0.05634605 0.9983782 0.008144736 -0.05634367 0.9983782 0.008143126 -0.05634611 0.9983781 0.008144795 -0.1713367 0.9849012 0.02476948 -0.05636519 -0.9983771 0.008146524 -0.05636483 -0.998377 0.008147835 -0.05636519 -0.9983771 0.008146584 -0.05636483 -0.998377 0.008147835 -0.1714368 -0.9848835 0.02477866 -0.3214873 -0.9457731 0.04646825 -0.3214886 -0.9457724 0.04647248 -0.3214873 -0.9457731 0.04646837 -0.3214887 -0.9457724 0.0464726 -0.1714315 -0.9848845 0.02477955 -0.4870077 -0.8705562 0.07039386 -0.4869987 -0.8705612 0.07039487 -0.63714 -0.7652261 0.09209591 -0.6371738 -0.7651973 0.09210091 -0.7759578 -0.6207334 0.1121589 -0.7759428 -0.620752 0.1121593 -0.8803237 -0.4569889 0.1272453 -0.880342 -0.4569531 0.1272476 -0.9490091 -0.283841 0.1371713 -0.9489928 -0.2838949 0.1371734 -0.9848927 -0.09859067 0.1423598 -0.9848891 -0.09862595 0.1423603 -0.9848926 -0.0985918 0.1423599 -0.984889 -0.09862715 0.1423603 0.07032608 -0.1305567 0.9889435 0.07032465 -0.1305239 0.988948 0.07032465 -0.1305239 0.988948 0.071437 -0.1108754 0.9912636 0.06676274 -0.325187 0.9432901 0.06633019 -0.382743 0.9214707 0.06714528 -0.3827462 0.9214103 0.06557041 -0.3827069 0.9215401 0.06084477 -0.4929044 0.8679534 0.05696296 -0.6087245 0.7913342 0.05765902 -0.6087231 0.7912849 0.05638718 -0.6087921 0.7913234 0.0542193 -0.6417147 0.7650246 0.04473131 -0.7783981 0.6261753 0.04379934 -0.7933596 0.6071755 0.04443299 -0.7933382 0.6071577 0.04332971 -0.7933427 0.6072315 0.0322774 -0.8839052 0.466551 0.0280779 -0.9238637 0.3816906 0.02902716 -0.9238681 0.3816086 0.02716964 -0.9239069 0.3816515 0.01935386 -0.95808 0.2858466 0.01155233 -0.9892419 0.1458323 0.003510892 -0.9987796 0.04926449 0.01199251 -0.9872244 0.1588845 0.009258806 -0.9914404 0.1302321 0.01303702 -0.9921276 0.1245509 0.009258747 -0.9914405 0.1302309 0.01923292 -0.9912312 0.1307321 0.0271455 -0.923889 0.3816965 0.02714568 -0.923868 0.3817476 0.02714568 -0.9238685 0.3817463 0.0271455 -0.9238889 0.3816971 0.04318261 -0.7933238 0.6072667 0.04318082 -0.7933537 0.6072276 0.04318088 -0.7933527 0.6072288 0.04318267 -0.7933242 0.6072661 0.05627214 -0.6087976 0.7913274 0.05627405 -0.6087834 0.7913382 0.0562722 -0.6087963 0.7913284 0.05627417 -0.6087829 0.7913385 0.0655322 -0.3827139 0.9215398 0.06553435 -0.3826773 0.9215549 0.06553226 -0.3827138 0.9215399 0.06553441 -0.3826763 0.9215553 0.07032471 -0.1305195 0.9889486 0.07032608 -0.1305578 0.9889433 0.1474267 -0.1301653 0.9804705 0.1474265 -0.1301619 0.980471 0.1474251 -0.1301358 0.9804747 0.1474249 -0.1301323 0.9804752 0.2984549 -0.1301303 0.9455109 0.2984556 -0.1301283 0.9455109 0.298461 -0.1301131 0.9455114 0.2984616 -0.130111 0.9455114 0.4421867 -0.1300929 0.8874383 0.4421868 -0.1300835 0.8874396 0.4421876 -0.1300134 0.8874496 0.4421877 -0.1300039 0.8874509 0.5751041 -0.1299835 0.8076878 0.5751071 -0.1300024 0.8076826 0.57513 -0.1301446 0.8076435 0.575133 -0.1301637 0.8076382 0.6939772 -0.1301734 0.7081318 0.6939755 -0.1301681 0.7081345 0.6939623 -0.1301289 0.7081545 0.6939606 -0.1301236 0.7081572 0.7958692 -0.13012 0.5913214 0.795869 -0.1301206 0.5913215 0.7958677 -0.1301251 0.5913223 0.7958676 -0.1301257 0.5913224 0.8783117 -0.1301347 0.4600366 0.8783107 -0.1301301 0.4600398 0.8783033 -0.1300957 0.4600635 0.8783023 -0.1300911 0.4600667 0.9392889 -0.130095 0.3175088 0.9392898 -0.1300842 0.3175106 0.9392962 -0.1300023 0.317525 0.939297 -0.1299913 0.3175269 0.9773096 -0.1299951 0.1672345 0.9773082 -0.1300085 0.167232 0.977298 -0.1301094 0.1672135 0.9772965 -0.130123 0.167211 0.9914158 -0.1301171 0.01282185 0.9914181 -0.1300987 0.01282519 0.991436 -0.1299604 0.01285022 0.9914383 -0.1299417 0.01285356 0.9813299 -0.1299315 -0.1418082 0.9813265 -0.1299538 -0.141812 0.9813001 -0.130121 -0.1418403 0.9812965 -0.1301435 -0.1418442 0.9471961 -0.1301376 -0.2930597 0.9471961 -0.1301351 -0.2930603 0.9471971 -0.1301165 -0.2930655 0.9471973 -0.130114 -0.2930662 0.8899391 -0.1301032 -0.4371288 0.889939 -0.1300984 -0.4371304 0.8899381 -0.1300624 -0.437143 0.889938 -0.1300575 -0.4371447 0.8109346 -0.130069 -0.5704974 0.8109349 -0.1300693 -0.5704967 0.8109378 -0.1300718 -0.5704922 0.8109381 -0.1300721 -0.5704915 0.7121052 -0.1300875 -0.6899155 0.7121019 -0.1300993 -0.6899168 0.7120769 -0.1301882 -0.6899259 0.7120735 -0.1302002 -0.6899271 0.5958352 -0.1301978 -0.7924829 0.5958367 -0.1301925 -0.7924826 0.5958479 -0.1301524 -0.7924807 0.5958495 -0.130147 -0.7924805 0.4650444 -0.1301394 -0.8756698 0.4650461 -0.1301355 -0.8756694 0.4650593 -0.1301061 -0.8756667 0.4650611 -0.1301021 -0.8756664 0.3228494 -0.1300913 -0.9374672 0.3228489 -0.130101 -0.9374659 0.3228453 -0.1301738 -0.9374572 0.3228448 -0.1301835 -0.9374558 0.1727894 -0.1301593 -0.9763209 0.1727902 -0.130154 -0.9763214 0.1727963 -0.1301144 -0.9763257 0.172797 -0.1301091 -0.9763262 0.01849955 -0.1301174 -0.991326 0.01849925 -0.1301204 -0.9913257 0.01849722 -0.1301431 -0.9913228 0.01849699 -0.1301461 -0.9913223 -0.136251 -0.1301287 -0.9820908 -0.1270146 -0.3816954 -0.9155195 -0.1270121 -0.3816755 -0.9155282 -0.1270149 -0.3816981 -0.9155183 -0.1091433 -0.6076006 -0.7867079 -0.1091376 -0.6076118 -0.7867 -0.1091426 -0.6076019 -0.7867069 -0.1091368 -0.6076132 -0.7866991 -0.08380967 -0.7924618 -0.6041361 -0.08381718 -0.7924439 -0.6041585 -0.08381056 -0.7924596 -0.6041387 -0.08381813 -0.7924415 -0.6041614 -0.05273061 -0.9234521 -0.3800735 -0.05272698 -0.9234527 -0.3800727 -0.0527302 -0.9234521 -0.3800733 -0.0527265 -0.9234527 -0.3800725 -0.01802009 -0.9914521 -0.1292207 -0.01775753 -0.9914926 -0.1289465 -0.02239394 -0.9921363 -0.1231425 -0.01711386 -0.9917542 -0.127007 0.003484904 -0.9917999 -0.1277537 0.002491593 -0.9910424 -0.1335247 0.002852261 -0.9913179 -0.1314558 0.003822207 -0.9920604 -0.1257047 0.02387201 -0.9919126 -0.124658 0.02370405 -0.9907079 -0.1339248 0.02377265 -0.9911466 -0.130627 0.02393817 -0.9923176 -0.1213784 0.04502898 -0.9903897 -0.1307697 0.04286098 -0.992537 -0.1141638 0.06579983 -0.9901071 -0.1239293 0.06023263 -0.9927135 -0.1043644 0.08536881 -0.9898564 -0.113563 0.07574433 -0.9928571 -0.09218251 0.1030752 -0.9896459 -0.09988307 0.08910679 -0.9929672 -0.07795059 0.1183296 -0.9894794 -0.08323878 0.1000618 -0.9930502 -0.06196039 0.1306167 -0.9893556 -0.06414741 0.108441 -0.9931027 -0.04458302 0.139524 -0.9892784 -0.04314368 0.1140561 -0.9931288 -0.02619874 0.144709 -0.989253 -0.02092438 0.1167948 -0.9931302 -0.007178843 0.1460376 -0.9892772 0.001899302 0.1166324 -0.9931022 0.01204693 0.1434473 -0.9893535 0.02454715 0.1135182 -0.9930496 0.03108537 0.1370594 -0.9894783 0.04634082 0.1075263 -0.9929681 0.04952192 0.1271325 -0.9896478 0.0665943 0.09875625 -0.9928544 0.0669884 0.1140308 -0.9898584 0.0847193 0.08732509 -0.9927126 0.08304256 0.0982052 -0.9901058 0.1002325 0.07344734 -0.9925343 0.09737205 0.08020853 -0.9903917 0.1126534 0.05732977 -0.9923214 0.1095969 0.05977964 -0.9911503 0.1185226 0.0581994 -0.9919096 0.1128199 0.06066328 -0.9907039 0.1217613 0.03926396 -0.9920617 0.1194651 0.03995132 -0.9913196 0.125258 0.03951406 -0.9917944 0.1215838 0.04019951 -0.9910426 0.1273524 0.01955181 -0.9917514 0.1266767 0.01947367 -0.9914962 0.1286712 0.05705851 -0.9234552 0.3794402 0.05705726 -0.9234389 0.37948 0.05705744 -0.9234411 0.3794748 0.05705863 -0.9234573 0.3794354 0.09069305 -0.7924597 0.6031438 0.09069329 -0.7924606 0.6031427 0.09069323 -0.7924604 0.6031429 0.09069305 -0.7924597 0.6031439 0.1181014 -0.6076033 0.785411 0.1181002 -0.6076046 0.7854102 0.1181004 -0.6076045 0.7854102 0.1181015 -0.6076031 0.7854111 0.137434 -0.3816869 0.914017 0.1374352 -0.3817064 0.9140087 0.1374351 -0.381704 0.9140097 0.1374338 -0.3816847 0.914018 -0.1362473 -0.1301302 -0.9820911 0.1155077 -0.9234434 0.3659377 0.1155075 -0.9234452 0.365933 0.1155062 -0.9234589 0.3658989 0.1155061 -0.923461 0.3658937 0.1711253 -0.9234625 0.3434143 0.1711248 -0.9234619 0.3434159 0.1711215 -0.9234579 0.3434281 0.171121 -0.9234573 0.34343 0.2225564 -0.9234527 0.3125759 0.2225556 -0.9234549 0.3125701 0.22255 -0.9234704 0.3125283 0.2225492 -0.9234727 0.3125219 0.2685376 -0.9234682 0.2740334 0.2685417 -0.923465 0.2740399 0.2685719 -0.9234423 0.274087 0.2685765 -0.9234387 0.2740941 0.308018 -0.9234377 0.2288836 0.3080149 -0.9234407 0.2288761 0.3079922 -0.923462 0.2288209 0.3079887 -0.9234652 0.2288126 0.3398855 -0.9234622 0.1780323 0.3398864 -0.9234616 0.1780334 0.3398933 -0.9234578 0.1780408 0.3398944 -0.923457 0.1780419 0.3634906 -0.9234566 0.1228927 0.3634912 -0.9234567 0.1228904 0.363496 -0.923457 0.122873 0.3634967 -0.9234571 0.1228703 0.3782055 -0.923457 0.06471449 0.378207 -0.9234564 0.06471407 0.3782176 -0.9234522 0.06471085 0.3782193 -0.9234516 0.06471037 0.383678 -0.9234537 0.004970431 0.3836829 -0.9234516 0.004971504 0.3837187 -0.9234367 0.004979252 0.3837242 -0.9234344 0.004980385 0.3798091 -0.9234343 -0.05490106 0.3798037 -0.9234367 -0.05489975 0.3797644 -0.9234535 -0.05489027 0.3797585 -0.923456 -0.05488878 0.3665629 -0.9234554 -0.11341 0.3665616 -0.9234558 -0.1134119 0.366552 -0.9234579 -0.1134254 0.3665506 -0.9234582 -0.1134274 0.3443905 -0.9234589 -0.1691716 0.3443961 -0.9234563 -0.1691738 0.3444374 -0.9234379 -0.1691902 0.3444437 -0.9234352 -0.1691927 0.3138576 -0.9234395 -0.2208005 0.3138521 -0.923442 -0.2207978 0.3138124 -0.9234602 -0.2207782 0.3138064 -0.9234629 -0.2207753 0.2755593 -0.923455 -0.2670168 0.2755623 -0.9234545 -0.2670154 0.2755841 -0.923451 -0.2670051 0.2755873 -0.9234505 -0.2670035 0.2306016 -0.9234547 -0.3066828 0.2305994 -0.9234556 -0.3066821 0.2305829 -0.9234616 -0.3066765 0.2305805 -0.9234624 -0.3066757 0.179963 -0.9234609 -0.3388708 0.1799634 -0.9234601 -0.3388726 0.1799664 -0.9234547 -0.338886 0.1799669 -0.9234539 -0.3388879 0.1249399 -0.9234544 -0.3627974 0.1249421 -0.923454 -0.3627977 0.124958 -0.9234509 -0.3628004 0.1249604 -0.9234504 -0.3628008 0.06688046 -0.9234394 -0.3778712 0.06687873 -0.9234415 -0.3778665 0.06686598 -0.9234567 -0.3778315 0.06686401 -0.923459 -0.3778262 0.007156848 -0.9234715 -0.3836004 0.007157027 -0.9234699 -0.3836044 0.007158398 -0.9234579 -0.383633 0.007158577 -0.9234561 -0.3836373 0.1835991 -0.7924544 0.5816421 0.1835994 -0.7924528 0.5816442 0.183601 -0.7924408 0.58166 0.1836013 -0.7924391 0.5816623 0.2720184 -0.7924542 0.5459144 0.2720174 -0.792453 0.5459165 0.2720104 -0.7924442 0.5459329 0.2720094 -0.7924429 0.5459352 0.3537796 -0.7924644 0.4968301 0.3537803 -0.7924629 0.4968323 0.3537854 -0.7924505 0.4968483 0.3537861 -0.7924486 0.4968506 0.4269105 -0.7924417 0.4356416 0.4269097 -0.7924456 0.4356353 0.426903 -0.7924746 0.435589 0.4269021 -0.7924789 0.4355823 0.4895717 -0.7924809 0.3637222 0.4895724 -0.7924779 0.3637275 0.4895775 -0.7924566 0.363767 0.4895783 -0.7924535 0.3637728 0.5403046 -0.7924601 0.2829808 0.5403082 -0.792456 0.2829851 0.5403354 -0.7924262 0.2830169 0.5403394 -0.7924218 0.2830215 0.5778562 -0.7924162 0.1953427 0.5778554 -0.7924171 0.1953416 0.5778495 -0.7924234 0.1953338 0.5778486 -0.7924244 0.1953327 0.6012314 -0.792423 0.1028929 0.6012257 -0.7924278 0.1028881 0.6011834 -0.7924645 0.1028525 0.6011773 -0.7924698 0.1028473 0.6098636 -0.7924671 0.007890343 0.6098709 -0.7924616 0.007891237 0.6099247 -0.7924201 0.007897734 0.6099326 -0.792414 0.007898688 0.6037082 -0.7924165 -0.08725029 0.6037049 -0.7924189 -0.08725041 0.6036803 -0.7924377 -0.0872513 0.6036767 -0.7924404 -0.08725142 0.5826975 -0.7924398 -0.1802856 0.582699 -0.7924387 -0.1802853 0.5827104 -0.7924309 -0.1802834 0.5827121 -0.7924297 -0.1802831 0.5474892 -0.7924275 -0.2689133 0.5474844 -0.7924318 -0.2689104 0.5474485 -0.7924639 -0.2688888 0.5474433 -0.7924687 -0.2688856 0.498836 -0.7924584 -0.3509594 0.4988424 -0.7924538 -0.3509604 0.4988908 -0.79242 -0.3509682 0.4988979 -0.7924151 -0.3509693 0.4380888 -0.7924126 -0.424453 0.4380837 -0.7924187 -0.4244471 0.4380457 -0.7924636 -0.4244026 0.4380402 -0.79247 -0.4243962 0.3665284 -0.7924669 -0.4874969 0.3665307 -0.792464 -0.4874998 0.3665482 -0.7924426 -0.4875215 0.3665508 -0.7924395 -0.4875247 0.2860782 -0.7924495 -0.5386864 0.2860768 -0.7924499 -0.5386866 0.2860663 -0.7924528 -0.5386878 0.2860648 -0.7924533 -0.5386881 0.1986042 -0.792447 -0.5767012 0.1986036 -0.792449 -0.5766986 0.1985996 -0.7924643 -0.5766789 0.1985991 -0.7924665 -0.576676 0.1062963 -0.7924633 -0.6005858 0.1062973 -0.7924613 -0.6005882 0.1063054 -0.7924469 -0.6006059 0.1063065 -0.7924447 -0.6006084 0.01137936 -0.7924471 -0.6098346 0.01137906 -0.7924464 -0.6098355 0.01137679 -0.7924412 -0.6098423 0.0113765 -0.7924405 -0.6098432 0.2782187 -0.3817031 0.8814177 0.2782228 -0.3817239 0.8814074 0.2782223 -0.3817214 0.8814086 0.2390749 -0.6076059 0.7574023 0.2390757 -0.6076106 0.7573984 0.2390816 -0.6076453 0.7573688 0.2390824 -0.6076502 0.7573645 0.3542059 -0.607629 0.7108623 0.3542059 -0.6076263 0.7108647 0.3542064 -0.6076052 0.7108824 0.3542065 -0.6076023 0.7108849 0.4606878 -0.6075981 0.6469863 0.4606886 -0.6076002 0.6469838 0.4606947 -0.6076163 0.6469644 0.4606955 -0.6076185 0.6469616 0.5558933 -0.6076067 0.5672714 0.5558934 -0.6076107 0.567267 0.5558943 -0.607641 0.5672337 0.5558944 -0.6076453 0.567229 0.6375069 -0.6076488 0.4736538 0.6375102 -0.6076406 0.4736599 0.6375352 -0.6075789 0.4737054 0.6375387 -0.6075702 0.4737118 0.7035876 -0.6075636 0.3685526 0.7035847 -0.60757 0.3685476 0.7035629 -0.6076182 0.3685098 0.7035598 -0.607625 0.3685045 0.7524073 -0.6076243 0.2543147 0.7524104 -0.6076185 0.2543197 0.7524334 -0.6075743 0.2543574 0.7524366 -0.607568 0.2543627 0.7828866 -0.6075707 0.1339651 0.7828857 -0.6075721 0.1339636 0.7828791 -0.6075831 0.1339519 0.7828782 -0.6075847 0.1339502 0.7941868 -0.6075862 0.01031398 0.7941715 -0.6076065 0.01030915 0.7940554 -0.6077586 0.01027286 0.7940391 -0.6077801 0.01026773 0.785941 -0.6077715 -0.1136242 0.7859544 -0.6077545 -0.1136224 0.7860554 -0.6076267 -0.1136089 0.7860695 -0.6076086 -0.113607 0.7587489 -0.6076085 -0.2347596 0.7587521 -0.6076047 -0.2347593 0.7587758 -0.6075758 -0.234757 0.7587792 -0.6075718 -0.2347566 0.7129178 -0.6075717 -0.3501498 0.7129161 -0.6075735 -0.3501501 0.7129039 -0.6075868 -0.3501518 0.7129023 -0.6075887 -0.3501521 0.649592 -0.607591 -0.4570158 0.6495932 -0.6075911 -0.4570141 0.6496018 -0.6075919 -0.4570006 0.6496031 -0.6075921 -0.4569988 0.5704311 -0.6075781 -0.5526819 0.570433 -0.6075789 -0.5526791 0.5704474 -0.6075848 -0.5526577 0.5704494 -0.6075857 -0.5526546 0.4773099 -0.6075775 -0.6348424 0.4773103 -0.6075798 -0.63484 0.4773127 -0.6075977 -0.6348211 0.4773131 -0.6076001 -0.6348184 0.3725329 -0.6076024 -0.7014546 0.3725314 -0.6076015 -0.7014563 0.3725197 -0.607594 -0.701469 0.372518 -0.6075929 -0.7014708 0.2586327 -0.6076179 -0.7509393 0.2586305 -0.6076211 -0.7509374 0.2586136 -0.6076456 -0.7509233 0.2586112 -0.607649 -0.7509215 0.1384013 -0.6076329 -0.7820661 0.1384035 -0.6076278 -0.7820697 0.1384196 -0.6075893 -0.7820967 0.138422 -0.6075839 -0.7821006 0.01482445 -0.6075863 -0.7941154 0.01482367 -0.607589 -0.7941133 0.01481777 -0.6076095 -0.7940977 0.01481699 -0.6076124 -0.7940955 0.412196 -0.3817471 0.8272629 0.4122018 -0.381716 0.8272743 0.4122011 -0.3817195 0.8272729 0.2782182 -0.3817006 0.8814189 0.4121953 -0.3817508 0.8272615 0.536135 -0.3816705 0.752919 0.5361213 -0.3817582 0.7528843 0.5361229 -0.381748 0.7528884 0.5361366 -0.3816598 0.7529233 0.6469299 -0.3816771 0.6601548 0.6469473 -0.3816567 0.6601496 0.6469452 -0.381659 0.6601502 0.6469278 -0.3816797 0.6601554 0.7419394 -0.3816807 0.551222 0.7419354 -0.3816719 0.5512335 0.7419359 -0.381673 0.5512322 0.7419399 -0.3816819 0.5512207 0.8187693 -0.3817137 0.428849 0.8187728 -0.3816726 0.4288792 0.8187724 -0.3816775 0.4288757 0.8187689 -0.3817187 0.4288454 0.8755654 -0.3818179 0.2959735 0.8756016 -0.3817225 0.2959899 0.8755973 -0.3817336 0.295988 0.875561 -0.3818296 0.2959716 0.9110323 -0.3817301 0.1558916 0.9109912 -0.3818378 0.1558682 0.9109961 -0.3818253 0.1558709 0.9110373 -0.3817171 0.1558945 0.9242406 -0.381622 0.01199889 0.9242033 -0.3817129 0.01198136 0.9242077 -0.3817023 0.01198339 0.9242452 -0.3816111 0.01200097 0.9147621 -0.3817338 -0.1322485 0.9148153 -0.3816108 -0.1322358 0.9148091 -0.3816252 -0.1322373 0.9147557 -0.3817487 -0.13225 0.8829622 -0.3817627 -0.2731945 0.8829721 -0.381738 -0.2731965 0.882971 -0.3817408 -0.2731962 0.8829609 -0.3817656 -0.2731943 0.8296201 -0.3816831 -0.4074906 0.8295863 -0.3817715 -0.4074767 0.8295902 -0.3817611 -0.4074783 0.8296242 -0.3816724 -0.4074924 0.7559279 -0.3817662 -0.5318154 0.7559662 -0.3816682 -0.5318313 0.7559617 -0.3816797 -0.5318295 0.7559232 -0.3817781 -0.5318134 0.6638246 -0.3816812 -0.6431612 0.6637899 -0.3817725 -0.6431429 0.6637939 -0.3817618 -0.643145 0.6638289 -0.3816701 -0.6431635 0.5554595 -0.3816715 -0.7387771 0.5554534 -0.3816647 -0.7387853 0.5554541 -0.3816655 -0.7387844 0.5554603 -0.3816723 -0.7387761 0.4335188 -0.3817022 -0.8163117 0.4335337 -0.3816814 -0.8163136 0.433532 -0.3816838 -0.8163133 0.433517 -0.3817048 -0.8163116 0.3009873 -0.3816314 -0.8739359 0.3009623 -0.3817046 -0.8739126 0.3009652 -0.3816961 -0.8739154 0.3009904 -0.3816225 -0.8739388 0.1610704 -0.3817243 -0.9101335 0.1610904 -0.3816502 -0.9101611 0.1610881 -0.3816588 -0.9101578 0.161068 -0.3817333 -0.9101301 0.01725077 -0.3816899 -0.9241296 0.01724141 -0.3817346 -0.9241113 0.01724255 -0.3817293 -0.9241133 0.0172519 -0.3816844 -0.9241316 0.9965575 -0.005018055 -0.08275228 0.9997711 -0.001698493 -0.02133119 0.9971593 3.93928e-4 0.07532203 0.9783244 5.97746e-5 0.2070784 0.977649 -8.17976e-4 0.2102422 0.9768943 -3.75451e-4 0.2137225 0.9758646 -2.60168e-4 0.2183767 0.9147916 2.47911e-4 0.403926 0.903312 -1.93106e-4 0.4289845 0.9033073 -0.001370549 0.4289922 0.9033078 -6.81926e-4 0.4289925 0.8213906 0.00113976 0.5703649 0.7787196 -6.86923e-5 0.6273722 0.7787188 -0.001986265 0.6273702 0.7787201 -9.84401e-4 0.6273708 0.6951864 0.001419425 0.7188282 0.6115459 -4.49495e-5 0.7912091 0.6115356 -0.001829087 0.7912148 0.6115332 -9.04514e-4 0.7912184 0.5534012 9.58576e-4 0.8329142 0.4105693 -1.48364e-4 0.9118295 0.4105643 -0.001260459 0.9118309 0.4105631 -6.19735e-4 0.9118321 0.3909308 -1.52946e-4 0.9204201 0.1818007 -3.28196e-4 0.9833354 0.1873056 0 0.9823017 0.1873101 0 0.9823008 0.1841098 1.91372e-4 0.9829057 0.185827 8.80302e-5 0.9825825 0.1817965 3.28199e-4 0.9833362 0.3909385 1.52946e-4 0.9204168 0.4105883 4.44768e-5 0.911821 0.4105904 0.001262128 0.9118191 0.4105914 6.27348e-4 0.9118193 0.6115089 4.13219e-5 0.7912376 0.5534034 -9.554e-4 0.8329129 0.6114962 0.001830339 0.7912454 0.6114946 9.06592e-4 0.7912481 0.7787345 2.64451e-5 0.6273536 0.6951883 -0.001419425 0.7188264 0.7787171 0.001986265 0.6273722 0.7787177 9.79108e-4 0.6273739 0.9033111 8.46002e-6 0.4289863 0.8214411 -0.001142978 0.5702923 0.9033061 0.001365244 0.4289944 0.9033064 6.69671e-4 0.4289955 0.9783231 1.70561e-4 0.2070846 0.9147574 -2.48911e-4 0.4040037 0.9758648 2.60165e-4 0.2183758 0.978325 0.00103414 0.2070728 0.9783254 5.15312e-4 0.2070731 0.9971592 -3.93928e-4 0.07532304 0.9997711 0.001698493 -0.02133089 0.9965575 0.005018055 -0.082753 0.9942087 0.006531655 -0.1072678 0.9997178 7.96883e-5 -0.02375721 0.9998386 2.73704e-4 -0.01796835 0.9998259 2.49085e-4 -0.01866203 0.9996584 0 -0.02614074 0.9913519 -0.008204638 -0.1309743 0.9942088 -0.006531655 -0.1072669 -0.02798539 -0.9914476 -0.1274704 -0.02798444 -0.9914463 -0.12748 -0.02798366 -0.9914453 -0.1274878 -0.00603491 -0.9987515 -0.04959094 -0.03020662 -0.9892515 -0.1430708 -0.06239867 -0.9580677 -0.2796654 -0.08198219 -0.9238879 -0.3737784 -0.08022058 -0.9238794 -0.3741812 -0.08114886 -0.9238721 -0.3739991 -0.08206218 -0.9238725 -0.3737986 -0.1305405 -0.7933403 -0.5946179 -0.1305676 -0.7933737 -0.5945674 -0.1305406 -0.7933395 -0.594619 -0.1305338 -0.7933719 -0.5945773 -0.1701202 -0.6087793 -0.7748851 -0.1701151 -0.6087814 -0.7748847 -0.17012 -0.608779 -0.7748854 -0.1701148 -0.6087815 -0.7748845 -0.1981138 -0.3826926 -0.9023842 -0.1981066 -0.382705 -0.9023805 -0.1981136 -0.3826929 -0.9023842 -0.1981064 -0.3827047 -0.9023807 -0.2125881 -0.1305202 -0.9683858 -0.2125881 -0.1305751 -0.9683784 -0.2125881 -0.1305211 -0.9683856 -0.212588 -0.130576 -0.9683783 -0.2110656 -0.1583374 -0.9645625 -0.2030905 -0.3252426 -0.9235646 -0.1965299 -0.3826782 -0.9027367 -0.1973252 -0.3826795 -0.9025626 -0.1980724 -0.3826657 -0.9024048 -0.1874387 -0.4928862 -0.8496647 -0.1687569 -0.6088197 -0.7751515 -0.1694338 -0.6088145 -0.7750079 -0.169908 -0.6088061 -0.7749106 -0.1646277 -0.6417238 -0.7490583 -0.1344154 -0.778379 -0.6132364 -0.1293106 -0.7933319 -0.5948979 -0.1299333 -0.7933319 -0.5947622 -0.1011559 -0.8839143 -0.4565777 -0.2130748 -0.111789 -0.9706196 -0.1305336 -0.7933732 -0.5945756 -0.08206695 -0.9238649 -0.3738166 -0.0820623 -0.9238725 -0.3737985 -0.08206707 -0.9238646 -0.3738172 0.008245289 0.9987575 0.04914754 0.009245991 0.9914669 0.1300308 0.009246051 0.9914689 0.1300159 0.009245991 0.9914646 0.1300483 0.01376503 0.9921972 0.1239169 0.01835185 0.9916726 0.1274707 0.02715617 0.923811 0.3818848 0.02715563 0.9238268 0.3818465 0.02715617 0.9238116 0.3818832 0.02715563 0.9238269 0.3818461 0.04318046 0.7933661 0.6072115 0.04318088 0.7933298 0.6072587 0.04318046 0.7933648 0.6072132 0.04318088 0.7933299 0.6072587 0.05626904 0.6088342 0.7912995 0.05627048 0.6088637 0.7912766 0.0562691 0.6088356 0.7912983 0.05627059 0.6088641 0.7912763 0.06553155 0.3826601 0.9215623 0.06553268 0.3827095 0.9215416 0.06553173 0.3826621 0.9215614 0.06553286 0.3827113 0.9215409 0.07032597 0.1305416 0.9889456 0.07032567 0.1304925 0.988952 0.07032597 0.1305408 0.9889456 0.07032561 0.1304917 0.9889521 0.07070887 0.1583462 0.9848486 0.06676334 0.3252013 0.9432852 0.06714153 0.382736 0.9214148 0.06632947 0.3827423 0.9214711 0.06575971 0.3827205 0.921521 0.06084382 0.492784 0.8680219 0.05765807 0.608794 0.7912303 0.05696254 0.6088085 0.7912697 0.05639278 0.6089093 0.791233 0.05421251 0.6418177 0.7649385 0.0447306 0.7784096 0.6261613 0.04443305 0.7933684 0.6071181 0.04379868 0.7933746 0.607156 0.04326093 0.7932802 0.6073179 0.03227972 0.8839125 0.4665371 0.02903264 0.9238063 0.3817582 0.02808541 0.9238089 0.3818222 0.02722489 0.9238135 0.3818739 0.01936215 0.9580169 0.2860577 0.01153349 0.9892891 0.1455132 0.07048749 0.1118133 0.9912261 0.9878554 0 -0.155376 0.9640151 -2.72802e-4 -0.2658472 0.9641962 -2.48724e-4 -0.2651898 0.9655383 -7.93329e-5 -0.2602612 0.9793986 -0.005072355 -0.2018731 0.9648718 -0.001696407 -0.2627157 0.9350315 3.93022e-4 -0.3545645 0.8796439 -0.001034677 -0.4756318 0.8796446 -5.15588e-4 -0.4756314 0.8796483 -2.69078e-5 -0.4756247 0.8741016 -2.63338e-4 -0.4857432 0.7628728 2.4537e-4 -0.6465486 0.7448258 -0.00136727 -0.6672576 0.7448257 -6.70645e-4 -0.6672587 0.7448321 -1.05262e-4 -0.667252 0.6263266 0.001140177 -0.7795599 0.5692865 -0.001983761 -0.8221369 0.5692889 -9.76763e-4 -0.822137 0.5692836 -1.19676e-4 -0.8221413 0.4631416 0.001427233 -0.8862832 0.3623242 -0.001824378 -0.9320504 0.3623251 -9.04526e-4 -0.9320514 0.3623255 -3.91183e-5 -0.9320517 0.2949233 9.57483e-4 -0.9555205 0.1356302 -0.001259267 -0.9907588 0.1356331 -6.26941e-4 -0.990759 0.1356137 5.15108e-5 -0.9907618 0.1144326 -1.54795e-4 -0.993431 -0.1042049 -3.29829e-4 -0.9945559 -0.1026088 -2.35579e-4 -0.9947218 -0.09955328 -5.59308e-5 -0.9950323 -0.09859979 0 -0.9951273 -0.09859979 0 -0.9951272 -0.1042112 3.3036e-4 -0.9945552 0.1144223 1.54241e-4 -0.9934322 0.1356323 0.001259267 -0.9907585 0.1356312 6.1914e-4 -0.9907593 0.1356236 5.1893e-5 -0.9907605 0.2949526 -9.57722e-4 -0.9555115 0.3623485 0.001823365 -0.9320409 0.3623482 9.0027e-4 -0.9320425 0.3623524 -7.34596e-6 -0.9320412 0.463102 -0.001425623 -0.886304 0.569225 0.001984655 -0.8221794 0.5692251 9.82205e-4 -0.8221812 0.5692234 1.14514e-4 -0.822183 0.6263281 -0.001142621 -0.7795588 0.7448428 0.001365721 -0.6672387 0.7448431 6.80123e-4 -0.6672394 0.7448437 -4.55796e-7 -0.6672391 0.7629234 -2.50224e-4 -0.6464889 0.8740618 2.58294e-4 -0.4858148 0.8763886 3.75668e-4 -0.4816047 0.8780779 8.16208e-4 -0.4785171 0.8796481 1.80165e-4 -0.475625 0.9350321 -3.93336e-4 -0.3545628 0.9648712 0.001696407 -0.2627181 0.9793993 0.005072116 -0.2018699 0.9838232 0.006500065 -0.1790244 0.9878333 0.008181273 -0.155301 0.9661509 0 -0.2579776 0.9891459 0.1301364 -0.06822675 0.9891434 0.1301579 -0.06822353 0.9891248 0.1303108 -0.0682007 0.9891222 0.1303327 -0.06819748 0.9882535 0.1303303 0.0798065 0.9882575 0.1303024 0.07980191 0.9882863 0.1301043 0.07976925 0.9882904 0.130076 0.0797646 0.9654172 0.1300849 0.2259374 0.9654133 0.1301053 0.2259419 0.9653863 0.13025 0.225974 0.9653825 0.1302707 0.2259786 0.9209961 0.1302557 0.3671511 0.9209977 0.1302418 0.3671518 0.9210095 0.1301432 0.3671572 0.9210111 0.1301291 0.3671579 0.8561072 0.1301373 0.5001447 0.8561094 0.130124 0.5001444 0.856125 0.1300295 0.5001422 0.8561273 0.130016 0.500142 0.7721432 0.1300251 0.6220036 0.7721397 0.1300387 0.622005 0.7721154 0.1301357 0.6220149 0.7721119 0.1301495 0.6220164 0.6709433 0.1301428 0.7299987 0.6709447 0.1301392 0.7299979 0.6709548 0.1301143 0.7299931 0.6709563 0.1301108 0.7299924 0.5548269 0.130113 0.8217286 0.5548256 0.1301144 0.8217293 0.5548167 0.1301249 0.8217336 0.5548154 0.1301264 0.8217341 0.426337 0.1301305 0.8951553 0.4263373 0.1301361 0.8951543 0.4263394 0.1301761 0.8951475 0.4263397 0.1301818 0.8951464 0.2883314 0.1301805 0.9486402 0.2883328 0.1301852 0.9486391 0.2883428 0.130218 0.9486316 0.2883442 0.1302226 0.9486305 0.1439375 0.1302292 0.9809804 0.1439378 0.1302242 0.9809809 0.14394 0.1301885 0.9809854 0.1439403 0.1301835 0.980986 0.1341761 0.3817502 0.9144745 0.1341966 0.3817232 0.9144828 0.1341941 0.3817265 0.9144818 0.1341735 0.3817536 0.9144735 0.1152878 0.6077653 0.7857035 0.1152787 0.607788 0.7856873 0.1152799 0.6077852 0.7856894 0.1152891 0.6077623 0.7857057 0.08852475 0.7925562 0.6033391 0.08853429 0.7925241 0.60338 0.0885331 0.792528 0.6033748 0.08852344 0.7925606 0.6033337 0.05571174 0.923429 0.3797039 0.05570638 0.9234545 0.3796427 0.05570703 0.9234513 0.3796505 0.05571246 0.9234255 0.3797125 0.01904159 0.9915854 0.1280461 0.01919716 0.992055 0.1243323 0.03844648 0.9920878 0.1195152 0.03936594 0.9907973 0.1295037 0.03903883 0.9912719 0.1259213 0.038127 0.9925162 0.1160092 0.05985796 0.990269 0.1256357 0.05536782 0.9928341 0.1059011 0.07951539 0.9898536 0.1177592 0.07092756 0.9930375 0.09405314 0.09738188 0.9895921 0.1059451 0.08475291 0.9931371 0.0805962 0.1125302 0.989503 0.09066873 0.09679973 0.9931377 0.06563085 0.124244 0.9895955 0.07255518 0.1069881 0.9930381 0.0492835 0.1320042 0.9898508 0.05263304 0.1152482 0.9928357 0.0315482 0.1355636 0.9902602 0.03173947 0.1214936 0.992513 0.01254862 0.1313711 0.9912686 0.0113247 0.1250264 0.9920797 0.01209914 0.1349357 0.9907945 0.01089632 0.1256047 0.9920504 -0.007714092 0.1291452 0.9915881 -0.008652508 0.1268374 0.9918907 -0.008063673 0.1303971 0.9914211 -0.00900036 0.382853 0.9234318 -0.02640634 0.3828489 0.9234336 -0.02640646 0.3828494 0.9234334 -0.0264064 0.3828535 0.9234316 -0.02640634 0.6083062 0.7925936 -0.04194128 0.6083862 0.7925313 -0.04195725 0.6083755 0.7925396 -0.04195511 0.6082963 0.7926013 -0.04193931 0.7922657 0.6077243 -0.05464649 0.7921558 0.6078715 -0.05460274 0.7921702 0.6078524 -0.05460846 0.7922793 0.6077063 -0.05465185 0.9220607 0.3817889 -0.06357371 0.9221239 0.3816301 -0.06360882 0.9221158 0.3816502 -0.06360435 0.9220529 0.3818083 -0.06356942 0.3825138 0.9234335 0.03088468 0.3825139 0.9234336 0.03088396 0.382514 0.9234336 0.03087902 0.3825141 0.9234336 0.03087824 0.3736566 0.9234341 0.0874657 0.3736566 0.9234341 0.0874648 0.3736571 0.9234345 0.0874589 0.3736572 0.9234347 0.08745801 0.3564759 0.9234337 0.1421101 0.3564739 0.9234345 0.1421092 0.3564606 0.9234406 0.1421033 0.3564585 0.9234417 0.1421023 0.331341 0.9234393 0.19358 0.3313426 0.9234383 0.193582 0.3313532 0.9234317 0.1935954 0.3313549 0.9234306 0.1935975 0.2988545 0.9234301 0.2407548 0.2988535 0.9234318 0.2407496 0.2988466 0.9234431 0.2407146 0.2988454 0.9234451 0.240709 0.2596864 0.9234368 0.2825378 0.2596842 0.9234383 0.2825349 0.2596697 0.9234485 0.2825149 0.2596674 0.9234501 0.2825118 0.2147269 0.9234426 0.3180349 0.2147285 0.9234424 0.3180344 0.2147395 0.9234409 0.3180313 0.2147412 0.9234407 0.3180308 0.1649993 0.9234396 0.3464603 0.1650006 0.9234367 0.3464674 0.1650095 0.9234168 0.3465162 0.1650109 0.9234135 0.346524 0.1116133 0.9234189 0.3672055 0.1116114 0.9234215 0.3671998 0.1115984 0.9234384 0.3671612 0.1115964 0.9234411 0.367155 0.6078528 0.7925322 0.04907 0.6078515 0.7925331 0.04906994 0.6078427 0.7925398 0.04906958 0.6078414 0.7925409 0.04906952 0.5937721 0.7925408 0.1389744 0.5937699 0.7925421 0.1389759 0.5937545 0.7925518 0.1389864 0.5937522 0.7925533 0.138988 0.5664558 0.7925542 0.2258002 0.5664576 0.7925523 0.2258023 0.5664701 0.7925391 0.225817 0.5664721 0.7925372 0.2258193 0.5265465 0.7925402 0.3076183 0.5265486 0.7925385 0.3076189 0.5265632 0.7925274 0.3076228 0.5265654 0.7925256 0.3076235 0.4749212 0.7925248 0.3825628 0.4749192 0.7925261 0.382563 0.4749051 0.792534 0.3825641 0.4749029 0.7925351 0.3825643 0.4126595 0.7925356 0.4489985 0.412664 0.7925317 0.4490011 0.4126952 0.7925053 0.4490191 0.4126999 0.7925012 0.4490218 0.341265 0.7924984 0.5054548 0.3412646 0.7925004 0.5054519 0.3412615 0.7925148 0.5054317 0.341261 0.7925168 0.5054286 0.262235 0.7925242 0.5505799 0.2622302 0.7925307 0.5505729 0.2621965 0.7925759 0.5505238 0.2621913 0.7925829 0.5505163 0.1773343 0.7925629 0.5834354 0.1773381 0.7925601 0.5834379 0.1773647 0.7925407 0.5834562 0.1773688 0.7925378 0.583459 0.9212711 0.3817428 0.07437789 0.9213162 0.381637 0.07436317 0.9213107 0.38165 0.07436496 0.7914665 0.6078637 0.06389552 0.7914698 0.6078594 0.0638954 0.7914932 0.607829 0.06389445 0.7914968 0.6078245 0.06389433 0.7731764 0.6078191 0.1809813 0.7731783 0.6078169 0.1809806 0.773192 0.607801 0.1809756 0.7731941 0.6077986 0.1809749 0.737643 0.607799 0.2940465 0.7376444 0.6077952 0.2940506 0.7376548 0.6077684 0.2940801 0.7376562 0.6077644 0.2940846 0.6856789 0.6077724 0.4005712 0.6856763 0.6077731 0.4005744 0.6856579 0.6077789 0.4005973 0.6856552 0.6077797 0.4006007 0.6184197 0.6077965 0.4981372 0.6184262 0.6077843 0.498144 0.6184724 0.6076976 0.4981923 0.6184793 0.6076846 0.4981995 0.537415 0.6076834 0.5847273 0.5374083 0.6076946 0.5847218 0.5373609 0.607774 0.584683 0.5373538 0.6077858 0.5846772 0.4443507 0.6077778 0.6581479 0.4443548 0.6077784 0.6581445 0.4443842 0.6077823 0.6581211 0.4443886 0.607783 0.6581177 0.3414534 0.607753 0.7169699 0.3414562 0.6077505 0.7169708 0.3414755 0.6077325 0.7169768 0.3414784 0.6077298 0.7169777 0.2309643 0.6077297 0.7598159 0.230962 0.607737 0.7598107 0.2309464 0.6077895 0.7597735 0.230944 0.6077973 0.759768 0.8999541 0.3817144 0.2106577 0.899937 0.3817521 0.210663 0.899939 0.3817474 0.2106624 0.9212654 0.3817563 0.0743798 0.8999564 0.3817096 0.210657 0.8585404 0.3817933 0.3422607 0.8585776 0.3817188 0.3422504 0.8585731 0.381728 0.3422517 0.8585356 0.3818027 0.342262 0.7980098 0.3818649 0.4662186 0.7980342 0.381802 0.4662281 0.7980312 0.3818098 0.4662269 0.7980066 0.3818729 0.4662173 0.71974 0.381836 0.5798066 0.7197278 0.3818697 0.5797994 0.7197293 0.3818655 0.5798003 0.7197416 0.3818317 0.5798074 0.6254547 0.3817747 0.6804813 0.6254296 0.3818228 0.6804771 0.6254327 0.3818169 0.6804776 0.6254578 0.3817685 0.6804817 0.5171936 0.3817766 0.7660009 0.5172026 0.3817718 0.7659974 0.5172016 0.3817724 0.7659978 0.5171925 0.3817772 0.7660014 0.3974235 0.3817932 0.8344392 0.3974119 0.3817651 0.8344575 0.3974133 0.3817686 0.8344553 0.397425 0.3817967 0.8344368 0.2688061 0.3817074 0.8843318 0.2688027 0.3818054 0.8842905 0.2688031 0.3817934 0.8842957 0.2688066 0.381695 0.8843371 -0.2125977 0.1304966 -0.9683868 -0.2125942 0.1304778 -0.9683901 -0.2125941 0.1304784 -0.96839 -0.2121813 0.1108657 -0.9709212 -0.2030811 0.3252251 -0.9235728 -0.1973305 0.3826873 -0.9025582 -0.1965346 0.3826822 -0.9027339 -0.1980779 0.3826676 -0.9024027 -0.187448 0.4927743 -0.8497276 -0.1694272 0.6088907 -0.7749494 -0.168748 0.6088911 -0.7750974 -0.1701734 0.608927 -0.7747575 -0.1646143 0.6417967 -0.7489988 -0.134409 0.7784134 -0.613194 -0.1299325 0.7933508 -0.5947371 -0.1293078 0.7933369 -0.5948917 -0.1303977 0.7933359 -0.5946549 -0.1011591 0.883899 -0.4566066 -0.08117747 0.9238246 -0.3741102 -0.08024972 0.9238212 -0.3743186 -0.08208048 0.9237874 -0.3740048 -0.06243515 0.95801 -0.2798547 -0.03013205 0.9893064 -0.1427058 -0.01060211 0.9987735 -0.04836541 -0.03344261 0.9872648 -0.155531 -0.02794754 0.9914684 -0.1273168 -0.02794754 0.9914683 -0.1273168 -0.08208823 0.92382 -0.373923 -0.08209216 0.9238133 -0.3739383 -0.08209204 0.9238137 -0.3739376 -0.08208817 0.9238202 -0.3739221 -0.1305359 0.7933404 -0.5946187 -0.1305261 0.793361 -0.5945934 -0.1305264 0.7933605 -0.5945939 -0.1305362 0.7933406 -0.5946184 -0.1701059 0.6088477 -0.7748345 -0.1701071 0.6088501 -0.7748324 -0.1701071 0.6088503 -0.7748323 -0.1701058 0.6088485 -0.7748339 -0.1981028 0.3826972 -0.9023847 -0.1981087 0.3826833 -0.9023894 -0.1981085 0.3826837 -0.9023892 -0.1981028 0.3826974 -0.9023846 -0.2125838 0.1305521 -0.9683824 -0.2125979 0.130496 -0.9683868 -0.2222277 -0.09066301 -0.9707704 -0.2137083 -0.1304847 -0.9681438 -0.2125529 -0.1304495 -0.968403 -0.2131065 -0.1304835 -0.9682767 -0.2393246 -0.2728639 -0.9318096 -0.2224661 -0.3825762 -0.896741 -0.2398337 -0.4548954 -0.8576422 -0.2209336 -0.6078928 -0.7626629 -0.2260961 -0.6247951 -0.7473364 -0.2111585 -0.7686393 -0.603826 -0.3547021 -0.7357452 -0.576945 -0.3533443 -0.7397481 -0.5726435 -0.3537289 -0.7385697 -0.5739256 -0.3515446 -0.8416694 -0.4098891 -0.3509202 -0.8428911 -0.4079089 -0.3494421 -0.8454872 -0.4037842 -0.5066625 -0.7729098 -0.3819734 -0.5054026 -0.7765757 -0.3761628 -0.5058141 -0.7754868 -0.3778524 -0.5044136 -0.8390253 -0.2039694 -0.5037435 -0.8399993 -0.2016028 -0.5022332 -0.842125 -0.1964365 -0.6548153 -0.7346283 -0.17759 -0.6535526 -0.7372674 -0.17119 -0.6539701 -0.7364041 -0.1732978 -0.6430748 -0.7658019 -0.001505553 -0.7763463 -0.629693 0.02781069 -0.1981803 -0.7914074 -0.5782724 -0.1905488 -0.8791522 -0.4367867 -0.3488079 -0.8466688 -0.4018522 -0.3346683 -0.9136571 -0.2307116 -0.3337677 -0.914596 -0.2282835 -0.3317883 -0.9166035 -0.2230572 -0.5015618 -0.8430697 -0.1940862 -0.4845523 -0.8743917 -0.02546322 -0.6399902 -0.7683346 0.008629977 -0.1595846 -0.9209893 -0.3554031 -0.1583905 -0.9528974 -0.2586483 -0.3309027 -0.9175081 -0.2206407 -0.3070586 -0.9502329 -0.05265587 -0.4806147 -0.8768104 -0.01460218 -0.1148712 -0.9874964 -0.1079602 -0.1159383 -0.9899312 -0.08120644 -0.3019906 -0.9524555 -0.04037517 -0.7783499 -0.627521 0.019719 -0.8826735 -0.4680542 0.04258018 -0.8837973 -0.4664359 0.03660506 -0.9562925 -0.2876606 0.05249893 -0.9567824 -0.2866863 0.04876852 -0.9936105 -0.0975269 0.05680322 -0.9959143 -0.08834922 0.01868718 -0.9875127 -0.09832072 -0.1230933 -0.9703694 -0.07903224 -0.2283357 -0.9475409 -0.09007251 -0.3066809 -0.884568 -0.06882941 -0.4613048 -0.8719034 -0.07399362 -0.4840551 -0.761532 -0.06008267 -0.6453365 -0.7395869 -0.1773155 -0.6492846 -0.7388316 -0.1766262 -0.6503316 -0.7390988 -0.1768721 -0.649961 -0.6073961 -0.1293655 -0.7837949 -0.6072124 -0.129226 -0.7839603 -0.60672 -0.1288283 -0.784407 -0.5755848 -0.2109128 -0.7900747 -0.5747542 -0.209881 -0.7909536 -0.5750404 -0.210227 -0.7906537 -0.4372574 -0.1268967 -0.8903388 -0.4371599 -0.126765 -0.8904055 -0.4367407 -0.1263146 -0.8906751 -0.4095468 -0.1711858 -0.8960841 -0.4089485 -0.1701637 -0.896552 -0.4091407 -0.1704867 -0.8964029 -0.2807646 -0.05670607 -0.9581001 -0.2687306 -0.06900203 -0.9607407 -0.7439444 -0.05015873 -0.6663564 -0.6223068 -0.04913365 -0.78123 -0.6066495 -0.1287634 -0.7844721 -0.4562336 -0.07776528 -0.8864555 -0.4558764 -0.07750231 -0.8866624 -0.4561594 -0.07771062 -0.8864986 -0.436622 -0.1261745 -0.8907532 -0.2900328 -0.04209798 -0.9560904 -0.2806053 -0.0564773 -0.9581602 -0.5567467 -0.02447408 -0.8303217 -0.4645946 -0.03264671 -0.8849216 -0.4557924 -0.0774405 -0.886711 -0.2962411 -0.02578413 -0.9547652 -0.2897534 -0.04180103 -0.9561882 -0.3343893 -8.60751e-4 -0.9424347 -0.3343999 4.00266e-5 -0.9424313 -0.334391 -0.001857042 -0.9424327 -0.2993421 -0.008684515 -0.9541063 -0.2960497 -0.02565598 -0.954828 -0.2689521 -0.06959688 -0.9606357 -0.2548401 -0.07922494 -0.9637323 -0.2549334 -0.07976579 -0.963663 -0.2390938 -0.08645808 -0.9671398 -0.2390913 -0.08723467 -0.9670706 -0.2836937 -0.261591 -0.9225444 -0.2836329 -0.2620801 -0.9224243 -0.2835942 -0.263318 -0.9220836 -0.2835376 -0.2638016 -0.9219627 -0.3198387 -0.4350774 -0.8416715 -0.3197295 -0.4359459 -0.8412634 -0.3195219 -0.4378344 -0.8403611 -0.3194171 -0.438668 -0.8399662 -0.3444539 -0.5997464 -0.7222574 -0.3449671 -0.6006885 -0.7212289 -0.3433066 -0.5976433 -0.7245434 -0.3313437 -0.2393518 -0.9126456 -0.3313943 -0.2398104 -0.9125068 -0.3315482 -0.2408227 -0.9121844 -0.3316037 -0.2413267 -0.9120309 -0.3992185 -0.3980239 -0.825955 -0.3992956 -0.3988282 -0.8255295 -0.3994122 -0.4006626 -0.8245844 -0.3994848 -0.4013942 -0.8241934 -0.4534717 -0.5456134 -0.7047478 -0.4534921 -0.5466959 -0.7038953 -0.4534439 -0.5490513 -0.7020907 -0.4534502 -0.5500534 -0.7013018 -0.4901315 -0.672805 -0.5541702 -0.4899858 -0.6739525 -0.5529034 -0.4896292 -0.676553 -0.5500358 -0.4894769 -0.6776877 -0.5487731 -0.5070409 -0.7717766 -0.3837584 -0.3733496 -0.2085879 -0.9039365 -0.3735182 -0.2090145 -0.9037683 -0.3738197 -0.2099415 -0.9034288 -0.3739529 -0.2102895 -0.9032927 -0.4692761 -0.3469324 -0.8120456 -0.4694696 -0.3476122 -0.8116428 -0.4698774 -0.349111 -0.8107631 -0.4700492 -0.3497337 -0.8103951 -0.549941 -0.4759172 -0.6863437 -0.5500569 -0.4767436 -0.685677 -0.5504248 -0.478632 -0.6840644 -0.5505871 -0.4794005 -0.6833953 -0.609517 -0.5868476 -0.5330094 -0.6095676 -0.5878658 -0.5318282 -0.6097151 -0.5901842 -0.5290845 -0.6097667 -0.591193 -0.5278971 -0.6447595 -0.6740335 -0.3605053 -0.6446531 -0.6749866 -0.358909 -0.6443504 -0.6772127 -0.3552404 -0.6442084 -0.6781604 -0.3536864 -0.6552383 -0.7337489 -0.1796535 -0.4097235 -0.1714776 -0.8959476 -0.528724 -0.2832094 -0.8001523 -0.5289684 -0.2836655 -0.7998291 -0.5294854 -0.2847042 -0.7991176 -0.5758556 -0.2112222 -0.7897946 -0.6950708 -0.2879922 -0.6587392 -0.6953384 -0.2883635 -0.6582942 -0.6960175 -0.289347 -0.6571439 -0.739858 -0.1775718 -0.6489055 -0.8438411 -0.2181892 -0.4902304 -0.8440493 -0.2183986 -0.4897785 -0.8444942 -0.2189754 -0.488753 -0.5297247 -0.2851579 -0.7987971 -0.3428149 -0.5967274 -0.7255305 -0.6316809 -0.3884358 -0.6708928 -0.6319534 -0.3890983 -0.6702518 -0.632548 -0.3905718 -0.6688323 -0.6328337 -0.3912419 -0.6681703 -0.7108374 -0.4793788 -0.5146904 -0.7110441 -0.4800936 -0.5137377 -0.7114965 -0.4817782 -0.5115296 -0.7116703 -0.4824982 -0.5106085 -0.7619462 -0.5509727 -0.3403927 -0.7619807 -0.5517242 -0.3390958 -0.7620986 -0.5534564 -0.3359935 -0.7621368 -0.5541831 -0.334707 -0.7837675 -0.6003491 -0.159027 -0.7835749 -0.6010699 -0.1572428 -0.7831421 -0.6026183 -0.1534271 -0.7829437 -0.6033269 -0.1516441 -0.3551296 -0.7345096 -0.5782549 -0.7905095 -0.3575887 -0.4972174 -0.7902444 -0.3570894 -0.4979969 -0.7896908 -0.3559868 -0.4996618 -0.7894212 -0.3554814 -0.500447 -0.6962434 -0.2897129 -0.6567432 -0.9163126 -0.251834 -0.3113697 -0.9158434 -0.2509816 -0.3134314 -0.9160182 -0.2513003 -0.3126641 -0.8447065 -0.2191919 -0.4882888 -0.8529102 -0.4088874 -0.3245851 -0.8530517 -0.4094096 -0.3235532 -0.8533626 -0.4105432 -0.3212892 -0.853505 -0.4110246 -0.3202939 -0.8836964 -0.4458802 -0.1423785 -0.8836538 -0.4463678 -0.1411098 -0.8835726 -0.447409 -0.1382919 -0.88353 -0.4478597 -0.1371006 -0.9529792 -0.2747114 -0.1279234 -0.9528672 -0.2738453 -0.1305871 -0.9528962 -0.2741103 -0.1298166 -0.9164813 -0.2521346 -0.3106288 -0.953001 -0.2749812 -0.1271787 -0.3343693 -3.56686e-5 -0.9424421 -0.3343846 4.83813e-7 -0.9424367 -0.5569166 0 -0.8305686 -0.5569162 0 -0.8305687 -0.5569161 0 -0.8305687 -0.5569165 0 -0.8305685 -0.7448864 0 -0.6671914 -0.7448853 0 -0.6671926 -0.7448853 0 -0.6671926 -0.7448866 0 -0.6671911 -0.8866697 3.98763e-7 -0.4624033 -0.8866695 0 -0.462404 -0.8866694 0 -0.4624039 -0.8866696 3.82989e-7 -0.4624036 -0.9734311 2.15482e-6 -0.2289807 -0.9734147 1.77593e-7 -0.22905 -0.9734314 2.24358e-6 -0.2289791 -0.9998254 0 0.01868832 -0.9998239 4.48743e-6 0.01876354 -0.999824 4.30983e-6 0.0187605 -0.9998254 0 0.01868689 -0.9998254 0 0.01868683 -0.9998254 0 0.01868683 -0.9734143 0 -0.2290522 -0.9734149 2.07193e-7 -0.2290493 -0.9734311 2.51397e-6 -0.2289807 -0.9734314 2.61753e-6 -0.2289792 -0.8866924 4.48757e-6 -0.46236 -0.8866912 4.30997e-6 -0.4623624 -0.886662 0 -0.4624181 -0.8866615 0 -0.462419 -0.7449022 0 -0.6671738 -0.7449023 0 -0.6671737 -0.7449031 1.12178e-6 -0.6671728 -0.7449028 1.0774e-6 -0.6671731 -0.5569162 0 -0.8305687 -0.5569162 0 -0.8305688 -0.5569145 0 -0.8305698 -0.5569145 0 -0.8305699 -0.334369 8.65142e-4 -0.9424419 -0.3343667 0 -0.9424431 -0.02733641 -0.991691 -0.1257057 -0.0280081 -0.9914398 -0.1275257 -0.02801114 -0.9914324 -0.127582 -0.02800798 -0.99144 -0.127524 -0.08203631 -0.9239115 -0.3737081 -0.08203643 -0.9239063 -0.3737207 -0.08203637 -0.9239066 -0.3737203 -0.08203637 -0.9239118 -0.3737072 -0.1305381 -0.7933421 -0.5946161 -0.1305372 -0.7933207 -0.5946448 -0.1305373 -0.7933217 -0.5946432 -0.1305382 -0.7933428 -0.5946151 -0.1701233 -0.608741 -0.7749145 -0.1701253 -0.6087166 -0.7749333 -0.1701253 -0.6087173 -0.7749328 -0.1701233 -0.6087407 -0.7749148 -0.1981064 -0.3826916 -0.9023863 -0.198104 -0.382686 -0.9023893 -0.1981042 -0.3826865 -0.9023889 -0.1981067 -0.3826926 -0.9023859 -0.2125908 -0.1304304 -0.9683973 -0.2125876 -0.130512 -0.9683869 -0.2125828 -0.1304825 -0.968392 -0.2125827 -0.1304816 -0.9683921 -0.1981144 -0.3827028 -0.9023798 -0.1981145 -0.3827034 -0.9023795 -0.1981127 -0.3827213 -0.9023723 -0.1981126 -0.382721 -0.9023725 -0.1701219 -0.6086751 -0.7749667 -0.1701222 -0.6086758 -0.774966 -0.1701299 -0.6086968 -0.7749478 -0.17013 -0.6086979 -0.7749469 -0.1305341 -0.7933905 -0.5945523 -0.1305342 -0.7933899 -0.5945532 -0.1305356 -0.7933533 -0.5946017 -0.1305357 -0.7933528 -0.5946022 -0.08204191 -0.9239019 -0.3737304 -0.08204185 -0.9239021 -0.3737301 -0.08204042 -0.923919 -0.3736884 -0.0820403 -0.9239188 -0.373689 -0.01803088 -0.9914459 -0.1292667 -0.02801215 -0.9914163 -0.1277072 -0.2993978 0.008680403 -0.954089 -0.3343704 0.001866519 -0.9424399 -0.4645529 0.03265124 -0.8849433 -0.5567466 0.02447265 -0.8303218 -0.6223095 0.0491355 -0.7812277 -0.7439666 0.05015873 -0.6663317 -0.7615298 0.06006932 -0.6453403 -0.8719018 0.07398664 -0.4840593 -0.8446464 0.2186768 -0.4886234 -0.8436803 0.2188074 -0.4902315 -0.8439697 0.2187658 -0.4897516 -0.9166746 0.2514352 -0.3106251 -0.9164491 0.2515007 -0.311237 -0.9158989 0.2516559 -0.3127274 -0.8536667 0.4099528 -0.3212347 -0.8523624 0.409921 -0.32472 -0.852777 0.409938 -0.3236083 -0.8841688 0.4467051 -0.1367492 -0.8838943 0.4467976 -0.1382136 -0.8833517 0.4469804 -0.1410613 -0.7837362 0.6019005 -0.1532112 -0.7826264 0.6018404 -0.1590102 -0.7829752 0.6018661 -0.1571854 -0.7775295 0.6282137 0.02820527 -0.6412552 0.767326 -0.001667678 -0.8845921 0.0688098 -0.4612613 -0.9475716 0.09005826 -0.3065906 -0.9156655 0.2517217 -0.3133574 -0.9532492 0.2741628 -0.1270866 -0.9531077 0.2742739 -0.1279051 -0.9527623 0.2745444 -0.1298829 -0.883076 0.4470716 -0.1424916 -0.8833052 0.4668521 0.04267483 -0.7771541 0.6290118 0.01938897 -0.9703695 0.07902967 -0.2283362 -0.9875037 0.0982995 -0.1231812 -0.9526196 0.2746619 -0.1306779 -0.956532 0.2868405 0.05262327 -0.8831503 0.4676665 0.03652244 -0.995917 0.08833509 0.0186122 -0.9936121 0.09752178 0.05678397 -0.9565372 0.2875304 0.04861116 -0.6418039 0.7668173 0.008904457 -0.4822471 0.8756468 -0.02608519 -0.4828917 0.8755695 -0.01391655 -0.3041877 0.9511308 -0.05310553 -0.3048208 0.9515735 -0.03990429 -0.115921 0.9899195 -0.08137506 -0.1148683 0.9875088 -0.1078508 -0.1584188 0.9529033 -0.2586093 -0.1596127 0.9209316 -0.3555402 -0.190482 0.8792437 -0.4366316 -0.1981227 0.7914186 -0.578277 -0.2111053 0.7686688 -0.603807 -0.2260624 0.6247823 -0.7473573 -0.3433049 0.5975889 -0.7245891 -0.3449648 0.6006143 -0.7212918 -0.3444735 0.5997115 -0.7222771 -0.3188024 0.4354521 -0.841871 -0.3191806 0.4361239 -0.8413798 -0.3200812 0.437722 -0.8402069 -0.3987911 0.3991472 -0.8256193 -0.4003733 0.4009603 -0.8239733 -0.3999176 0.4004279 -0.8244535 -0.330796 0.2396138 -0.9127756 -0.3310811 0.239936 -0.9125875 -0.3318112 0.2407463 -0.9121088 -0.373297 0.2091684 -0.9038241 -0.3743203 0.2099143 -0.9032277 -0.3740336 0.2097139 -0.9033931 -0.2686524 0.06918835 -0.9607491 -0.2808911 0.05669444 -0.9580637 -0.2209169 0.6079284 -0.7626394 -0.2398262 0.4549345 -0.8576236 -0.3204719 0.4384127 -0.8396976 -0.2831009 0.2618023 -0.9226665 -0.2833684 0.2622461 -0.9224583 -0.2839242 0.2632042 -0.9220144 -0.3320965 0.2410637 -0.9119212 -0.2547206 0.07936012 -0.9637528 -0.2691378 0.06953442 -0.9605883 -0.2224336 0.3825387 -0.8967649 -0.2392973 0.2728658 -0.931816 -0.2842127 0.2636884 -0.9217872 -0.239095 0.08695018 -0.9670953 -0.2390912 0.08719074 -0.9670746 -0.2390943 0.08706778 -0.9670849 -0.2391093 0.08647572 -0.9671344 -0.2131102 0.130509 -0.9682724 -0.2127894 0.1304928 -0.9683452 -0.2137058 0.1305093 -0.9681411 -0.2222367 0.09062135 -0.9707722 -0.2550711 0.07973414 -0.9636292 -0.2805318 0.05653285 -0.9581785 -0.2900531 0.04198372 -0.9560893 -0.2896994 0.04190582 -0.9562 -0.296257 0.02572268 -0.9547619 -0.2960894 0.02572184 -0.9548139 -0.4563726 0.07761341 -0.8863975 -0.45582 0.07761007 -0.8866819 -0.4562462 0.07761263 -0.8864625 -0.4557079 0.07760936 -0.8867397 -0.6074829 0.129082 -0.7837746 -0.6071962 0.1290854 -0.7839962 -0.6068611 0.1290954 -0.7842539 -0.6065918 0.1290963 -0.7844621 -0.7399885 0.1770679 -0.6488944 -0.7396724 0.1770809 -0.6492513 -0.7389596 0.1771169 -0.6500527 -0.7386958 0.1771337 -0.6503478 -0.8449507 0.2186412 -0.4881132 -0.437415 0.1266497 -0.8902966 -0.4372836 0.1266123 -0.8903665 -0.4365862 0.1264547 -0.8907311 -0.4365516 0.1264595 -0.8907473 -0.5761647 0.210726 -0.7897017 -0.5757114 0.2106347 -0.7900567 -0.5749213 0.2104746 -0.7906744 -0.5745025 0.2103784 -0.7910044 -0.6966308 0.2890287 -0.6566338 -0.696184 0.288938 -0.6571474 -0.6951822 0.2887647 -0.6582832 -0.6947038 0.2886668 -0.658831 -0.7910773 0.3567261 -0.4969338 -0.7906064 0.3566598 -0.4977301 -0.7894749 0.3565158 -0.4996258 -0.7890279 0.3564544 -0.500375 -0.8540683 0.4099484 -0.3201713 -0.4100084 0.1711663 -0.8958769 -0.4096857 0.1710308 -0.8960503 -0.4090102 0.1707165 -0.8964187 -0.4086807 0.1705657 -0.8965978 -0.5301889 0.2846654 -0.7986649 -0.5297347 0.2844585 -0.7990399 -0.5287606 0.2840137 -0.7998427 -0.528338 0.2838292 -0.8001875 -0.633508 0.3904091 -0.6680184 -0.6329223 0.3901373 -0.6687318 -0.6315463 0.389544 -0.6703766 -0.630994 0.389301 -0.6710376 -0.7125561 0.4815274 -0.5102894 -0.7119552 0.481275 -0.511365 -0.7106469 0.4807482 -0.5136752 -0.7100646 0.4805239 -0.5146895 -0.7631844 0.552967 -0.3343308 -0.7626576 0.5528031 -0.335801 -0.7614321 0.5524305 -0.339178 -0.7609091 0.5522558 -0.3406335 -0.7840914 0.6019101 -0.1513443 -0.373009 0.208953 -0.9039928 -0.4708172 0.3491881 -0.8101846 -0.4703198 0.3488167 -0.8106333 -0.4690923 0.3478984 -0.8117384 -0.3983405 0.398634 -0.8260846 -0.4547412 0.5494307 -0.7009539 -0.4541669 0.5487637 -0.7018482 -0.4528388 0.5472206 -0.7039082 -0.3428599 0.5967368 -0.7255015 -0.3553472 0.7392272 -0.5720766 -0.3548535 0.738289 -0.5735925 -0.3536922 0.7361002 -0.577112 -0.4686051 0.3475345 -0.8121755 -0.5516544 0.4787763 -0.682972 -0.5509713 0.4782595 -0.6838849 -0.5495737 0.4772312 -0.6857254 -0.5489386 0.4767374 -0.6865769 -0.6110194 0.5900739 -0.5277009 -0.6103746 0.589605 -0.5289697 -0.6088574 0.5884978 -0.5319427 -0.6082176 0.5880418 -0.5331776 -0.6457334 0.6769644 -0.3531964 -0.6451254 0.6765863 -0.3550272 -0.643893 0.6757679 -0.358803 -0.6432906 0.6753562 -0.3606541 -0.6552263 0.7358963 -0.1706902 -0.6548334 0.7357415 -0.1728521 -0.6539574 0.7353365 -0.1778202 -0.6535566 0.7351677 -0.1799786 -0.4884579 0.6736987 -0.5545621 -0.4890757 0.6744031 -0.5531596 -0.4905477 0.6761215 -0.5497479 -0.4911692 0.6768454 -0.5483003 -0.4522823 0.5465694 -0.7047713 -0.3496783 0.8432738 -0.4081843 -0.3511363 0.846042 -0.401144 -0.3507022 0.845208 -0.4032759 -0.3531967 0.7351859 -0.5785791 -0.5073745 0.7755749 -0.3755726 -0.5068163 0.7749703 -0.377569 -0.5055535 0.7735609 -0.3821248 -0.5050081 0.7729457 -0.3840859 -0.5038005 0.8418255 -0.1936881 -0.5034088 0.8414663 -0.1962505 -0.502555 0.8406845 -0.201713 -0.5021561 0.8403063 -0.2042661 -0.3323781 0.9150159 -0.2286279 -0.3334462 0.9167461 -0.2199783 -0.3331097 0.9162039 -0.2227292 -0.349214 0.8424733 -0.4102297 -0.3320636 0.9144294 -0.2314146 -0.01713198 -0.9917365 -0.1271427 -0.0177676 -0.9914744 -0.1290848 -0.05271059 -0.9234949 -0.3799721 -0.05271589 -0.9234963 -0.379968 -0.05271124 -0.9234951 -0.3799716 -0.05271649 -0.9234966 -0.3799675 -0.08381903 -0.7924622 -0.6041343 -0.08381146 -0.7924805 -0.6041112 -0.08381801 -0.7924646 -0.6041313 -0.08381056 -0.7924826 -0.6041085 -0.1091457 -0.6075293 -0.7867627 -0.1091479 -0.607511 -0.7867764 -0.109146 -0.607527 -0.7867643 -0.1091482 -0.6075088 -0.786778 -0.1270179 -0.3817386 -0.9155011 -0.1270182 -0.3816943 -0.9155195 -0.1270179 -0.3817332 -0.9155033 -0.1270183 -0.3816891 -0.9155216 -0.1362541 -0.1300718 -0.9820979 -0.1362467 -0.1301012 -0.982095 0.01850205 -0.1300858 -0.9913301 0.01850187 -0.1300877 -0.9913299 0.01850032 -0.1301018 -0.991328 0.01850014 -0.1301037 -0.9913278 0.1727879 -0.1300964 -0.9763296 0.1727878 -0.1301037 -0.9763286 0.172787 -0.130158 -0.9763215 0.172787 -0.1301651 -0.9763205 0.3228613 -0.1301807 -0.9374506 0.3228623 -0.1301674 -0.9374521 0.3228702 -0.130069 -0.937463 0.3228712 -0.1300559 -0.9374645 0.4650463 -0.1300437 -0.875683 0.4650479 -0.1300525 -0.8756808 0.4650601 -0.1301184 -0.8756645 0.4650618 -0.1301271 -0.8756623 0.5958508 -0.1301281 -0.7924825 0.5958511 -0.130129 -0.7924821 0.5958536 -0.1301362 -0.7924791 0.5958539 -0.1301372 -0.7924788 0.7120725 -0.1301295 -0.6899414 0.7120754 -0.1301229 -0.6899396 0.7120967 -0.1300738 -0.6899269 0.7120995 -0.1300673 -0.6899252 0.810952 -0.1300551 -0.5704758 0.8109511 -0.1300606 -0.5704759 0.8109436 -0.1301006 -0.5704773 0.8109427 -0.1301059 -0.5704774 0.889923 -0.1301057 -0.4371607 0.8899254 -0.130097 -0.4371585 0.8899428 -0.1300316 -0.4371426 0.8899452 -0.1300229 -0.4371404 0.9472076 -0.1300303 -0.2930701 0.947206 -0.1300405 -0.2930707 0.9471942 -0.1301161 -0.2930752 0.9471926 -0.1301261 -0.2930757 0.9812989 -0.1301246 -0.1418455 0.9813024 -0.1301028 -0.1418412 0.9813285 -0.1299407 -0.1418092 0.981332 -0.1299192 -0.141805 0.9914407 -0.1299229 0.01286405 0.9914373 -0.1299492 0.01285958 0.9914122 -0.1301441 0.01282614 0.9914088 -0.1301701 0.01282167 0.977291 -0.130169 0.1672074 0.9772923 -0.1301562 0.1672099 0.9773018 -0.1300607 0.1672282 0.9773032 -0.130048 0.1672307 0.9392922 -0.1300374 0.3175225 0.9392921 -0.1300415 0.3175209 0.9392921 -0.1300722 0.3175085 0.9392921 -0.1300763 0.3175069 0.8783023 -0.1300719 0.4600722 0.8783039 -0.1300767 0.4600677 0.8783161 -0.1301117 0.4600347 0.8783177 -0.1301163 0.4600303 0.795869 -0.1301068 0.5913246 0.7958698 -0.1301001 0.591325 0.7958762 -0.1300504 0.5913274 0.795877 -0.1300438 0.5913277 0.6939606 -0.1300531 0.7081702 0.6939633 -0.1300644 0.7081654 0.693984 -0.1301485 0.7081297 0.6939867 -0.1301597 0.7081249 0.5751314 -0.1301437 0.8076426 0.5751286 -0.1301278 0.8076472 0.5751073 -0.1300093 0.8076814 0.5751045 -0.1299936 0.807686 0.4421856 -0.1300171 0.8874499 0.4421851 -0.1300264 0.8874489 0.4421803 -0.1300954 0.8874412 0.4421797 -0.1301046 0.8874402 0.2984628 -0.1301162 0.9455104 0.2984611 -0.1301158 0.9455109 0.2984493 -0.1301122 0.9455152 0.2984477 -0.1301118 0.9455157 0.1474264 -0.1301097 0.9804779 0.147428 -0.1301144 0.980477 0.1474401 -0.130149 0.9804707 0.1474417 -0.1301536 0.9804699 0.1374371 -0.3816753 0.9140213 0.1374375 -0.3816762 0.914021 0.1374406 -0.3816823 0.914018 0.137441 -0.3816832 0.9140176 0.278207 -0.3816602 0.8814399 0.2782096 -0.3816677 0.8814359 0.2782286 -0.381725 0.8814051 0.2782312 -0.3817328 0.881401 0.4122015 -0.381723 0.8272711 0.4122024 -0.3817251 0.8272697 0.412209 -0.3817409 0.8272593 0.4122099 -0.3817431 0.8272577 0.5361294 -0.3817403 0.7528877 0.5361306 -0.3817328 0.7528905 0.5361398 -0.3816767 0.7529124 0.536141 -0.381669 0.7529154 0.6469337 -0.3816587 0.6601617 0.646931 -0.3816658 0.6601603 0.6469106 -0.3817196 0.6601492 0.6469078 -0.381727 0.6601476 0.7419264 -0.381734 0.5512028 0.7419257 -0.3817286 0.5512074 0.741921 -0.3816884 0.5512417 0.7419203 -0.3816828 0.5512464 0.8187754 -0.3816824 0.4288654 0.8187732 -0.3816862 0.4288664 0.8187556 -0.3817151 0.4288742 0.8187532 -0.381719 0.4288753 0.8756036 -0.381731 0.2959726 0.8756015 -0.3817362 0.2959723 0.8755853 -0.3817748 0.2959704 0.8755831 -0.3817801 0.2959701 0.9110133 -0.3817838 0.1558714 0.9110179 -0.3817715 0.1558752 0.9110518 -0.3816788 0.1559042 0.9110565 -0.381666 0.1559082 0.9242269 -0.3816555 0.01199293 0.9242259 -0.3816582 0.01199245 0.9242177 -0.381678 0.01198887 0.9242166 -0.3816808 0.01198834 0.9147875 -0.3816811 -0.1322252 0.9147842 -0.3816881 -0.1322273 0.9147596 -0.3817417 -0.1322431 0.9147562 -0.381749 -0.1322453 0.882973 -0.3817427 -0.2731875 0.8829713 -0.3817456 -0.2731886 0.8829588 -0.3817684 -0.2731973 0.8829571 -0.3817716 -0.2731986 0.8295868 -0.3817811 -0.4074667 0.8295902 -0.3817703 -0.4074699 0.8296157 -0.3816888 -0.4074945 0.8296191 -0.3816775 -0.4074978 0.7559689 -0.3816761 -0.5318219 0.7559644 -0.381685 -0.5318219 0.7559307 -0.3817523 -0.5318213 0.7559261 -0.3817616 -0.5318213 0.663802 -0.3817617 -0.6431368 0.6638039 -0.3817523 -0.6431405 0.6638176 -0.3816813 -0.6431685 0.6638194 -0.3816716 -0.6431723 0.5554621 -0.3816789 -0.7387713 0.5554612 -0.3816785 -0.7387723 0.5554536 -0.3816751 -0.7387797 0.5554526 -0.3816747 -0.7387807 0.4335157 -0.3816744 -0.8163264 0.4335156 -0.3816823 -0.8163228 0.4335141 -0.381742 -0.8162957 0.433514 -0.3817502 -0.816292 0.3009499 -0.38172 -0.8739102 0.3009545 -0.3817107 -0.8739128 0.3009888 -0.3816397 -0.873932 0.3009935 -0.3816299 -0.8739346 0.1610901 -0.381661 -0.9101566 0.1610879 -0.38167 -0.9101532 0.1610708 -0.3817384 -0.9101275 0.1610684 -0.3817478 -0.910124 0.01724761 -0.3817453 -0.9241067 0.01724809 -0.3817434 -0.9241074 0.01725167 -0.3817292 -0.9241132 0.01725214 -0.3817272 -0.924114 0.1181088 -0.6075166 0.785477 0.1181092 -0.6075193 0.7854748 0.1181122 -0.6075398 0.7854585 0.1181126 -0.6075427 0.7854562 0.239094 -0.6075168 0.7574678 0.239094 -0.6075185 0.7574664 0.2390934 -0.6075315 0.7574563 0.2390933 -0.6075333 0.7574548 0.3542364 -0.6075619 0.7109045 0.354236 -0.6075613 0.7109052 0.3542334 -0.6075565 0.7109106 0.354233 -0.6075559 0.7109113 0.4607002 -0.6075237 0.6470475 0.4607042 -0.6075291 0.6470395 0.4607347 -0.6075693 0.64698 0.460739 -0.607575 0.6469716 0.5559362 -0.6075534 0.5672864 0.5559359 -0.6075545 0.5672854 0.5559341 -0.607563 0.5672783 0.5559337 -0.6075642 0.5672773 0.6375555 -0.6075768 0.4736808 0.637558 -0.6075674 0.4736895 0.6375767 -0.6074967 0.473755 0.6375793 -0.6074867 0.4737643 0.7036535 -0.6074946 0.3685404 0.7036461 -0.6075049 0.3685376 0.7035905 -0.6075825 0.3685159 0.7035827 -0.6075935 0.3685128 0.7524235 -0.607593 0.2543416 0.7524276 -0.6075862 0.2543457 0.7524586 -0.607535 0.2543765 0.752463 -0.6075278 0.2543808 0.7829111 -0.6075378 0.1339712 0.7829104 -0.6075388 0.1339697 0.7829062 -0.6075468 0.1339589 0.7829055 -0.6075479 0.1339573 0.7942119 -0.6075536 0.01030474 0.7942041 -0.6075637 0.01030224 0.7941461 -0.6076399 0.01028311 0.794138 -0.6076507 0.01028043 0.7860341 -0.607651 -0.1136253 0.7860441 -0.607638 -0.1136251 0.7861199 -0.6075403 -0.1136234 0.7861307 -0.6075265 -0.1136232 0.7588077 -0.6075296 -0.2347736 0.7588106 -0.6075255 -0.2347748 0.7588322 -0.6074951 -0.2347843 0.7588351 -0.6074907 -0.2347856 0.7129629 -0.607488 -0.3502032 0.7129657 -0.607486 -0.350201 0.7129864 -0.6074712 -0.3501847 0.7129892 -0.6074691 -0.3501824 0.6496784 -0.6074821 -0.4570378 0.6496739 -0.607486 -0.4570388 0.6496409 -0.6075155 -0.4570467 0.6496362 -0.6075197 -0.4570478 0.5704813 -0.6075329 -0.5526798 0.5704803 -0.6075278 -0.5526864 0.5704734 -0.6074894 -0.5527358 0.5704724 -0.6074839 -0.5527427 0.4773498 -0.6075033 -0.6348835 0.4773482 -0.6075031 -0.6348848 0.4773364 -0.6075019 -0.6348949 0.4773346 -0.6075018 -0.6348963 0.3725522 -0.6075125 -0.7015222 0.3725538 -0.6075128 -0.7015211 0.3725667 -0.6075152 -0.7015122 0.3725685 -0.6075156 -0.701511 0.2586466 -0.6074951 -0.7510337 0.2586458 -0.6075046 -0.7510264 0.2586396 -0.6075754 -0.7509711 0.2586387 -0.6075854 -0.7509633 0.1384119 -0.6075645 -0.7821173 0.1384142 -0.6075593 -0.782121 0.1384312 -0.6075203 -0.7821483 0.1384336 -0.6075147 -0.7821522 0.01482445 -0.6074719 -0.7942029 0.01482391 -0.607482 -0.7941952 0.01482021 -0.607558 -0.7941371 0.01481968 -0.6075688 -0.794129 0.09069401 -0.7924887 0.6031057 0.09069341 -0.7924841 0.6031117 0.09068918 -0.7924503 0.6031568 0.09068852 -0.7924454 0.6031633 0.1835951 -0.7924738 0.581617 0.1835955 -0.7924717 0.5816197 0.1835986 -0.7924562 0.5816398 0.1835991 -0.792454 0.5816428 0.2720067 -0.7924425 0.5459371 0.2720071 -0.7924456 0.5459324 0.2720103 -0.7924684 0.5458979 0.2720108 -0.7924717 0.5458928 0.3537786 -0.7924789 0.4968078 0.3537794 -0.7924749 0.4968137 0.3537847 -0.7924447 0.4968582 0.3537855 -0.7924402 0.4968646 0.4269073 -0.792436 0.4356551 0.4269067 -0.7924381 0.435652 0.4269021 -0.7924533 0.435629 0.4269014 -0.7924554 0.4356256 0.4895806 -0.7924671 0.36374 0.4895785 -0.7924671 0.3637429 0.4895623 -0.7924674 0.3637639 0.48956 -0.7924675 0.3637669 0.5402923 -0.7924792 0.2829508 0.5402966 -0.7924728 0.2829605 0.5403282 -0.7924252 0.2830333 0.5403327 -0.7924183 0.2830439 0.577849 -0.7924242 0.1953324 0.5778509 -0.7924221 0.1953353 0.5778649 -0.7924064 0.195357 0.5778669 -0.7924041 0.1953602 0.6012541 -0.7924087 0.1028696 0.6012482 -0.7924131 0.1028696 0.6012042 -0.7924465 0.1028694 0.6011978 -0.7924515 0.1028693 0.6098837 -0.7924517 0.00789082 0.609888 -0.7924484 0.007892072 0.6099202 -0.7924236 0.007901728 0.6099249 -0.79242 0.007903099 0.6036946 -0.7924273 -0.08724606 0.603688 -0.7924323 -0.08724701 0.6036387 -0.7924689 -0.08725422 0.6036316 -0.7924743 -0.08725523 0.5826555 -0.7924742 -0.1802704 0.5826568 -0.792473 -0.1802709 0.582667 -0.7924647 -0.1802746 0.5826685 -0.7924636 -0.1802751 0.54745 -0.7924584 -0.268902 0.5474485 -0.7924604 -0.2688992 0.5474372 -0.7924755 -0.2688777 0.5474355 -0.7924777 -0.2688745 0.4988309 -0.792466 -0.3509494 0.498857 -0.7924479 -0.3509532 0.4988607 -0.7924453 -0.3509537 0.4380668 -0.7924456 -0.4244143 0.4380604 -0.7924497 -0.4244135 0.4380123 -0.7924798 -0.4244067 0.4380053 -0.7924843 -0.4244057 0.366514 -0.7924951 -0.4874618 0.3665305 -0.7924749 -0.4874824 0.3665329 -0.7924719 -0.4874854 0.2860632 -0.7924641 -0.5386732 0.2860633 -0.792464 -0.538673 0.2860639 -0.7924644 -0.5386722 0.286064 -0.7924645 -0.5386721 0.1986012 -0.7924624 -0.5766811 0.1985973 -0.7924665 -0.5766767 0.1985967 -0.792467 -0.5766761 0.1062965 -0.7924728 -0.600573 0.106297 -0.792469 -0.6005779 0.1063008 -0.7924407 -0.6006146 0.1063014 -0.7924367 -0.6006199 0.0113787 -0.792432 -0.6098542 0.01137846 -0.7924333 -0.6098524 0.01137667 -0.7924429 -0.60984 0.01137638 -0.7924444 -0.6098383 0.05704146 -0.9234905 0.3793569 0.05704152 -0.9234917 0.3793538 0.05704182 -0.923501 0.3793311 0.05704188 -0.9235025 0.3793277 0.1154785 -0.9234963 0.3658133 0.1154783 -0.9234984 0.3658081 0.1154772 -0.9235131 0.3657714 0.115477 -0.9235154 0.3657658 0.1710802 -0.923496 0.3433464 0.1710798 -0.9234955 0.3433479 0.1710768 -0.9234922 0.3433584 0.1710763 -0.9234917 0.34336 0.2225006 -0.9234888 0.3125093 0.2224999 -0.923491 0.3125033 0.2224949 -0.9235066 0.3124605 0.2224941 -0.923509 0.3124541 0.2684733 -0.9235156 0.2739362 0.2684764 -0.9235132 0.2739413 0.2684991 -0.9234957 0.2739781 0.2685026 -0.9234931 0.2739837 0.3079348 -0.9234929 0.2287731 0.3079317 -0.9234942 0.2287721 0.307909 -0.9235035 0.2287651 0.3079056 -0.9235049 0.2287641 0.3397983 -0.9235092 0.1779549 0.3398002 -0.9235072 0.1779612 0.3398144 -0.9234934 0.1780064 0.3398165 -0.9234913 0.1780132 0.3634099 -0.9234947 0.1228449 0.363408 -0.9234954 0.1228449 0.3633949 -0.9235006 0.1228446 0.3633928 -0.9235015 0.1228446 0.378098 -0.923503 0.06468689 0.3780993 -0.9235022 0.06468802 0.3781098 -0.9234974 0.06469643 0.3781114 -0.9234967 0.06469774 0.3835686 -0.9234991 0.004970669 0.3835709 -0.9234982 0.004971027 0.3835871 -0.9234914 0.00497353 0.3835896 -0.9234903 0.004973888 0.3796739 -0.9234911 -0.05488061 0.3796746 -0.9234908 -0.05488133 0.3796793 -0.9234887 -0.05488669 0.3796799 -0.9234883 -0.05488753 0.3664846 -0.9234895 -0.1133852 0.3664832 -0.9234901 -0.1133861 0.3664727 -0.9234933 -0.113393 0.3664711 -0.9234938 -0.1133941 0.3443148 -0.9234948 -0.1691293 0.3443156 -0.9234943 -0.1691306 0.3443214 -0.9234903 -0.1691407 0.3443223 -0.9234896 -0.1691422 0.3137484 -0.9234959 -0.2207204 0.3137469 -0.9234959 -0.220722 0.3137362 -0.9234969 -0.2207335 0.3137345 -0.923497 -0.2207353 0.2754983 -0.9235091 -0.2668928 0.2754989 -0.9235072 -0.2668988 0.2755033 -0.9234933 -0.2669421 0.275504 -0.9234912 -0.2669486 0.2305354 -0.923497 -0.3066051 0.2305341 -0.9234962 -0.3066087 0.2305253 -0.9234896 -0.3066354 0.230524 -0.9234885 -0.3066394 0.1799174 -0.9234936 -0.3388059 0.1799173 -0.9234946 -0.3388031 0.1799163 -0.9235023 -0.3387827 0.1799162 -0.9235034 -0.3387796 0.1249054 -0.9235025 -0.3626872 0.1249065 -0.9235003 -0.362692 0.1249152 -0.9234855 -0.3627268 0.1249164 -0.9234833 -0.3627321 0.0668593 -0.9235089 -0.3777053 0.06685793 -0.9235094 -0.3777043 0.06684815 -0.9235132 -0.3776966 0.06684666 -0.9235138 -0.3776955 0.007154107 -0.923506 -0.3835173 0.007154405 -0.9235054 -0.3835187 0.00715661 -0.9235014 -0.3835285 0.007156968 -0.9235007 -0.3835299 0.01932436 -0.9912896 0.1302745 0.009348154 -0.9916731 0.1284419 0.01950484 -0.9914768 0.1288155 0.01957076 -0.9917395 0.1267663 0.04023796 -0.9910206 0.127511 0.03954052 -0.991786 0.1216437 0.03999733 -0.9912966 0.1254252 0.03930145 -0.9920462 0.1195815 0.06072002 -0.990693 0.1218216 0.05825102 -0.9919045 0.1128374 0.05984216 -0.9911337 0.1186293 0.05738419 -0.9923058 0.1097106 0.08028578 -0.9903743 0.1127519 0.07351648 -0.992521 0.09745514 0.09829372 -0.9900839 0.1003604 0.08740526 -0.9926989 0.08312302 0.1141326 -0.9898385 0.0848149 0.09884941 -0.9928414 0.06704252 0.1272547 -0.9896286 0.06664508 0.1076292 -0.9929543 0.04957652 0.1371898 -0.9894595 0.04635703 0.1136271 -0.9930357 0.03112673 0.143585 -0.9893333 0.02455544 0.1167446 -0.9930888 0.01206409 0.1461828 -0.9892558 0.001897692 0.1169117 -0.9931164 -0.007189393 0.1448411 -0.9892335 -0.02093613 0.1141582 -0.9931165 -0.02622079 0.1396458 -0.989259 -0.04319453 0.1085426 -0.9930896 -0.04462885 0.1307474 -0.9893346 -0.06420588 0.1001644 -0.9930356 -0.06202942 0.1184475 -0.9894597 -0.08330565 0.08919382 -0.992952 -0.07804435 0.103181 -0.9896286 -0.09994417 0.0758199 -0.9928418 -0.09228408 0.08544892 -0.9898412 -0.1136357 0.06028968 -0.992695 -0.1045072 0.06586319 -0.9900893 -0.1240375 0.04290223 -0.9925205 -0.1142919 0.04507267 -0.9903735 -0.1308774 0.02378219 -0.9911308 -0.1307451 0.02396225 -0.992303 -0.1214941 0.02389562 -0.991894 -0.1248014 0.02372771 -0.9906876 -0.1340711 0.002849996 -0.9912941 -0.1316357 0.003825902 -0.9920436 -0.125837 0.003493428 -0.9917885 -0.1278418 0.002494037 -0.9910241 -0.1336603 -0.2125976 0.1305291 -0.9683824 -0.2125936 0.1304855 -0.9683892 -0.1981105 0.382636 -0.902409 -0.1981043 0.3826586 -0.9024007 -0.1981047 0.3826582 -0.9024009 -0.1981107 0.3826363 -0.9024088 -0.1701086 0.6088067 -0.7748662 -0.1701202 0.6087496 -0.7749084 -0.1701199 0.6087514 -0.7749071 -0.1701086 0.6088073 -0.7748656 -0.1305367 0.7933477 -0.594609 -0.1305357 0.7933431 -0.5946152 -0.1305357 0.7933432 -0.5946151 -0.1305367 0.7933477 -0.5946089 -0.08206397 0.9238687 -0.3738079 -0.08206611 0.9238696 -0.3738051 -0.08206403 0.9238691 -0.3738067 -0.08206397 0.9238559 -0.3738396 -0.02797448 0.9914509 -0.1274474 -0.02797758 0.9914501 -0.127452 -0.02739506 0.9916928 -0.1256785 -0.0185554 0.9912412 -0.1307542 -0.08206617 0.9238698 -0.3738046 -0.0279774 0.991452 -0.1274372 -0.0279774 0.991452 -0.1274376 -0.08206671 0.9238596 -0.3738295 -0.08206397 0.9238554 -0.3738406 -0.08206677 0.9238596 -0.3738296 -0.1305376 0.793356 -0.5945977 -0.1305312 0.7933778 -0.5945701 -0.1305376 0.7933561 -0.5945975 -0.130531 0.7933781 -0.5945695 -0.1701164 0.6087742 -0.77489 -0.170116 0.608754 -0.7749059 -0.1701158 0.6087542 -0.7749058 -0.1701162 0.6087746 -0.7748897 -0.1981111 0.3826612 -0.9023982 -0.1981169 0.3826473 -0.9024028 -0.1981168 0.3826477 -0.9024026 -0.198111 0.382661 -0.9023984 -0.2125853 0.1305699 -0.9683796 -0.2125979 0.1305291 -0.9683824 0.009267151 -0.9914279 0.130326 0.009265124 -0.9914351 0.1302716 0.009264886 -0.9914385 0.1302459 0.009264886 -0.9914386 0.1302451 0.02713984 -0.9239119 0.3816419 0.02713882 -0.9239109 0.3816441 0.02713888 -0.9239113 0.381643 0.02713984 -0.9239121 0.381641 0.0431773 -0.7933451 0.6072393 0.04317986 -0.7933915 0.6071783 0.04317742 -0.7933468 0.6072369 0.04317992 -0.7933918 0.6071779 0.05627721 -0.6087087 0.7913954 0.05628222 -0.6086558 0.7914357 0.05627733 -0.6087067 0.7913969 0.05628216 -0.6086556 0.7914358 0.06553375 -0.3827456 0.9215266 0.06553184 -0.3827453 0.9215268 0.06553375 -0.3827455 0.9215266 0.06553184 -0.3827449 0.921527 0.06978535 -0.1304712 0.9889931 0.07032686 -0.1305212 0.9889482 0.06977885 -0.130472 0.9889935 0.07032603 -0.1305018 0.9889507 0.07032352 -0.130532 0.9889469 0.07032346 -0.130533 0.9889468 0.06553941 -0.3827062 0.9215425 0.06553292 -0.3827202 0.9215372 0.06553924 -0.3827066 0.9215424 0.0655328 -0.3827208 0.9215369 0.0562784 -0.608702 0.7914005 0.05627423 -0.6087171 0.7913892 0.05627822 -0.6087025 0.7914001 0.05627429 -0.6087166 0.7913895 0.04317778 -0.7933843 0.6071879 0.04318338 -0.7933546 0.6072263 0.0431779 -0.7933837 0.6071887 0.04318338 -0.7933548 0.607226 0.02713805 -0.9239175 0.381628 0.02713739 -0.923906 0.3816563 0.02713739 -0.9239059 0.3816565 0.02713811 -0.9239179 0.3816273 -0.1362478 0.1301292 -0.9820911 -0.1362484 0.1301329 -0.9820905 -0.1270216 0.3816592 -0.9155337 -0.1270155 0.3816382 -0.9155433 -0.1270209 0.3816567 -0.9155347 -0.1270148 0.3816356 -0.9155445 -0.1091416 0.6076043 -0.7867053 -0.1091383 0.6075825 -0.7867226 -0.1091412 0.6076017 -0.7867073 -0.1091379 0.6075797 -0.7867248 -0.08381378 0.792472 -0.6041221 -0.0838133 0.7924699 -0.6041249 -0.08381372 0.7924717 -0.6041224 -0.08381319 0.7924697 -0.6041252 -0.05273181 0.9234571 -0.380061 -0.05273014 0.9234408 -0.380101 -0.05273157 0.9234552 -0.3800659 -0.0527299 0.9234386 -0.3801063 -0.01773893 0.9915034 -0.128866 -0.01711136 0.9917519 -0.1270257 0.002491235 0.9910467 -0.133493 0.003471434 0.9918037 -0.1277241 0.002838194 0.9913173 -0.1314606 0.007158994 0.9234449 -0.3836643 0.007157385 0.9234547 -0.383641 0.007158756 0.9234462 -0.3836612 0.007157206 0.9234558 -0.3836382 0.01137667 0.7924554 -0.6098238 0.01137858 0.7924449 -0.6098374 0.01137691 0.7924541 -0.6098256 0.01137882 0.7924436 -0.609839 0.01481699 0.6076124 -0.7940955 0.01482337 0.6075782 -0.7941216 0.01481777 0.6076081 -0.7940987 0.01482415 0.6075742 -0.7941246 0.01725143 0.3816322 -0.9241533 0.01724302 0.3816822 -0.9241329 0.01725041 0.3816382 -0.9241508 0.01724207 0.381688 -0.9241304 0.01849514 0.1301461 -0.9913224 0.01850026 0.1301227 -0.9913254 0.1727993 0.1301128 -0.9763253 0.1727943 0.1301657 -0.9763192 0.3228399 0.1301838 -0.9374576 0.3228687 0.1301017 -0.937459 0.4650437 0.1300992 -0.875676 0.4650501 0.1301106 -0.8756711 0.5958458 0.1301047 -0.7924902 0.5958347 0.1301551 -0.7924902 0.7120863 0.1301536 -0.6899226 0.7121099 0.1300909 -0.6899101 0.8109332 0.1300737 -0.5704983 0.8109422 0.1300713 -0.570486 0.8899403 0.1300603 -0.4371393 0.8899385 0.1301092 -0.4371283 0.9471955 0.1301162 -0.293071 0.9471925 0.1301414 -0.2930694 0.9813027 0.130142 -0.1418032 0.9813048 0.1301205 -0.1418082 0.9813209 0.1299587 -0.1418456 0.981323 0.1299369 -0.1418506 0.9914391 0.12994 0.01282149 0.9914365 0.1299593 0.01282471 0.9914171 0.1301046 0.01284927 0.9914145 0.1301242 0.01285254 0.9772921 0.1301265 0.1672346 0.9772944 0.1301128 0.167232 0.9773114 0.1300097 0.1672123 0.9773136 0.1299958 0.1672097 0.9393037 0.1299973 0.317505 0.9393014 0.1300074 0.3175074 0.9392848 0.130084 0.3175255 0.9392825 0.1300942 0.3175279 0.878313 0.1300934 0.4600459 0.8783115 0.130098 0.4600473 0.878301 0.1301324 0.4600575 0.8782997 0.130137 0.4600589 0.7958763 0.1301346 0.5913087 0.7958785 0.1301271 0.5913074 0.7958948 0.1300708 0.5912979 0.7958969 0.1300632 0.5912966 0.6939826 0.1300736 0.7081448 0.6939789 0.1300868 0.708146 0.6939512 0.1301868 0.7081547 0.6939474 0.1302003 0.7081559 0.5750911 0.1301923 0.8076635 0.5750962 0.1301711 0.8076633 0.5751344 0.1300113 0.8076617 0.5751396 0.1299898 0.8076616 0.4422077 0.1300086 0.8874403 0.4422044 0.1300178 0.8874406 0.4421798 0.1300868 0.8874427 0.4421765 0.1300961 0.887443 0.2984673 0.1301139 0.9455092 0.2984653 0.1301158 0.9455096 0.2984495 0.1301296 0.9455127 0.2984474 0.1301315 0.9455131 0.147434 0.1301374 0.9804732 0.1474326 0.1301406 0.9804729 0.1474221 0.1301647 0.9804713 0.1474207 0.130168 0.980471 0.1374306 0.3816244 0.9140436 0.1374389 0.3816413 0.9140353 0.1374379 0.3816393 0.9140363 0.1374297 0.3816224 0.9140446 0.1180999 0.6075804 0.785429 0.1180953 0.6076439 0.7853805 0.1180958 0.6076363 0.7853862 0.1181004 0.6075724 0.7854349 0.09069019 0.7924655 0.6031366 0.09069311 0.7924722 0.6031274 0.09069275 0.7924714 0.6031285 0.09068983 0.7924647 0.6031379 0.05705738 0.9234313 0.3794987 0.05706256 0.923444 0.3794669 0.05706197 0.9234424 0.3794708 0.05705666 0.9234296 0.3795029 0.0193566 0.9914033 0.1294021 0.01948308 0.9914885 0.1287291 0.009350359 0.9917082 0.1281698 0.01954895 0.9917559 0.126642 0.03951168 0.9918038 0.1215077 0.04019361 0.9910471 0.1273196 0.039954 0.991318 0.1252697 0.03925836 0.9920598 0.1194825 0.05820119 0.991916 0.1127627 0.06065535 0.9907124 0.1216965 0.05977445 0.9911528 0.1185037 0.05732142 0.9923174 0.1096376 0.08019781 0.9903964 0.1126205 0.07343685 0.9925328 0.09739542 0.09820216 0.9901095 0.100199 0.087323 0.9927123 0.08304882 0.1140151 0.9898602 0.08471941 0.09874272 0.9928572 0.06696587 0.1271149 0.9896488 0.06661176 0.1075115 0.9929704 0.04950976 0.1370407 0.9894817 0.04632353 0.1135026 0.9930514 0.03108197 0.1434277 0.9893563 0.02454721 0.1166158 0.9931041 0.01204699 0.1460176 0.9892802 0.001895427 0.1167792 0.993132 -0.007178843 0.1446892 0.989256 -0.02092444 0.1140399 0.9931311 -0.02618157 0.1395035 0.9892805 -0.04316109 0.1084255 0.9931048 -0.04457473 0.1305987 0.989358 -0.06414753 0.1000482 0.9930534 -0.06192928 0.118313 0.9894798 -0.0832563 0.08909463 0.9929696 -0.07793331 0.1030629 0.9896504 -0.09985148 0.07573574 0.9928589 -0.09217095 0.08535605 0.9898578 -0.1135607 0.06023168 0.9927136 -0.1043645 0.06579899 0.9901074 -0.123927 0.04285478 0.9925323 -0.1142066 0.04502302 0.9903986 -0.1307041 0.02393484 0.9923178 -0.1213784 0.02377146 0.9911469 -0.1306242 0.02387893 0.9919161 -0.124629 0.02370083 0.9907124 -0.1338925 0.003821671 0.992059 -0.1257156 0.06686621 0.9234479 -0.3778533 0.06688171 0.9234366 -0.3778781 0.06686824 0.9234464 -0.3778565 0.06688356 0.9234352 -0.3778811 0.1063036 0.7924451 -0.6006084 0.1062954 0.7924712 -0.6005753 0.1063026 0.7924484 -0.6006041 0.1062944 0.7924743 -0.6005714 0.1384224 0.6075692 -0.7821119 0.1384076 0.6076331 -0.782065 0.1384206 0.6075772 -0.7821061 0.1384059 0.6076405 -0.7820595 0.1610679 0.3816805 -0.9101523 0.1610928 0.381618 -0.9101741 0.1610709 0.3816729 -0.9101549 0.1610957 0.3816108 -0.9101766 0.1249619 0.923418 -0.3628828 0.1249442 0.923458 -0.3627868 0.1249595 0.9234232 -0.3628702 0.124942 0.9234629 -0.3627753 0.198588 0.792457 -0.5766929 0.198607 0.7924662 -0.5766738 0.1985905 0.7924582 -0.5766905 0.1986092 0.7924674 -0.5766715 0.2586056 0.6076205 -0.7509464 0.2586346 0.6076173 -0.7509391 0.2586092 0.6076201 -0.7509456 0.2586379 0.6076169 -0.7509383 0.3009824 0.3815584 -0.8739697 0.3009703 0.3816502 -0.8739337 0.3009809 0.3815695 -0.8739653 0.3009689 0.3816608 -0.8739295 0.1799728 0.9234582 -0.3388729 0.1799838 0.923457 -0.3388702 0.1799743 0.923458 -0.3388725 0.1799851 0.9234569 -0.3388699 0.286076 0.7924506 -0.5386862 0.2860751 0.7924501 -0.5386872 0.2860758 0.7924505 -0.5386863 0.2860749 0.79245 -0.5386874 0.3725285 0.6075901 -0.7014676 0.3725517 0.607578 -0.7014658 0.3725314 0.6075887 -0.7014674 0.3725544 0.6075766 -0.7014656 0.4335192 0.3816505 -0.8163357 0.4335213 0.3816825 -0.8163197 0.4335194 0.3816543 -0.8163338 0.4335215 0.3816862 -0.8163179 0.2306063 0.9234609 -0.3066606 0.2306029 0.9234455 -0.3067099 0.2306059 0.9234589 -0.306667 0.2306025 0.9234436 -0.3067158 0.3665457 0.7924554 -0.4875025 0.3665238 0.7924724 -0.4874917 0.3665429 0.7924575 -0.4875012 0.3665212 0.7924743 -0.4874904 0.4773206 0.6075665 -0.6348448 0.4773096 0.607565 -0.6348546 0.4773193 0.6075663 -0.6348461 0.4773083 0.6075648 -0.6348557 0.5554582 0.3816923 -0.7387674 0.5554531 0.3816606 -0.7387876 0.5554576 0.3816885 -0.7387698 0.5554525 0.381657 -0.7387899 0.2755911 0.9234513 -0.2669969 0.2755746 0.923456 -0.2669976 0.275589 0.923452 -0.266997 0.2755727 0.9234565 -0.2669977 0.4380297 0.7924745 -0.4243986 0.4380589 0.7924493 -0.4244155 0.4380334 0.7924713 -0.4244008 0.4380623 0.7924464 -0.4244175 0.5704462 0.6075758 -0.5526689 0.57046 0.6075443 -0.5526892 0.5704479 0.6075718 -0.5526714 0.5704617 0.6075406 -0.5526916 0.6638422 0.3816764 -0.643146 0.663808 0.3817197 -0.6431555 0.663838 0.3816816 -0.6431472 0.6638041 0.3817248 -0.6431567 0.3138209 0.9234619 -0.2207592 0.3138641 0.9234347 -0.2208113 0.3138266 0.9234583 -0.2207661 0.3138693 0.9234316 -0.2208176 0.4988607 0.7924453 -0.3509537 0.4988353 0.7924678 -0.350939 0.4988575 0.7924482 -0.3509519 0.4988324 0.7924704 -0.3509373 0.6496325 0.6075415 -0.4570239 0.6495985 0.6075741 -0.4570289 0.6496284 0.6075456 -0.4570245 0.6495946 0.6075779 -0.4570295 0.7559447 0.3817357 -0.5318135 0.7559736 0.3816329 -0.531846 0.7559482 0.3817232 -0.5318174 0.755977 0.381621 -0.5318498 0.3444592 0.9234323 -0.1691763 0.3444103 0.9234504 -0.1691779 0.3444527 0.9234346 -0.1691765 0.3444044 0.9234525 -0.1691781 0.5474316 0.7924758 -0.268888 0.5474447 0.7924608 -0.2689056 0.5474333 0.7924739 -0.2688903 0.5474462 0.7924591 -0.2689077 0.7129065 0.6075783 -0.3501611 0.7129148 0.6075621 -0.3501726 0.7129076 0.6075764 -0.3501626 0.7129158 0.6075602 -0.350174 0.8296399 0.3816268 -0.407503 0.8296249 0.381667 -0.4074961 0.8296381 0.3816316 -0.4075021 0.8296231 0.3816716 -0.4074953 0.3665679 0.9234537 -0.1134076 0.3665764 0.9234502 -0.1134089 0.3665691 0.9234532 -0.1134078 0.3665774 0.9234498 -0.1134091 0.5826685 0.7924636 -0.1802751 0.5826839 0.7924504 -0.1802827 0.5826705 0.7924619 -0.180276 0.5826858 0.7924489 -0.1802836 0.7587949 0.6075555 -0.2347486 0.7587576 0.6075982 -0.2347581 0.7587902 0.6075607 -0.2347498 0.7587533 0.6076032 -0.2347593 0.8830083 0.3816516 -0.2732006 0.8829894 0.3816874 -0.2732115 0.883006 0.381656 -0.273202 0.8829872 0.3816916 -0.2732127 0.3797759 0.9234482 -0.05489748 0.379781 0.9234461 -0.05489772 0.3798182 0.9234307 -0.05489933 0.3798238 0.9234285 -0.05489957 0.3837372 0.923429 0.004970967 0.3837327 0.9234309 0.004971385 0.3836999 0.9234445 0.004974842 0.383695 0.9234465 0.004975318 0.3782342 0.9234448 0.0647214 0.3782328 0.9234454 0.06471991 0.3782225 0.9234504 0.06470918 0.378221 0.9234512 0.06470757 0.3635102 0.9234508 0.1228781 0.3635097 0.923451 0.1228787 0.3635063 0.9234517 0.1228827 0.3635058 0.9234519 0.1228834 0.3399108 0.923452 0.1780371 0.3399075 0.9234538 0.1780342 0.3398835 0.9234667 0.1780132 0.3398798 0.9234685 0.17801 0.3079746 0.923463 0.2288402 0.3079816 0.9234606 0.2288402 0.3080325 0.9234438 0.22884 0.3080402 0.9234411 0.2288399 0.2686002 0.9234361 0.2740799 0.2685942 0.923439 0.2740759 0.26855 0.9234604 0.2740472 0.2685433 0.9234637 0.2740429 0.2225555 0.9234689 0.312529 0.2225569 0.923466 0.3125362 0.2225668 0.9234458 0.3125891 0.2225683 0.9234428 0.3125971 0.1711273 0.9234554 0.3434321 0.1711277 0.9234539 0.3434358 0.171131 0.9234433 0.3434628 0.1711315 0.9234418 0.3434668 0.1155059 0.923453 0.3659139 0.1155076 0.9234511 0.3659185 0.1155195 0.9234364 0.3659517 0.1155214 0.9234341 0.3659567 0.6036672 0.7924466 -0.08725994 0.6036667 0.7924472 -0.08725869 0.6036623 0.7924515 -0.08724939 0.6036617 0.7924522 -0.08724802 0.6098849 0.7924509 0.00789088 0.6098812 0.7924535 0.007892131 0.6098543 0.7924742 0.007901728 0.6098504 0.7924772 0.007903099 0.6011629 0.7924771 0.1028758 0.6011694 0.7924723 0.1028739 0.6012174 0.7924376 0.1028605 0.6012244 0.7924326 0.1028585 0.5778369 0.7924324 0.1953345 0.5778378 0.792432 0.1953332 0.5778447 0.7924293 0.1953236 0.5778458 0.7924289 0.1953222 0.5403325 0.7924273 0.2830191 0.5403311 0.7924293 0.283016 0.5403209 0.7924448 0.2829922 0.5403195 0.7924471 0.2829887 0.4895921 0.7924355 0.3637933 0.4895882 0.7924408 0.3637872 0.4895588 0.7924797 0.3637421 0.4895545 0.7924853 0.3637354 0.4268869 0.7924795 0.435596 0.4268894 0.7924761 0.4355998 0.426908 0.7924509 0.4356276 0.4269107 0.7924471 0.4356316 0.3537864 0.7924652 0.496824 0.3537843 0.7924653 0.4968254 0.3537684 0.7924659 0.4968358 0.3537661 0.792466 0.4968373 0.2720057 0.7924651 0.5459049 0.2720063 0.7924634 0.545907 0.2720107 0.7924513 0.5459225 0.2720113 0.7924494 0.5459248 0.1836065 0.7924665 0.5816232 0.1836047 0.7924655 0.5816252 0.1835912 0.7924577 0.5816402 0.1835892 0.7924566 0.5816423 0.9148237 0.3815844 -0.1322543 0.9147807 0.3816954 -0.1322309 0.9147857 0.3816825 -0.1322336 0.7860717 0.6075992 -0.1136423 0.7860624 0.6076121 -0.1136379 0.7859922 0.6077093 -0.1136041 0.7859822 0.607723 -0.1135993 0.7940828 0.6077223 0.01031237 0.7940945 0.6077071 0.01030915 0.7941823 0.6075926 0.01028472 0.7941947 0.6075764 0.01028126 0.7828834 0.6075763 0.1339578 0.7828813 0.6075792 0.1339572 0.7828652 0.6076011 0.1339527 0.7828628 0.6076041 0.1339521 0.7524098 0.6076049 0.2543541 0.752409 0.6076061 0.2543532 0.7524035 0.6076158 0.2543464 0.7524027 0.6076172 0.2543454 0.7035633 0.6076136 0.3685165 0.7035676 0.6076084 0.3685169 0.7036002 0.6075691 0.3685194 0.7036049 0.6075636 0.3685197 0.6375571 0.607564 0.473695 0.6375522 0.6075729 0.4736902 0.637515 0.6076398 0.4736545 0.6375098 0.6076492 0.4736494 0.5558983 0.6076397 0.5672312 0.5558995 0.6076357 0.5672342 0.5559095 0.6076054 0.5672569 0.5559109 0.6076012 0.5672601 0.4606926 0.6076033 0.6469781 0.4606932 0.6076025 0.6469784 0.4606981 0.6075962 0.6469808 0.4606988 0.6075954 0.6469811 0.3542203 0.6076062 0.7108747 0.3542188 0.6076079 0.710874 0.3542072 0.6076208 0.7108687 0.3542056 0.6076227 0.710868 0.2390797 0.6076289 0.7573825 0.2390795 0.6076279 0.7573832 0.2390776 0.6076205 0.7573897 0.2390773 0.6076195 0.7573907 0.9242264 0.3816563 0.0119993 0.9242635 0.3815672 0.01198232 0.9242592 0.3815777 0.01198428 0.9148289 0.3815709 -0.1322571 0.9242219 0.3816671 0.01200133 0.9110351 0.3817288 0.1558793 0.9110605 0.3816685 0.1558786 0.9110574 0.3816755 0.1558787 0.911032 0.381736 0.1558793 0.8756211 0.3816831 0.2959828 0.8755995 0.381724 0.2959941 0.875602 0.3817192 0.2959928 0.8756237 0.3816782 0.2959814 0.8187967 0.3816387 0.4288635 0.8187734 0.3816652 0.4288844 0.8187761 0.3816621 0.428882 0.8187995 0.3816355 0.428861 0.7419362 0.3816728 0.551232 0.7419432 0.3816284 0.5512531 0.7419424 0.3816336 0.5512506 0.7419353 0.3816782 0.5512294 0.6469493 0.3816086 0.6601755 0.6469184 0.3816805 0.6601641 0.646922 0.3816722 0.6601654 0.6469531 0.3815999 0.6601768 0.5361216 0.3817011 0.7529129 0.5361567 0.3816134 0.7529325 0.5361526 0.3816236 0.7529302 0.5361173 0.3817118 0.7529106 0.4122098 0.3816683 0.8272922 0.412202 0.3817116 0.8272762 0.4122029 0.3817065 0.8272781 0.4122108 0.3816631 0.8272941 0.2782313 0.3816471 0.881438 0.2782362 0.3816695 0.8814268 0.2782356 0.3816668 0.881428 0.2782307 0.3816443 0.8814393 -0.0882036 -0.9899256 0.1107591 -0.07959276 -0.9874993 0.1360519 -0.07867223 -0.952901 0.2929002 -0.0523982 -0.9209792 0.3860723 -0.05904299 -0.8791435 0.4728854 -0.02631151 -0.7914448 0.610674 -0.03153383 -0.7686158 0.6389331 -0.005236983 -0.6248323 0.7807416 -0.1240839 -0.5976915 0.7920657 -0.1266025 -0.6007019 0.7893851 -0.1258235 -0.599743 0.7902386 -0.06733888 -0.4354464 0.8976926 -0.06785625 -0.4361374 0.8973182 -0.06902194 -0.4376801 0.8964776 -0.1486783 -0.3991308 0.9047593 -0.1506679 -0.4009398 0.9036296 -0.1500569 -0.4003762 0.9039812 -0.05880242 -0.2396548 0.9690759 -0.05909818 -0.2399482 0.9689853 -0.05993819 -0.2407494 0.9687349 -0.1021147 -0.2091929 0.9725282 -0.1032612 -0.2099483 0.9722442 -0.1029317 -0.2097413 0.9723238 0.01446294 -0.06911188 0.9975041 0.001968741 -0.05662834 0.9983934 0.004073619 -0.6078692 0.7940268 0.01283496 -0.45491 0.8904449 -0.06956511 -0.4384367 0.8960658 -0.01023262 -0.2618369 0.965058 -0.01050108 -0.2622268 0.9649492 -0.01119768 -0.2632265 0.9646692 -0.06029641 -0.2411078 0.9686235 0.02863037 -0.07932877 0.9964373 0.01390212 -0.06950277 0.997485 0.0405544 -0.3826071 0.9230208 0.03432691 -0.272843 0.961446 -0.011505 -0.2636461 0.9645509 0.04455155 -0.08710712 0.9952023 0.04454034 -0.08726114 0.9951893 0.04455137 -0.08679181 0.9952298 0.04454952 -0.08647567 0.9952575 0.06915766 -0.1304758 0.9890366 0.06173843 -0.09068393 0.9939643 0.02824437 -0.0797311 0.9964162 0.002395749 -0.05645501 0.9984023 -0.007331192 -0.04192233 0.999094 -0.007010877 -0.04185682 0.999099 -0.01370179 -0.02571302 0.9995756 -0.01354718 -0.02571064 0.9995777 -0.01693636 -0.008679747 0.9998189 -0.05380696 -0.001860737 0.9985497 -0.05380696 -9.61975e-6 0.9985514 -0.05380696 -8.62463e-4 0.998551 -0.1950027 -0.03266078 0.9802588 -0.2988412 -0.02449363 0.9539886 -0.3755339 -0.04913336 0.9255053 -0.5248064 -0.05015635 0.8497428 -0.547662 -0.06009429 0.8345388 -0.6991239 -0.07400751 0.7111601 -0.6717296 -0.2186599 0.7077904 -0.6703074 -0.218792 0.7090967 -0.670713 -0.2187532 0.708725 -0.7911028 -0.2514029 0.5576317 -0.7907382 -0.2514624 0.5581218 -0.7898358 -0.2516144 0.5593298 -0.7277373 -0.4099512 0.5498533 -0.7254184 -0.4099301 0.5529246 -0.7261783 -0.4099364 0.5519213 -0.8091811 -0.4467259 0.381657 -0.8085796 -0.4468216 0.382818 -0.8072101 -0.4470025 0.3854877 -0.7082811 -0.6018862 0.3688781 -0.7054917 -0.6018255 0.3742827 -0.706391 -0.6018485 0.3725457 -0.7536787 -0.6282289 0.1931239 -0.6144985 -0.7673254 0.1833121 -0.7176973 -0.06884473 0.6929438 -0.8219447 -0.09010577 0.5623949 -0.7894574 -0.2516755 0.5598361 -0.878285 -0.2741321 0.391749 -0.8778757 -0.2742455 0.3925861 -0.8769721 -0.2745318 0.3944014 -0.8066033 -0.4470809 0.3866651 -0.8592783 -0.4668616 0.2090002 -0.750879 -0.6290152 0.2012978 -0.8660612 -0.07905 0.4936488 -0.9121791 -0.09828507 0.397831 -0.8765904 -0.2746403 0.3951733 -0.9322977 -0.2868424 0.2203235 -0.8573628 -0.4676822 0.2149478 -0.9604071 -0.08831572 0.2642321 -0.9690423 -0.09754562 0.226808 -0.9311943 -0.2875149 0.2240814 -0.6181167 -0.7668211 0.1729658 -0.4551827 -0.8756554 0.1613575 -0.4591335 -0.87557 0.1502451 -0.2766737 -0.9511584 0.136929 -0.2766697 -0.9511596 0.1369287 -0.2766697 -0.9511595 0.1369287 -0.2811152 -0.9515818 0.1243632 -0.2530093 -0.9144346 0.3159046 -0.2540847 -0.9150024 0.3133872 -0.2564271 -0.9161855 0.3079764 -0.2574996 -0.9167315 0.305446 -0.2187641 -0.8424999 0.4922767 -0.2197917 -0.8433405 0.4903757 -0.2220913 -0.8452 0.4861201 -0.2231246 -0.846015 0.4842252 -0.1748743 -0.7352111 0.6548921 -0.1757757 -0.7361135 0.6536359 -0.1778518 -0.7382812 0.6506225 -0.1787524 -0.7392137 0.6493156 -0.123323 -0.596722 0.7929151 -0.4237036 -0.8402957 0.3381987 -0.424834 -0.8406579 0.3358726 -0.427246 -0.8414603 0.3307648 -0.4283627 -0.8418292 0.3283733 -0.3755558 -0.7729195 0.5114229 -0.3766902 -0.773577 0.5095912 -0.3792055 -0.7749776 0.5055819 -0.3803344 -0.7756136 0.5037553 -0.3115274 -0.6737979 0.6700351 -0.3125 -0.6745017 0.6688733 -0.3147925 -0.6761468 0.6661316 -0.3157811 -0.6768682 0.66493 -0.2341036 -0.5464543 0.804104 -0.2348691 -0.5470795 0.8034554 -0.2368087 -0.5487174 0.8017673 -0.2376412 -0.5493776 0.8010688 -0.1481098 -0.3986158 0.9050796 -0.5758761 -0.7351683 0.3576233 -0.5768642 -0.7353448 0.3556628 -0.5790528 -0.7357193 0.3513047 -0.5800292 -0.7358871 0.3493371 -0.514737 -0.6752938 0.5282275 -0.5158273 -0.6756879 0.5266577 -0.518177 -0.6765238 0.523267 -0.5192683 -0.6769219 0.5216678 -0.432381 -0.5880473 0.6835548 -0.4333894 -0.5885475 0.6824848 -0.435712 -0.58967 0.6800327 -0.4367596 -0.5901561 0.6789382 -0.332049 -0.4766535 0.8139686 -0.3328814 -0.4771264 0.8133513 -0.3347153 -0.4781478 0.8119978 -0.335601 -0.4786549 0.8113332 -0.2195433 -0.3476071 0.9115757 -0.2201365 -0.3479701 0.9112941 -0.2214913 -0.3487998 0.9106484 -0.2220882 -0.3491779 0.910358 -0.1017732 -0.2089857 0.9726085 -0.7091748 -0.6018947 0.367143 -0.6333507 -0.5522481 0.5421153 -0.6342319 -0.5524222 0.5409063 -0.6362913 -0.5527748 0.5381205 -0.728465 -0.4099548 0.548886 -0.615023 -0.3564386 0.7033479 -0.6156587 -0.3564929 0.702764 -0.6171571 -0.3566392 0.7013742 -0.6721585 -0.2186269 0.7073934 -0.5243716 -0.1771416 0.8328597 -0.5247986 -0.1771169 0.832596 -0.5254336 -0.1770958 0.8322 -0.6371821 -0.5529338 0.5369015 -0.5351007 -0.4804497 0.6948636 -0.5360294 -0.4806991 0.6939748 -0.538023 -0.4812558 0.6920436 -0.5389565 -0.4815225 0.691131 -0.4152771 -0.3893517 0.8221619 -0.4159494 -0.3895924 0.821708 -0.4176625 -0.3901696 0.8205643 -0.4183498 -0.3904054 0.8201019 -0.2800154 -0.2837868 0.9170913 -0.2805683 -0.284006 0.9168545 -0.2818379 -0.2844875 0.9163156 -0.2824404 -0.284716 0.9160591 -0.1382029 -0.1706339 0.9755942 -0.1385314 -0.1707749 0.9755229 -0.1392629 -0.1710712 0.975367 -0.139579 -0.1712012 0.9752988 -0.4822962 -0.2890673 0.8269405 -0.4816622 -0.2889814 0.8273398 -0.4802889 -0.2887839 0.8282068 -0.4796611 -0.288685 0.828605 -0.6178264 -0.3567008 0.7007533 -0.3603627 -0.12908 0.9238383 -0.3595277 -0.1290904 0.9241622 -0.3598319 -0.129086 0.9240443 -0.5258851 -0.1770769 0.8319187 -0.3270887 -0.2104043 0.9212725 -0.3275367 -0.2104746 0.9210973 -0.3283577 -0.2106243 0.9207708 -0.3288806 -0.2107229 0.9205615 -0.1664343 -0.12649 0.9779059 -0.1668778 -0.1265787 0.9778189 -0.1670851 -0.1266208 0.977778 -0.1675525 -0.1267122 0.9776861 -0.1864716 -0.07761299 0.97939 -0.1860281 -0.07760834 0.9794747 -0.1862452 -0.07761168 0.9794331 -0.3607807 -0.129072 0.9236762 -0.1867031 -0.07761019 0.9793461 0.07032614 0.1305593 0.9889432 0.07032603 0.1305195 0.9889485 0.07032614 0.1305582 0.9889433 0.07032668 0.1305276 0.9889473 0.07026034 0.1305284 0.9889519 0.06979048 0.1304902 0.9889903 0.06553202 0.382675 0.921556 0.06553447 0.3826996 0.9215456 0.0655322 0.3826761 0.9215556 0.06553459 0.3826999 0.9215455 0.05627399 0.6087557 0.7913594 0.05627542 0.6087238 0.7913839 0.05627405 0.6087552 0.79136 0.05627548 0.608725 0.791383 0.04318183 0.7933821 0.6071906 0.04317814 0.7933678 0.6072095 0.04317814 0.793369 0.6072078 0.04318565 0.7933307 0.6072573 0.0271486 0.9238577 0.3817721 0.0271461 0.9238585 0.3817703 0.02714616 0.9238588 0.3817698 0.02715033 0.9238538 0.3817816 0.009254097 0.9914461 0.1301887 0.0655359 0.3826755 0.9215556 0.06553721 0.3826473 0.9215672 0.06553596 0.3826749 0.9215558 0.06553721 0.3826465 0.9215674 0.05627429 0.6087912 0.7913322 0.0562722 0.6087562 0.7913593 0.05627435 0.6087923 0.7913314 0.0562722 0.6087554 0.7913599 0.04318559 0.7933306 0.6072575 0.04317909 0.7933853 0.6071866 0.04317933 0.7933838 0.6071885 0.02715045 0.9238536 0.3817819 0.009254634 0.9914553 0.1301184 0.009254634 0.9914503 0.1301566 0.009254634 0.9914502 0.1301579 0.02715027 0.9238643 0.381756 0.02715021 0.9238638 0.3817574 0.02714866 0.9238582 0.381771 0.04318195 0.7933828 0.6071895 -0.9641734 0 0.2652729 -0.9641738 0 0.2652714 -0.9641737 0 0.2652719 -0.964187 1.4513e-6 0.2652235 -0.9641928 0 0.2652023 -0.9641931 0 0.2652014 -0.8687805 0 0.4951974 -0.8687804 0 0.4951974 -0.7194216 0 0.6945737 -0.7194217 0 0.6945737 -0.7194219 0 0.6945734 -0.525403 0 0.8508536 -0.5253983 -9.34228e-7 0.8508566 -0.5254027 0 0.8508538 -0.5253987 -8.97266e-7 0.8508562 -0.2989572 0 0.9542666 -0.2989532 0 0.9542677 -0.2989569 0 0.9542666 -0.2989531 0 0.9542678 -0.05380249 8.61894e-4 0.9985513 -0.05380856 0 0.9985513 -0.05380666 9.02804e-6 0.9985514 -0.05380564 0 0.9985515 -0.2989333 0 0.9542741 -0.2989555 6.2853e-7 0.9542671 -0.2989342 0 0.9542738 -0.2989559 6.54421e-7 0.954267 -0.5254584 2.24358e-6 0.8508194 -0.5254291 0 0.8508374 -0.5254571 2.15478e-6 0.8508201 -0.5254278 0 0.8508383 -0.7194049 0 0.6945909 -0.7194029 -1.12178e-6 0.6945931 -0.7194049 0 0.694591 -0.7194032 -1.0774e-6 0.6945928 -0.8687802 0 0.4951978 -0.8687806 0 0.4951974 -0.8687803 0 0.4951978 0.06173622 0.09064155 0.9939683 0.06916332 0.1304876 0.9890347 0.03434354 0.2728304 0.961449 0.04057997 0.3825657 0.9230366 0.01285886 0.4548919 0.8904539 0.004091084 0.607941 0.7939717 -0.005196213 0.6248215 0.7807504 -0.03148114 0.7686389 0.6389079 -0.176873 0.7357451 0.6537547 -0.1767783 0.7397479 0.6492478 -0.1767897 0.7385756 0.6505779 -0.2211468 0.8416764 0.4926207 -0.2210531 0.8429189 0.4905338 -0.2208847 0.8455489 0.4860629 -0.3777288 0.7729579 0.5097618 -0.3781976 0.7766799 0.5037211 -0.3780514 0.7755538 0.5055627 -0.4259933 0.8390882 0.3383206 -0.4260275 0.8400342 0.3359214 -0.4260445 0.8420504 0.3308131 -0.5777349 0.7345485 0.3558948 -0.5783346 0.7373034 0.3491603 -0.5781757 0.7364804 0.3511546 -0.6163662 0.7658371 0.1832659 -0.7524704 0.6297214 0.1929754 -0.02626246 0.7914316 0.6106933 -0.05902343 0.8792422 0.4727044 -0.2207857 0.8467472 0.4840176 -0.255609 0.9135657 0.3163255 -0.2554025 0.9145488 0.3136404 -0.2550239 0.9166072 0.3078869 -0.426048 0.842963 0.3284759 -0.4575355 0.8743569 0.1617451 -0.6162543 0.7683158 0.1729784 -0.05239516 0.9209205 0.3862128 -0.07870858 0.9528999 0.292894 -0.2548217 0.9175395 0.3052659 -0.2795357 0.9502715 0.1372732 -0.456815 0.8768615 0.1497799 -0.07962697 0.9875125 0.1359369 -0.08812296 0.9899184 0.1108877 -0.2782337 0.9524238 0.1243982 -0.7520926 0.6274831 0.2015484 -0.8585913 0.4680858 0.2090851 -0.8579707 0.4664464 0.2152071 -0.9320067 0.2876642 0.2204835 -0.931423 0.2867022 0.2241717 -0.9690424 0.09751862 0.2268195 -0.9604257 0.08831048 0.2641663 -0.9121846 0.09828454 0.3978184 -0.8660639 0.07904618 0.4936448 -0.8219461 0.09010189 0.5623934 -0.7177161 0.06884866 0.6929239 -0.6991211 0.07401472 0.7111622 -0.5476521 0.06010228 0.8345447 -0.5253531 0.1772699 0.8322136 -0.5244581 0.1766596 0.8329077 -0.5247447 0.1768583 0.8326849 -0.3606222 0.1293988 0.9236924 -0.3603261 0.1292157 0.9238336 -0.3599408 0.1289395 0.9240223 -0.3282929 0.2108578 0.9207404 -0.3272819 0.2098752 0.9213246 -0.3275976 0.2101737 0.9211444 -0.1673322 0.1269381 0.9776946 -0.1671233 0.1267306 0.9777573 -0.1668075 0.1264144 0.9778521 -0.1390303 0.1711831 0.9753805 -0.1383951 0.1702476 0.9756345 -0.1385939 0.1705513 0.9755532 0.002069354 0.05672067 0.9983879 0.01432502 0.0689786 0.9975153 -0.5247404 0.05014222 0.8497844 -0.3755451 0.0491234 0.9255014 -0.3596217 0.1287474 0.9241734 -0.1866178 0.0777893 0.9793481 -0.1864524 0.07767003 0.979389 -0.1861384 0.07746183 0.9794653 -0.1665758 0.1261962 0.9779198 -0.007272601 0.04199701 0.9990913 0.002310216 0.05635046 0.9984084 -0.2988727 0.02449166 0.9539787 -0.1949979 0.03265994 0.9802598 -0.1860701 0.0774253 0.9794811 -0.01367539 0.02574789 0.999575 -0.007039964 0.04176837 0.9991026 -0.05380177 0.001859545 0.9985499 -0.01695013 0.008678853 0.9998188 -0.01355677 0.02567315 0.9995785 0.0140708 0.06957358 0.9974777 0.02851462 0.07921928 0.9964493 0.02839481 0.07980638 0.996406 0.044555 0.08650434 0.9952547 0.04454421 0.0872119 0.9951934 -0.01083528 0.2615632 0.9651256 -0.01083958 0.262073 0.9649872 -0.01086211 0.263249 0.9646668 -0.01087594 0.2637991 0.9645164 -0.06840705 0.4350381 0.8978098 -0.06842595 0.4358917 0.8973942 -0.06845104 0.4378359 0.8964453 -0.06846523 0.4386121 0.8960648 -0.1249495 0.5961303 0.7931055 -0.1249426 0.5972713 0.7922477 -0.1249584 0.599996 0.7901836 -0.1249836 0.6010778 0.789357 -0.1768781 0.7345206 0.6551287 -0.05927926 0.2393003 0.9691343 -0.0593791 0.2397875 0.9690078 -0.05963408 0.2408674 0.9687243 -0.05971407 0.2413104 0.9686092 -0.1489796 0.3980806 0.9051724 -0.149141 0.3988166 0.9048217 -0.1495524 0.4006574 0.9039401 -0.1496992 0.4013676 0.9036008 -0.2354498 0.5458129 0.8041466 -0.2356498 0.5467819 0.8034294 -0.2361447 0.5490918 0.8017068 -0.2363261 0.5500218 0.8010156 -0.3131088 0.6726398 0.6704615 -0.3133171 0.6738751 0.6691225 -0.3138111 0.6765593 0.6661757 -0.3140362 0.6777359 0.6648724 -0.377568 0.771795 0.5116397 -0.1021343 0.2086178 0.9726496 -0.1023018 0.2089908 0.972552 -0.102679 0.209863 0.9723244 -0.1028206 0.2102041 0.9722357 -0.2201655 0.3469427 0.9116787 -0.2204353 0.3475923 0.911366 -0.2210987 0.3491142 0.9106233 -0.2213524 0.3497012 0.9103363 -0.3330217 0.4758009 0.8140701 -0.3334204 0.476704 0.8133783 -0.3342465 0.4786996 0.8118659 -0.3346108 0.479578 0.811197 -0.4336012 0.5869242 0.6837471 -0.4339808 0.5878886 0.6826769 -0.4348247 0.5901102 0.6802188 -0.4352262 0.5910585 0.6791377 -0.5163233 0.6740449 0.5282743 -0.5166711 0.6750335 0.5266696 -0.517401 0.6772019 0.5231575 -0.5177026 0.6781552 0.5216221 -0.5775505 0.7337184 0.3579006 -0.1392483 0.1714891 0.9752956 -0.2804795 0.2832068 0.9171289 -0.2808419 0.2837176 0.9168601 -0.2815926 0.284818 0.9162884 -0.3286031 0.211171 0.9205579 -0.4799996 0.2879173 0.8286761 -0.4803898 0.2883276 0.8283073 -0.4813966 0.2893273 0.8273736 -0.5257183 0.1775203 0.8319297 -0.6704679 0.2181605 0.7091396 -0.6708573 0.2184504 0.708682 -0.6716038 0.2189766 0.7078118 -0.2818682 0.2852198 0.9160787 -0.4158117 0.3884629 0.8223122 -0.4162505 0.3891386 0.8217704 -0.4172124 0.3905402 0.820617 -0.4176476 0.3911927 0.8200848 -0.5360082 0.4794061 0.694885 -0.536491 0.4801492 0.6939986 -0.5375686 0.4818294 0.6919975 -0.5380068 0.4825364 0.6911637 -0.6343282 0.5509454 0.5422978 -0.6347761 0.5517139 0.5409909 -0.6357308 0.5534316 0.5381077 -0.6361513 0.5542004 0.536818 -0.7067266 0.6004212 0.3742085 -0.7070168 0.6011146 0.3725432 -0.7076826 0.602613 0.36884 -0.707961 0.6032772 0.3672166 -0.6174335 0.3575956 0.7006435 -0.6169726 0.357111 0.7012963 -0.6159709 0.3560472 0.7027165 -0.615512 0.355548 0.7033709 -0.4817939 0.2897205 0.8270046 -0.7906445 0.251857 0.5580767 -0.7896255 0.2510282 0.5598897 -0.7899615 0.251294 0.5592963 -0.6719684 0.2192566 0.707379 -0.7260023 0.4088134 0.552985 -0.7264442 0.4093286 0.5520227 -0.727403 0.4104896 0.5498938 -0.7278482 0.4109903 0.5489299 -0.8072314 0.4458668 0.3867561 -0.8075754 0.4463674 0.3854584 -0.8082674 0.447421 0.3827774 -0.808617 0.4479091 0.3814659 -0.877712 0.2747133 0.3926251 -0.8768469 0.273822 0.3951723 -0.877141 0.2741005 0.3943256 -0.790917 0.2520874 0.5575861 -0.8780089 0.2750031 0.3917573 0.008791983 0.9924516 -0.1223224 0.009044528 0.9929722 -0.1180016 0.008898615 0.992646 -0.1207268 0.009133219 0.9931501 -0.1164888 0.03406602 0.9916881 -0.1240734 0.03180974 0.9936941 -0.1075189 0.0601046 0.9909533 -0.1199968 0.05170065 0.9941058 -0.09529334 0.0854308 0.9902645 -0.1098989 0.06853103 0.9944101 -0.08032608 0.1084771 0.9896523 -0.09392088 0.08204722 0.994637 -0.0629726 0.1276679 0.9891533 -0.07264149 0.09202975 0.9947878 -0.04390811 0.1416652 0.9887928 -0.04711401 0.0983628 0.9948695 -0.02365481 0.1493468 0.9886078 -0.01871502 0.1008149 0.9949017 -0.002673327 0.1500911 0.9886133 0.01079571 0.09943586 0.9948738 0.01840341 0.1439324 0.988797 0.03954595 0.09423339 0.9947869 0.03897625 0.13134 0.989149 0.06583553 0.08526301 0.9946354 0.05857241 0.1132938 0.9896527 0.08804607 0.0726813 0.9944136 0.07654517 0.09112888 0.9902622 0.1052452 0.05667167 0.994109 0.09238833 0.066365 0.9909567 0.1166223 0.03744983 0.9936934 0.1056935 0.04057788 0.9916998 0.122004 0.01527971 0.9926357 0.120171 0.01528191 0.993152 0.1158265 0.01529902 0.9929602 0.1174573 0.01525205 0.9924445 0.1217435 0.0449422 0.9323817 0.3586706 0.04494118 0.9323571 0.3587349 0.04494208 0.9323794 0.3586765 0.04494112 0.932355 0.3587402 0.07179558 0.8163936 0.5730157 0.07179558 0.8163969 0.5730109 0.07179558 0.816394 0.5730153 0.07179558 0.8163973 0.5730106 0.09430646 0.6515732 0.7527009 0.09430599 0.6515532 0.7527185 0.09430646 0.6515715 0.7527024 0.09430593 0.6515516 0.7527197 0.1111292 0.4481953 0.8870013 0.1111365 0.4482102 0.8869929 0.1111298 0.4481966 0.8870006 0.1111371 0.4482114 0.8869922 0.1213128 0.2184324 0.9682822 0.121304 0.2183952 0.9682918 0.1213121 0.2184294 0.9682831 0.1213033 0.2183922 0.9682925 0.1242795 -0.02408272 0.9919551 0.1242825 -0.02402389 0.991956 0.1242823 -0.02402871 0.991956 0.1198645 -0.2650375 0.956759 0.1198741 -0.2649454 0.9567832 0.1198653 -0.2650298 0.956761 0.1198749 -0.264938 0.9567853 0.1242793 -0.02408754 0.9919549 0.3154329 -0.02403318 0.9486436 0.3154309 -0.02402818 0.9486443 0.3154098 -0.02397209 0.9486528 0.3079009 0.2184001 0.9260122 0.3078908 0.2183615 0.9260246 0.3078916 0.2183646 0.9260236 0.4826189 0.2183527 0.8481752 0.4826186 0.2183565 0.8481743 0.482616 0.2183983 0.848165 0.4420818 0.448226 0.7769539 0.4421319 0.4481128 0.7769906 0.4421278 0.4481219 0.7769876 0.5852256 0.4480711 0.6758278 0.585225 0.4480717 0.675828 0.5852183 0.4480776 0.6758299 0.496549 0.6515996 0.5734606 0.4965482 0.6517023 0.5733445 0.4965483 0.6516941 0.573354 0.5988329 0.6516987 0.4654979 0.5988423 0.6516873 0.4655014 0.5989427 0.6515677 0.4655396 0.4559398 0.816398 0.3544197 0.4559556 0.8163759 0.3544503 0.4559543 0.8163776 0.3544478 0.5163558 0.8163768 0.2586616 0.5163548 0.8163771 0.2586624 0.5163448 0.8163807 0.2586708 0.3231977 0.9323795 0.1619005 0.323212 0.9323738 0.1619052 0.3232108 0.9323742 0.1619048 0.3485789 0.9323765 0.09574353 0.3485783 0.9323768 0.09574317 0.3485722 0.9323794 0.09573972 0.3042291 -0.2649391 0.9150147 0.3042286 -0.264936 0.9150158 0.304223 -0.2649005 0.915028 0.3042225 -0.2648973 0.9150291 0.4768908 -0.2649056 0.8380932 0.4768893 -0.2649185 0.83809 0.4768733 -0.2650651 0.8380527 0.4768719 -0.2650784 0.8380492 0.6312455 -0.2651208 0.7288623 0.6312423 -0.265112 0.7288681 0.631207 -0.2650113 0.7289354 0.6312038 -0.2650021 0.7289415 0.7612937 -0.2650229 0.5917727 0.7612937 -0.265015 0.5917763 0.7612932 -0.2649245 0.5918172 0.7612932 -0.2649163 0.5918209 0.8621411 -0.2648922 0.4319084 0.8621407 -0.2649 0.4319047 0.8621348 -0.2649876 0.4318625 0.8621342 -0.2649955 0.4318587 0.9298189 -0.2649825 0.2553846 0.929888 -0.2646458 0.255482 0.9298776 -0.2647247 0.2554382 0.9298824 -0.2647031 0.2554427 0.9618556 -0.264688 0.06909525 0.9618529 -0.2646982 0.06909394 0.9618219 -0.2648147 0.06907868 0.9618191 -0.2648253 0.06907725 0.9568138 -0.2648349 -0.119875 0.9568189 -0.264815 -0.1198779 0.9568405 -0.2647315 -0.1198903 0.9567522 -0.2650724 -0.1198411 0.9149696 -0.2650924 -0.3042315 0.9149687 -0.2650953 -0.3042319 0.9149799 -0.2650618 -0.3042271 0.9149808 -0.2650591 -0.3042268 0.8380482 -0.2650781 -0.4768738 0.8380493 -0.2650648 -0.4768795 0.8380374 -0.2652236 -0.4768123 0.8380364 -0.2652363 -0.4768069 0.7288742 -0.2651984 -0.6311991 0.7288718 -0.2652062 -0.6311985 0.7289004 -0.2651116 -0.6312054 0.7289026 -0.2651039 -0.6312059 0.5917431 -0.26507 -0.7613002 0.5917403 -0.265074 -0.7613011 0.5917749 -0.2650259 -0.761291 0.5917777 -0.265022 -0.7612901 0.4319061 -0.2650154 -0.8621044 0.4319083 -0.2650157 -0.8621032 0.4318803 -0.2650122 -0.8621183 0.4318781 -0.265012 -0.8621195 0.2553908 -0.2650298 -0.9298036 0.2553903 -0.2650299 -0.9298038 0.2553964 -0.2650285 -0.9298024 0.255397 -0.2650284 -0.9298024 0.06908732 -0.2650334 -0.9617611 0.06908768 -0.2650375 -0.9617599 0.06908309 -0.2649883 -0.9617738 0.06908273 -0.2649844 -0.961775 0.07162588 -0.02400904 -0.9971426 0.07162809 -0.02405744 -0.9971413 0.07162606 -0.02401304 -0.9971424 0.07162827 -0.02406138 -0.9971411 0.06992197 0.2184576 -0.9733383 0.06992477 0.2184332 -0.9733434 0.0699222 0.2184556 -0.9733386 0.06992501 0.2184312 -0.9733439 0.06405717 0.4482131 -0.8916288 0.06404632 0.4482138 -0.8916291 0.06405633 0.4482131 -0.8916288 0.06404542 0.4482138 -0.8916292 0.05435281 0.6515932 -0.7566189 0.0543614 0.6515191 -0.756682 0.05435347 0.6515873 -0.7566241 0.05436211 0.6515126 -0.7566876 0.04138445 0.8164138 -0.5759825 0.04138922 0.8163644 -0.5760523 0.04138481 0.8164099 -0.5759882 0.04138964 0.8163599 -0.5760586 0.02590709 0.9323883 -0.3605287 0.02591001 0.9323629 -0.3605942 0.02590733 0.9323863 -0.3605341 0.02591025 0.9323605 -0.3606002 0.09573864 0.9323707 -0.3485961 0.09573906 0.9323719 -0.3485924 0.09574383 0.9323865 -0.3485521 0.09574431 0.932388 -0.3485481 0.161912 0.9323588 -0.323252 0.1619125 0.9323593 -0.3232501 0.1619176 0.9323657 -0.3232293 0.1619181 0.9323663 -0.3232272 0.221875 0.9323825 -0.2853672 0.2218737 0.9323815 -0.2853713 0.2218592 0.9323713 -0.2854159 0.2218578 0.9323704 -0.2854204 0.2732769 0.9323746 -0.2366375 0.273279 0.9323735 -0.2366395 0.2733025 0.9323613 -0.2366608 0.2733049 0.93236 -0.236663 0.3142194 0.9323568 -0.1788213 0.3142207 0.9323562 -0.1788216 0.3142355 0.9323506 -0.1788256 0.314237 0.93235 -0.178826 0.3430904 0.9323525 -0.1140525 0.3430882 0.9323529 -0.1140549 0.3430637 0.9323586 -0.114082 0.3430612 0.9323592 -0.1140847 0.3587186 0.9323638 -0.04493087 0.3587207 0.932363 -0.04493242 0.3587429 0.9323536 -0.04494959 0.3587451 0.9323527 -0.04495131 0.3606236 0.932352 0.02589261 0.3606182 0.932354 0.02589356 0.3605582 0.9323769 0.02590471 0.3605521 0.9323793 0.02590584 0.3485717 0.9323796 0.09573942 0.152951 0.8163707 -0.5569067 0.1529517 0.8163722 -0.5569043 0.1529596 0.8163885 -0.5568781 0.1529604 0.81639 -0.5568755 0.258671 0.8163874 -0.5163342 0.25867 0.816388 -0.5163338 0.2586585 0.8163949 -0.5163285 0.2586573 0.8163956 -0.516328 0.3544162 0.8164174 -0.4559077 0.3544146 0.8164144 -0.4559145 0.3543963 0.8163796 -0.4559908 0.3543946 0.8163763 -0.4559983 0.4365441 0.8164137 -0.3780183 0.4365422 0.8164174 -0.3780128 0.4365192 0.8164587 -0.3779503 0.4365169 0.8164628 -0.3779442 0.501848 0.8164492 -0.2855859 0.5018537 0.8164449 -0.2855883 0.501918 0.816396 -0.2856152 0.5019243 0.8163912 -0.2856179 0.5479985 0.8163989 -0.1821831 0.5479903 0.8164045 -0.1821819 0.5478987 0.816469 -0.1821691 0.5478897 0.8164753 -0.1821679 0.572901 0.816475 -0.07178473 0.5729077 0.8164703 -0.07178497 0.5729833 0.816417 -0.07178777 0.5729908 0.8164117 -0.07178801 0.5759797 0.8164166 0.04137188 0.5759828 0.8164144 0.0413714 0.5760177 0.8163899 0.04136598 0.5760211 0.8163876 0.04136544 0.5568758 0.8163884 0.1529683 0.5568763 0.8163881 0.1529682 0.5568808 0.8163852 0.1529672 0.5568814 0.816385 0.1529672 0.516344 0.816381 0.2586716 0.2009245 0.6515523 -0.7315115 0.2009243 0.6515514 -0.7315123 0.2009213 0.6515419 -0.7315216 0.200921 0.651541 -0.7315225 0.3397852 0.6515585 -0.678246 0.3397854 0.6515541 -0.6782501 0.3397874 0.6515035 -0.6782977 0.3397876 0.6514987 -0.6783022 0.4656029 0.6514684 -0.5990017 0.4656034 0.6514694 -0.599 0.4656096 0.6514816 -0.598982 0.4656102 0.6514828 -0.5989804 0.5735421 0.6514893 -0.4965997 0.5735388 0.6514914 -0.4966006 0.5735023 0.6515156 -0.4966111 0.5734989 0.6515179 -0.4966121 0.6593652 0.6515025 -0.3752093 0.6593617 0.6515077 -0.3752063 0.6593226 0.6515672 -0.3751721 0.6593188 0.6515729 -0.3751688 0.7198246 0.6515799 -0.2393665 0.7198302 0.6515743 -0.239365 0.7198946 0.6515094 -0.2393478 0.7199007 0.6515032 -0.2393461 0.7527601 0.6515027 -0.0943219 0.7527542 0.65151 -0.09431898 0.7526865 0.6515929 -0.09428566 0.75268 0.6516008 -0.09428244 0.7565999 0.6516134 0.05437415 0.756613 0.6515983 0.05437308 0.756763 0.6514253 0.0543605 0.7567771 0.6514089 0.05435931 0.7316426 0.6514045 0.2009266 0.7313996 0.6516718 0.2009439 0.7314274 0.6516473 0.2009227 0.7314085 0.6516685 0.2009224 0.6781657 0.6516661 0.3397393 0.6781718 0.6516568 0.3397449 0.6782412 0.6515514 0.3398085 0.6782478 0.6515413 0.3398146 0.5989515 0.6515572 0.465543 0.2367796 0.4482413 -0.8619833 0.2367785 0.4482383 -0.8619852 0.2367656 0.4482042 -0.8620064 0.2367644 0.4482011 -0.8620083 0.4004185 0.4482159 -0.7992293 0.4004151 0.4482089 -0.7992351 0.4003753 0.4481285 -0.7993 0.4003716 0.4481211 -0.799306 0.5486351 0.4481555 -0.7058018 0.5486333 0.448166 -0.7057966 0.548613 0.4482845 -0.7057372 0.5486111 0.4482954 -0.7057317 0.6757394 0.4482919 -0.5851587 0.6757443 0.4482771 -0.5851644 0.6758003 0.448107 -0.58523 0.6758055 0.4480913 -0.5852361 0.777002 0.4480791 -0.442146 0.7769967 0.4480893 -0.4421449 0.7769369 0.448205 -0.4421329 0.7769313 0.4482157 -0.4421318 0.848277 0.4482119 -0.2820147 0.8482781 0.4482082 -0.2820175 0.84829 0.4481654 -0.2820495 0.8482912 0.4481615 -0.2820525 0.8870226 0.4481539 -0.1111264 0.8870238 0.4481513 -0.111127 0.8870384 0.4481206 -0.1111341 0.8870398 0.4481177 -0.1111348 0.8916802 0.4481095 0.06406539 0.8916736 0.4481227 0.06406599 0.8915976 0.4482729 0.06407266 0.8915906 0.4482868 0.06407326 0.8619555 0.4482969 0.2367757 0.8619675 0.4482733 0.2367765 0.8621054 0.4480029 0.2367862 0.8621183 0.4479779 0.2367871 0.799359 0.4480208 0.4003784 0.7993512 0.4480324 0.4003807 0.7994508 0.4478967 0.400334 0.7992552 0.4481775 0.4004098 0.7057828 0.4481741 0.5486444 0.7057874 0.4481659 0.5486451 0.7058396 0.4480738 0.5486533 0.7058445 0.4480652 0.548654 0.5852178 0.4480782 0.67583 0.2647991 -0.0239157 -0.9640071 0.2647754 -0.02402281 -0.9640109 0.2647773 -0.02401405 -0.9640106 0.2584704 0.2184326 -0.9409997 0.2584708 0.2184279 -0.9410006 0.2584764 0.2183741 -0.9410116 0.2584769 0.2183692 -0.9410126 0.437085 0.2183673 -0.8725093 0.437085 0.2183738 -0.8725076 0.4370839 0.2184477 -0.8724897 0.4370838 0.2184544 -0.872488 0.5988785 0.2184674 -0.7704653 0.5988806 0.2184519 -0.7704681 0.5989044 0.2182753 -0.7704996 0.5989066 0.2182592 -0.7705023 0.7376981 0.2182344 -0.638886 0.7377436 0.2187029 -0.6386732 0.7376985 0.2186732 -0.6387354 0.7376985 0.2187097 -0.6387229 0.8480898 0.2187225 -0.4826015 0.8480932 0.2187035 -0.4826044 0.8480578 0.218813 -0.4826167 0.848134 0.2184663 -0.48264 0.9260129 0.2184885 -0.3078356 0.9260144 0.2184751 -0.3078407 0.926031 0.2183234 -0.3078985 0.9260325 0.2183097 -0.3079037 0.9683052 0.2183297 -0.1213144 0.9683055 0.2183288 -0.1213139 0.9683085 0.2183184 -0.1213091 0.9683087 0.2183174 -0.1213086 0.9733741 0.2183043 0.06990104 0.9733703 0.218321 0.06990212 0.9733269 0.2185106 0.06991416 0.9733229 0.2185277 0.06991529 0.9409788 0.2185345 0.2584599 0.9409762 0.2185453 0.2584605 0.9409458 0.2186679 0.2584676 0.940943 0.218679 0.2584682 0.872443 0.2186428 0.4370797 0.8725478 0.2183073 0.4370383 0.8723854 0.2187281 0.4371519 0.8725017 0.2184008 0.4370834 0.7704544 0.2183926 0.5989198 0.7704561 0.2183877 0.5989192 0.7704766 0.2183334 0.5989127 0.7704786 0.2183285 0.5989121 0.6388506 0.2183431 0.7376965 0.638849 0.2183492 0.7376962 0.6388302 0.2184181 0.737692 0.6388285 0.2184243 0.7376917 0.4826158 0.218402 0.8481643 0.4477686 -0.02398538 -0.8938277 0.4477766 -0.02387398 -0.8938268 0.4477759 -0.0238831 -0.8938269 0.264801 -0.02390694 -0.9640068 0.447768 -0.0239945 -0.8938279 0.6135655 -0.02385056 -0.7892836 0.6135413 -0.02399539 -0.789298 0.6135432 -0.02398353 -0.7892969 0.6135675 -0.02383875 -0.7892825 0.7557443 -0.02395999 -0.6544284 0.7557417 -0.02380919 -0.6544368 0.755742 -0.02382159 -0.6544361 0.7557446 -0.02397233 -0.6544277 0.8688892 -0.02413833 -0.4944179 0.868898 -0.02395784 -0.4944111 0.8688973 -0.02397263 -0.4944116 0.8688885 -0.02415305 -0.4944185 0.948656 -0.02386903 -0.3154079 0.948641 -0.02417331 -0.3154298 0.9486423 -0.0241484 -0.315428 0.9486572 -0.02384418 -0.3154061 0.9919569 -0.0240432 -0.1242716 0.9919641 -0.0238564 -0.1242508 0.9919635 -0.02387171 -0.1242525 0.9919564 -0.02405846 -0.1242734 0.9971382 -0.02424752 0.07160776 0.9971413 -0.02404332 0.07163244 0.997141 -0.02406001 0.07163041 0.9971379 -0.02426415 0.07160574 0.9640079 -0.02419412 0.2647705 0.9639995 -0.02423888 0.2647973 0.9640002 -0.02423524 0.2647951 0.9640086 -0.02419048 0.2647683 0.893828 -0.0239824 0.4477682 0.8938272 -0.02416396 0.4477603 0.8938272 -0.02414911 0.4477609 0.893828 -0.02396756 0.4477689 0.3231964 0.93238 0.1619001 0.2853875 0.9323736 0.2218863 0.2853921 0.9323719 0.2218878 0.2854433 0.9323524 0.2219039 0.4559384 0.8164001 0.3544169 0.3780376 0.8163821 0.4365867 0.378039 0.8163826 0.4365846 0.3780539 0.8163888 0.4365599 0.4965491 0.6515906 0.5734707 0.3751615 0.6516141 0.6592822 0.375164 0.6516057 0.659289 0.3751932 0.6515098 0.6593671 0.4420775 0.4482356 0.7769507 0.2820545 0.4482627 0.848237 0.2820538 0.4482566 0.8482404 0.282046 0.4481875 0.8482795 0.3079017 0.2184032 0.9260111 0.7893005 -0.02394759 0.6135399 0.7892931 -0.02395176 0.6135493 0.7892937 -0.02395141 0.6135486 0.7893012 -0.02394729 0.6135392 0.2854485 0.9323504 0.2219056 0.2366756 0.93237 0.2732598 0.2366729 0.9323713 0.2732578 0.2366434 0.9323852 0.2732359 0.3780553 0.8163895 0.4365575 0.2856054 0.8163982 0.5019198 0.2856083 0.8163954 0.5019229 0.2856407 0.8163631 0.5019569 0.375196 0.6515008 0.6593746 0.2393612 0.6515218 0.7198789 0.2393591 0.6515265 0.7198753 0.2393341 0.6515803 0.719835 0.2820453 0.4481812 0.8482832 0.6544286 -0.02389478 0.7557462 0.6544512 -0.02396512 0.7557244 0.6544494 -0.02395933 0.7557262 0.6544268 -0.02388906 0.755748 0.2366405 0.9323865 0.2732337 0.1787886 0.9323682 0.3142039 0.1787884 0.9323676 0.314206 0.1787872 0.9323602 0.3142287 0.2856438 0.8163599 0.5019602 0.1822165 0.8163768 0.5480202 0.1822159 0.8163759 0.5480217 0.1822088 0.8163661 0.5480387 0.2393317 0.6515854 0.7198311 0.4943901 -0.02395272 0.8689101 0.4944318 -0.02391469 0.8688874 0.4944284 -0.02391785 0.8688892 0.4943867 -0.02395582 0.868912 0.178787 0.9323594 0.314231 0.1140571 0.9323655 0.3430532 0.1140555 0.9323671 0.3430497 0.1140378 0.9323838 0.3430098 0.1822081 0.8163652 0.5480404 0.114036 0.9323856 0.3430058 0.3154079 -0.02396708 0.9486535 0.01372605 0.9912983 -0.1309175 0.01372599 0.991298 -0.1309196 0.01372569 0.991296 -0.1309351 0.01372563 0.9912957 -0.1309376 0.04714262 0.9912988 -0.1229 0.04714232 0.991298 -0.1229071 0.04714 0.9912916 -0.1229587 0.04713958 0.9912906 -0.1229671 0.07734262 0.9913002 -0.1064993 0.07734298 0.9912998 -0.1065026 0.0773456 0.991297 -0.1065265 0.07734602 0.9912967 -0.1065304 0.1022865 0.9912951 -0.08289486 0.1022878 0.9912951 -0.08289396 0.1022971 0.9912947 -0.08288735 0.1022987 0.9912946 -0.08288627 0.1202604 0.991295 -0.05358868 0.1202574 0.9912955 -0.05358773 0.1202354 0.9912984 -0.05358064 0.1202318 0.991299 -0.0535795 0.1300017 0.9912991 -0.02063333 0.1300017 0.9912991 -0.02063238 0.1300021 0.9912992 -0.02062523 0.1300022 0.9912992 -0.0206241 0.1309134 0.9912989 0.01372259 0.1309105 0.9912993 0.01372349 0.1308894 0.991302 0.01373034 0.1308859 0.9913024 0.01373142 0.1228829 0.9913009 0.04714238 0.1228775 0.9913017 0.04714196 0.1229158 0.9912967 0.04714524 0.1229203 0.9912961 0.04714566 0.1065307 0.991298 0.07732856 0.1065322 0.9912983 0.07732188 0.1065217 0.9912956 0.07736992 0.1065205 0.9912954 0.07737559 0.08287274 0.9912953 0.1023035 0.08287119 0.9912955 0.1023012 0.08288246 0.991293 0.1023173 0.08288383 0.9912927 0.1023193 0.05358648 0.9912928 0.1202791 0.0535863 0.9912927 0.1202802 0.05358749 0.9912936 0.1202723 0.05358761 0.9912937 0.1202713 0.02063113 0.9912977 0.1300126 0.02063113 0.9912976 0.1300138 0.02063119 0.9912987 0.1300053 0.02063119 0.9912989 0.1300043 0.06043577 0.9226324 0.3809162 0.06043684 0.9226472 0.3808798 0.06043595 0.9226344 0.3809114 0.06043696 0.922649 0.3808758 0.09590715 0.790948 0.6043203 0.09590011 0.7908791 0.6044119 0.09590631 0.7909395 0.6043319 0.09589928 0.7908715 0.6044219 0.1247372 0.6054275 0.7860651 0.1247237 0.6053329 0.78614 0.1247355 0.6054161 0.7860741 0.1247223 0.6053226 0.7861483 0.1449499 0.3799777 0.913568 0.1449503 0.3800222 0.9135494 0.14495 0.3799828 0.9135659 0.1449503 0.380027 0.9135474 0.1539671 0.1864987 0.9703156 0.1455361 0.1295778 0.9808307 0.3781085 0.07624387 0.9226163 0.3958135 0.2329589 0.8882916 0.3764702 0.379952 0.84493 0.3764837 0.3798782 0.8449572 0.3764823 0.3798862 0.8449543 0.5823413 0.3798622 0.7187374 0.5823401 0.3798715 0.7187334 0.582331 0.3799434 0.7187029 0.5010745 0.6054099 0.6183876 0.501048 0.605417 0.6184022 0.5010509 0.6054162 0.6184005 0.644031 0.605442 0.4676153 0.6440291 0.6054429 0.4676168 0.644015 0.6054493 0.4676279 0.4952018 0.7908751 0.3595716 0.495189 0.7908779 0.3595834 0.4951903 0.7908775 0.3595821 0.5713816 0.7908847 0.2191452 0.5713869 0.7908803 0.2191473 0.5714247 0.7908487 0.2191625 0.3600456 0.9226565 0.1381025 0.3600749 0.9226472 0.1380875 0.3600715 0.9226484 0.1380892 0.3835369 0.9226502 0.04020202 0.3835386 0.9226495 0.04020202 0.3835505 0.9226446 0.0402022 0.5893424 0.0322417 0.8072398 0.6063619 0.2687706 0.7483901 0.5823298 0.3799521 0.7186992 0.7484971 0.3799324 0.5435104 0.7484998 0.3799283 0.5435096 0.7485211 0.3798963 0.5435025 0.6440134 0.60545 0.4676293 0.743093 0.6054603 0.2850103 0.7430879 0.605467 0.2850092 0.7430506 0.6055164 0.2850012 0.5714294 0.7908447 0.2191644 0.6086929 0.7908375 0.06378883 0.6086749 0.7908511 0.06379246 0.6085495 0.7909456 0.06381785 0.383552 0.9226439 0.04020226 0.3808898 0.9226431 -0.06043732 0.3808879 0.922644 -0.06043666 0.3808752 0.9226495 -0.06043225 0.7657927 -0.001745283 0.6430853 0.7657918 -0.001433253 0.6430872 0.7657958 -0.002457499 0.6430792 0.7731618 0.2950334 0.5614055 0.7485237 0.3798924 0.5435016 0.8636761 0.3798964 0.3312737 0.8636753 0.3799003 0.3312714 0.863669 0.3799309 0.3312531 0.743046 0.6055226 0.2850002 0.7914865 0.6055268 0.08298587 0.7915062 0.6055012 0.08298379 0.791651 0.6053138 0.08296865 0.6085339 0.7909574 0.06382101 0.6043152 0.7909565 -0.09587001 0.6043305 0.7909438 -0.09587794 0.6044374 0.7908554 -0.09593319 0.3808736 0.9226503 -0.06043165 0.3522443 0.9226511 -0.1569683 0.3522321 0.922657 -0.1569606 0.3521518 0.9226962 -0.1569103 0.8971104 -0.02709239 0.4409753 0.8870245 0.3121401 0.3402296 0.8636681 0.3799346 0.3312509 0.9199786 0.3799278 0.09640818 0.9199765 0.3799325 0.09640908 0.9199607 0.3799689 0.09641611 0.7916688 0.6052908 0.0829668 0.7861713 0.6052859 -0.124755 0.786162 0.6052983 -0.1247531 0.7860936 0.60539 -0.1247391 0.6044508 0.7908443 -0.09594011 0.5590327 0.790848 -0.2490823 0.5590326 0.7908473 -0.2490848 0.5590319 0.7908424 -0.2491021 0.3521414 0.9227014 -0.1569038 0.2995569 0.9226978 -0.2426821 0.2995646 0.9226916 -0.2426959 0.2996159 0.9226511 -0.2427864 0.9760711 -0.04192054 0.2133727 0.9420164 0.3207137 0.09873121 0.9199587 0.3799734 0.09641695 0.9135698 0.3799737 -0.1449495 0.9135714 0.3799692 -0.1449511 0.9135839 0.3799345 -0.1449633 0.7860852 0.6054012 -0.1247373 0.7270269 0.605405 -0.3239088 0.7270236 0.6054081 -0.3239104 0.7269989 0.6054313 -0.3239223 0.5590318 0.7908418 -0.2491042 0.4755176 0.7908493 -0.3852798 0.4755181 0.7908482 -0.3852814 0.4755216 0.7908407 -0.3852926 0.2996226 0.9226459 -0.2427982 0.2265798 0.9226514 -0.3120518 0.2265775 0.9226531 -0.312048 0.2265622 0.9226651 -0.3120236 0.9985594 -0.04669553 -0.02643299 0.9354583 0.3207562 -0.148436 0.9135854 0.3799302 -0.1449648 0.8449432 0.3799341 -0.3764587 0.8449499 0.3799116 -0.3764664 0.8450013 0.3797386 -0.3765255 0.7269959 0.6054341 -0.3239237 0.618378 0.6054515 -0.5010362 0.6183776 0.6054494 -0.5010393 0.6183744 0.6054337 -0.5010622 0.475522 0.7908397 -0.385294 0.3596059 0.7908535 -0.4952116 0.3596013 0.7908577 -0.4952082 0.3595696 0.790887 -0.4951843 0.2265602 0.9226667 -0.3120205 0.1380887 0.9226548 -0.3600552 0.1380885 0.9226547 -0.3600555 0.1380879 0.9226539 -0.3600575 0.9634448 -0.04161709 -0.2646552 0.867661 0.3125304 -0.3866382 0.8450076 0.3797174 -0.3765329 0.7187694 0.3797441 -0.5823787 0.7187593 0.3797795 -0.5823681 0.7186818 0.3800509 -0.5822867 0.6183739 0.6054317 -0.501065 0.4676748 0.6054353 -0.6439942 0.4676743 0.6054275 -0.6440019 0.4676707 0.6053701 -0.6440584 0.3595656 0.7908908 -0.4951813 0.2191372 0.7909181 -0.5713385 0.2191364 0.7909151 -0.571343 0.2191311 0.7908937 -0.5713744 0.1380878 0.9226539 -0.3600578 0.0402069 0.922639 -0.3835631 0.04020667 0.9226401 -0.3835607 0.04020541 0.9226468 -0.3835446 0.8725358 -0.02663707 -0.4878236 0.7423607 0.295303 -0.6014123 0.7186723 0.3800842 -0.5822767 0.5434869 0.3800839 -0.7484372 0.5434892 0.3800497 -0.7484529 0.5434577 0.3802263 -0.7483862 0.4676703 0.605363 -0.6440654 0.2850228 0.605413 -0.7431266 0.285022 0.6054056 -0.743133 0.2850163 0.6053515 -0.7431792 0.2191305 0.7908911 -0.5713784 0.0637964 0.7909221 -0.6085822 0.06379604 0.790918 -0.6085876 0.06379371 0.7908895 -0.6086249 0.04020529 0.9226477 -0.3835425 0.7306919 -0.001373052 -0.6827061 0.7306854 -0.001716732 -0.6827122 0.7307023 -0.002350151 -0.6826922 0.5658888 0.2688724 -0.7794085 0.543509 0.3797556 -0.7485879 0.3312519 0.3797873 -0.8637326 0.3312526 0.3798066 -0.8637238 0.3312583 0.3799552 -0.8636563 0.2850156 0.6053448 -0.7431849 0.08298796 0.6053714 -0.7916051 0.08298975 0.6053636 -0.791611 0.08297336 0.6054353 -0.7915577 0.08297133 0.605444 -0.7915513 0.5457807 0.03223425 -0.8373078 0.3482688 0.2329016 -0.9080009 0.3312589 0.3799734 -0.8636479 0.09644007 0.379945 -0.919968 0.09643912 0.3799532 -0.9199647 0.096448 0.3798777 -0.919995 0.09644901 0.3798689 -0.9199985 0.3287744 0.07624292 -0.9413259 0.1024184 0.1865583 -0.9770909 0.09344124 0.1295792 -0.9871565 0.06379342 0.7908859 -0.6086296 0.3600416 0.9226577 0.1381044 0.3120398 0.9226626 0.2265499 0.3120433 0.9226611 0.2265518 0.3120703 0.9226486 0.2265655 0.3120743 0.9226467 0.2265676 0.2427757 0.9226502 0.2996276 0.2427725 0.9226521 0.2996245 0.2427478 0.9226661 0.299601 0.242744 0.9226682 0.2995975 0.1569386 0.9226555 0.3522459 0.1569421 0.9226537 0.3522489 0.1569686 0.9226406 0.3522719 0.1569726 0.9226385 0.3522754 0.4952034 0.7908748 0.3595701 0.385273 0.7908722 0.4754847 0.3852674 0.7908765 0.4754825 0.3852211 0.7909096 0.4754648 0.5010777 0.605409 0.6183859 0.3239237 0.6053917 0.7270312 0.323925 0.6053925 0.72703 0.3239349 0.6053988 0.7270203 0.3764686 0.3799605 0.8449268 0.3852145 0.7909144 0.4754623 0.2490449 0.7909587 0.5588929 0.2490458 0.7909516 0.5589023 0.2490521 0.7909033 0.5589678 0.249053 0.7908972 0.5589761 0.3239362 0.6053997 0.727019 -0.7769613 0 0.6295485 -0.7769613 0 0.6295484 -0.5875389 0 0.8091959 -0.5875388 0 0.8091959 -0.3581129 0 0.9336784 -0.3581157 -1.43723e-6 0.9336773 -0.3581203 -3.78372e-6 0.9336755 -0.3581231 -5.22095e-6 0.9336744 -0.1042407 -5.59139e-6 0.9945521 -0.104241 -5.5908e-6 0.9945521 -0.1042414 -5.58984e-6 0.994552 -0.1042417 -5.58925e-6 0.9945521 -0.1051854 -0.4619689 -0.8806366 -0.1078575 -0.4598979 -0.881397 -0.1054241 -0.4617955 -0.880699 -0.1105059 -0.4578389 -0.8821406 -0.2645501 -0.4660331 -0.8442906 -0.2810584 -0.4543531 -0.8453221 -0.4143286 -0.4695065 -0.7796766 -0.4413262 -0.451349 -0.7755743 -0.5495663 -0.4724277 -0.6890493 -0.5849754 -0.4488403 -0.675534 -0.6658422 -0.4748206 -0.5754995 -0.7063295 -0.4468129 -0.549051 -0.7594027 -0.4766591 -0.442836 -0.8005478 -0.4452987 -0.401039 -0.827165 -0.4779746 -0.2955307 -0.8638895 -0.4442815 -0.2372949 -0.8669611 -0.4787696 -0.1384133 -0.8938246 -0.4437948 -0.06421709 -0.8774887 -0.4790363 0.02318912 -0.8891907 -0.4437637 0.1114161 -0.8584278 -0.4787507 0.1841182 -0.8501325 -0.4442714 0.2826618 -0.810382 -0.4779599 0.338874 -0.7782244 -0.4452891 0.4428141 -0.73491 -0.4766609 0.4823918 -0.6762939 -0.446816 0.5856467 -0.6344944 -0.4748005 0.6099027 -0.5484368 -0.4488196 0.7055339 -0.5123301 -0.4724282 0.7171677 -0.3996757 -0.4513506 0.7978358 -0.372523 -0.4694896 0.8005037 -0.2359534 -0.454338 0.8590129 -0.2195419 -0.4660125 0.8571078 -0.06107676 -0.4598949 0.8858703 -0.05867558 -0.4617817 0.8850508 -0.06370007 -0.4578216 0.8867591 -0.05843067 -0.4619802 0.8849635 -0.0520699 -0.6126437 0.7886423 -0.05207437 -0.6126482 0.7886384 -0.0520758 -0.6126497 0.7886372 -0.05208075 -0.6126547 0.788633 -0.1961079 -0.6126554 0.765634 -0.1961046 -0.6126531 0.7656365 -0.1961035 -0.6126523 0.7656373 -0.1960999 -0.6126499 0.7656403 -0.3334614 -0.6126554 0.7165591 -0.3334528 -0.6126464 0.7165708 -0.33345 -0.6126434 0.7165746 -0.3334406 -0.6126336 0.7165874 -0.4594305 -0.6126348 0.6431192 -0.4594373 -0.6126433 0.6431063 -0.4594395 -0.612646 0.6431021 -0.4594469 -0.6126553 0.643088 -0.5697919 -0.6126537 0.547716 -0.5697879 -0.6126463 0.5477284 -0.5697866 -0.6126438 0.5477324 -0.5697822 -0.6126357 0.5477461 -0.6607375 -0.6126399 0.4337033 -0.6607373 -0.6126411 0.4337016 -0.6607373 -0.6126416 0.4337012 -0.6607371 -0.612643 0.4336994 -0.7151923 -0.61378 0.3343265 -0.6701516 -0.6915173 0.2696307 -0.5846544 -0.7453054 0.3204672 -0.5689165 -0.7926313 0.2192482 -0.4312183 -0.8449791 0.3163245 -0.4420581 -0.8487609 0.2901543 -0.3990765 -0.8580084 0.3233571 -0.3807207 -0.8491754 0.365996 -0.3048357 -0.8548916 0.4198042 -0.303084 -0.8537824 0.4233152 -0.3046068 -0.8547204 0.4203188 -0.3027985 -0.8536286 0.4238295 -0.2224014 -0.8497531 0.4779722 -0.28193 -0.7439116 0.6058969 -0.2819302 -0.7439103 0.6058984 -0.2819297 -0.7439139 0.6058942 -0.2819305 -0.7439083 0.6059008 -0.04403626 -0.7439122 0.6668249 -0.04403376 -0.7439129 0.6668243 -0.04403209 -0.7439134 0.6668239 -0.04402917 -0.7439142 0.6668232 -0.1658098 -0.7439066 0.6473872 -0.1658135 -0.74391 0.6473823 -0.1658159 -0.7439123 0.6473791 -0.1658201 -0.7439162 0.6473735 -0.03455889 -0.8513829 0.5234053 -0.05376225 -0.8567681 0.512892 -0.1313042 -0.8485068 0.512636 -0.184065 -0.8578038 0.4798882 -0.7471557 -0.5866376 0.3124337 -0.7810506 -0.5988095 0.1771641 -0.7892175 -0.5903246 0.1692712 -0.8037996 -0.5945212 0.02123552 -0.8037997 -0.5945209 0.02124041 -0.8037997 -0.5945209 0.02123945 -0.8037998 -0.5945207 0.0212444 -0.7970703 -0.5903257 -0.1272581 -0.7893186 -0.5988249 -0.1355914 -0.7626237 -0.5866538 -0.2724748 -0.7318833 -0.6137748 -0.296019 -0.6834814 -0.6915202 -0.2337802 -0.6008023 -0.745304 -0.2890653 -0.5797356 -0.7926113 -0.1888763 -0.4473305 -0.8449895 -0.2930669 -0.4567742 -0.8487623 -0.2663828 -0.415638 -0.8580079 -0.301774 -0.3995571 -0.8491764 -0.3453314 -0.3263916 -0.8547292 -0.4036168 -0.3250377 -0.8537859 -0.4066944 -0.326618 -0.8548854 -0.4031028 -0.3247916 -0.8536282 -0.4072214 -0.2473796 -0.8497466 -0.4655471 -0.3135899 -0.7439174 -0.5901257 -0.3135932 -0.7439148 -0.5901272 -0.3135843 -0.7439219 -0.590123 -0.1998248 -0.7439143 -0.6377003 -0.1998302 -0.7439147 -0.6376981 -0.1998339 -0.7439149 -0.6376967 -0.236327 -0.6126432 -0.7542003 -0.236325 -0.6126438 -0.7542002 -0.2363336 -0.612641 -0.7541999 -0.09373694 -0.6126441 -0.7847806 -0.09372967 -0.6126458 -0.7847802 -0.09372729 -0.6126463 -0.78478 -0.2091891 -0.8577918 -0.4695031 -0.1582448 -0.8485075 -0.5049689 -0.1998403 -0.7439153 -0.6376942 -0.07924294 -0.743909 -0.6635662 -0.07924246 -0.7439144 -0.6635602 -0.07924211 -0.743918 -0.6635561 -0.09371936 -0.6126481 -0.7847796 -0.08081549 -0.856769 -0.509329 -0.0621972 -0.8513758 -0.520856 -0.07924151 -0.7439242 -0.6635493 -0.236319 -0.6126459 -0.7542004 -0.3708859 -0.6126484 -0.6979296 -0.3708851 -0.6126468 -0.6979314 -0.3708848 -0.6126463 -0.6979319 -0.3135981 -0.7439109 -0.5901295 -0.4166944 -0.7439144 -0.522453 -0.4166932 -0.7439131 -0.5224558 -0.4166926 -0.7439124 -0.5224574 -0.3708841 -0.612645 -0.6979336 -0.4928131 -0.6126481 -0.6178979 -0.4928176 -0.6126455 -0.6178967 -0.492819 -0.6126447 -0.6178964 -0.4166914 -0.7439113 -0.5224598 -0.5056028 -0.7439123 -0.43699 -0.5056006 -0.7439138 -0.43699 -0.5055994 -0.7439146 -0.4369901 -0.4928231 -0.6126424 -0.6178954 -0.5979675 -0.6126389 -0.5168256 -0.597963 -0.6126405 -0.5168287 -0.5979618 -0.612641 -0.5168296 -0.5055975 -0.7439159 -0.4369902 -0.5772886 -0.7439148 -0.3366433 -0.5772881 -0.7439143 -0.3366454 -0.5772879 -0.7439139 -0.3366466 -0.5979577 -0.6126425 -0.5168324 -0.6827495 -0.6126447 -0.3981454 -0.682752 -0.6126438 -0.3981424 -0.6827527 -0.6126435 -0.3981415 -0.5772875 -0.7439134 -0.3366484 -0.6827549 -0.6126428 -0.3981388 -0.5586752 -0.7439165 0.366702 -0.5586748 -0.7439155 0.3667047 -0.558676 -0.7439181 0.3666974 -0.5586741 -0.7439141 0.3667087 -0.4817718 -0.7439143 0.463128 -0.4817714 -0.7439137 0.4631294 -0.4817726 -0.7439153 0.4631256 -0.4817706 -0.7439129 0.4631314 -0.3884882 -0.7439136 0.5437549 -0.3884864 -0.7439112 0.5437595 -0.3884915 -0.7439177 0.5437471 -0.3884836 -0.7439077 0.5437664 0.09423506 -7.56377e-4 -0.9955497 0.1128318 6.48772e-4 -0.9936139 0.09424376 2.9158e-7 -0.9955492 0.3297377 6.41146e-4 -0.9440725 0.3580945 0 -0.9336854 0.3580937 -0.001280725 -0.9336848 0.3580945 0 -0.9336854 0.3580946 0.001280725 -0.9336845 0.5460794 -0.001166343 -0.8377327 0.5875635 0.001748323 -0.8091763 0.5875644 -4.3587e-7 -0.8091774 0.5875644 -4.37256e-7 -0.8091775 0.7307045 -0.001573264 -0.6826922 0.7769806 0.002099394 -0.6295211 0.7769823 -5.60685e-7 -0.6295225 0.7769823 -5.62093e-7 -0.6295225 0.8728443 -0.001863062 -0.4879953 0.9134194 0.002333402 -0.4070129 0.9134219 -6.56759e-7 -0.4070141 0.913422 -6.57821e-7 -0.4070141 0.9642722 -0.00203973 -0.2649058 0.987643 0.002448737 -0.1567014 0.9876459 0 -0.1567019 0.987646 0 -0.1567019 0.9996477 -0.002098083 -0.02646297 0.994548 0.002449333 0.1042509 0.9945511 0 0.1042513 0.994551 0 0.1042513 0.9769235 -0.002040982 0.2135801 0.9336708 0.002330541 0.358125 0.9336734 -7.85641e-7 0.3581259 0.9336733 -7.8588e-7 0.3581259 0.8974428 -0.001865208 0.4411271 0.8091939 0.002097785 0.5875379 0.8091957 -5.79694e-7 0.5875392 0.8091957 -5.78544e-7 0.5875392 0.765798 -0.001574575 0.6430792 0.6295509 0.001746952 0.7769573 0.6295518 -2.79364e-7 0.7769587 0.6295518 -2.79757e-7 0.7769586 0.5896527 -0.001166522 0.8076561 0.4069786 0.001280963 0.9134368 0.4069787 -2.96771e-7 0.9134378 0.4069787 -2.95654e-7 0.9134377 0.3792137 -6.40689e-4 0.925309 0.1467622 7.5645e-4 0.9891716 0.1652331 -6.48868e-4 0.9862544 0.1467752 -4.6355e-7 0.9891699 0.54607 0.001166224 -0.8377388 0.5875635 -0.001749217 -0.8091762 0.7307044 0.001572251 -0.6826922 0.7769806 -0.002100467 -0.6295211 0.8728443 0.00186181 -0.4879952 0.9134195 -0.002334713 -0.4070129 0.9642776 0.002038896 -0.2648864 0.987643 -0.002448737 -0.1567015 0.9996476 0.002098083 -0.02646297 0.994548 -0.002449333 0.1042511 0.9769282 0.002040088 0.213558 0.9336708 -0.002332091 0.3581249 0.8974408 0.001863777 0.4411312 0.8091939 -0.002098977 0.587538 0.7657922 0.001573979 0.6430863 0.6295507 -0.001747548 0.7769575 0.5896559 0.001165688 0.8076538 0.406978 -0.001281559 0.9134371 0.3792065 6.40648e-4 0.9253119 0.3297368 -6.41144e-4 -0.9440727 0 1 5.06716e-7 0 1 1.12448e-6 0 1 -4.2697e-7 0 1 1.17379e-6 0 1 -1.81257e-7 0 1 0 0 1 9.50044e-7 0 1 -4.53007e-7 0 1 8.76362e-7 0 1 -5.9154e-7 0 1 0 0 1 2.51622e-6 0 1 1.32396e-7 0 1 2.64865e-6 -0.09423494 -2.91466e-7 0.99555 -0.1128435 6.48874e-4 0.9936127 -0.3297438 -6.40706e-4 0.9440703 -0.3580878 0.001280307 0.9336872 -0.3580881 2.52866e-7 0.9336879 -0.3580881 2.53842e-7 0.9336879 -0.5460937 -0.001167356 0.8377234 -0.5875726 0.001747012 0.8091695 -0.5875737 -2.94914e-7 0.8091708 -0.5875737 -2.94427e-7 0.8091708 -0.7306845 -0.001573801 0.6827135 -0.7769712 0.002099692 0.6295328 -0.7769728 0 0.6295343 -0.7769728 0 0.6295343 -0.8728557 -0.001863598 0.487975 -0.9134194 0.002331733 0.4070129 -0.9134219 6.43396e-7 0.4070141 -0.9134219 6.44383e-7 0.4070143 -0.9642676 -0.002040803 0.2649224 -0.9876459 0.002449214 0.1566827 -0.987649 0 0.1566832 -0.987649 0 0.1566832 -0.9996482 -0.002097308 0.0264424 -0.994546 0.002449989 -0.10427 -0.994549 0 -0.1042703 -0.994549 0 -0.1042703 -0.9769283 -0.002038478 -0.213558 -0.9336797 0.002332985 -0.3581017 -0.9336822 6.9391e-7 -0.3581027 -0.9336823 6.93257e-7 -0.3581027 -0.8974325 -0.001864969 -0.4411478 -0.8091874 0.002097666 -0.5875471 -0.8091892 2.0993e-7 -0.5875484 -0.8091891 2.1086e-7 -0.5875483 -0.7658333 -0.001571297 -0.6430374 -0.6295512 0.001750826 -0.7769572 -0.629552 7.30108e-7 -0.7769584 -0.629552 7.294e-7 -0.7769584 -0.5896095 -0.001165866 -0.8076876 -0.4069854 0.001280903 -0.9134339 -0.4069857 0 -0.9134346 -0.4069857 0 -0.9134346 -0.3792312 -6.40021e-4 -0.9253017 -0.1467582 7.57691e-4 -0.9891721 -0.165259 -6.49902e-4 -0.9862501 -0.1467449 4.63552e-7 -0.9891744 -0.0942434 -7.56465e-4 0.995549 -0.32975 6.40751e-4 0.9440681 -0.3580879 -0.001279771 0.9336871 -0.5460773 0.001167893 0.8377341 -0.5875729 -0.001747608 0.8091694 -0.7306891 0.001573383 0.6827085 -0.7306959 -0.001610815 0.6827012 -0.7306935 -0.001319825 0.6827044 -0.776971 -0.002099752 0.6295329 -0.8728647 0.001864016 0.4879589 -0.9134194 -0.002330482 0.4070131 -0.9642617 0.002041518 0.2649442 -0.9876459 -0.002449393 0.1566827 -0.9996482 0.002097308 0.0264424 -0.9945461 -0.002449929 -0.1042701 -0.9769244 0.002039372 -0.2135757 -0.9336797 -0.002331614 -0.3581018 -0.8974387 0.001865625 -0.4411352 -0.8091874 -0.002097249 -0.587547 -0.765823 0.001572608 -0.6430495 -0.7658251 -0.001263558 -0.6430478 -0.7658243 -0.001543998 -0.6430482 -0.6295509 -0.001749396 -0.7769573 -0.5896261 0.001166105 -0.8076755 -0.4069853 -0.001280903 -0.9134339 -0.3792316 6.40024e-4 -0.9253016 0 1 2.41785e-6 0 1 0 0 1 -1.6732e-7 0 1 1.17162e-6 0 1 5.39074e-7 0 1 1.39762e-6 0 1 9.89826e-7 1.03607e-6 1 1.16656e-6 6.73988e-7 1 3.34637e-6 1.6856e-6 1 -2.80429e-6 1.44208e-6 1 -1.63531e-6 6.6255e-7 1 -5.96817e-6 0 1 4.12636e-6 0 1 -2.3361e-6 0 1 4.12648e-6 0 1 -2.3995e-6 0 1 -1.97966e-6 0 1 -9.33247e-7 0 1 -2.6771e-6 0 1 -2.5415e-6 0 1 -9.69088e-7 0 1 2.84848e-7 0 1 9.87973e-7 0 1 4.51173e-6 0 1 -4.09619e-7 0 1 1.86048e-6 0 1 -1.64945e-6 0 1 -1.64094e-7 0 1 -3.36261e-7 0 1 -2.54163e-6 0 1 3.71734e-6 0 1 -1.15824e-6 0 1 5.09649e-6 0 1 2.25577e-6 0 1 1.48192e-6 0 1 5.4496e-6 0 1 -5.26876e-6 0 1 -8.66257e-7 0 1 -3.83747e-6 0 1 1.3386e-6 0 1 1.97971e-6 0 1 2.39949e-6 0 1 9.87974e-7 0 1 4.51168e-6 0 1 9.87967e-7 0 1 4.51434e-6 0 1 9.69094e-7 0.06370002 -0.4578233 -0.8867582 0.06108188 -0.4598917 -0.8858718 0.05867093 -0.4617692 -0.8850576 0.05844104 -0.4619719 -0.884967 0.05208367 -0.6126502 -0.7886362 0.05208516 -0.6126517 -0.788635 0.05207914 -0.6126461 -0.7886398 0.05209016 -0.6126562 -0.7886311 0.0440396 -0.7439121 -0.6668249 0.04403674 -0.7439128 -0.6668243 0.04404389 -0.743911 -0.6668257 0.04403179 -0.743914 -0.6668232 0.03456097 -0.851381 -0.5234081 0.05375802 -0.8567717 -0.5128863 0.1312945 -0.8485061 -0.5126395 0.1840705 -0.8578063 -0.4798817 0.2224307 -0.8497524 -0.4779597 0.3027868 -0.8536285 -0.4238382 0.304584 -0.8547239 -0.420328 0.3030875 -0.8537942 -0.4232889 0.3884677 -0.7439143 -0.5437687 0.3884695 -0.7439156 -0.5437657 0.3884648 -0.743912 -0.5437739 0.4817747 -0.7439078 -0.4631353 0.4817749 -0.7439081 -0.4631345 0.4817751 -0.7439084 -0.4631341 0.5697853 -0.6126531 -0.5477234 0.5697844 -0.6126517 -0.547726 0.5697883 -0.612658 -0.5477147 0.6607335 -0.6126528 -0.4336912 0.6607334 -0.6126497 -0.4336957 0.6607333 -0.6126487 -0.4336972 0.7349261 -0.4766442 -0.4823838 0.7782175 -0.4452897 -0.4428259 0.8103784 -0.4779662 -0.3388735 0.8501309 -0.4442695 -0.2826696 0.8584305 -0.4787617 -0.1840773 0.8891821 -0.443784 -0.1114054 0.8774864 -0.4790393 -0.02321839 0.8938248 -0.4437978 0.06419426 0.8669533 -0.4787856 0.1384074 0.8638809 -0.444289 0.2373121 0.8271641 -0.4779747 0.2955332 0.8005529 -0.4453042 0.4010227 0.7594023 -0.4766675 0.4428276 0.7063169 -0.4468135 0.5490666 0.6658474 -0.474805 0.5755063 0.5849844 -0.4488311 0.6755323 0.5495636 -0.4724302 0.6890498 0.4413313 -0.4513506 0.7755705 0.414333 -0.469505 0.7796751 0.281057 -0.4543555 0.8453214 0.264549 -0.4660334 0.8442907 0.1105133 -0.4578395 0.8821393 0.1054148 -0.4617848 0.8807057 0.107861 -0.4599013 0.8813948 0.105185 -0.461975 0.8806334 0.09373134 -0.6126462 0.7847797 0.09372967 -0.6126472 0.7847791 0.09373652 -0.6126431 0.7847816 0.09372395 -0.6126506 0.784777 0.07924836 -0.7439143 0.6635596 0.07925027 -0.7439166 0.6635568 0.07924556 -0.7439108 0.6635639 0.07925349 -0.7439206 0.6635518 0.06220716 -0.8513856 0.5208386 0.08082193 -0.8567653 0.5093339 0.1582167 -0.8485057 0.5049809 0.2091792 -0.8578016 0.4694897 0.2473874 -0.8497461 0.4655441 0.3250238 -0.853794 0.4066883 0.3264061 -0.8547441 0.4035735 0.324788 -0.8536287 0.4072235 0.416692 -0.7439149 0.5224545 0.4166905 -0.7439145 0.522456 0.4166944 -0.7439154 0.5224517 0.4166885 -0.7439141 0.5224584 0.4928145 -0.6126379 0.6179068 0.4928147 -0.6126371 0.6179075 0.4928136 -0.6126407 0.6179047 0.4928155 -0.6126344 0.6179094 0.3048251 -0.8548848 -0.4198257 0.3807265 -0.8491759 -0.3659886 0.4817754 -0.7439087 -0.4631332 0.5586793 -0.7439063 -0.3667166 0.5586816 -0.7439123 -0.3667007 0.5586831 -0.7439164 -0.36669 0.6607332 -0.6126452 -0.4337021 0.7151858 -0.6137826 -0.3343355 0.7471535 -0.5866371 -0.3124397 0.7810527 -0.5988099 -0.1771545 0.7892319 -0.5903129 -0.1692446 0.8038091 -0.594507 -0.02127146 0.8038092 -0.5945069 -0.02127087 0.8038085 -0.5945078 -0.02127385 0.8038099 -0.5945061 -0.02126854 0.797081 -0.5903126 0.1272521 0.3990831 -0.8580029 -0.3233636 0.4420755 -0.8487541 -0.290148 0.5586858 -0.7439234 -0.3666718 0.584645 -0.7453085 -0.3204771 0.6701499 -0.6915165 -0.2696371 0.4312163 -0.8449659 -0.3163627 0.5689131 -0.7926201 -0.2192971 0.7893272 -0.5988118 0.1355996 0.7626315 -0.5866425 0.2724769 0.7318597 -0.6137909 0.2960444 0.6834752 -0.6915119 0.2338227 0.6007881 -0.7452944 0.2891192 0.5797293 -0.7926181 0.1888664 0.4473246 -0.8449712 0.2931285 0.4567841 -0.8487625 0.2663658 0.4156339 -0.8580078 0.30178 0.3995569 -0.8491789 0.3453255 0.3266161 -0.8548886 0.4030973 0.6763076 -0.4467999 -0.5856432 0.6344726 -0.4748026 -0.6099238 0.5697817 -0.6126472 -0.5477339 0.4594404 -0.612647 -0.6431005 0.4594392 -0.6126456 -0.6431027 0.4594389 -0.6126452 -0.6431034 0.388472 -0.7439176 -0.5437611 0.2819604 -0.7439222 -0.6058697 0.2819558 -0.7439174 -0.6058778 0.2819531 -0.7439146 -0.6058825 0.5484298 -0.4488281 -0.705534 0.5123452 -0.472424 -0.7171596 0.4594378 -0.6126438 -0.6431053 0.3334593 -0.6126478 -0.7165666 0.3334581 -0.6126461 -0.7165687 0.3334577 -0.6126456 -0.7165692 0.2819491 -0.7439104 -0.6058896 0.1658076 -0.743916 -0.647377 0.1658048 -0.7439109 -0.6473835 0.1658031 -0.7439079 -0.6473873 0.3996878 -0.4513478 -0.7978315 0.3725145 -0.4694997 -0.8005018 0.3334566 -0.6126441 -0.716571 0.1960916 -0.6126498 -0.7656424 0.1960967 -0.6126506 -0.7656406 0.1960981 -0.6126508 -0.76564 0.1658007 -0.7439036 -0.647393 0.2359412 -0.4543453 -0.8590124 0.219533 -0.4660162 -0.857108 0.1961027 -0.6126515 -0.7656384 0.6827533 -0.6126505 0.3981299 0.6827551 -0.6126495 0.3981284 0.6827479 -0.6126534 0.3981346 0.5773037 -0.7439094 0.3366293 0.5773007 -0.7439113 0.3366303 0.5772987 -0.7439126 0.336631 0.5772952 -0.7439148 0.3366321 0.5056026 -0.7439146 0.4369864 0.5056034 -0.7439152 0.4369845 0.5056039 -0.7439156 0.4369831 0.5056048 -0.7439163 0.4369809 0.5979667 -0.6126425 0.5168221 0.5979694 -0.612641 0.5168207 0.5979584 -0.6126471 0.5168263 0.682761 -0.6126463 0.3981232 0.5979785 -0.612636 0.5168161 0.3135983 -0.7439109 0.5901293 0.3136 -0.7439126 0.5901264 0.313601 -0.7439137 0.5901244 0.3136029 -0.7439157 0.5901209 0.199815 -0.7439047 0.6377146 0.1998118 -0.7439109 0.6377083 0.1998097 -0.7439152 0.6377041 0.199806 -0.7439224 0.6376968 0.3708927 -0.6126366 0.6979364 0.37089 -0.6126386 0.6979359 0.3708892 -0.6126393 0.6979358 0.3708862 -0.6126415 0.6979354 0.2363201 -0.6126412 0.7542039 0.2363206 -0.6126432 0.7542022 0.2363207 -0.6126438 0.7542017 0.2363212 -0.6126459 0.7541998 0.02645903 6.13579e-6 0.99965 0.02645885 -1.09943e-6 0.99965 0.02645719 1.61297e-6 0.99965 0.02645856 -3.7019e-6 0.99965 0.0264638 0 0.9996498 0.1566969 -5.55397e-6 0.9876468 0.1567001 -4.0251e-6 0.9876463 0.1567053 -1.52887e-6 0.9876455 0.1567084 0 0.9876449 0.4069873 0 0.9134338 0.4069865 0 0.9134342 0.4069852 0 0.9134347 0.4069845 0 0.9134352 0.6295502 0 0.7769598 0.6295495 0 0.7769605 0.6295484 0 0.7769613 0.6295477 0 0.7769619 0.8091986 0 0.5875352 0.8091986 0 0.5875353 0.8091986 0 0.5875353 0.8091985 0 0.5875353 0.02645105 0 0.9996501 0.02645164 -2.36687e-6 0.9996501 0.02645051 3.55491e-7 0.9996502 0.02645325 -6.70933e-6 0.9996501 0.02645492 -1.05216e-5 0.99965 -0.02646303 2.21123e-6 -0.9996498 -0.02645987 3.97736e-6 -0.99965 -0.02646392 4.63734e-6 -0.9996498 -0.02645921 4.8296e-6 -0.9996499 -0.0264523 0 -0.9996501 0.7769566 0 -0.6295544 0.7769564 0 -0.6295545 0.7769564 0 -0.6295544 0.7769564 0 -0.6295545 0.5875679 0 -0.8091749 0.3581107 0 -0.9336792 0.35811 0 -0.9336795 0.3581089 0 -0.9336799 0.3581081 0 -0.9336801 0.1042511 0 -0.9945511 0.1042507 0 -0.9945511 0.10425 0 -0.9945511 0.1042496 0 -0.9945512 -0.1567205 0 -0.987643 -0.4069739 0 -0.9134399 -0.4069748 0 -0.9134394 -0.4069763 0 -0.9134387 -0.4069772 0 -0.9134384 -0.6295516 0 -0.7769588 -0.8091902 0 -0.587547 -0.8091901 0 -0.587547 -0.02646213 0 -0.9996498 -0.02646207 -4.2352e-7 -0.9996498 -0.02646189 2.53337e-7 -0.9996499 -0.02646231 -1.4326e-6 -0.9996499 -0.02646267 -2.42353e-6 -0.9996499 0 -1 -3.46401e-6 0 -1 0 0 -1 -3.61333e-6 0 -1 4.59571e-6 0 -1 6.33537e-6 0 -1 3.48498e-6 0 -1 1.02508e-5 0 -1 -1.04946e-5 0 -1 5.12545e-6 0 -1 -1.14354e-5 0 -1 1.39777e-5 0 -1 -3.78773e-7 0 -1 -4.86994e-6 0 -1 -2.24872e-6 0 -1 2.10385e-5 0 -1 -7.50928e-5 0 -1 1.74247e-6 0 -1 5.12548e-6 0 -1 1.00716e-5 0 -1 -1.33914e-7 0 -1 -4.21894e-6 0 -1 -6.02532e-7 0 -1 -8.64046e-6 0 -1 3.41279e-6 0 -1 7.51044e-5 -0.09344863 0.1295901 0.9871544 -0.102428 0.1865783 0.9770861 -0.3287904 0.07631731 0.9413142 -0.3482577 0.2327879 0.9080343 -0.5457915 0.03203868 0.8373084 -0.5659434 0.268832 0.7793828 -0.7306973 -0.002316117 0.6826976 -0.7423378 0.2952547 0.6014643 -0.8725599 -0.02685737 0.4877684 -0.8677465 0.3122739 0.3866539 -0.9634233 -0.04171949 0.2647174 -0.9354116 0.320903 0.148413 -0.9985682 -0.0465185 0.0264135 -0.9419788 0.3208259 -0.09872591 -0.9760698 -0.04185855 -0.2133911 -0.8870449 0.3121062 -0.3402073 -0.8971087 -0.02724444 -0.4409692 -0.773189 0.2949347 -0.5614202 -0.7658118 -0.002245426 -0.643061 -0.6063364 0.2689488 -0.7483467 -0.589324 0.03215599 -0.8072565 -0.3958004 0.2328864 -0.8883164 -0.378118 0.07645428 -0.922595 -0.1539587 0.1867154 -0.9702754 -0.1455068 0.1295971 -0.9808326 -0.09644806 0.3799536 0.9199636 -0.0964297 0.380012 0.9199414 -0.09644609 0.37996 0.9199613 -0.09642761 0.3800188 0.9199388 -0.08297282 0.6053855 0.7915958 -0.08297944 0.6053823 0.7915977 -0.08297353 0.6053851 0.791596 -0.08298021 0.6053819 0.7915979 -0.06379956 0.7908958 0.6086161 -0.06379753 0.7908688 0.6086514 -0.06379777 0.7908718 0.6086475 -0.06379979 0.7908993 0.6086115 -0.04020291 0.9226409 0.3835589 -0.04020303 0.9226567 0.3835209 -0.04020297 0.9226549 0.3835252 -0.04020285 0.9226388 0.3835641 -0.01372587 0.9912971 0.1309263 -0.01372539 0.9912977 0.130922 -0.01372545 0.9912976 0.1309225 -0.01372593 0.9912971 0.1309269 -0.04714548 0.9912931 0.1229436 -0.04714548 0.9912937 0.1229389 -0.04714548 0.9912981 0.1229041 -0.04714548 0.9912988 0.1228984 -0.07734763 0.991294 0.1065539 -0.07734686 0.9912949 0.1065453 -0.07734107 0.9913022 0.1064824 -0.07734018 0.9913033 0.1064722 -0.1022665 0.9912986 0.08287864 -0.1022662 0.9912988 0.08287644 -0.1022638 0.9913004 0.08286023 -0.1022633 0.9913006 0.0828576 -0.1202228 0.9913016 0.05355072 -0.1202238 0.9913014 0.05355393 -0.1202312 0.9912992 0.05357724 -0.1202323 0.9912988 0.05358105 -0.1300024 0.9912991 0.02063298 -0.1300041 0.9912989 0.02063232 -0.1300168 0.9912973 0.02062731 -0.1300188 0.991297 0.02062654 -0.1309284 0.9912968 -0.01372444 -0.1309276 0.991297 -0.01372432 -0.1309216 0.9912977 -0.01372355 -0.1309206 0.9912979 -0.01372343 -0.1229121 0.9912976 -0.04713433 -0.12291 0.991298 -0.04713261 -0.1229251 0.9912955 -0.04714506 -0.1229268 0.9912952 -0.04714649 -0.1065273 0.9912927 -0.07740038 -0.1065286 0.9912918 -0.0774101 -0.1065191 0.9912983 -0.07734024 -0.1065179 0.991299 -0.07733201 -0.08287584 0.9912992 -0.1022624 -0.08287471 0.9912998 -0.1022577 -0.08288246 0.9912956 -0.102291 -0.08288341 0.9912952 -0.1022949 -0.05357915 0.9912948 -0.120266 -0.05357921 0.9912946 -0.1202679 -0.05357891 0.9912964 -0.1202538 -0.05357885 0.9912966 -0.1202521 -0.02063125 0.9912977 -0.1300122 -0.02063119 0.9912974 -0.1300145 -0.02063143 0.9912996 -0.1299983 -0.02063143 0.9912998 -0.1299964 -0.0604397 0.9226325 -0.3809151 -0.0604403 0.9226392 -0.3808988 -0.06043976 0.9226334 -0.3809129 -0.06044036 0.9226399 -0.380897 -0.09590715 0.7909481 -0.6043202 -0.09589928 0.7908671 -0.6044275 -0.09590613 0.7909379 -0.6043337 -0.09589844 0.7908582 -0.6044393 -0.124736 0.605385 -0.7860979 -0.1247345 0.6054208 -0.7860706 -0.1247358 0.6053892 -0.7860948 -0.1247344 0.6054247 -0.7860677 -0.1449801 0.3799272 -0.9135842 -0.1449744 0.3798779 -0.9136056 -0.1449794 0.3799216 -0.9135867 -0.1449738 0.3798726 -0.913608 -0.1380953 0.9226676 0.36002 -0.1380953 0.9226663 0.3600232 -0.1380956 0.9226567 0.3600478 -0.1380956 0.9226552 0.3600515 -0.2265748 0.9226476 0.3120663 -0.2265747 0.922648 0.312065 -0.2265731 0.9226517 0.3120554 -0.2265728 0.9226522 0.3120539 -0.2996186 0.9226666 0.2427247 -0.2996242 0.9226621 0.2427344 -0.299667 0.9226287 0.2428091 -0.2996735 0.9226235 0.2428204 -0.3523191 0.9226149 0.1570127 -0.3523142 0.9226185 0.1570029 -0.3522767 0.9226456 0.1569278 -0.352271 0.9226498 0.1569164 -0.3808825 0.9226478 0.06041276 -0.380883 0.9226475 0.06041395 -0.380887 0.9226452 0.06042325 -0.3808877 0.9226449 0.06042468 -0.3835535 0.9226434 -0.04019892 -0.3835558 0.9226425 -0.04019892 -0.3835728 0.9226355 -0.04019874 -0.3835753 0.9226344 -0.04019874 -0.3600913 0.9226379 -0.1381074 -0.3600881 0.9226391 -0.1381072 -0.3600628 0.9226491 -0.1381064 -0.360059 0.9226507 -0.1381063 -0.3120617 0.9226505 -0.2265689 -0.3120573 0.9226519 -0.2265697 -0.3120232 0.9226619 -0.2265757 -0.312018 0.9226635 -0.2265766 -0.242749 0.9226679 -0.2995945 -0.2427557 0.9226633 -0.2996031 -0.2428068 0.9226285 -0.2996692 -0.2428146 0.9226232 -0.2996792 -0.1569727 0.922624 -0.3523132 -0.1569718 0.9226261 -0.3523082 -0.1569644 0.922642 -0.3522698 -0.1569633 0.9226444 -0.3522641 -0.2191361 0.7908597 0.5714196 -0.2191365 0.7908679 0.5714081 -0.2191398 0.7909329 0.5713168 -0.2191402 0.7909423 0.5713037 -0.3595277 0.7909072 0.4951826 -0.3595334 0.7909051 0.4951817 -0.3595786 0.7908887 0.495175 -0.3595851 0.7908865 0.4951741 -0.4755097 0.7908447 0.3852992 -0.4755088 0.7908485 0.3852922 -0.4755017 0.7908796 0.3852373 -0.4755007 0.790884 0.3852294 -0.5590087 0.7908582 0.2491036 -0.5590147 0.7908542 0.2491028 -0.5590626 0.7908223 0.2490968 -0.5590695 0.7908177 0.2490959 -0.604503 0.7908059 0.09592819 -0.6044844 0.7908209 0.09592252 -0.6043362 0.7909396 0.09587746 -0.6043149 0.7909566 0.09587097 -0.608533 0.7909606 -0.06378871 -0.6085379 0.7909569 -0.06378757 -0.6085768 0.7909277 -0.06377851 -0.6085824 0.7909234 -0.0637772 -0.5713332 0.7909212 -0.21914 -0.5713385 0.7909179 -0.2191381 -0.5713803 0.7908918 -0.2191227 -0.5713864 0.7908881 -0.2191205 -0.4951855 0.7908788 -0.359586 -0.4951943 0.7908727 -0.3595873 -0.4952635 0.7908245 -0.3595979 -0.4952735 0.7908176 -0.3595994 -0.3852984 0.7908169 -0.4755564 -0.3852913 0.7908275 -0.4755444 -0.3852347 0.7909125 -0.475449 -0.3852266 0.7909247 -0.4754353 -0.2490488 0.7908766 -0.5590072 -0.249049 0.7908847 -0.5589957 -0.24905 0.7909491 -0.558904 -0.2490502 0.7909583 -0.5588908 -0.3312398 0.3799769 0.8636538 -0.3312381 0.3799737 0.8636559 -0.3312383 0.379974 0.8636556 -0.285014 0.6053366 0.7431923 -0.2850155 0.6053389 0.7431897 -0.2850283 0.6053586 0.7431689 -0.28503 0.6053612 0.743166 -0.4676707 0.6053517 0.6440758 -0.4676714 0.605355 0.6440721 -0.4676769 0.6053823 0.6440424 -0.4676776 0.605386 0.6440384 -0.6184316 0.605375 0.5010623 -0.6184337 0.6053723 0.5010632 -0.6184507 0.60535 0.5010692 -0.618453 0.6053469 0.50107 -0.7270529 0.6053338 0.3239834 -0.7270458 0.6053475 0.3239734 -0.726989 0.6054592 0.3238922 -0.7269812 0.6054744 0.3238812 -0.7860292 0.6054779 0.1247186 -0.7860434 0.6054589 0.1247223 -0.7861581 0.6053038 0.1247514 -0.7861737 0.6052827 0.1247554 -0.7916693 0.6052902 -0.08296811 -0.7916637 0.6052975 -0.08296871 -0.7916181 0.6053564 -0.08297353 -0.7916119 0.6053645 -0.08297419 -0.7431538 0.605363 -0.2850582 -0.7431516 0.6053671 -0.2850552 -0.7431338 0.6054002 -0.2850313 -0.7431313 0.6054047 -0.2850281 -0.644042 0.6054075 -0.467645 -0.6440341 0.6054188 -0.4676411 -0.6439704 0.6055108 -0.4676098 -0.6439617 0.6055234 -0.4676055 -0.5009945 0.6054885 -0.6183754 -0.5010032 0.6054815 -0.6183754 -0.5010735 0.605424 -0.6183747 -0.5010831 0.6054161 -0.6183745 -0.3239194 0.6053844 -0.7270393 -0.3239232 0.6053834 -0.7270383 -0.3239547 0.6053758 -0.7270307 -0.323959 0.6053747 -0.7270296 -0.5434856 0.3799667 0.7484977 -0.5434972 0.3799445 0.7485006 -0.543496 0.3799469 0.7485002 -0.33124 0.3799772 0.8636535 -0.5434843 0.3799694 0.7484973 -0.718685 0.3800091 0.5823101 -0.7186958 0.3799769 0.5823177 -0.7186947 0.3799804 0.5823168 -0.7186837 0.3800128 0.5823093 -0.8449264 0.3799423 0.3764882 -0.8449028 0.3800245 0.376458 -0.8449055 0.3800156 0.3764613 -0.8449292 0.3799328 0.3764917 -0.9135694 0.3799815 0.1449314 -0.9135876 0.3799309 0.1449487 -0.9135857 0.3799365 0.1449469 -0.9135673 0.3799874 0.1449295 -0.9199771 0.3799316 -0.09640675 -0.9199628 0.3799639 -0.09641551 -0.9199644 0.3799604 -0.09641456 -0.9199788 0.3799278 -0.09640574 -0.8636438 0.3800014 -0.3312379 -0.863671 0.3799334 -0.3312451 -0.863668 0.3799408 -0.3312443 -0.8636407 0.3800092 -0.331237 -0.7485432 0.3798394 -0.5435118 -0.7484586 0.3800007 -0.5435158 -0.7484678 0.379983 -0.5435153 -0.748553 0.3798207 -0.5435114 -0.5823131 0.3799608 -0.7187082 -0.5823677 0.3798443 -0.7187255 -0.5823617 0.379857 -0.7187236 -0.5823067 0.3799744 -0.7187061 -0.3764734 0.3799195 -0.8449433 -0.3764562 0.3799774 -0.8449249 -0.3764581 0.379971 -0.8449268 -0.3764753 0.3799128 -0.8449453 -0.0690872 -0.264926 0.9617907 -0.06909519 -0.2649903 0.9617723 -0.06908786 -0.2649313 0.9617891 -0.06909584 -0.2649955 0.961771 -0.07163649 -0.02403616 0.9971412 -0.07163798 -0.02406817 0.9971404 -0.07163661 -0.02403879 0.9971412 -0.0716381 -0.02407079 0.9971403 -0.0699315 0.2183102 0.9733706 -0.06991761 0.2184417 0.9733421 -0.06993037 0.2183209 0.9733682 -0.06991648 0.2184527 0.9733397 -0.06404286 0.4482935 0.8915893 -0.0640611 0.4481509 0.8916597 -0.06404429 0.4482821 0.891595 -0.06406265 0.4481388 0.8916658 -0.05436366 0.651534 0.756669 -0.05435937 0.6515745 0.7566346 -0.05436331 0.6515373 0.7566662 -0.05435895 0.651578 0.7566315 -0.04138433 0.8164149 0.5759809 -0.04138183 0.8163928 0.5760126 -0.0413841 0.8164132 0.5759836 -0.04138165 0.8163908 0.5760155 -0.02590316 0.9323381 0.360659 -0.02590358 0.9323694 0.360578 -0.02590322 0.9323406 0.3606523 -0.02590358 0.9323722 0.3605705 -0.008874356 0.9926453 0.1207334 -0.008790791 0.992447 0.1223588 -0.009025752 0.9929633 0.1180783 -0.009133517 0.9931554 0.1164438 -0.034065 0.9916891 0.1240656 -0.09574419 0.9323771 0.3485772 -0.09574627 0.9323794 0.3485707 -0.09574609 0.9323791 0.3485713 -0.1619144 0.9323587 0.3232508 -0.1619144 0.9323597 0.3232479 -0.1619135 0.9323711 0.3232154 -0.2586742 0.8163627 0.5163718 -0.2586529 0.8164281 0.5162789 -0.2586548 0.8164222 0.5162872 -0.3543983 0.8164381 0.4558848 -0.3543955 0.8164375 0.455888 -0.3543633 0.8164309 0.4559247 -0.4655593 0.6515997 0.5988927 -0.4655921 0.6515171 0.5989571 -0.4655892 0.6515243 0.5989515 -0.5735303 0.6515113 0.4965845 -0.5735219 0.6515185 0.4965847 -0.5734252 0.6516019 0.496587 -0.6758372 0.4480572 0.5852255 -0.6757783 0.448127 0.5852401 -0.6757832 0.4481211 0.5852388 -0.7769995 0.4481533 0.4420751 -0.7769999 0.4481478 0.44208 -0.7770048 0.4480841 0.4421361 -0.8481407 0.2185132 0.4826071 -0.8481401 0.2184937 0.482617 -0.84814 0.2184953 0.4826161 -0.9259909 0.2184997 0.3078942 -0.9259906 0.2185053 0.3078911 -0.925987 0.2185692 0.3078564 -0.9486417 -0.0241729 0.3154277 -0.9486548 -0.02399593 0.315402 -0.9486538 -0.02401036 0.3154041 -0.9919593 -0.02399784 0.1242612 -0.9919595 -0.02399224 0.1242613 -0.9919608 -0.02392911 0.124263 -0.9567586 -0.2650424 0.1198561 -0.9568105 -0.2648424 0.1198846 -0.9567629 -0.2650263 0.1198585 -0.9568148 -0.2648257 0.119887 -0.9618154 -0.2648326 -0.06910187 -0.9617259 -0.2651696 -0.06905448 -0.9618514 -0.2646982 -0.0691145 -0.9617617 -0.2650353 -0.0690726 -0.9298077 -0.2650198 -0.2553868 -0.9298085 -0.2650142 -0.255389 -0.9298192 -0.264953 -0.2554135 -0.9298203 -0.2649476 -0.2554157 -0.8621456 -0.2649433 -0.4318682 -0.8621425 -0.2649547 -0.4318674 -0.8621083 -0.2650805 -0.4318584 -0.8621053 -0.2650916 -0.4318576 -0.7612906 -0.2650772 -0.5917524 -0.7612927 -0.2650655 -0.591755 -0.7613157 -0.2649369 -0.5917829 -0.7613177 -0.2649255 -0.5917854 -0.6312221 -0.2649238 -0.7289541 -0.6312258 -0.2649262 -0.72895 -0.6312675 -0.2649529 -0.7289042 -0.6312711 -0.2649553 -0.7289002 -0.4768833 -0.2649106 -0.8380958 -0.4768846 -0.2649054 -0.8380969 -0.4768986 -0.2648473 -0.8381073 -0.4768997 -0.2648422 -0.8381081 -0.3042311 -0.2648625 -0.9150363 -0.3042316 -0.2648728 -0.9150331 -0.3042376 -0.2649859 -0.9149984 -0.3042381 -0.2649959 -0.9149953 -0.1198616 -0.2650073 -0.9567677 -0.119862 -0.2650048 -0.9567683 -0.1198577 -0.2650352 -0.9567604 -0.124276 -0.02403241 -0.9919567 -0.1242654 -0.02395886 -0.9919598 -0.1242663 -0.02396488 -0.9919595 -0.1242768 -0.02403837 -0.9919564 -0.1213133 0.2184389 -0.9682807 -0.1213054 0.2184343 -0.9682828 -0.1213126 0.2184385 -0.9682809 -0.1213047 0.218434 -0.9682829 -0.111134 0.4482149 -0.8869909 -0.1111272 0.4481846 -0.8870069 -0.1111335 0.4482124 -0.8869922 -0.1111266 0.448182 -0.8870083 -0.09430819 0.6515743 -0.7526998 -0.09429985 0.6515125 -0.7527545 -0.09430754 0.6515693 -0.7527042 -0.09429913 0.651507 -0.7527592 -0.0717929 0.8163694 -0.5730507 -0.07179582 0.8164212 -0.5729764 -0.07179313 0.8163735 -0.5730446 -0.07179605 0.8164258 -0.5729697 -0.04494374 0.9323634 -0.3587182 -0.04494357 0.9323566 -0.3587356 -0.04494369 0.9323628 -0.3587197 -0.04494357 0.932356 -0.3587372 -0.01524853 0.992444 -0.1217474 -0.01524424 0.992654 -0.1200242 -0.01529031 0.9929603 -0.1174564 -0.01527863 0.9931585 -0.1157708 -0.0405755 0.9916964 -0.1220324 -0.03745281 0.9936937 -0.1056898 -0.06637197 0.990953 -0.1166493 -0.05667436 0.9941056 -0.09242296 -0.09120351 0.9902248 -0.1055307 -0.09120345 0.9902248 -0.1055307 -0.09120351 0.9902249 -0.1055307 -0.07267451 0.994418 -0.07649463 -0.1132824 0.9896596 -0.08798408 -0.08525794 0.9946359 -0.05857253 -0.1313374 0.9891512 -0.06580632 -0.09423714 0.9947863 -0.0389834 -0.1439235 0.988799 -0.03953194 -0.09943026 0.9948742 -0.01841294 -0.1500828 0.9886146 -0.010791 -0.1008017 0.994903 0.00268042 -0.14929 0.9886167 0.01869934 -0.09830713 0.9948757 0.02362239 -0.1416236 0.9887989 0.04711198 -0.09203684 0.9947857 0.04393965 -0.1276895 0.9891528 0.07260972 -0.08205443 0.9946361 0.06297814 -0.1084896 0.9896499 0.09393179 -0.06853175 0.9944099 0.08032697 -0.08543193 0.9902731 0.1098208 -0.0517022 0.9941051 0.09529954 -0.06009989 0.9909549 0.1199852 -0.03180819 0.9936953 0.1075077 -0.1198573 -0.2650377 -0.9567598 -0.9149895 -0.2650123 0.3042414 -0.9149932 -0.2650057 0.3042356 -0.9149898 -0.2650117 0.3042408 -0.9149936 -0.2650052 0.3042352 -0.9486406 -0.02418738 0.3154299 -0.8688877 -0.02419006 0.4944179 -0.8688887 -0.02417832 0.4944165 -0.8689011 -0.024046 0.4944016 -0.8481407 0.2185148 0.4826063 -0.7376945 0.2185203 0.6387924 -0.7376913 0.2185261 0.6387942 -0.7376556 0.2185899 0.6388134 -0.6758419 0.4480517 0.5852243 -0.548689 0.448041 0.7058326 -0.5486891 0.4480416 0.7058322 -0.5486898 0.4480478 0.7058277 -0.4655566 0.6516063 0.5988876 -0.3397285 0.6515692 0.6782641 -0.3397319 0.651573 0.6782587 -0.3397677 0.6516133 0.6782022 -0.2586759 0.8163573 0.5163792 -0.1529697 0.816365 0.5569097 -0.1529691 0.8163657 0.5569091 -0.1529627 0.8163712 0.5569028 -0.09574407 0.9323769 0.3485777 -0.8380827 -0.264978 0.4768692 -0.8380756 -0.2650212 0.4768576 -0.838082 -0.2649816 0.4768682 -0.8380751 -0.2650246 0.4768566 -0.8689022 -0.0240342 0.4944003 -0.7557469 -0.02402573 0.6544231 -0.755746 -0.02403068 0.654424 -0.7557353 -0.02408647 0.6544342 -0.7376525 0.2185955 0.6388151 -0.5989027 0.2185919 0.7704111 -0.598902 0.218577 0.7704158 -0.5988941 0.2184129 0.7704685 -0.5486899 0.4480484 0.7058273 -0.4004063 0.4480618 0.7993219 -0.400406 0.448069 0.799318 -0.4004018 0.4481465 0.7992767 -0.3397708 0.6516168 0.6781972 -0.2009187 0.6515772 0.7314909 -0.2009195 0.6515768 0.731491 -0.200928 0.6515722 0.7314928 -0.1529622 0.8163716 0.5569022 -0.7289032 -0.265024 0.6312388 -0.728914 -0.2650095 0.6312325 -0.7289041 -0.2650228 0.6312383 -0.7289149 -0.2650083 0.631232 -0.7557344 -0.02409148 0.6544351 -0.6135317 -0.02410113 0.7893023 -0.6135342 -0.02408707 0.7893007 -0.6133971 -0.02436393 0.7893989 -0.5988934 0.2183985 0.7704731 -0.4370831 0.2184 0.8725021 -0.4370822 0.21841 0.8725 -0.4370728 0.2185209 0.8724769 -0.4004015 0.4481533 0.7992731 -0.2367672 0.4481398 0.8620395 -0.236769 0.4481542 0.8620315 -0.2367889 0.4483092 0.8619455 -0.2009287 0.6515718 0.7314929 -0.591758 -0.2649994 0.7613133 -0.5917776 -0.2650618 0.7612764 -0.5917597 -0.2650046 0.7613102 -0.5917791 -0.2650668 0.7612733 -0.6135656 -0.02391535 0.7892815 -0.447795 -0.02393823 0.8938158 -0.4477933 -0.02394646 0.8938164 -0.4477741 -0.02403914 0.8938236 -0.437072 0.2185307 0.872475 -0.258484 0.2184916 0.9409822 -0.2584822 0.2184727 0.9409871 -0.2584623 0.2182644 0.9410409 -0.2367907 0.4483227 0.8619379 -0.431877 -0.2650611 0.8621049 -0.4318655 -0.2650703 0.8621078 -0.431876 -0.2650619 0.8621052 -0.4318646 -0.2650711 0.8621081 -0.4477724 -0.02404737 0.8938242 -0.2647757 -0.02403783 0.9640105 -0.2647774 -0.02403116 0.9640102 -0.2647967 -0.02395647 0.9640067 -0.2584605 0.2182461 0.9410457 -0.2553949 -0.2650583 0.9297944 -0.255393 -0.2650024 0.9298108 -0.2553948 -0.2650537 0.9297958 -0.2553929 -0.2649978 0.9298123 -0.2647984 -0.0239498 0.9640064 -0.1619133 0.9323723 0.3232122 -0.2218542 0.9323745 0.2854098 -0.221855 0.9323741 0.2854103 -0.2218647 0.9323699 0.2854164 -0.3543601 0.8164303 0.4559283 -0.4365113 0.816476 0.3779217 -0.4365185 0.8164677 0.3779314 -0.4365993 0.8163737 0.3780412 -0.5734159 0.6516098 0.4965872 -0.6592662 0.6516341 0.3751546 -0.6592608 0.6516417 0.3751513 -0.6591981 0.6517277 0.3751118 -0.7770053 0.4480782 0.4421413 -0.8483431 0.4480727 0.2820367 -0.8483443 0.4480698 0.2820379 -0.8483574 0.4480359 0.2820526 -0.9259867 0.218575 0.3078533 -0.9682514 0.2185813 0.1212912 -0.9682557 0.2185605 0.1212945 -0.9683042 0.2183242 0.1213328 -0.9919609 -0.02392351 0.1242631 -0.9971451 -0.02391546 -0.07162272 -0.9971451 -0.02392238 -0.07162111 -0.9971445 -0.0240001 -0.07160323 -0.2218657 0.9323695 0.285417 -0.2732809 0.9323706 0.2366487 -0.273279 0.9323712 0.2366486 -0.2732579 0.9323778 0.2366472 -0.4366072 0.8163644 0.378052 -0.5019658 0.8163545 0.2856498 -0.5019705 0.8163517 0.2856495 -0.502023 0.8163209 0.2856454 -0.6591922 0.651736 0.375108 -0.7197044 0.6517395 0.2392929 -0.7197132 0.6517297 0.2392937 -0.7198126 0.6516168 0.2393022 -0.8483586 0.4480327 0.282054 -0.8870742 0.4480414 0.1111686 -0.8870714 0.4480474 0.1111655 -0.8870408 0.4481172 0.1111295 -0.9683085 0.2183027 0.1213363 -0.9733738 0.2183059 -0.06990158 -0.97337 0.2183219 -0.06990343 -0.9733277 0.2185032 -0.06992477 -0.9971444 -0.02400702 -0.07160162 -0.9640008 -0.02400577 -0.264814 -0.9640013 -0.02402234 -0.26481 -0.9640092 -0.02420878 -0.2647649 -0.2732558 0.9323785 0.2366471 -0.3141679 0.9323802 0.1787898 -0.3141673 0.9323807 0.1787875 -0.314162 0.9323874 0.1787626 -0.5020281 0.8163178 0.2856449 -0.548105 0.8163095 0.182263 -0.5480988 0.8163149 0.1822578 -0.5480275 0.8163756 0.1822 -0.7198221 0.651606 0.239303 -0.7526902 0.6515848 0.09431314 -0.7526935 0.6515807 0.09431403 -0.752732 0.6515348 0.09432411 -0.8870379 0.4481236 0.1111261 -0.8916801 0.4481108 -0.06405812 -0.8916773 0.4481163 -0.06405854 -0.891645 0.4481799 -0.06406301 -0.973324 0.2185197 -0.06992667 -0.940984 0.2185158 -0.2584573 -0.9409822 0.2185221 -0.2584581 -0.9409628 0.218594 -0.2584682 -0.9640099 -0.02422535 -0.2647609 -0.8938274 -0.02421605 -0.4477567 -0.8937636 -0.02373993 -0.4479098 -0.8938236 -0.02390277 -0.4477815 -0.3141615 0.9323881 0.17876 -0.3430088 0.9323846 0.1140362 -0.3430126 0.9323826 0.11404 -0.3430551 0.9323617 0.1140823 -0.5480206 0.8163815 0.1821943 -0.5730305 0.8163827 0.07180213 -0.5730227 0.8163883 0.07179981 -0.5729346 0.8164525 0.07177376 -0.7527356 0.6515304 0.09432506 -0.7566674 0.6515355 -0.05436873 -0.7566695 0.6515331 -0.05436837 -0.7566924 0.651507 -0.05436462 -0.891642 0.4481858 -0.06406337 -0.8620212 0.4481776 -0.2367627 -0.8620252 0.4481693 -0.2367635 -0.8620718 0.4480746 -0.2367728 -0.9409611 0.2186005 -0.2584691 -0.872453 0.2185854 -0.4370884 -0.872457 0.2185694 -0.4370883 -0.8725032 0.2183878 -0.4370869 -0.8938233 -0.0238772 -0.4477835 -0.7892929 -0.02389466 -0.6135518 -0.7892934 -0.0239169 -0.6135504 -0.7892984 -0.02416616 -0.6135342 -0.3430594 0.9323597 0.1140866 -0.3587183 0.9323631 0.04494822 -0.3587182 0.9323632 0.0449478 -0.3587174 0.9323637 0.04494309 -0.5729259 0.8164588 0.0717712 -0.5759193 0.8164591 -0.04137182 -0.575927 0.8164536 -0.041372 -0.5760133 0.8163927 -0.04137372 -0.7566944 0.6515045 -0.05436426 -0.7315464 0.6515122 -0.2009274 -0.7315358 0.6515241 -0.2009274 -0.7314156 0.6516588 -0.2009282 -0.8620761 0.4480659 -0.2367736 -0.7993206 0.4480828 -0.4003855 -0.7993192 0.4480829 -0.4003884 -0.7993019 0.448084 -0.4004215 -0.8725075 0.2183713 -0.4370869 -0.7704939 0.2183647 -0.598879 -0.7704879 0.2183865 -0.5988789 -0.7704187 0.2186347 -0.5988773 -0.7892989 -0.02418833 -0.6135327 -0.6544057 -0.02418226 -0.7557569 -0.6544067 -0.02416002 -0.7557567 -0.654417 -0.02391111 -0.7557557 -0.3587173 0.9323638 0.04494261 -0.360598 0.9323618 -0.0258972 -0.3605958 0.9323626 -0.0258975 -0.3605718 0.9323718 -0.02590024 -0.5760218 0.8163868 -0.0413739 -0.5568786 0.8163867 -0.1529679 -0.5568788 0.8163862 -0.1529692 -0.5568813 0.8163819 -0.1529835 -0.7314041 0.6516716 -0.2009282 -0.6781688 0.6516635 -0.3397379 -0.6781693 0.6516626 -0.3397386 -0.6781752 0.6516522 -0.3397467 -0.7993003 0.4480841 -0.4004245 -0.705812 0.4480935 -0.5486727 -0.7058106 0.4480934 -0.5486745 -0.7057956 0.4480917 -0.5486953 -0.7704124 0.2186571 -0.5988771 -0.6387676 0.218629 -0.7376838 -0.6388686 0.2181283 -0.7377445 -0.6388489 0.2182083 -0.737738 -0.6544179 -0.02388894 -0.7557557 -0.4944313 -0.02391582 -0.8688876 -0.4944309 -0.02393209 -0.8688874 -0.4944256 -0.0241149 -0.8688855 -0.3605694 0.9323728 -0.02590054 -0.3485832 0.9323742 -0.0957514 -0.3485817 0.9323746 -0.095752 -0.3485661 0.9323799 -0.09575843 -0.5568816 0.8163814 -0.1529849 -0.5163422 0.8163817 -0.2586731 -0.5163432 0.8163816 -0.2586711 -0.5163549 0.8163813 -0.2586489 -0.6781758 0.6516512 -0.3397475 -0.5988754 0.6516631 -0.4654927 -0.5988743 0.6516606 -0.4654976 -0.5988618 0.6516328 -0.4655527 -0.7057942 0.4480915 -0.5486972 -0.5852309 0.4481266 -0.6757866 -0.5852292 0.4481298 -0.675786 -0.5852093 0.4481667 -0.6757786 -0.6388556 0.2181733 -0.7377424 -0.4826748 0.2182262 -0.8481759 -0.4826716 0.2182358 -0.8481754 -0.4826338 0.2183446 -0.8481688 -0.4944252 -0.02413117 -0.8688853 -0.3154296 -0.02413207 -0.9486422 -0.3154274 -0.02411514 -0.9486433 -0.3154038 -0.02392542 -0.948656 -0.3485645 0.9323803 -0.09575909 -0.3231947 0.932381 -0.161898 -0.3231983 0.9323791 -0.1619017 -0.3232383 0.9323582 -0.1619427 -0.5163561 0.8163813 -0.2586467 -0.4559581 0.8163809 -0.3544352 -0.4559623 0.8163776 -0.3544376 -0.4560085 0.81634 -0.3544648 -0.5988606 0.6516302 -0.465558 -0.4965864 0.6516515 -0.5733694 -0.4965797 0.6516525 -0.5733739 -0.4965035 0.6516647 -0.573426 -0.5852074 0.4481701 -0.675778 -0.4421421 0.4481917 -0.7769394 -0.4421378 0.4481945 -0.7769402 -0.4420889 0.4482262 -0.7769498 -0.4826304 0.2183544 -0.8481683 -0.3078765 0.2183629 -0.926029 -0.3078755 0.2183683 -0.9260281 -0.3078647 0.2184287 -0.9260174 -0.3154016 -0.02390855 -0.9486571 -0.3232423 0.9323559 -0.1619469 -0.2854321 0.9323611 -0.2218816 -0.2854334 0.9323602 -0.2218833 -0.285448 0.9323514 -0.221902 -0.4560131 0.8163363 -0.3544675 -0.3780903 0.8163251 -0.4366475 -0.3780903 0.8163268 -0.4366443 -0.3780909 0.8163462 -0.4366075 -0.4964963 0.6516659 -0.573431 -0.3751378 0.6516814 -0.6592292 -0.37514 0.6516721 -0.6592371 -0.3751661 0.6515663 -0.6593268 -0.4420843 0.4482291 -0.7769507 -0.2820403 0.4482727 -0.8482363 -0.2820396 0.4482633 -0.8482415 -0.2820317 0.4481561 -0.8483008 -0.3078637 0.2184343 -0.9260165 -0.2854495 0.9323505 -0.2219039 -0.2366709 0.9323719 -0.2732577 -0.2366669 0.9323721 -0.27326 -0.2366238 0.9323757 -0.2732853 -0.3780909 0.8163482 -0.436604 -0.2856397 0.8163545 -0.5019717 -0.2856374 0.8163583 -0.5019665 -0.2856119 0.8164023 -0.5019096 -0.3751686 0.6515562 -0.6593354 -0.2393332 0.6515853 -0.7198308 -0.2393338 0.6515827 -0.7198328 -0.2393406 0.6515532 -0.7198573 -0.2820309 0.4481462 -0.8483064 -0.2366195 0.9323761 -0.2732878 -0.1787754 0.932377 -0.3141856 -0.1787761 0.9323757 -0.3141887 -0.1787839 0.9323625 -0.3142238 -0.2856094 0.8164066 -0.501904 -0.1822013 0.816411 -0.5479744 -0.1822007 0.8164103 -0.5479756 -0.1821939 0.8164021 -0.54799 -0.2393412 0.6515504 -0.7198596 -0.1787847 0.9323612 -0.3142274 -0.1140571 0.9323655 -0.3430532 -0.1140578 0.9323647 -0.3430553 -0.114066 0.9323555 -0.3430778 -0.1821933 0.8164013 -0.5479914 -0.1140668 0.9323545 -0.3430801</float_array>
          <technique_common>
            <accessor source="#wheel_loader_v1_072-mesh-normals-array" count="12303" stride="3">
              <param name="X" type="float"/>
              <param name="Y" type="float"/>
              <param name="Z" type="float"/>
            </accessor>
          </technique_common>
        </source>
        <vertices id="wheel_loader_v1_072-mesh-vertices">
          <input semantic="POSITION" source="#wheel_loader_v1_072-mesh-positions"/>
        </vertices>
        <triangles material="silver-material" count="2900">
          <input semantic="VERTEX" source="#wheel_loader_v1_072-mesh-vertices" offset="0"/>
          <input semantic="NORMAL" source="#wheel_loader_v1_072-mesh-normals" offset="1"/>
          <p>135 312 136 313 137 314 137 314 136 313 138 315 137 314 138 315 139 316 139 317 138 317 140 317 140 318 138 319 141 320 141 320 138 319 142 321 141 322 142 323 143 324 143 324 142 323 144 325 143 326 144 327 145 328 145 328 144 327 146 329 145 330 146 331 147 332 147 332 146 331 148 333 147 334 148 335 149 336 149 336 148 335 150 337 149 338 150 339 151 340 151 340 150 339 152 341 151 342 152 343 153 344 153 344 152 343 154 345 153 346 154 347 155 348 155 348 154 347 156 349 155 350 156 351 157 352 157 352 156 351 158 353 157 354 158 355 159 356 159 356 158 355 160 357 159 358 160 359 161 360 161 360 160 359 162 361 161 362 162 363 163 364 163 364 162 363 164 365 163 364 164 365 165 366 165 367 164 367 166 367 166 368 164 369 167 370 167 370 164 369 168 371 167 372 168 373 169 374 169 374 168 373 170 375 169 376 170 377 171 378 171 378 170 377 172 379 171 380 172 381 173 382 173 382 172 381 174 383 173 384 174 385 175 386 175 386 174 385 176 387 175 388 176 389 177 389 177 389 176 389 178 390 177 391 178 392 179 393 179 393 178 392 180 394 179 395 180 396 181 397 181 397 180 396 182 398 181 399 182 400 183 401 183 401 182 400 184 402 183 403 184 404 185 405 185 405 184 404 186 406 185 407 186 408 135 409 135 409 186 408 136 410 142 321 138 319 136 410 142 321 136 410 186 408 144 325 142 323 186 406 144 325 186 406 184 404 146 329 144 327 184 402 146 329 184 402 182 400 148 333 146 331 182 398 148 333 182 398 180 396 150 337 148 335 180 394 150 337 180 394 178 392 152 341 150 339 178 390 152 341 178 390 176 389 154 345 152 343 176 387 154 345 176 387 174 385 156 349 154 347 174 383 156 349 174 383 172 381 158 353 156 351 172 379 158 353 172 379 170 377 160 357 158 355 170 375 160 357 170 375 168 373 162 361 160 359 168 371 162 361 168 371 164 369 273 533 163 533 274 533 274 534 163 535 165 536 274 534 165 536 275 537 275 537 165 536 276 538 275 539 276 540 277 539 277 539 276 540 278 541 277 542 278 543 279 544 279 544 278 543 280 545 279 546 280 547 281 548 281 548 280 547 282 549 281 550 282 551 283 552 283 552 282 551 284 553 283 554 284 555 285 556 285 556 284 555 286 557 285 558 286 559 287 560 287 560 286 559 288 561 287 562 288 563 289 564 289 564 288 563 290 565 289 566 290 567 291 568 291 568 290 567 292 569 291 570 292 571 293 572 293 572 292 571 294 573 293 574 294 575 295 576 295 576 294 575 296 577 295 578 296 579 297 580 297 580 296 579 298 581 297 582 298 582 137 582 137 583 139 584 297 585 297 585 139 584 299 586 297 580 299 587 295 578 295 578 299 587 300 588 295 576 300 589 293 574 293 574 300 589 301 590 293 572 301 591 291 570 291 570 301 591 302 591 291 568 302 592 289 566 289 566 302 592 303 593 289 564 303 594 287 562 287 562 303 594 304 595 287 560 304 596 285 558 285 558 304 596 305 597 285 556 305 598 283 554 283 554 305 598 306 599 283 552 306 600 281 550 281 550 306 600 307 601 281 548 307 602 279 546 279 546 307 602 308 603 279 544 308 604 277 542 277 542 308 604 309 605 277 539 309 606 275 539 275 539 309 606 274 607 139 584 310 608 299 586 299 587 310 609 300 588 310 609 311 610 300 588 300 589 311 611 301 590 311 611 312 612 301 590 301 591 312 613 302 591 312 613 313 614 302 591 302 592 313 615 303 593 313 615 314 616 303 593 303 594 314 617 304 595 314 617 315 618 304 595 304 596 315 619 305 597 315 619 316 620 305 597 305 598 316 621 306 599 316 621 317 622 306 599 306 600 317 623 307 601 317 623 318 624 307 601 307 602 318 625 308 603 318 625 319 626 308 603 308 604 319 627 309 605 319 627 320 628 309 605 309 606 320 629 274 607 320 629 273 630 274 607 321 631 322 632 165 633 322 632 323 634 165 633 322 632 324 635 323 634 324 635 322 632 325 636 322 632 326 637 325 636 322 632 327 638 326 637 327 638 322 632 328 639 322 632 329 640 328 639 322 632 330 641 329 640 322 632 331 642 330 641 331 642 332 643 330 641 331 642 333 644 332 643 333 644 334 645 332 643 333 644 335 646 334 645 335 646 336 647 334 645 335 646 337 648 336 647 337 648 338 649 336 647 339 650 322 632 340 651 322 632 341 652 340 651 322 632 342 653 341 652 339 650 340 651 343 654 342 653 322 632 344 655 322 632 321 631 344 655 1593 4029 1594 4030 1595 4031 1595 4031 1594 4030 1596 4032 1595 4033 1596 4033 1597 4033 1597 4034 1596 4034 1598 4034 1597 4035 1598 4035 1599 4035 1599 4036 1598 4036 1600 4036 1599 4037 1600 4037 1601 4037 1601 4038 1600 4038 1602 4038 1601 4039 1602 4039 1603 4039 1603 4040 1602 4040 1604 4040 1603 4041 1604 4041 1605 4041 1605 4042 1604 4042 1606 4042 1605 4043 1606 4044 1607 4045 1607 4046 1606 4046 1608 4046 1607 4047 1608 4047 1609 4047 1609 4048 1608 4048 1610 4048 1609 4049 1610 4049 1611 4049 1611 4050 1610 4050 1612 4050 1611 4051 1612 4052 1613 4053 1613 4054 1612 4054 1614 4054 1613 4055 1614 4055 1615 4055 1615 4056 1614 4056 1616 4056 1615 4057 1616 4057 1617 4057 1617 4058 1616 4058 1618 4058 1617 4059 1618 4059 1619 4059 1619 4060 1618 4060 1620 4060 1619 4061 1620 4061 1621 4061 1621 4062 1620 4062 1622 4062 1621 4063 1622 4063 1623 4063 1623 4064 1622 4065 1624 4066 1623 4064 1624 4066 1625 4067 1623 4068 1625 4069 1626 4070 1626 4070 1625 4069 1627 4071 1626 4072 1627 4073 1628 4074 1628 4074 1627 4073 1629 4075 1628 4076 1629 4077 1630 4078 1630 4078 1629 4077 1631 4079 1630 4080 1631 4081 1632 4082 1632 4082 1631 4081 1633 4083 1632 4084 1633 4085 1634 4086 1634 4086 1633 4085 1635 4087 1634 4088 1635 4089 1636 4090 1637 4091 1638 4092 1636 4093 1636 4093 1638 4092 1639 4094 1636 4090 1639 4095 1634 4088 1634 4096 1639 4097 1640 4098 1634 4099 1640 4100 1641 4101 1641 4102 1640 4103 1642 4104 1641 4105 1642 4106 1643 4107 1643 4108 1642 4109 1644 4110 1643 4111 1644 4112 1645 4113 1645 4114 1644 4115 1646 4116 1645 4117 1646 4118 1647 4119 1647 4120 1646 4121 1648 4122 1647 4123 1648 4124 1613 4125 1613 4126 1648 4127 1611 4128 1639 4129 1638 4130 1649 4131 1649 4131 1638 4130 1650 4132 1649 4133 1650 4134 1651 4135 1651 4135 1650 4134 1652 4136 1651 4137 1652 4138 1653 4139 1653 4139 1652 4138 1654 4140 1653 4141 1654 4142 1655 4143 1655 4143 1654 4142 1656 4144 1655 4145 1656 4146 1657 4147 1657 4147 1656 4146 1658 4148 1657 4149 1658 4150 1659 4151 1659 4151 1658 4150 1660 4152 1659 4153 1660 4154 1661 4155 1661 4155 1660 4154 1662 4156 1661 4157 1662 4158 1663 4159 1661 4157 1663 4159 1664 4160 1664 4161 1663 4162 1665 4163 1664 4161 1665 4163 1666 4164 1666 4165 1665 4166 1667 4167 1666 4165 1667 4167 1668 4168 1668 4169 1667 4170 1669 4171 1668 4169 1669 4171 1670 4172 1670 4173 1669 4174 1671 4175 1670 4173 1671 4175 1672 4176 1672 4177 1671 4178 1673 4179 1672 4177 1673 4179 1674 4180 1674 4181 1673 4182 1675 4183 1674 4181 1675 4183 1676 4184 1676 4185 1675 4186 1677 4187 1676 4185 1677 4187 1678 4188 1676 4189 1678 4190 1679 4191 1679 4191 1678 4190 1680 4192 1679 4193 1680 4194 1681 4195 1681 4195 1680 4194 1682 4196 1681 4197 1682 4198 1683 4199 1683 4199 1682 4198 1684 4200 1683 4201 1684 4202 1685 4203 1685 4203 1684 4202 1686 4204 1685 4205 1686 4206 1687 4207 1687 4207 1686 4206 1688 4208 1687 4209 1688 4210 1595 4211 1595 4211 1688 4210 1593 4212 1687 4213 1595 4214 1689 4215 1689 4215 1595 4214 1597 4216 1689 4217 1597 4218 1690 4219 1690 4219 1597 4218 1599 4220 1690 4221 1599 4222 1691 4223 1691 4223 1599 4222 1601 4224 1691 4225 1601 4226 1692 4227 1692 4227 1601 4226 1603 4228 1692 4229 1603 4230 1693 4231 1693 4231 1603 4230 1605 4232 1693 4233 1605 4234 1694 4235 1694 4235 1605 4234 1607 4236 1694 4237 1607 4238 1695 4239 1695 4239 1607 4238 1609 4240 1695 4241 1609 4242 1696 4243 1696 4243 1609 4242 1611 4244 1696 4245 1611 4128 1648 4127 1685 4246 1687 4247 1697 4248 1697 4248 1687 4247 1689 4249 1697 4250 1689 4251 1698 4252 1698 4252 1689 4251 1690 4253 1698 4254 1690 4255 1699 4256 1699 4256 1690 4255 1691 4257 1699 4258 1691 4259 1700 4260 1700 4260 1691 4259 1692 4261 1700 4262 1692 4263 1701 4264 1701 4264 1692 4263 1693 4265 1701 4266 1693 4267 1702 4268 1702 4268 1693 4267 1694 4269 1702 4270 1694 4271 1703 4272 1703 4272 1694 4271 1695 4273 1703 4274 1695 4275 1704 4276 1704 4276 1695 4275 1696 4277 1704 4278 1696 4279 1705 4280 1705 4280 1696 4279 1648 4281 1705 4282 1648 4122 1646 4121 1683 4283 1685 4284 1706 4285 1706 4285 1685 4284 1697 4286 1706 4287 1697 4288 1707 4289 1707 4289 1697 4288 1698 4290 1707 4291 1698 4292 1708 4293 1708 4293 1698 4292 1699 4294 1708 4295 1699 4296 1709 4297 1709 4297 1699 4296 1700 4298 1709 4299 1700 4300 1710 4301 1710 4301 1700 4300 1701 4302 1710 4303 1701 4304 1711 4305 1711 4305 1701 4304 1702 4306 1711 4307 1702 4308 1712 4309 1712 4309 1702 4308 1703 4310 1712 4311 1703 4312 1713 4313 1713 4313 1703 4312 1704 4314 1713 4315 1704 4316 1714 4317 1714 4317 1704 4316 1705 4318 1714 4319 1705 4320 1715 4321 1715 4321 1705 4320 1646 4322 1715 4323 1646 4116 1644 4115 1681 4324 1683 4325 1716 4326 1716 4326 1683 4325 1706 4327 1716 4328 1706 4329 1717 4330 1717 4330 1706 4329 1707 4331 1717 4332 1707 4333 1718 4334 1718 4334 1707 4333 1708 4335 1718 4336 1708 4337 1719 4338 1719 4338 1708 4337 1709 4339 1719 4340 1709 4341 1720 4342 1720 4342 1709 4341 1710 4343 1720 4344 1710 4345 1721 4346 1721 4346 1710 4345 1711 4347 1721 4348 1711 4349 1722 4350 1722 4350 1711 4349 1712 4351 1722 4352 1712 4353 1723 4354 1723 4354 1712 4353 1713 4355 1723 4356 1713 4357 1724 4358 1724 4358 1713 4357 1714 4359 1724 4360 1714 4361 1725 4362 1725 4362 1714 4361 1715 4363 1725 4364 1715 4365 1726 4366 1726 4366 1715 4365 1644 4367 1726 4368 1644 4110 1642 4109 1674 4369 1676 4370 1679 4371 1679 4372 1681 4373 1727 4374 1727 4374 1681 4373 1716 4375 1727 4376 1716 4377 1728 4378 1728 4378 1716 4377 1717 4379 1728 4380 1717 4381 1729 4382 1729 4382 1717 4381 1718 4383 1729 4384 1718 4385 1730 4386 1730 4386 1718 4385 1719 4387 1730 4388 1719 4389 1731 4390 1731 4390 1719 4389 1720 4391 1731 4392 1720 4393 1732 4394 1732 4394 1720 4393 1721 4395 1732 4396 1721 4397 1733 4398 1733 4398 1721 4397 1722 4399 1733 4400 1722 4401 1734 4402 1734 4402 1722 4401 1723 4403 1734 4404 1723 4405 1735 4406 1735 4406 1723 4405 1724 4407 1735 4408 1724 4409 1736 4410 1736 4410 1724 4409 1725 4411 1736 4412 1725 4413 1737 4414 1737 4414 1725 4413 1726 4415 1737 4416 1726 4417 1738 4418 1738 4418 1726 4417 1642 4419 1738 4420 1642 4104 1640 4103 1672 4421 1674 4422 1727 4423 1727 4424 1674 4369 1679 4371 1672 4421 1727 4423 1728 4425 1670 4426 1672 4427 1728 4428 1670 4426 1728 4428 1729 4429 1668 4430 1670 4431 1729 4432 1668 4430 1729 4432 1730 4433 1666 4434 1668 4435 1730 4436 1666 4434 1730 4436 1731 4437 1664 4438 1666 4439 1731 4440 1664 4438 1731 4440 1732 4441 1661 4442 1664 4443 1732 4444 1661 4442 1732 4444 1733 4445 1659 4446 1661 4447 1733 4448 1659 4446 1733 4448 1734 4449 1657 4450 1659 4451 1734 4452 1657 4450 1734 4452 1735 4453 1655 4454 1657 4455 1735 4456 1655 4454 1735 4456 1736 4457 1613 4125 1615 4458 1647 4123 1647 4459 1615 4460 1739 4461 1647 4119 1739 4462 1645 4117 1645 4463 1739 4464 1740 4465 1645 4113 1740 4466 1643 4111 1643 4467 1740 4468 1741 4469 1643 4107 1741 4470 1641 4105 1641 4471 1741 4472 1632 4473 1641 4101 1632 4474 1634 4099 1653 4475 1655 4476 1736 4477 1653 4475 1736 4477 1737 4478 1615 4460 1617 4479 1739 4461 1739 4480 1617 4481 1742 4482 1739 4464 1742 4483 1740 4465 1740 4484 1742 4485 1743 4486 1740 4468 1743 4487 1741 4469 1741 4488 1743 4489 1630 4490 1741 4472 1630 4491 1632 4473 1651 4492 1653 4493 1737 4494 1651 4492 1737 4494 1738 4495 1617 4481 1619 4496 1742 4482 1742 4497 1619 4498 1744 4499 1742 4485 1744 4500 1743 4486 1743 4501 1744 4502 1628 4503 1743 4489 1628 4504 1630 4490 1649 4505 1651 4506 1738 4507 1649 4505 1738 4507 1640 4508 1619 4498 1621 4509 1744 4499 1744 4510 1621 4511 1626 4512 1744 4502 1626 4513 1628 4503 1623 4514 1626 4512 1621 4511 1639 4097 1649 4515 1640 4098 1745 4516 1746 4517 1747 4518 1747 4518 1746 4517 1748 4519 1747 4520 1748 4521 1749 4522 1749 4522 1748 4521 1750 4523 1749 4524 1750 4525 1751 4526 1751 4526 1750 4525 1752 4527 1751 4528 1752 4529 1753 4530 1753 4530 1752 4529 1754 4531 1753 4532 1754 4533 1755 4534 1755 4534 1754 4533 1756 4535 1755 4536 1756 4537 1757 4538 1757 4538 1756 4537 1758 4539 1757 4540 1758 4541 1759 4542 1759 4542 1758 4541 1760 4543 1759 4544 1760 4545 1761 4546 1759 4544 1761 4546 1762 4547 1762 4548 1761 4549 1763 4550 1762 4548 1763 4550 1764 4551 1764 4552 1763 4553 1765 4554 1764 4552 1765 4554 1766 4555 1766 4556 1765 4557 1767 4558 1766 4556 1767 4558 1768 4559 1768 4560 1767 4561 1769 4562 1768 4560 1769 4562 1770 4563 1768 4564 1770 4565 1771 4566 1771 4566 1770 4565 1772 4567 1771 4568 1772 4569 1773 4570 1773 4570 1772 4569 1774 4571 1773 4572 1774 4573 1775 4574 1775 4574 1774 4573 1776 4575 1775 4576 1776 4577 1777 4578 1777 4578 1776 4577 1778 4579 1777 4580 1778 4580 1779 4580 1779 4581 1778 4581 1780 4581 1779 4582 1781 4582 1777 4582 1777 4583 1781 4583 1782 4583 1777 4584 1782 4585 1783 4586 1783 4587 1782 4588 1784 4589 1783 4590 1784 4591 1785 4592 1785 4593 1784 4594 1786 4595 1785 4596 1786 4597 1787 4598 1787 4599 1786 4600 1788 4601 1787 4602 1788 4603 1759 4604 1759 4605 1788 4606 1757 4607 1781 4608 1789 4608 1782 4608 1782 4609 1789 4609 1790 4609 1782 4588 1790 4610 1784 4589 1784 4611 1790 4612 1791 4613 1784 4594 1791 4614 1786 4595 1786 4615 1791 4616 1792 4617 1786 4600 1792 4618 1788 4601 1788 4619 1792 4620 1793 4621 1788 4606 1793 4622 1757 4607 1757 4623 1793 4624 1755 4625 1789 4626 1794 4627 1790 4628 1790 4629 1794 4629 1795 4629 1790 4612 1795 4630 1791 4613 1791 4631 1795 4632 1796 4633 1791 4616 1796 4634 1792 4617 1792 4635 1796 4636 1797 4637 1792 4620 1797 4638 1793 4621 1793 4639 1797 4640 1798 4641 1793 4624 1798 4642 1755 4625 1755 4643 1798 4644 1753 4645 1794 4646 1799 4646 1795 4646 1795 4647 1799 4647 1800 4647 1795 4632 1800 4648 1796 4633 1796 4649 1800 4650 1801 4651 1796 4636 1801 4652 1797 4637 1797 4653 1801 4654 1802 4655 1797 4640 1802 4656 1798 4641 1798 4657 1802 4658 1803 4659 1798 4644 1803 4660 1753 4645 1753 4661 1803 4662 1751 4663 1799 4664 1804 4664 1800 4664 1800 4665 1804 4665 1805 4665 1800 4650 1805 4666 1801 4651 1801 4667 1805 4668 1806 4669 1801 4654 1806 4670 1802 4655 1802 4671 1806 4672 1807 4673 1802 4658 1807 4674 1803 4659 1803 4675 1807 4676 1808 4677 1803 4662 1808 4678 1751 4663 1751 4679 1808 4680 1749 4681 1804 4682 1809 4682 1805 4682 1805 4683 1809 4683 1810 4683 1805 4668 1810 4684 1806 4669 1806 4685 1810 4686 1811 4687 1806 4672 1811 4688 1807 4673 1807 4689 1811 4690 1812 4691 1807 4676 1812 4692 1808 4677 1808 4693 1812 4694 1813 4695 1808 4680 1813 4696 1749 4681 1749 4697 1813 4698 1747 4699 1809 4700 1814 4700 1810 4700 1810 4701 1814 4701 1815 4701 1810 4686 1815 4702 1811 4687 1811 4703 1815 4704 1816 4705 1811 4690 1816 4706 1812 4691 1812 4707 1816 4708 1817 4709 1812 4694 1817 4710 1813 4695 1813 4711 1817 4712 1818 4713 1813 4698 1818 4714 1747 4699 1747 4715 1818 4716 1745 4717 1814 4718 1819 4718 1815 4718 1815 4719 1819 4719 1820 4719 1815 4704 1820 4720 1816 4705 1816 4721 1820 4722 1821 4723 1816 4708 1821 4724 1817 4709 1817 4725 1821 4726 1822 4727 1817 4712 1822 4728 1818 4713 1818 4729 1822 4730 1823 4731 1818 4716 1823 4732 1745 4717 1819 4733 1824 4734 1820 4735 1820 4736 1824 4736 1825 4736 1820 4722 1825 4737 1821 4723 1821 4738 1825 4739 1826 4740 1821 4726 1826 4741 1822 4727 1822 4742 1826 4743 1827 4744 1822 4742 1827 4744 1828 4745 1824 4746 1829 4746 1825 4746 1825 4747 1829 4747 1830 4747 1825 4739 1830 4748 1826 4740 1826 4749 1830 4750 1831 4751 1826 4749 1831 4751 1827 4752 1829 4753 1832 4753 1830 4753 1830 4754 1832 4754 1831 4754 1832 4755 1833 4755 1831 4755 1828 4756 1823 4731 1822 4730 1787 4602 1759 4604 1762 4757 1787 4758 1762 4759 1834 4760 1834 4760 1762 4759 1764 4761 1834 4762 1764 4763 1835 4764 1835 4764 1764 4763 1766 4765 1835 4766 1766 4767 1771 4768 1771 4768 1766 4767 1768 4769 1787 4598 1834 4770 1785 4596 1785 4771 1834 4772 1836 4773 1785 4592 1836 4774 1783 4590 1783 4775 1836 4776 1775 4777 1783 4586 1775 4778 1777 4584 1836 4773 1834 4772 1835 4779 1771 4780 1773 4781 1835 4782 1835 4782 1773 4781 1836 4783 1773 4784 1775 4777 1836 4776 1837 4785 1839 4786 1838 4786 1839 4786 1840 4785 1838 4786 1839 4787 1841 4788 1840 4789 1841 4788 1842 4790 1840 4789 1841 4791 1843 4792 1842 4793 1843 4792 1844 4794 1842 4793 1843 4795 1845 4796 1844 4796 1845 4796 1846 4795 1844 4796 1847 4797 1848 4798 1677 4799 1848 4798 1849 4800 1677 4799 1848 4801 1850 4801 1849 4801 1850 4802 1851 4802 1849 4802 1850 4803 1852 4803 1851 4803 1852 4804 1853 4804 1851 4804 1852 4805 1854 4805 1853 4805 1854 4806 1855 4806 1853 4806 1854 4807 1856 4807 1855 4807 1856 4808 1857 4808 1855 4808 1856 4809 1858 4809 1857 4809 1858 4810 1859 4810 1857 4810 1858 4811 1860 4811 1859 4811 1860 4812 1861 4812 1859 4812 1860 4813 1862 4813 1861 4813 1862 4814 1863 4814 1861 4814 1862 4815 1864 4815 1863 4815 1864 4816 1865 4816 1863 4816 1864 4817 1866 4817 1865 4817 1866 4818 1867 4818 1865 4818 1866 4819 1868 4819 1867 4819 1868 4820 1869 4820 1867 4820 1868 4821 1870 4821 1869 4821 1870 4822 1871 4822 1869 4822 1870 4823 1872 4823 1871 4823 1872 4824 1873 4824 1871 4824 1872 4825 1874 4825 1873 4825 1874 4826 1875 4826 1873 4826 1874 4827 1876 4827 1875 4827 1876 4828 1877 4828 1875 4828 1876 4829 1878 4829 1877 4829 1878 4830 1637 4831 1877 4832 1878 4830 1879 4833 1637 4831 1879 4834 1878 4835 1880 4836 1878 4835 1881 4837 1880 4836 1878 4838 1876 4839 1881 4840 1876 4839 1882 4841 1881 4840 1876 4842 1874 4843 1882 4844 1874 4843 1883 4845 1882 4844 1874 4846 1872 4847 1883 4848 1872 4847 1884 4849 1883 4848 1872 4850 1870 4851 1884 4852 1870 4851 1885 4853 1884 4852 1870 4854 1868 4855 1885 4856 1868 4855 1886 4857 1885 4856 1868 4858 1887 4858 1886 4858 1887 4859 1888 4859 1886 4859 1888 4860 1889 4860 1886 4860 1888 4861 1890 4861 1889 4861 1890 4862 1891 4862 1889 4862 1891 4863 1892 4863 1889 4863 1891 4864 1893 4864 1892 4864 1893 4865 1894 4865 1892 4865 1893 4866 1895 4867 1894 4868 1895 4867 1896 4869 1894 4868 1895 4870 1897 4870 1896 4870 1897 4871 1883 4872 1896 4873 1897 4871 1882 4874 1883 4872 1880 4875 1881 4876 1898 4877 1881 4876 1899 4878 1898 4877 1881 4879 1882 4880 1899 4881 1882 4880 1897 4882 1899 4881 1898 4883 1899 4883 1900 4883 1899 4884 1901 4884 1900 4884 1899 4885 1897 4885 1901 4885 1897 4886 1895 4886 1901 4886 1868 4887 1866 4887 1887 4887 1866 4888 1902 4889 1887 4890 1866 4888 1864 4891 1902 4889 1864 4892 1862 4893 1902 4894 1902 4894 1862 4893 1903 4895 1862 4896 1860 4897 1903 4898 1903 4898 1860 4897 1904 4899 1860 4900 1858 4900 1904 4900 1858 4901 1905 4901 1904 4901 1905 4902 1906 4902 1904 4902 1905 4903 1907 4903 1906 4903 1907 4904 1908 4904 1906 4904 1907 4905 1909 4905 1908 4905 1907 4906 1910 4906 1909 4906 1910 4907 1911 4907 1909 4907 1910 4908 1912 4908 1911 4908 1912 4909 1913 4910 1911 4911 1912 4909 1914 4912 1913 4910 1914 4913 1915 4913 1913 4913 1914 4914 1916 4915 1915 4916 1916 4917 1917 4918 1915 4919 1916 4920 1848 4921 1917 4922 1848 4923 1847 4924 1917 4925 1913 4926 1915 4926 1918 4926 1915 4927 1919 4927 1918 4927 1915 4919 1917 4918 1919 4928 1917 4929 1920 4930 1919 4931 1917 4925 1847 4924 1920 4932 1918 4933 1919 4933 1846 4933 1919 4934 1921 4934 1846 4934 1919 4931 1920 4930 1921 4935 1848 4921 1916 4920 1850 4936 1916 4937 1922 4938 1850 4939 1916 4915 1914 4914 1922 4940 1914 4941 1912 4942 1922 4943 1850 4939 1922 4938 1852 4944 1922 4945 1923 4946 1852 4947 1922 4943 1912 4942 1923 4948 1912 4949 1910 4950 1923 4951 1852 4947 1923 4946 1854 4952 1923 4953 1924 4954 1854 4955 1923 4951 1910 4950 1924 4956 1910 4957 1907 4958 1924 4959 1854 4955 1924 4954 1856 4960 1924 4961 1905 4962 1856 4963 1924 4959 1907 4958 1905 4964 1858 4965 1856 4963 1905 4962 1892 4966 1886 4967 1889 4968 1892 4966 1885 4969 1886 4967 1894 4970 1885 4971 1892 4972 1894 4970 1884 4973 1885 4971 1896 4974 1884 4975 1894 4976 1896 4974 1883 4977 1884 4975 1832 4978 1925 4978 1833 4978 1833 4979 1925 4979 1926 4979 1833 4980 1926 4980 1927 4980 1832 4981 1829 4981 1925 4981 1925 4982 1829 4983 1928 4984 1925 4982 1928 4984 1929 4985 1929 4986 1928 4986 1930 4986 1930 4987 1928 4988 1931 4989 1930 4990 1931 4990 1932 4990 1932 4991 1931 4992 1933 4993 1932 4994 1933 4994 1934 4994 1934 4995 1933 4996 1935 4997 1934 4998 1935 4998 1936 4998 1936 4999 1935 5000 1937 5001 1936 5002 1937 5002 1938 5002 1938 5003 1937 5004 1939 5005 1938 5006 1939 5006 1940 5006 1940 5007 1939 5008 1941 5009 1940 5010 1941 5010 1942 5010 1942 5011 1941 5012 1943 5013 1942 5014 1943 5014 1944 5014 1944 5015 1943 5016 1945 5017 1944 5018 1945 5018 1946 5018 1946 5019 1945 5020 1947 5021 1946 5022 1947 5022 1948 5022 1948 5023 1947 5023 1949 5023 1949 5024 1947 5024 1779 5024 1949 5025 1779 5025 1780 5025 1829 5026 1824 5026 1928 5026 1928 4988 1824 5027 1931 4989 1824 4734 1819 4733 1931 5028 1931 4992 1819 5029 1933 4993 1819 5030 1814 5030 1933 5030 1933 4996 1814 5031 1935 4997 1814 5032 1809 5032 1935 5032 1935 5000 1809 5033 1937 5001 1809 5034 1804 5034 1937 5034 1937 5004 1804 5035 1939 5005 1804 5036 1799 5036 1939 5036 1939 5008 1799 5037 1941 5009 1799 5038 1794 5038 1941 5038 1941 5012 1794 5039 1943 5013 1794 4627 1789 4626 1943 5040 1943 5016 1789 5041 1945 5017 1789 5042 1781 5042 1945 5042 1945 5020 1781 5043 1947 5021 1781 5044 1779 5044 1947 5044 1929 5045 1926 5045 1925 5045 1950 5046 1769 5047 1951 5048 1769 5047 1746 5049 1951 5048 1769 5047 1767 5050 1746 5049 1767 5050 1748 5051 1746 5049 1767 5050 1765 5052 1748 5051 1765 5052 1750 5053 1748 5051 1765 5052 1763 5054 1750 5053 1763 5054 1752 5055 1750 5053 1763 5054 1761 5056 1752 5055 1761 5056 1754 5057 1752 5055 1761 5056 1760 5058 1754 5057 1760 5058 1756 5059 1754 5057 1760 5058 1758 5060 1756 5059 1951 5048 1952 5061 1950 5046 1952 5061 1953 5062 1950 5046 1952 5061 1954 5063 1953 5062 1954 5063 1955 5064 1953 5062 1954 5063 1956 5065 1955 5064 1956 5065 1957 5066 1955 5064 1956 5065 1958 5067 1957 5066 1958 5067 1959 5068 1957 5066 1958 5067 1960 5069 1959 5068 1949 5070 1780 5070 1961 5070 1961 5071 1780 5071 1962 5071 1961 5072 1962 5072 1963 5072 1963 5073 1962 5074 1964 5075 1963 5076 1964 5076 1965 5076 1965 5077 1964 5078 1966 5079 1965 5080 1966 5080 1967 5080 1967 5081 1966 5082 1968 5083 1967 5084 1968 5084 1969 5084 1969 5085 1968 5086 1970 5087 1969 5088 1970 5088 1971 5088 1971 5089 1970 5090 1972 5091 1971 5092 1972 5092 1973 5092 1973 5093 1972 5094 1974 5095 1973 5096 1974 5096 1975 5096 1975 5097 1974 5098 1976 5099 1975 5100 1976 5100 1977 5100 1977 5101 1976 5102 1978 5103 1977 5104 1978 5104 1979 5104 1979 5105 1978 5106 1980 5107 1979 5108 1980 5108 1981 5108 1981 5109 1980 5110 1982 5111 1981 5112 1982 5112 1983 5112 1983 5113 1982 5113 1927 5113 1927 5114 1982 5114 1984 5114 1927 5115 1984 5115 1833 5115 1780 5116 1985 5116 1962 5116 1962 5117 1985 5117 1986 5117 1962 5074 1986 5118 1964 5075 1964 5119 1986 5119 1987 5119 1964 5078 1987 5120 1966 5079 1966 5121 1987 5122 1988 5123 1966 5082 1988 5124 1968 5083 1968 5125 1988 5125 1989 5125 1968 5086 1989 5126 1970 5087 1970 5127 1989 5127 1990 5127 1970 5090 1990 5128 1972 5091 1972 5129 1990 5129 1991 5129 1972 5094 1991 5130 1974 5095 1974 5131 1991 5131 1992 5131 1974 5098 1992 5132 1976 5099 1976 5133 1992 5133 1993 5133 1976 5102 1993 5134 1978 5103 1978 5135 1993 5136 1994 5137 1978 5106 1994 5138 1980 5107 1980 5139 1994 5139 1995 5139 1980 5110 1995 5140 1982 5111 1982 5141 1995 5141 1984 5141 1622 5142 1949 5143 1624 5144 1949 5143 1996 5145 1624 5144 1949 5143 1997 5146 1996 5145 1997 5146 1998 5147 1996 5145 1997 5146 1999 5148 1998 5147 1999 5148 2000 5149 1998 5147 1999 5148 2001 735 2000 5149 2001 735 2002 5150 2000 5149 2001 735 2003 5151 2002 5150 2003 5151 2004 5152 2002 5150 2003 5151 2005 5153 2004 5152 2005 5153 2006 5154 2004 5152 2005 5153 2007 735 2006 5154 2005 5153 2008 5155 2007 735 2008 5155 2009 5156 2007 735 2008 5155 2010 5157 2009 5156 2010 5157 2011 5158 2009 5156 2010 5157 2012 5159 2011 5158 2012 5159 2013 5160 2011 5158 2012 5159 2014 5161 2013 5160 2014 5161 2015 5162 2013 5160 2014 5161 2016 5163 2015 5162 2016 5163 2017 5164 2015 5162 2016 5163 2018 5165 2017 5164 2016 5163 2019 5166 2018 5165 2019 5166 2020 5167 2018 5165 2019 5166 2021 5168 2020 5167 2021 5168 1594 5169 2020 5167 2021 5168 2022 5170 1594 5169 2022 5170 1596 5171 1594 5169 2022 5170 2023 5172 1596 5171 2023 5172 1598 5173 1596 5171 2023 5172 2024 5174 1598 5173 2024 5174 1600 5175 1598 5173 2024 5174 1602 735 1600 5175 2024 5174 2025 735 1602 735 2025 735 1604 735 1602 735 2025 735 2026 735 1604 735 2026 735 1606 735 1604 735 2026 735 2027 735 1606 735 2027 735 1608 5176 1606 735 2027 735 2028 5177 1608 5176 2028 5177 1610 5178 1608 5176 2028 5177 2029 5179 1610 5178 2029 5179 1612 735 1610 5178 2029 5179 1614 5180 1612 735 2029 5179 2030 5181 1614 5180 2030 5181 1616 5182 1614 5180 2030 5181 2031 5183 1616 5182 2031 5183 1618 5184 1616 5182 2031 5183 2032 5185 1618 5184 2032 5185 1620 5186 1618 5184 2032 5185 2033 5187 1620 5186 2033 5187 1622 5142 1620 5186 2033 5187 1949 5143 1622 5142 1675 5188 2034 5189 1677 5190 2034 5189 1847 5191 1677 5190 2034 5192 1920 5193 1847 5194 2034 5192 2035 5195 1920 5193 2035 5196 1921 5197 1920 5198 2035 5196 2036 5199 1921 5197 2036 5200 1846 5200 1921 5200 2036 5201 1844 5201 1846 5201 2036 5202 2037 5202 1844 5202 2037 5203 1842 5203 1844 5203 2037 5204 2038 5204 1842 5204 2038 5205 2039 5206 1842 5207 2038 5208 2040 5209 2039 5210 2040 5211 2041 5212 2039 5213 2040 5214 2042 5215 2041 5216 2042 5217 2043 5218 2041 5219 2042 5220 1667 5220 2043 5220 1667 5221 1665 5221 2043 5221 1665 5222 2044 5222 2043 5222 1665 5223 1663 5223 2044 5223 1663 5224 2045 5224 2044 5224 1663 5225 1662 5225 2045 5225 1662 5226 2046 5226 2045 5226 1662 5227 1660 5227 2046 5227 1660 5228 2047 5228 2046 5228 1660 5229 1658 5229 2047 5229 1658 5230 2048 5230 2047 5230 1658 5231 1656 5231 2048 5231 1656 5232 2049 5232 2048 5232 1656 5233 1654 5233 2049 5233 1654 5234 2050 5234 2049 5234 1654 5235 1652 5235 2050 5235 1652 5236 2051 5236 2050 5236 1652 5237 1650 5237 2051 5237 1650 5238 2052 5238 2051 5238 1650 5239 1638 5239 2052 5239 1638 5240 2053 5240 2052 5240 1638 5241 1637 5242 2053 5243 1637 5242 1879 5244 2053 5243 1879 5245 2054 5246 2053 5247 1879 5245 1880 5248 2054 5246 1880 5249 2055 5250 2054 5251 1880 5249 1898 5252 2055 5250 1898 5253 1900 5253 2055 5253 1900 5254 2056 5254 2055 5254 2056 5255 2057 5255 2055 5255 2056 5256 2058 5256 2057 5256 2058 5257 2059 5257 2057 5257 2058 5258 2060 5259 2059 5260 2060 5261 2061 5262 2059 5263 2060 5261 2062 5264 2061 5262 2062 5265 2051 5266 2061 5267 2062 5265 2050 5268 2051 5266 1842 5207 2039 5206 1840 5269 2039 5270 2063 5270 1840 5270 2039 5213 2041 5212 2063 5271 2041 5272 2064 5273 2063 5274 2041 5219 2043 5218 2064 5275 2043 5276 2065 5276 2064 5276 2043 5277 2044 5277 2065 5277 2044 5278 2066 5278 2065 5278 2044 5279 2045 5279 2066 5279 2045 5280 2067 5281 2066 5282 2045 5280 2046 5283 2067 5281 2046 5284 2047 5285 2067 5286 1840 5287 2063 5287 1838 5287 2063 5288 2068 5288 1838 5288 2063 5274 2064 5273 2068 5289 2064 5290 2069 5290 2068 5290 2064 5291 2065 5291 2069 5291 1838 5292 2068 5292 2070 5292 2068 5293 2069 5293 2070 5293 2067 5286 2047 5285 2071 5294 2047 5295 2048 5295 2071 5295 2048 5296 2072 5296 2071 5296 2072 5297 2073 5297 2071 5297 2072 5298 2074 5298 2073 5298 2074 5299 2075 5299 2073 5299 2074 5300 2076 5300 2075 5300 2074 5301 2077 5301 2076 5301 2077 5302 2078 5302 2076 5302 2077 5303 2060 5303 2078 5303 2060 5259 2058 5258 2078 5304 1667 5305 2042 5305 1669 5305 2042 5306 2079 5306 1669 5306 2042 5215 2040 5214 2079 5307 2040 5308 2080 5309 2079 5310 2040 5209 2038 5208 2080 5311 2038 5312 2037 5313 2080 5314 1669 5315 2079 5315 1671 5315 2079 5316 2081 5316 1671 5316 2079 5310 2080 5309 2081 5317 2080 5318 2082 5319 2081 5320 2080 5314 2037 5313 2082 5321 2037 5322 2036 5323 2082 5324 1671 5325 2081 5325 1673 5325 2081 5326 2083 5326 1673 5326 2081 5320 2082 5319 2083 5327 2082 5328 2035 5329 2083 5330 2082 5324 2036 5323 2035 5331 1673 5332 2083 5332 1675 5332 2083 5333 2034 5333 1675 5333 2083 5330 2035 5329 2034 5334 2049 5335 2072 5336 2048 5337 2072 5338 2084 5339 2074 5340 2084 5339 2077 5341 2074 5340 2084 5342 2062 5343 2077 5344 2062 5343 2060 5345 2077 5344 2050 5346 2084 5347 2049 5348 2084 5349 2072 5336 2049 5335 2050 5346 2062 5350 2084 5347 2061 5351 2085 5352 2059 5353 2085 5352 2057 5354 2059 5353 2085 5355 2054 5356 2057 5357 2054 5356 2055 5358 2057 5357 2051 5359 2052 5360 2061 5361 2052 5360 2085 5362 2061 5361 2052 5363 2053 5364 2085 5365 2053 5364 2054 5366 2085 5365 2065 5367 1837 5368 2069 5369 1837 5368 2070 5370 2069 5369 1837 5368 1838 5371 2070 5370 1845 5372 2086 5372 1846 5373 2086 5372 1918 5373 1846 5373 2086 5374 2087 5375 1918 5375 2087 5375 1913 5374 1918 5375 2087 5376 2088 5377 1913 5378 2088 5377 1911 5379 1913 5378 2088 5380 2089 5381 1911 5381 2089 5381 1909 5380 1911 5381 1909 5382 2089 5383 1908 5384 2089 5383 1906 5385 1908 5384 2089 5383 1904 5386 1906 5385 1887 5387 2090 5388 1888 5389 2090 5388 1890 5390 1888 5389 2090 5388 1891 5391 1890 5390 1891 5392 2090 5393 1893 5394 2090 5393 2091 5395 1893 5394 2091 5396 1895 5396 1893 5397 2091 5396 2092 5397 1895 5396 2092 5398 2093 5399 1895 5400 2093 5399 1901 5401 1895 5400 2093 5402 2094 5402 1901 5402 2094 5402 1900 5402 1901 5402 2094 5403 2095 5404 1900 5404 2095 5404 2056 5403 1900 5404 2095 5405 2096 5406 2056 5406 2096 5406 2058 5405 2056 5406 2096 5407 2097 5408 2058 5409 2097 5408 2078 5410 2058 5409 2097 5411 2098 5412 2078 5412 2098 5412 2076 5411 2078 5412 2076 5413 2098 5414 2075 5415 2098 5414 2073 5416 2075 5415 2098 5414 2071 5417 2073 5416 2065 716 2066 5418 1837 5419 1837 5419 2066 5418 2098 5420 1837 5419 2098 5420 2089 5421 2089 5421 2098 5420 2090 5422 2089 5421 2090 5422 1902 5423 1902 5423 2090 5422 1887 5424 2066 5418 2067 716 2098 5420 2098 5420 2067 716 2071 716 2098 5420 2097 5425 2090 5422 2090 5422 2097 5425 2091 5426 2091 5426 2097 5425 2092 716 2092 716 2097 5425 2096 716 2092 716 2096 716 2093 716 2093 716 2096 716 2095 716 2093 716 2095 716 2094 716 1902 5423 1903 716 2089 5421 2089 5421 1903 716 1904 716 2089 5421 2088 5427 1837 5419 1837 5419 2088 5427 1839 5428 1839 5428 2088 5427 2087 5429 1839 5428 2087 5429 1841 5430 1841 5430 2087 5429 2086 5431 1841 5430 2086 5431 1843 5432 1843 5432 2086 5431 1845 716 1780 5433 1778 5433 1985 5433 1985 5434 1778 5434 2099 5434 1985 5435 2099 5435 1986 5435 1986 5436 2099 5436 2100 5436 1986 5437 2100 5437 1987 5437 1987 5438 2100 5438 2101 5438 1987 5122 2101 5439 1988 5123 1988 5440 2101 5440 2102 5440 1988 5441 2102 5441 1989 5441 1989 5442 2102 5442 2103 5442 1989 5443 2103 5443 1990 5443 1990 5444 2103 5444 2104 5444 1990 5445 2104 5445 1991 5445 1991 5446 2104 5446 2105 5446 1991 5447 2105 5447 1992 5447 1992 5448 2105 5448 2106 5448 1992 5449 2106 5449 1993 5449 1993 5450 2106 5450 2107 5450 1993 5136 2107 5451 1994 5137 1994 5452 2107 5452 2108 5452 1994 5453 2108 5453 1995 5453 1995 5454 2108 5454 2109 5454 1995 5455 2109 5455 1984 5455 1984 5456 2109 5456 1831 5456 1984 5457 1831 5457 1833 5457 2099 5458 1778 5459 2110 5460 2110 5460 1778 5459 1776 5461 2110 5462 1776 5463 2111 5464 2111 5464 1776 5463 1774 5465 2111 5466 1774 5467 1772 5468 2111 5466 1772 5468 2112 5469 2112 5470 1772 5471 1770 5472 2112 5470 1770 5472 2113 5473 2113 5474 1770 5475 1769 5476 2113 5474 1769 5476 1950 5477 2113 5478 1950 5479 2114 5480 2114 5480 1950 5479 1953 5481 2114 5482 1953 5483 2115 5484 2115 5484 1953 5483 1955 5485 2115 5486 1955 5487 2116 5488 2116 5488 1955 5487 1957 5489 2116 5490 1957 5491 2117 5492 2117 5492 1957 5491 1959 5493 2117 5494 1959 5495 2118 5496 2118 5496 1959 5495 1960 5497 2118 5498 1960 5499 2119 5500 2119 5500 1960 5499 1958 5501 2119 5502 1958 5503 1956 5504 2119 5502 1956 5504 2120 5505 2120 5506 1956 5507 1954 5508 2120 5506 1954 5508 2121 5509 2121 5510 1954 5511 1952 5512 2121 5510 1952 5512 2122 5513 2122 5514 1952 5515 1951 5516 2122 5514 1951 5516 2123 5517 2123 5518 1951 5519 1746 5520 2123 5518 1746 5520 1745 5521 2123 5522 1745 5523 2124 5524 2124 5524 1745 5523 1823 5525 2124 5526 1823 5527 2125 5528 2125 5528 1823 5527 1828 5529 2125 5530 1828 5531 2126 5532 2126 5532 1828 5531 1827 5533 2126 5534 1827 5535 2109 5536 2109 5536 1827 5535 1831 5537 2112 5538 2113 5539 2127 5540 2127 5540 2113 5539 2114 5541 2127 5542 2114 5543 2128 5544 2128 5544 2114 5543 2115 5545 2128 5546 2115 5547 2129 5548 2129 5548 2115 5547 2116 5549 2129 5550 2116 5551 2130 5552 2130 5552 2116 5551 2117 5553 2130 5554 2117 5555 2131 5556 2131 5556 2117 5555 2118 5557 2131 5558 2118 5559 2132 5560 2132 5560 2118 5559 2119 5561 2132 5562 2119 5563 2133 5564 2133 5564 2119 5563 2120 5565 2133 5566 2120 5567 2134 5568 2134 5568 2120 5567 2121 5569 2134 5570 2121 5571 2135 5572 2135 5572 2121 5571 2122 5573 2135 5574 2122 5575 2124 5576 2124 5576 2122 5575 2123 5577 2111 5578 2112 5579 2136 5580 2136 5580 2112 5579 2127 5581 2136 5582 2127 5583 2137 5584 2137 5584 2127 5583 2128 5585 2137 5586 2128 5587 2138 5588 2138 5588 2128 5587 2129 5589 2138 5590 2129 5591 2139 5592 2139 5592 2129 5591 2130 5593 2139 5594 2130 5595 2140 5596 2140 5596 2130 5595 2131 5597 2140 5598 2131 5599 2141 5600 2141 5600 2131 5599 2132 5601 2141 5602 2132 5603 2142 5604 2142 5604 2132 5603 2133 5605 2142 5606 2133 5607 2143 5608 2143 5608 2133 5607 2134 5609 2143 5610 2134 5611 2144 5612 2144 5612 2134 5611 2135 5613 2144 5614 2135 5615 2125 5616 2125 5616 2135 5615 2124 5617 2100 5618 2099 5619 2110 5620 2110 5621 2111 5622 2145 5623 2145 5623 2111 5622 2136 5624 2145 5625 2136 5626 2146 5627 2146 5627 2136 5626 2137 5628 2146 5629 2137 5630 2147 5631 2147 5631 2137 5630 2138 5632 2147 5633 2138 5634 2148 5635 2148 5635 2138 5634 2139 5636 2148 5637 2139 5638 2149 5639 2149 5639 2139 5638 2140 5640 2149 5641 2140 5642 2150 5643 2150 5643 2140 5642 2141 5644 2150 5645 2141 5646 2151 5647 2151 5647 2141 5646 2142 5648 2151 5649 2142 5650 2152 5651 2152 5651 2142 5650 2143 5652 2152 5653 2143 5654 2153 5655 2153 5655 2143 5654 2144 5656 2153 5657 2144 5658 2126 5659 2126 5659 2144 5658 2125 5660 2101 5661 2100 5662 2145 5663 2145 5664 2100 5618 2110 5620 2101 5661 2145 5663 2146 5665 2102 5666 2101 5667 2146 5668 2102 5666 2146 5668 2147 5669 2103 5670 2102 5671 2147 5672 2103 5670 2147 5672 2148 5673 2104 5674 2103 5675 2148 5676 2104 5674 2148 5676 2149 5677 2105 5678 2104 5679 2149 5680 2105 5678 2149 5680 2150 5681 2106 5682 2105 5683 2150 5684 2106 5682 2150 5684 2151 5685 2107 5686 2106 5687 2151 5688 2107 5686 2151 5688 2152 5689 2108 5690 2107 5691 2152 5692 2108 5690 2152 5692 2153 5693 2109 5694 2108 5695 2153 5696 2109 5694 2153 5696 2126 5697 1877 5698 1637 5699 2154 5700 2154 5700 1637 5699 1636 5701 2154 5702 1636 5703 2155 5704 2155 5704 1636 5703 1635 5705 2155 5706 1635 5707 2156 5708 2156 5708 1635 5707 1633 5709 2156 5710 1633 5711 2157 5712 2157 5712 1633 5711 1631 5713 2157 5714 1631 5715 2158 5716 2158 5716 1631 5715 1629 5717 2158 5718 1629 5719 2159 5720 2159 5720 1629 5719 1627 5721 2159 5722 1627 5723 2160 5724 2160 5724 1627 5723 1625 5725 2160 5726 1625 5727 1624 5728 1624 5728 1996 5729 2160 5726 2160 5730 1996 5730 2161 5730 2160 5731 2161 5732 2162 5733 2162 5734 2161 5735 2163 5736 2162 5737 2163 5738 2164 5739 2164 5740 2163 5741 2165 5742 2164 5743 2165 5744 2166 5745 2166 5746 2165 5747 2167 5748 2166 5749 2167 5750 2168 5751 2168 5752 2167 5753 2169 5754 2168 5755 2169 5756 2170 5757 2170 5758 2169 5759 2171 5760 2170 5761 2171 5762 2172 5763 2172 5764 2171 5765 2173 5766 2172 5767 2173 5768 1865 5769 1865 5769 2173 5768 1863 5770 1863 5771 2173 5772 1861 5773 1861 5773 2173 5772 2174 5774 1861 5775 2174 5776 1859 5777 1859 5777 2174 5776 2175 5778 1859 5779 2175 5780 1857 5781 1857 5781 2175 5780 2176 5782 1857 5783 2176 5784 1855 5785 1855 5785 2176 5784 2177 5786 1855 5787 2177 5788 1853 5789 1853 5789 2177 5788 2178 5790 1853 5791 2178 5792 1851 5793 1851 5793 2178 5792 2179 5794 1851 5795 2179 5796 1849 5797 1849 5797 2179 5796 2180 5798 1849 5799 2180 5800 1678 5801 1678 5802 2180 5803 2181 5804 1678 5802 2181 5804 1680 5805 1680 5806 2181 5807 1682 5808 1682 5808 2181 5807 2182 5809 1682 5810 2182 5811 1684 5812 1684 5812 2182 5811 2183 5813 1684 5814 2183 5815 1686 5816 1686 5816 2183 5815 2184 5817 1686 5818 2184 5819 1688 5820 1688 5820 2184 5819 2185 5821 1688 5822 2185 5823 1593 5824 1593 5824 2185 5823 2186 5825 1593 5826 2186 5827 1594 5828 1594 5828 2186 5827 2020 5829 2020 5830 2186 5830 2187 5830 2020 5831 2187 5831 2018 5831 2018 5832 2187 5832 2188 5832 2018 5833 2188 5833 2017 5833 2017 5834 2188 5834 2189 5834 2017 5835 2189 5835 2015 5835 2015 5836 2189 5836 2190 5836 2015 5837 2190 5837 2013 5837 2013 5838 2190 5838 2191 5838 2013 5839 2191 5839 2011 5839 2011 5840 2191 5840 2192 5840 2011 5841 2192 5841 2009 5841 2009 5842 2192 5842 2193 5842 2009 5843 2193 5843 2007 5843 2007 5844 2193 5845 2194 5846 2007 5847 2194 5847 2006 5847 2006 5848 2194 5848 2195 5848 2006 5849 2195 5849 2004 5849 2004 5850 2195 5850 2196 5850 2004 5851 2196 5851 2002 5851 2002 5852 2196 5852 2197 5852 2002 5853 2197 5853 2000 5853 2000 5854 2197 5854 2198 5854 2000 5855 2198 5855 1998 5855 1998 5856 2198 5856 2161 5856 1998 5857 2161 5857 1996 5857 1678 5801 1677 5858 1849 5799 1865 5859 1867 5860 2172 5861 2172 5861 1867 5860 2199 5862 2172 5763 2199 5863 2170 5761 2170 5864 2199 5865 2200 5866 2170 5757 2200 5867 2168 5755 2168 5868 2200 5869 2201 5870 2168 5751 2201 5871 2166 5749 2166 5872 2201 5873 2202 5874 2166 5745 2202 5875 2164 5743 2164 5876 2202 5877 2203 5878 2164 5739 2203 5879 2162 5737 2162 5880 2203 5881 2159 5882 2162 5733 2159 5883 2160 5731 1867 5884 1869 5885 2199 5886 2199 5886 1869 5885 2204 5887 2199 5865 2204 5888 2200 5866 2200 5889 2204 5890 2205 5891 2200 5869 2205 5892 2201 5870 2201 5893 2205 5894 2206 5895 2201 5873 2206 5896 2202 5874 2202 5897 2206 5898 2207 5899 2202 5877 2207 5900 2203 5878 2203 5901 2207 5902 2158 5903 2203 5881 2158 5904 2159 5882 1869 5905 1871 5906 2204 5907 2204 5907 1871 5906 2208 5908 2204 5890 2208 5909 2205 5891 2205 5910 2208 5911 2209 5912 2205 5894 2209 5913 2206 5895 2206 5914 2209 5915 2210 5916 2206 5898 2210 5917 2207 5899 2207 5918 2210 5919 2157 5920 2207 5902 2157 5921 2158 5903 1871 5922 1873 5923 2208 5924 2208 5924 1873 5923 2211 5925 2208 5911 2211 5926 2209 5912 2209 5927 2211 5928 2212 5929 2209 5915 2212 5930 2210 5916 2210 5931 2212 5932 2156 5933 2210 5919 2156 5934 2157 5920 1873 5935 1875 5936 2211 5937 2211 5937 1875 5936 2213 5938 2211 5928 2213 5939 2212 5929 2212 5940 2213 5941 2155 5942 2212 5932 2155 5943 2156 5933 1875 5944 1877 5945 2213 5946 2213 5946 1877 5945 2154 5947 2213 5941 2154 5948 2155 5942 2161 5735 2198 5949 2163 5736 2163 5950 2198 5951 2214 5952 2163 5741 2214 5953 2165 5742 2165 5954 2214 5955 2215 5956 2165 5747 2215 5957 2167 5748 2167 5958 2215 5959 2216 5960 2167 5753 2216 5961 2169 5754 2169 5962 2216 5963 2217 5964 2169 5759 2217 5965 2171 5760 2171 5966 2217 5967 2218 5968 2171 5765 2218 5969 2173 5766 2173 5970 2218 5971 2174 5972 2198 5951 2197 5973 2214 5952 2214 5974 2197 5975 2219 5976 2214 5955 2219 5977 2215 5956 2215 5978 2219 5979 2220 5980 2215 5959 2220 5981 2216 5960 2216 5982 2220 5983 2221 5984 2216 5963 2221 5985 2217 5964 2217 5986 2221 5987 2222 5988 2217 5967 2222 5989 2218 5968 2218 5990 2222 5991 2223 5992 2218 5971 2223 5993 2174 5972 2174 5994 2223 5995 2175 5996 2197 5975 2196 5997 2219 5976 2219 5998 2196 5999 2224 6000 2219 5979 2224 6001 2220 5980 2220 6002 2224 6003 2225 6004 2220 5983 2225 6005 2221 5984 2221 6006 2225 6007 2226 6008 2221 5987 2226 6009 2222 5988 2222 6010 2226 6011 2227 6012 2222 5991 2227 6013 2223 5992 2223 6014 2227 6015 2228 6016 2223 5995 2228 6017 2175 5996 2175 6018 2228 6019 2176 6020 2196 5999 2195 6021 2224 6000 2224 6022 2195 6023 2229 6024 2224 6003 2229 6025 2225 6004 2225 6026 2229 6027 2230 6028 2225 6007 2230 6029 2226 6008 2226 6030 2230 6031 2231 6032 2226 6011 2231 6033 2227 6012 2227 6034 2231 6035 2232 6036 2227 6015 2232 6037 2228 6016 2228 6038 2232 6039 2233 6040 2228 6019 2233 6041 2176 6020 2176 6042 2233 6043 2177 6044 2195 6023 2194 6045 2229 6024 2229 6046 2194 6047 2234 6048 2229 6027 2234 6049 2230 6028 2230 6050 2234 6051 2235 6052 2230 6031 2235 6053 2231 6032 2231 6054 2235 6055 2236 6056 2231 6035 2236 6057 2232 6036 2232 6058 2236 6059 2237 6060 2232 6039 2237 6061 2233 6040 2233 6062 2237 6063 2238 6064 2233 6043 2238 6065 2177 6044 2177 6066 2238 6067 2178 6068 2194 6047 2193 6069 2234 6048 2234 6070 2193 6071 2239 6072 2234 6051 2239 6073 2235 6052 2235 6074 2239 6075 2240 6076 2235 6055 2240 6077 2236 6056 2236 6078 2240 6079 2241 6080 2236 6059 2241 6081 2237 6060 2237 6082 2241 6083 2242 6084 2237 6063 2242 6085 2238 6064 2238 6086 2242 6087 2243 6088 2238 6067 2243 6089 2178 6068 2178 6090 2243 6091 2179 6092 2193 6071 2192 6093 2239 6072 2239 6094 2192 6095 2244 6096 2239 6075 2244 6097 2240 6076 2240 6098 2244 6099 2245 6100 2240 6079 2245 6101 2241 6080 2241 6102 2245 6103 2246 6104 2241 6083 2246 6105 2242 6084 2242 6106 2246 6107 2247 6108 2242 6087 2247 6109 2243 6088 2243 6110 2247 6111 2248 6112 2243 6091 2248 6113 2179 6092 2179 6114 2248 6115 2180 6116 2192 6095 2191 6117 2244 6096 2244 6118 2191 6119 2249 6120 2244 6099 2249 6121 2245 6100 2245 6122 2249 6123 2250 6124 2245 6103 2250 6125 2246 6104 2246 6126 2250 6127 2251 6128 2246 6107 2251 6129 2247 6108 2247 6130 2251 6131 2252 6132 2247 6111 2252 6133 2248 6112 2248 6134 2252 6135 2181 6136 2248 6115 2181 6137 2180 6116 2191 6119 2190 6138 2249 6120 2249 6139 2190 6140 2253 6141 2249 6123 2253 6142 2250 6124 2250 6143 2253 6144 2254 6145 2250 6127 2254 6146 2251 6128 2251 6147 2254 6148 2255 6149 2251 6131 2255 6150 2252 6132 2252 6151 2255 6152 2182 6153 2252 6135 2182 6154 2181 6136 2190 6140 2189 6155 2253 6141 2253 6156 2189 6157 2256 6158 2253 6144 2256 6159 2254 6145 2254 6160 2256 6161 2257 6162 2254 6148 2257 6163 2255 6149 2255 6164 2257 6165 2183 6166 2255 6152 2183 6167 2182 6153 2189 6157 2188 6168 2256 6158 2256 6169 2188 6170 2258 6171 2256 6161 2258 6172 2257 6162 2257 6173 2258 6174 2184 6175 2257 6165 2184 6176 2183 6166 2188 6170 2187 6177 2258 6171 2258 6178 2187 6179 2185 6180 2258 6174 2185 6181 2184 6175 2186 6182 2185 6180 2187 6179 2394 6479 2395 6480 2396 6481 2396 6481 2395 6480 2397 6482 2396 6481 2397 6482 2398 6483 2398 6484 2397 6484 2399 6484 2399 6485 2397 6486 2400 6487 2400 6487 2397 6486 2401 6488 2400 6489 2401 6490 2402 6491 2402 6491 2401 6490 2403 6492 2402 6493 2403 6494 2404 6495 2404 6495 2403 6494 2405 6496 2404 6497 2405 6498 2406 6499 2406 6499 2405 6498 2407 6500 2406 6501 2407 6502 2408 6503 2408 6503 2407 6502 2409 6504 2408 6505 2409 6506 2410 6507 2410 6507 2409 6506 2411 6508 2410 6509 2411 6510 2412 6511 2412 6511 2411 6510 2413 6512 2412 6513 2413 6514 2414 6515 2414 6515 2413 6514 2415 6516 2414 6517 2415 6518 2416 6519 2416 6519 2415 6518 2417 6520 2416 354 2417 6521 2418 6522 2418 6522 2417 6521 2419 6523 2418 6524 2419 6525 2420 6526 2420 6526 2419 6525 2421 6527 2420 6528 2421 6529 2422 6530 2422 6530 2421 6529 2423 6531 2422 6530 2423 6531 2424 6532 2424 6533 2423 6533 2425 6533 2425 6534 2423 6535 2426 6536 2426 6536 2423 6535 2427 6537 2426 6538 2427 6539 2428 6540 2428 6540 2427 6539 2429 6541 2428 6542 2429 6543 2430 6544 2430 6544 2429 6543 2431 6545 2430 6546 2431 6547 2432 6548 2432 6548 2431 6547 2433 6549 2432 6550 2433 6551 2434 6552 2434 6552 2433 6551 2435 6553 2434 388 2435 6554 2436 389 2436 389 2435 6554 2437 6554 2436 6555 2437 6556 2438 6557 2438 6557 2437 6556 2439 6558 2438 6559 2439 6560 2440 6561 2440 6561 2439 6560 2441 6562 2440 6563 2441 6564 2442 6565 2442 6565 2441 6564 2443 6566 2442 6567 2443 6568 2444 6569 2444 6569 2443 6568 2445 6570 2444 6571 2445 6572 2394 6573 2394 6573 2445 6572 2395 6574 2401 6488 2397 6486 2395 6574 2401 6488 2395 6574 2445 6572 2403 6492 2401 6490 2445 6570 2403 6492 2445 6570 2443 6568 2405 6496 2403 6494 2443 6566 2405 6496 2443 6566 2441 6564 2407 6500 2405 6498 2441 6562 2407 6500 2441 6562 2439 6560 2409 6504 2407 6502 2439 6558 2409 6504 2439 6558 2437 6556 2411 6508 2409 6506 2437 6554 2411 6508 2437 6554 2435 6554 2413 6512 2411 6510 2435 6553 2413 6512 2435 6553 2433 6551 2415 6516 2413 6514 2433 6549 2415 6516 2433 6549 2431 6547 2417 6520 2415 6518 2431 6545 2417 6520 2431 6545 2429 6543 2419 6523 2417 6521 2429 6541 2419 6523 2429 6541 2427 6539 2421 6527 2419 6525 2427 6537 2421 6527 2427 6537 2423 6535 2532 6671 2422 6671 2533 6671 2533 6672 2422 6673 2424 6674 2533 6672 2424 6674 2534 6675 2534 6675 2424 6674 2535 6676 2534 6677 2535 6678 2536 6679 2536 6679 2535 6678 2537 6680 2536 6681 2537 6682 2538 6683 2538 6683 2537 6682 2539 6684 2538 6685 2539 6686 2540 6687 2540 6687 2539 6686 2541 6688 2540 6689 2541 6690 2542 6691 2542 6691 2541 6690 2543 6692 2542 6693 2543 6694 2544 6695 2544 6695 2543 6694 2545 6696 2544 6697 2545 6698 2546 6699 2546 6699 2545 6698 2547 6700 2546 6701 2547 6702 2548 6703 2548 6703 2547 6702 2549 6704 2548 6705 2549 6706 2550 6707 2550 6707 2549 6706 2551 6708 2550 6709 2551 6710 2552 6711 2552 6711 2551 6710 2553 6712 2552 6713 2553 6714 2554 6715 2554 6715 2553 6714 2555 6716 2554 6717 2555 6718 2556 6719 2556 6719 2555 6718 2557 6720 2556 6721 2557 6721 2396 6721 2396 6722 2398 6723 2556 6724 2556 6724 2398 6723 2558 6725 2556 6719 2558 6726 2554 6717 2554 6717 2558 6726 2559 6727 2554 6715 2559 6728 2552 6713 2552 6713 2559 6728 2560 6729 2552 6711 2560 6730 2550 6709 2550 6709 2560 6730 2561 6731 2550 6707 2561 6732 2548 6705 2548 6705 2561 6732 2562 6733 2548 6703 2562 6734 2546 6701 2546 6701 2562 6734 2563 6735 2546 6699 2563 6736 2544 6697 2544 6697 2563 6736 2564 6737 2544 6695 2564 6738 2542 6693 2542 6693 2564 6738 2565 6739 2542 6691 2565 6740 2540 6689 2540 6689 2565 6740 2566 6741 2540 6687 2566 6742 2538 6685 2538 6685 2566 6742 2567 6743 2538 6683 2567 6744 2536 6681 2536 6681 2567 6744 2568 6745 2536 6679 2568 6746 2534 6677 2534 6677 2568 6746 2533 6747 2398 6723 2569 6748 2558 6725 2558 6726 2569 6749 2559 6727 2569 6749 2570 6750 2559 6727 2559 6728 2570 6751 2560 6729 2570 6751 2571 6752 2560 6729 2560 6730 2571 6753 2561 6731 2571 6753 2572 6754 2561 6731 2561 6732 2572 6755 2562 6733 2572 6755 2573 6756 2562 6733 2562 6734 2573 6757 2563 6735 2573 6757 2574 6758 2563 6735 2563 6736 2574 6759 2564 6737 2574 6759 2575 6760 2564 6737 2564 6738 2575 6761 2565 6739 2575 6761 2576 6762 2565 6739 2565 6740 2576 6763 2566 6741 2576 6763 2577 6764 2566 6741 2566 6742 2577 6765 2567 6743 2577 6765 2578 6766 2567 6743 2567 6744 2578 6767 2568 6745 2578 6767 2579 6768 2568 6745 2568 6746 2579 6769 2533 6747 2579 6769 2532 6770 2533 6747 2580 6771 2581 6772 2424 6773 2581 6772 2582 6774 2424 6773 2581 6772 2583 6775 2582 6774 2583 6775 2581 6772 2584 6776 2581 6772 2585 6777 2584 6776 2581 6772 2586 6778 2585 6777 2586 6778 2581 6772 2587 6779 2581 6772 2588 6780 2587 6779 2581 6772 2589 6781 2588 6780 2581 6772 2590 6782 2589 6781 2590 6782 2591 6783 2589 6781 2590 6782 2592 6784 2591 6783 2592 6784 2593 6785 2591 6783 2592 6784 2594 6786 2593 6785 2594 6786 2595 6787 2593 6785 2594 6786 2596 6788 2595 6787 2596 6788 2597 6789 2595 6787 2598 6790 2581 6772 2599 6791 2581 6772 2600 6792 2599 6791 2581 6772 2601 6793 2600 6792 2598 6790 2599 6791 2602 6794 2601 6793 2581 6772 2603 6795 2581 6772 2580 6771 2603 6795 3852 10152 3853 10153 3854 10154 3854 10154 3853 10153 3855 10155 3854 10156 3855 10156 3856 10156 3856 10157 3855 10157 3857 10157 3856 10158 3857 10158 3858 10158 3858 10159 3857 10159 3859 10159 3858 10160 3859 10160 3860 10160 3860 10161 3859 10161 3861 10161 3860 10162 3861 10162 3862 10162 3862 10163 3861 10163 3863 10163 3862 10164 3863 10164 3864 10164 3864 10165 3863 10165 3865 10165 3864 10166 3865 10166 3866 10166 3866 10167 3865 10167 3867 10167 3866 10168 3867 10168 3868 10168 3868 10169 3867 10169 3869 10169 3868 10170 3869 10170 3870 10170 3870 10171 3869 10171 3871 10171 3870 10172 3871 10172 3872 10172 3872 10173 3871 10173 3873 10173 3872 10174 3873 10174 3874 10174 3874 10175 3873 10175 3875 10175 3874 10176 3875 10176 3876 10176 3876 10177 3875 10177 3877 10177 3876 10178 3877 10178 3878 10178 3878 10179 3877 10179 3879 10179 3878 10180 3879 10180 3880 10180 3880 10181 3879 10181 3881 10181 3880 10182 3881 10182 3882 10182 3882 10183 3881 10184 3883 10185 3882 10183 3883 10185 3884 10186 3882 10187 3884 10188 3885 10189 3885 10189 3884 10188 3886 10190 3885 10191 3886 10192 3887 10193 3887 10193 3886 10192 3888 10194 3887 10195 3888 10196 3889 10197 3889 10197 3888 10196 3890 10198 3889 10199 3890 10200 3891 10201 3891 10201 3890 10200 3892 10202 3891 10203 3892 10204 3893 10205 3893 10205 3892 10204 3894 10206 3893 10207 3894 10208 3895 10209 3896 10210 3897 10211 3895 10212 3895 10212 3897 10211 3898 10213 3895 10209 3898 10214 3893 10207 3893 10215 3898 10216 3899 10217 3893 10218 3899 10219 3900 10220 3900 10221 3899 10222 3901 10223 3900 10224 3901 10225 3902 10226 3902 10227 3901 10228 3903 10229 3902 10230 3903 10231 3904 10232 3904 10233 3903 10234 3905 10235 3904 10236 3905 10237 3906 10238 3906 10239 3905 10240 3907 10241 3906 10242 3907 10243 3872 10244 3872 10245 3907 10246 3870 10247 3898 10248 3897 10249 3908 10250 3908 10250 3897 10249 3909 10251 3908 10252 3909 10253 3910 10254 3910 10254 3909 10253 3911 10255 3910 10256 3911 10257 3912 10258 3912 10258 3911 10257 3913 10259 3912 10260 3913 10261 3914 10262 3914 10262 3913 10261 3915 10263 3914 10264 3915 10265 3916 10266 3916 10266 3915 10265 3917 10267 3916 10268 3917 10269 3918 10270 3918 10270 3917 10269 3919 10271 3918 10272 3919 10273 3920 10274 3920 10274 3919 10273 3921 10275 3920 10276 3921 10277 3922 10278 3920 10276 3922 10278 3923 10279 3923 10280 3922 10281 3924 10282 3923 10280 3924 10282 3925 10283 3925 10284 3924 10285 3926 10286 3925 10284 3926 10286 3927 10287 3927 10288 3926 10289 3928 10290 3927 10288 3928 10290 3929 10291 3929 10292 3928 10293 3930 10294 3929 10292 3930 10294 3931 10295 3931 10296 3930 10297 3932 10298 3931 10296 3932 10298 3933 10299 3933 10300 3932 10301 3934 10302 3933 10300 3934 10302 3935 10303 3935 10304 3934 10305 3936 10306 3935 10304 3936 10306 3937 10307 3935 10308 3937 10309 3938 10310 3938 10310 3937 10309 3939 10311 3938 10312 3939 10313 3940 10314 3940 10314 3939 10313 3941 10315 3940 10316 3941 10317 3942 10318 3942 10318 3941 10317 3943 10319 3942 10320 3943 10321 3944 10322 3944 10322 3943 10321 3945 10323 3944 10324 3945 10325 3946 10326 3946 10326 3945 10325 3947 10327 3946 10328 3947 10329 3854 10330 3854 10330 3947 10329 3852 10331 3946 10332 3854 10333 3948 10334 3948 10334 3854 10333 3856 10335 3948 10336 3856 10337 3949 10338 3949 10338 3856 10337 3858 10339 3949 10340 3858 10341 3950 10342 3950 10342 3858 10341 3860 10343 3950 10344 3860 10345 3951 10346 3951 10346 3860 10345 3862 10347 3951 10348 3862 10349 3952 10350 3952 10350 3862 10349 3864 10351 3952 10352 3864 10353 3953 10354 3953 10354 3864 10353 3866 10355 3953 10356 3866 10357 3954 10358 3954 10358 3866 10357 3868 10359 3954 10360 3868 10361 3955 10362 3955 10362 3868 10361 3870 10363 3955 10364 3870 10247 3907 10246 3944 10365 3946 10366 3956 10367 3956 10367 3946 10366 3948 10368 3956 10369 3948 10370 3957 10371 3957 10371 3948 10370 3949 10372 3957 10373 3949 10374 3958 10375 3958 10375 3949 10374 3950 10376 3958 10377 3950 10378 3959 10379 3959 10379 3950 10378 3951 10380 3959 10381 3951 10382 3960 10383 3960 10383 3951 10382 3952 10384 3960 10385 3952 10386 3961 10387 3961 10387 3952 10386 3953 10388 3961 10389 3953 10390 3962 10391 3962 10391 3953 10390 3954 10392 3962 10393 3954 10394 3963 10395 3963 10395 3954 10394 3955 10396 3963 10397 3955 10398 3964 10399 3964 10399 3955 10398 3907 10400 3964 10401 3907 10241 3905 10240 3942 10402 3944 10403 3965 10404 3965 10404 3944 10403 3956 10405 3965 10406 3956 10407 3966 10408 3966 10408 3956 10407 3957 10409 3966 10410 3957 10411 3967 10412 3967 10412 3957 10411 3958 10413 3967 10414 3958 10415 3968 10416 3968 10416 3958 10415 3959 10417 3968 10418 3959 10419 3969 10420 3969 10420 3959 10419 3960 10421 3969 10422 3960 10423 3970 10424 3970 10424 3960 10423 3961 10425 3970 10426 3961 10427 3971 10428 3971 10428 3961 10427 3962 10429 3971 10430 3962 10431 3972 10432 3972 10432 3962 10431 3963 10433 3972 10434 3963 10435 3973 10436 3973 10436 3963 10435 3964 10437 3973 10438 3964 10439 3974 10440 3974 10440 3964 10439 3905 10441 3974 10442 3905 10235 3903 10234 3940 10443 3942 10444 3975 10445 3975 10445 3942 10444 3965 10446 3975 10447 3965 10448 3976 10449 3976 10449 3965 10448 3966 10450 3976 10451 3966 10452 3977 10453 3977 10453 3966 10452 3967 10454 3977 10455 3967 10456 3978 10457 3978 10457 3967 10456 3968 10458 3978 10459 3968 10460 3979 10461 3979 10461 3968 10460 3969 10462 3979 10463 3969 10464 3980 10465 3980 10465 3969 10464 3970 10466 3980 10467 3970 10468 3981 10469 3981 10469 3970 10468 3971 10470 3981 10471 3971 10472 3982 10473 3982 10473 3971 10472 3972 10474 3982 10475 3972 10476 3983 10477 3983 10477 3972 10476 3973 10478 3983 10479 3973 10480 3984 10481 3984 10481 3973 10480 3974 10482 3984 10483 3974 10484 3985 10485 3985 10485 3974 10484 3903 10486 3985 10487 3903 10229 3901 10228 3933 10488 3935 10489 3938 10490 3938 10491 3940 10492 3986 10493 3986 10493 3940 10492 3975 10494 3986 10495 3975 10496 3987 10497 3987 10497 3975 10496 3976 10498 3987 10499 3976 10500 3988 10501 3988 10501 3976 10500 3977 10502 3988 10503 3977 10504 3989 10505 3989 10505 3977 10504 3978 10506 3989 10507 3978 10508 3990 10509 3990 10509 3978 10508 3979 10510 3990 10511 3979 10512 3991 10513 3991 10513 3979 10512 3980 10514 3991 10515 3980 10516 3992 10517 3992 10517 3980 10516 3981 10518 3992 10519 3981 10520 3993 10521 3993 10521 3981 10520 3982 10522 3993 10523 3982 10524 3994 10525 3994 10525 3982 10524 3983 10526 3994 10527 3983 10528 3995 10529 3995 10529 3983 10528 3984 10530 3995 10531 3984 10532 3996 10533 3996 10533 3984 10532 3985 10534 3996 10535 3985 10536 3997 10537 3997 10537 3985 10536 3901 10538 3997 10539 3901 10223 3899 10222 3931 10540 3933 10541 3986 10542 3986 10543 3933 10488 3938 10490 3931 10540 3986 10542 3987 10544 3929 10545 3931 10546 3987 10547 3929 10545 3987 10547 3988 10548 3927 10549 3929 10550 3988 10551 3927 10549 3988 10551 3989 10552 3925 10553 3927 10554 3989 10555 3925 10553 3989 10555 3990 10556 3923 10557 3925 10558 3990 10559 3923 10557 3990 10559 3991 10560 3920 10561 3923 10562 3991 10563 3920 10561 3991 10563 3992 10564 3918 10565 3920 10566 3992 10567 3918 10565 3992 10567 3993 10568 3916 10569 3918 10570 3993 10571 3916 10569 3993 10571 3994 10572 3914 10573 3916 10574 3994 10575 3914 10573 3994 10575 3995 10576 3872 10244 3874 10577 3906 10242 3906 10578 3874 10579 3998 10580 3906 10238 3998 10581 3904 10236 3904 10582 3998 10583 3999 10584 3904 10232 3999 10585 3902 10230 3902 10586 3999 10587 4000 10588 3902 10226 4000 10589 3900 10224 3900 10590 4000 10591 3891 10592 3900 10220 3891 10593 3893 10218 3912 10594 3914 10595 3995 10596 3912 10594 3995 10596 3996 10597 3874 10579 3876 10598 3998 10580 3998 10599 3876 10600 4001 10601 3998 10583 4001 10602 3999 10584 3999 10603 4001 10604 4002 10605 3999 10587 4002 10606 4000 10588 4000 10607 4002 10608 3889 10609 4000 10591 3889 10610 3891 10592 3910 10611 3912 10612 3996 10613 3910 10611 3996 10613 3997 10614 3876 10600 3878 10615 4001 10601 4001 10616 3878 10617 4003 10618 4001 10604 4003 10619 4002 10605 4002 10620 4003 10621 3887 10622 4002 10608 3887 10623 3889 10609 3908 10624 3910 10625 3997 10626 3908 10624 3997 10626 3899 10627 3878 10617 3880 10628 4003 10618 4003 10629 3880 10630 3885 10631 4003 10621 3885 10632 3887 10622 3882 10633 3885 10631 3880 10630 3898 10216 3908 10634 3899 10217 4004 10635 4005 10636 4006 10637 4006 10637 4005 10636 4007 10638 4006 10639 4007 10640 4008 10641 4008 10641 4007 10640 4009 10642 4008 10643 4009 10644 4010 10645 4010 10645 4009 10644 4011 10646 4010 10647 4011 10648 4012 10649 4012 10649 4011 10648 4013 10650 4012 10651 4013 10652 4014 10653 4014 10653 4013 10652 4015 10654 4014 10655 4015 10656 4016 10657 4016 10657 4015 10656 4017 10658 4016 10659 4017 10660 4018 10661 4018 10661 4017 10660 4019 10662 4018 10663 4019 10664 4020 10665 4018 10663 4020 10665 4021 10666 4021 10667 4020 10668 4022 10669 4021 10667 4022 10669 4023 10670 4023 10671 4022 10672 4024 10673 4023 10671 4024 10673 4025 10674 4025 10675 4024 10676 4026 10677 4025 10675 4026 10677 4027 10678 4027 10679 4026 10680 4028 10681 4027 10679 4028 10681 4029 10682 4027 10683 4029 10684 4030 10685 4030 10685 4029 10684 4031 10686 4030 10687 4031 10688 4032 10689 4032 10689 4031 10688 4033 10690 4032 10691 4033 10692 4034 10693 4034 10693 4033 10692 4035 10694 4034 10695 4035 10696 4036 10697 4036 10697 4035 10696 4037 10698 4036 10699 4037 10699 4038 10699 4038 10700 4037 10700 4039 10700 4038 10701 4040 10701 4036 10701 4036 10702 4040 10702 4041 10702 4036 10703 4041 10704 4042 10705 4042 10706 4041 10707 4043 10708 4042 10709 4043 10710 4044 10711 4044 10712 4043 10713 4045 10714 4044 10715 4045 10716 4046 10717 4046 10718 4045 10719 4047 10720 4046 10721 4047 10722 4018 10723 4018 10724 4047 10725 4016 10726 4040 10727 4048 10727 4041 10727 4041 10728 4048 10728 4049 10728 4041 10707 4049 10729 4043 10708 4043 10730 4049 10731 4050 10732 4043 10713 4050 10733 4045 10714 4045 10734 4050 10735 4051 10736 4045 10719 4051 10737 4047 10720 4047 10738 4051 10739 4052 10740 4047 10725 4052 10741 4016 10726 4016 10742 4052 10743 4014 10744 4048 10745 4053 10746 4049 10747 4049 10748 4053 10748 4054 10748 4049 10731 4054 10749 4050 10732 4050 10750 4054 10751 4055 10752 4050 10735 4055 10753 4051 10736 4051 10754 4055 10755 4056 10756 4051 10739 4056 10757 4052 10740 4052 10758 4056 10759 4057 10760 4052 10743 4057 10761 4014 10744 4014 10762 4057 10763 4012 10764 4053 10765 4058 10765 4054 10765 4054 10766 4058 10766 4059 10766 4054 10751 4059 10767 4055 10752 4055 10768 4059 10769 4060 10770 4055 10755 4060 10771 4056 10756 4056 10772 4060 10773 4061 10774 4056 10759 4061 10775 4057 10760 4057 10776 4061 10777 4062 10778 4057 10763 4062 10779 4012 10764 4012 10780 4062 10781 4010 10782 4058 10783 4063 10783 4059 10783 4059 10784 4063 10784 4064 10784 4059 10769 4064 10785 4060 10770 4060 10786 4064 10787 4065 10788 4060 10773 4065 10789 4061 10774 4061 10790 4065 10791 4066 10792 4061 10777 4066 10793 4062 10778 4062 10794 4066 10795 4067 10796 4062 10781 4067 10797 4010 10782 4010 10798 4067 10799 4008 10800 4063 10801 4068 10801 4064 10801 4064 10802 4068 10802 4069 10802 4064 10787 4069 10803 4065 10788 4065 10804 4069 10805 4070 10806 4065 10791 4070 10807 4066 10792 4066 10808 4070 10809 4071 10810 4066 10795 4071 10811 4067 10796 4067 10812 4071 10813 4072 10814 4067 10799 4072 10815 4008 10800 4008 10816 4072 10817 4006 10818 4068 10819 4073 10819 4069 10819 4069 10820 4073 10820 4074 10820 4069 10805 4074 10821 4070 10806 4070 10822 4074 10823 4075 10824 4070 10809 4075 10825 4071 10810 4071 10826 4075 10827 4076 10828 4071 10813 4076 10829 4072 10814 4072 10830 4076 10831 4077 10832 4072 10817 4077 10833 4006 10818 4006 10834 4077 10835 4004 10836 4073 10837 4078 10837 4074 10837 4074 10838 4078 10838 4079 10838 4074 10823 4079 10839 4075 10824 4075 10840 4079 10841 4080 10842 4075 10827 4080 10843 4076 10828 4076 10844 4080 10845 4081 10846 4076 10831 4081 10847 4077 10832 4077 10848 4081 10849 4082 10850 4077 10835 4082 10851 4004 10836 4078 10852 4083 10853 4079 10854 4079 10855 4083 10855 4084 10855 4079 10841 4084 10856 4080 10842 4080 10857 4084 10858 4085 10859 4080 10845 4085 10860 4081 10846 4081 10861 4085 10862 4086 10863 4081 10861 4086 10863 4087 10864 4083 10865 4088 10865 4084 10865 4084 10866 4088 10866 4089 10866 4084 10858 4089 10867 4085 10859 4085 10868 4089 10869 4090 10870 4085 10868 4090 10870 4086 10871 4088 10872 4091 10872 4089 10872 4089 10873 4091 10873 4090 10873 4091 10874 4092 10874 4090 10874 4087 10875 4082 10850 4081 10849 4046 10721 4018 10723 4021 10876 4046 10877 4021 10878 4093 10879 4093 10879 4021 10878 4023 10880 4093 10881 4023 10882 4094 10883 4094 10883 4023 10882 4025 10884 4094 10885 4025 10886 4030 10887 4030 10887 4025 10886 4027 10888 4046 10717 4093 10889 4044 10715 4044 10890 4093 10891 4095 10892 4044 10711 4095 10893 4042 10709 4042 10894 4095 10895 4034 10896 4042 10705 4034 10897 4036 10703 4095 10892 4093 10891 4094 10898 4030 10899 4032 10900 4094 10901 4094 10901 4032 10900 4095 10902 4032 10903 4034 10896 4095 10895 4096 10904 4098 10905 4097 10905 4098 10905 4099 10904 4097 10905 4098 10906 4100 10907 4099 10907 4100 10907 4101 10906 4099 10907 4100 10908 4102 10909 4101 10910 4102 10909 4103 10911 4101 10910 4102 10912 4104 10913 4103 10914 4104 10913 4105 10915 4103 10914 4106 10916 4107 10917 3936 10918 4107 10917 4108 10919 3936 10918 4107 10920 4109 10920 4108 10920 4109 10921 4110 10921 4108 10921 4109 10922 4111 10922 4110 10922 4111 10923 4112 10923 4110 10923 4111 10924 4113 10924 4112 10924 4113 10925 4114 10925 4112 10925 4113 10926 4115 10926 4114 10926 4115 10927 4116 10927 4114 10927 4115 10928 4117 10928 4116 10928 4117 10929 4118 10929 4116 10929 4117 10930 4119 10930 4118 10930 4119 10931 4120 10931 4118 10931 4119 10932 4121 10932 4120 10932 4121 10933 4122 10933 4120 10933 4121 10934 4123 10934 4122 10934 4123 10935 4124 10935 4122 10935 4123 10936 4125 10936 4124 10936 4125 10937 4126 10937 4124 10937 4125 10938 4127 10938 4126 10938 4127 10939 4128 10939 4126 10939 4127 10940 4129 10940 4128 10940 4129 10941 4130 10941 4128 10941 4129 10942 4131 10942 4130 10942 4131 10943 4132 10943 4130 10943 4131 10944 4133 10944 4132 10944 4133 10945 4134 10945 4132 10945 4133 10946 4135 10946 4134 10946 4135 10947 4136 10947 4134 10947 4135 10948 4137 10948 4136 10948 4137 10949 3896 10950 4136 10951 4137 10949 4138 10952 3896 10950 4138 10953 4137 10954 4139 10955 4137 10954 4140 10956 4139 10955 4137 10957 4135 10958 4140 10959 4135 10958 4141 10960 4140 10959 4135 10961 4133 10962 4141 10963 4133 10962 4142 10964 4141 10963 4133 10965 4131 10966 4142 10967 4131 10966 4143 10968 4142 10967 4131 10969 4129 10970 4143 10971 4129 10970 4144 10972 4143 10971 4129 10973 4127 10974 4144 10975 4127 10974 4145 10976 4144 10975 4127 10977 4146 10977 4145 10977 4146 10978 4147 10978 4145 10978 4147 10979 4148 10979 4145 10979 4147 10980 4149 10980 4148 10980 4149 10981 4150 10981 4148 10981 4150 10982 4151 10982 4148 10982 4150 10983 4152 10983 4151 10983 4152 10984 4153 10984 4151 10984 4152 10985 4154 10986 4153 10987 4154 10986 4155 10988 4153 10987 4154 10989 4156 10989 4155 10989 4156 10990 4142 10991 4155 10992 4156 10990 4141 10993 4142 10991 4139 10994 4140 10995 4157 10996 4140 10995 4158 10997 4157 10996 4140 10998 4141 10999 4158 11000 4141 10999 4156 11001 4158 11000 4157 11002 4158 11002 4159 11002 4158 11003 4160 11003 4159 11003 4158 11004 4156 11004 4160 11004 4156 11005 4154 11005 4160 11005 4127 11006 4125 11006 4146 11006 4125 11007 4161 11007 4146 11007 4125 11008 4123 11008 4161 11008 4123 11009 4121 11010 4161 11011 4161 11011 4121 11010 4162 11012 4121 11013 4119 11013 4162 11013 4162 11014 4119 11014 4163 11014 4119 11015 4117 11015 4163 11015 4117 11016 4164 11016 4163 11016 4164 11017 4165 11017 4163 11017 4164 11018 4166 11018 4165 11018 4166 11019 4167 11019 4165 11019 4166 11020 4168 11020 4167 11020 4166 11021 4169 11021 4168 11021 4169 11022 4170 11022 4168 11022 4169 11023 4171 11023 4170 11023 4171 11024 4172 11025 4170 11026 4171 11024 4173 11027 4172 11025 4173 11028 4174 11028 4172 11028 4173 11029 4175 11030 4174 11031 4175 11032 4176 11033 4174 11034 4175 11035 4107 11036 4176 11037 4107 11038 4106 11039 4176 11040 4172 11041 4174 11041 4177 11041 4174 11042 4178 11042 4177 11042 4174 11034 4176 11033 4178 11043 4176 11044 4179 11045 4178 11046 4176 11040 4106 11039 4179 11047 4177 11048 4178 11048 4105 11048 4178 11049 4180 11049 4105 11049 4178 11046 4179 11045 4180 11050 4107 11036 4175 11035 4109 11051 4175 11052 4181 11053 4109 11054 4175 11030 4173 11029 4181 11055 4173 11056 4171 11057 4181 11058 4109 11054 4181 11053 4111 11059 4181 11060 4182 11061 4111 11062 4181 11058 4171 11057 4182 11063 4171 11064 4169 11065 4182 11066 4111 11062 4182 11061 4113 11067 4182 11068 4183 11069 4113 11070 4182 11066 4169 11065 4183 11071 4169 11072 4166 11073 4183 11074 4113 11070 4183 11069 4115 11075 4183 11076 4164 11077 4115 11078 4183 11074 4166 11073 4164 11079 4117 11080 4115 11078 4164 11077 4151 11081 4145 11082 4148 11083 4151 11081 4144 11084 4145 11082 4153 11085 4144 11086 4151 11087 4153 11085 4143 11088 4144 11086 4155 11089 4143 11090 4153 11091 4155 11089 4142 11092 4143 11090 4091 11093 4184 11093 4092 11093 4092 11094 4184 11094 4185 11094 4092 11095 4185 11095 4186 11095 4091 11096 4088 11096 4184 11096 4184 11097 4088 11098 4187 11099 4184 11097 4187 11099 4188 11100 4188 11101 4187 11101 4189 11101 4189 11102 4187 11103 4190 11104 4189 11105 4190 11105 4191 11105 4191 11106 4190 11107 4192 11108 4191 11109 4192 11109 4193 11109 4193 11110 4192 11111 4194 11112 4193 11113 4194 11113 4195 11113 4195 11114 4194 11115 4196 11116 4195 11117 4196 11117 4197 11117 4197 11118 4196 11119 4198 11120 4197 11121 4198 11121 4199 11121 4199 11122 4198 11123 4200 11124 4199 11125 4200 11125 4201 11125 4201 11126 4200 11127 4202 11128 4201 11129 4202 11129 4203 11129 4203 11130 4202 11131 4204 11132 4203 11133 4204 11133 4205 11133 4205 11134 4204 11135 4206 11136 4205 11137 4206 11137 4207 11137 4207 11138 4206 11138 4208 11138 4208 11139 4206 11139 4038 11139 4208 11140 4038 11140 4039 11140 4088 11141 4083 11141 4187 11141 4187 11103 4083 11142 4190 11104 4083 10853 4078 10852 4190 11143 4190 11107 4078 11144 4192 11108 4078 11145 4073 11145 4192 11145 4192 11111 4073 11146 4194 11112 4073 11147 4068 11147 4194 11147 4194 11115 4068 11148 4196 11116 4068 11149 4063 11149 4196 11149 4196 11119 4063 11150 4198 11120 4063 11151 4058 11151 4198 11151 4198 11123 4058 11152 4200 11124 4058 11153 4053 11153 4200 11153 4200 11127 4053 11154 4202 11128 4053 10746 4048 10745 4202 11155 4202 11131 4048 11156 4204 11132 4048 11157 4040 11157 4204 11157 4204 11135 4040 11158 4206 11136 4040 11159 4038 11159 4206 11159 4188 11160 4185 11160 4184 11160 4209 11161 4028 11162 4210 716 4028 11162 4005 11163 4210 716 4028 11162 4026 11164 4005 11163 4026 11164 4007 11165 4005 11163 4026 11164 4024 11166 4007 11165 4024 11166 4009 11167 4007 11165 4024 11166 4022 716 4009 11167 4022 716 4011 716 4009 11167 4022 716 4020 716 4011 716 4020 716 4013 716 4011 716 4020 716 4019 716 4013 716 4019 716 4015 716 4013 716 4019 716 4017 716 4015 716 4210 716 4211 11168 4209 11161 4211 11168 4212 11169 4209 11161 4211 11168 4213 11170 4212 11169 4213 11170 4214 11171 4212 11169 4213 11170 4215 11172 4214 11171 4215 11172 4216 11173 4214 11171 4215 11172 4217 11174 4216 11173 4217 11174 4218 716 4216 11173 4217 11174 4219 716 4218 716 4208 11175 4039 11175 4220 11175 4220 11176 4039 11176 4221 11176 4220 11177 4221 11177 4222 11177 4222 11178 4221 11179 4223 11180 4222 11181 4223 11181 4224 11181 4224 11182 4223 11183 4225 11184 4224 11185 4225 11185 4226 11185 4226 11186 4225 11187 4227 11188 4226 11189 4227 11189 4228 11189 4228 11190 4227 11191 4229 11192 4228 11193 4229 11193 4230 11193 4230 11194 4229 11195 4231 11196 4230 11197 4231 11197 4232 11197 4232 11198 4231 11199 4233 11200 4232 11201 4233 11201 4234 11201 4234 11202 4233 11203 4235 11204 4234 11205 4235 11205 4236 11205 4236 11206 4235 11207 4237 11208 4236 11209 4237 11209 4238 11209 4238 11210 4237 11211 4239 11212 4238 11213 4239 11213 4240 11213 4240 11214 4239 11215 4241 11216 4240 11217 4241 11217 4242 11217 4242 11218 4241 11218 4186 11218 4186 11219 4241 11219 4243 11219 4186 11220 4243 11220 4092 11220 4039 11221 4244 11221 4221 11221 4221 11222 4244 11222 4245 11222 4221 11179 4245 11223 4223 11180 4223 11224 4245 11224 4246 11224 4223 11183 4246 11225 4225 11184 4225 11226 4246 11227 4247 11228 4225 11187 4247 11229 4227 11188 4227 11230 4247 11230 4248 11230 4227 11191 4248 11231 4229 11192 4229 11232 4248 11232 4249 11232 4229 11195 4249 11233 4231 11196 4231 11234 4249 11234 4250 11234 4231 11199 4250 11235 4233 11200 4233 11236 4250 11236 4251 11236 4233 11203 4251 11237 4235 11204 4235 11238 4251 11238 4252 11238 4235 11207 4252 11239 4237 11208 4237 11240 4252 11241 4253 11242 4237 11211 4253 11243 4239 11212 4239 11244 4253 11244 4254 11244 4239 11215 4254 11245 4241 11216 4241 11246 4254 11246 4243 11246 3881 11247 4208 11248 3883 11249 4208 11248 4255 716 3883 11249 4208 11248 4256 11250 4255 716 4256 11250 4257 11251 4255 716 4256 11250 4258 11252 4257 11251 4258 11252 4259 716 4257 11251 4258 11252 4260 716 4259 716 4260 716 4261 716 4259 716 4260 716 4262 716 4261 716 4262 716 4263 11253 4261 716 4262 716 4264 11254 4263 11253 4264 11254 4265 11255 4263 11253 4264 11254 4266 11256 4265 11255 4264 11254 4267 11257 4266 11256 4267 11257 4268 11258 4266 11256 4267 11257 4269 11259 4268 11258 4269 11259 4270 11260 4268 11258 4269 11259 4271 11261 4270 11260 4271 11261 4272 11262 4270 11260 4271 11261 4273 716 4272 11262 4273 716 4274 11263 4272 11262 4273 716 4275 11264 4274 11263 4275 11264 4276 11265 4274 11263 4275 11264 4277 11266 4276 11265 4275 11264 4278 11267 4277 11266 4278 11267 4279 11268 4277 11266 4278 11267 4280 11269 4279 11268 4280 11269 3853 11270 4279 11268 4280 11269 4281 11271 3853 11270 4281 11271 3855 11272 3853 11270 4281 11271 4282 11273 3855 11272 4282 11273 3857 11274 3855 11272 4282 11273 4283 11275 3857 11274 4283 11275 3859 716 3857 11274 4283 11275 3861 11276 3859 716 4283 11275 4284 11277 3861 11276 4284 11277 3863 11278 3861 11276 4284 11277 4285 11279 3863 11278 4285 11279 3865 11280 3863 11278 4285 11279 4286 11281 3865 11280 4286 11281 3867 11282 3865 11280 4286 11281 4287 11283 3867 11282 4287 11283 3869 11284 3867 11282 4287 11283 4288 11285 3869 11284 4288 11285 3871 11286 3869 11284 4288 11285 3873 11287 3871 11286 4288 11285 4289 716 3873 11287 4289 716 3875 11288 3873 11287 4289 716 4290 11289 3875 11288 4290 11289 3877 11290 3875 11288 4290 11289 4291 11291 3877 11290 4291 11291 3879 11292 3877 11290 4291 11291 4292 11293 3879 11292 4292 11293 3881 11247 3879 11292 4292 11293 4208 11248 3881 11247 3934 11294 4293 11295 3936 11296 4293 11295 4106 11297 3936 11296 4293 11298 4179 11299 4106 11300 4293 11298 4294 11301 4179 11299 4294 11302 4180 11303 4179 11304 4294 11302 4295 11305 4180 11303 4295 11306 4105 11306 4180 11306 4295 11307 4103 11307 4105 11307 4295 11308 4296 11308 4103 11308 4296 11309 4101 11309 4103 11309 4296 11310 4297 11310 4101 11310 4297 11311 4298 11312 4101 11313 4297 11314 4299 11315 4298 11316 4299 11317 4300 11318 4298 11319 4299 11320 4301 11321 4300 11322 4301 11323 4302 11324 4300 11325 4301 11326 3926 11326 4302 11326 3926 11327 3924 11327 4302 11327 3924 11328 4303 11328 4302 11328 3924 11329 3922 11329 4303 11329 3922 11330 4304 11330 4303 11330 3922 11331 3921 11331 4304 11331 3921 11332 4305 11332 4304 11332 3921 11333 3919 11333 4305 11333 3919 11334 4306 11334 4305 11334 3919 11335 3917 11335 4306 11335 3917 11336 4307 11336 4306 11336 3917 11337 3915 11337 4307 11337 3915 11338 4308 11338 4307 11338 3915 11339 3913 11339 4308 11339 3913 11340 4309 11340 4308 11340 3913 11341 3911 11341 4309 11341 3911 11342 4310 11342 4309 11342 3911 11343 3909 11343 4310 11343 3909 11344 4311 11344 4310 11344 3909 11345 3897 11345 4311 11345 3897 11346 4312 11346 4311 11346 3897 11347 3896 11348 4312 11349 3896 11348 4138 11350 4312 11349 4138 11351 4313 11352 4312 11353 4138 11351 4139 11354 4313 11352 4139 11355 4314 11356 4313 11357 4139 11355 4157 11358 4314 11356 4157 11359 4159 11359 4314 11359 4159 11360 4315 11360 4314 11360 4315 11361 4316 11361 4314 11361 4315 11362 4317 11362 4316 11362 4317 11363 4318 11363 4316 11363 4317 11364 4319 11365 4318 11366 4319 11367 4320 11368 4318 11369 4319 11367 4321 11370 4320 11368 4321 11371 4310 11372 4320 11373 4321 11371 4309 11374 4310 11372 4101 11313 4298 11312 4099 11375 4298 11376 4322 11376 4099 11376 4298 11319 4300 11318 4322 11377 4300 11378 4323 11379 4322 11380 4300 11325 4302 11324 4323 11381 4302 11382 4324 11382 4323 11382 4302 11383 4303 11383 4324 11383 4303 11384 4325 11384 4324 11384 4303 11385 4304 11385 4325 11385 4304 11386 4326 11387 4325 11388 4304 11386 4305 11389 4326 11387 4305 11390 4306 11390 4326 11390 4099 11391 4322 11391 4097 11391 4322 11392 4327 11392 4097 11392 4322 11380 4323 11379 4327 11393 4323 11394 4328 11394 4327 11394 4323 11395 4324 11395 4328 11395 4097 11396 4327 11396 4329 11396 4327 11397 4328 11397 4329 11397 4326 11398 4306 11398 4330 11398 4306 11399 4307 11399 4330 11399 4307 11400 4331 11400 4330 11400 4331 11401 4332 11401 4330 11401 4331 11402 4333 11402 4332 11402 4333 11403 4334 11403 4332 11403 4333 11404 4335 11404 4334 11404 4333 11405 4336 11405 4335 11405 4336 11406 4337 11406 4335 11406 4336 11407 4319 11407 4337 11407 4319 11365 4317 11364 4337 11408 3926 11409 4301 11409 3928 11409 4301 11410 4338 11410 3928 11410 4301 11321 4299 11320 4338 11411 4299 11412 4339 11413 4338 11414 4299 11315 4297 11314 4339 11415 4297 11416 4296 11417 4339 11418 3928 11419 4338 11419 3930 11419 4338 11420 4340 11420 3930 11420 4338 11414 4339 11413 4340 11421 4339 11422 4341 11423 4340 11424 4339 11418 4296 11417 4341 11425 4296 11426 4295 11427 4341 11428 3930 11429 4340 11429 3932 11429 4340 11430 4342 11430 3932 11430 4340 11424 4341 11423 4342 11431 4341 11432 4294 11433 4342 11434 4341 11428 4295 11427 4294 11435 3932 11436 4342 11436 3934 11436 4342 11437 4293 11437 3934 11437 4342 11434 4294 11433 4293 11438 4308 11439 4331 11440 4307 11441 4331 11442 4343 11443 4333 11444 4343 11443 4336 11445 4333 11444 4343 11446 4321 11447 4336 11448 4321 11447 4319 11449 4336 11448 4309 11450 4343 11451 4308 11452 4343 11453 4331 11440 4308 11439 4309 11450 4321 11454 4343 11451 4320 11455 4344 11456 4318 11457 4344 11456 4316 11458 4318 11457 4344 11459 4313 11460 4316 11461 4313 11460 4314 11462 4316 11461 4310 11463 4311 11464 4320 11465 4311 11464 4344 11466 4320 11465 4311 11467 4312 11468 4344 11469 4312 11468 4313 11470 4344 11469 4324 11471 4096 11472 4328 11473 4096 11472 4329 11474 4328 11473 4096 11472 4097 11475 4329 11474 4104 11476 4345 11477 4105 11478 4345 11477 4177 11479 4105 11478 4345 11480 4346 11481 4177 11482 4346 11481 4172 11483 4177 11482 4346 11484 4347 11485 4172 11486 4347 11485 4170 11487 4172 11486 4347 11488 4348 11489 4170 11490 4348 11489 4168 11491 4170 11490 4168 11492 4348 11493 4167 11494 4348 11493 4165 11495 4167 11494 4348 11493 4163 11496 4165 11495 4146 11497 4349 11498 4147 11499 4349 11498 4149 11500 4147 11499 4349 11498 4150 11501 4149 11500 4150 11502 4349 11503 4152 11504 4349 11503 4350 11505 4152 11504 4350 11506 4154 11506 4152 11506 4350 11506 4351 11506 4154 11506 4351 11507 4352 11508 4154 11509 4352 11508 4160 11510 4154 11509 4352 11511 4353 11512 4160 11513 4353 11512 4159 11514 4160 11513 4353 11515 4354 11515 4159 11515 4354 11515 4315 11515 4159 11515 4354 11516 4355 11517 4315 11518 4355 11517 4317 11519 4315 11518 4355 11520 4356 11520 4317 11520 4356 11520 4337 11520 4317 11520 4356 11521 4357 11522 4337 11522 4357 11522 4335 11521 4337 11522 4335 11523 4357 11524 4334 11525 4357 11524 4332 11526 4334 11525 4357 11524 4330 11527 4332 11526 4324 735 4325 11528 4096 11529 4096 11529 4325 11528 4357 11530 4096 11529 4357 11530 4348 11531 4348 11531 4357 11530 4349 11532 4348 11531 4349 11532 4161 11533 4161 11533 4349 11532 4146 11534 4325 11528 4326 11535 4357 11530 4357 11530 4326 11535 4330 11536 4357 11530 4356 11537 4349 11532 4349 11532 4356 11537 4350 11538 4350 11538 4356 11537 4351 11539 4351 11539 4356 11537 4355 11540 4351 11539 4355 11540 4352 11541 4352 11541 4355 11540 4354 11542 4352 11541 4354 11542 4353 11543 4161 11533 4162 11544 4348 11531 4348 11531 4162 11544 4163 11545 4348 11531 4347 11546 4096 11529 4096 11529 4347 11546 4098 11547 4098 11547 4347 11546 4346 11548 4098 11547 4346 11548 4100 11549 4100 11549 4346 11548 4345 11550 4100 11549 4345 11550 4102 11551 4102 11551 4345 11550 4104 11552 4039 11553 4037 11553 4244 11553 4244 11554 4037 11554 4358 11554 4244 11555 4358 11555 4245 11555 4245 11556 4358 11556 4359 11556 4245 11557 4359 11557 4246 11557 4246 11558 4359 11558 4360 11558 4246 11227 4360 11559 4247 11228 4247 11560 4360 11560 4361 11560 4247 11561 4361 11561 4248 11561 4248 11562 4361 11562 4362 11562 4248 11563 4362 11563 4249 11563 4249 11564 4362 11564 4363 11564 4249 11565 4363 11565 4250 11565 4250 11566 4363 11566 4364 11566 4250 11567 4364 11567 4251 11567 4251 11568 4364 11568 4365 11568 4251 11569 4365 11569 4252 11569 4252 11570 4365 11570 4366 11570 4252 11241 4366 11571 4253 11242 4253 11572 4366 11572 4367 11572 4253 11573 4367 11573 4254 11573 4254 11574 4367 11574 4368 11574 4254 11575 4368 11575 4243 11575 4243 11576 4368 11576 4090 11576 4243 11577 4090 11577 4092 11577 4358 11578 4037 11579 4369 11580 4369 11580 4037 11579 4035 11581 4369 11582 4035 11583 4370 11584 4370 11584 4035 11583 4033 11585 4370 11586 4033 11587 4031 11588 4370 11586 4031 11588 4371 11589 4371 11590 4031 11591 4029 11592 4371 11590 4029 11592 4372 11593 4372 11594 4029 11595 4028 11596 4372 11594 4028 11596 4209 11597 4372 11598 4209 11599 4373 11600 4373 11600 4209 11599 4212 11601 4373 11602 4212 11603 4374 11604 4374 11604 4212 11603 4214 11605 4374 11606 4214 11607 4375 11608 4375 11608 4214 11607 4216 11609 4375 11610 4216 11611 4376 11612 4376 11612 4216 11611 4218 11613 4376 11614 4218 11615 4377 11616 4377 11616 4218 11615 4219 11617 4377 11618 4219 11619 4378 11620 4378 11620 4219 11619 4217 11621 4378 11622 4217 11623 4215 11624 4378 11622 4215 11624 4379 11625 4379 11626 4215 11627 4213 11628 4379 11626 4213 11628 4380 11629 4380 11630 4213 11631 4211 11632 4380 11630 4211 11632 4381 11633 4381 11634 4211 11635 4210 11636 4381 11634 4210 11636 4382 11637 4382 11638 4210 11639 4005 11640 4382 11638 4005 11640 4004 11641 4382 11642 4004 11643 4383 11644 4383 11644 4004 11643 4082 11645 4383 11646 4082 11647 4384 11648 4384 11648 4082 11647 4087 11649 4384 11650 4087 11651 4385 11652 4385 11652 4087 11651 4086 11653 4385 11654 4086 11655 4368 11656 4368 11656 4086 11655 4090 11657 4371 11658 4372 11659 4386 11660 4386 11660 4372 11659 4373 11661 4386 11662 4373 11663 4387 11664 4387 11664 4373 11663 4374 11665 4387 11666 4374 11667 4388 11668 4388 11668 4374 11667 4375 11669 4388 11670 4375 11671 4389 11672 4389 11672 4375 11671 4376 11673 4389 11674 4376 11675 4390 11676 4390 11676 4376 11675 4377 11677 4390 11678 4377 11679 4391 11680 4391 11680 4377 11679 4378 11681 4391 11682 4378 11683 4392 11684 4392 11684 4378 11683 4379 11685 4392 11686 4379 11687 4393 11688 4393 11688 4379 11687 4380 11689 4393 11690 4380 11691 4394 11692 4394 11692 4380 11691 4381 11693 4394 11694 4381 11695 4383 11696 4383 11696 4381 11695 4382 11697 4370 11698 4371 11699 4395 11700 4395 11700 4371 11699 4386 11701 4395 11702 4386 11703 4396 11704 4396 11704 4386 11703 4387 11705 4396 11706 4387 11707 4397 11708 4397 11708 4387 11707 4388 11709 4397 11710 4388 11711 4398 11712 4398 11712 4388 11711 4389 11713 4398 11714 4389 11715 4399 11716 4399 11716 4389 11715 4390 11717 4399 11718 4390 11719 4400 11720 4400 11720 4390 11719 4391 11721 4400 11722 4391 11723 4401 11724 4401 11724 4391 11723 4392 11725 4401 11726 4392 11727 4402 11728 4402 11728 4392 11727 4393 11729 4402 11730 4393 11731 4403 11732 4403 11732 4393 11731 4394 11733 4403 11734 4394 11735 4384 11736 4384 11736 4394 11735 4383 11737 4359 11738 4358 11739 4369 11740 4369 11741 4370 11742 4404 11743 4404 11743 4370 11742 4395 11744 4404 11745 4395 11746 4405 11747 4405 11747 4395 11746 4396 11748 4405 11749 4396 11750 4406 11751 4406 11751 4396 11750 4397 11752 4406 11753 4397 11754 4407 11755 4407 11755 4397 11754 4398 11756 4407 11757 4398 11758 4408 11759 4408 11759 4398 11758 4399 11760 4408 11761 4399 11762 4409 11763 4409 11763 4399 11762 4400 11764 4409 11765 4400 11766 4410 11767 4410 11767 4400 11766 4401 11768 4410 11769 4401 11770 4411 11771 4411 11771 4401 11770 4402 11772 4411 11773 4402 11774 4412 11775 4412 11775 4402 11774 4403 11776 4412 11777 4403 11778 4385 11779 4385 11779 4403 11778 4384 11780 4360 11781 4359 11782 4404 11783 4404 11784 4359 11738 4369 11740 4360 11781 4404 11783 4405 11785 4361 11786 4360 11787 4405 11788 4361 11786 4405 11788 4406 11789 4362 11790 4361 11791 4406 11792 4362 11790 4406 11792 4407 11793 4363 11794 4362 11795 4407 11796 4363 11794 4407 11796 4408 11797 4364 11798 4363 11799 4408 11800 4364 11798 4408 11800 4409 11801 4365 11802 4364 11803 4409 11804 4365 11802 4409 11804 4410 11805 4366 11806 4365 11807 4410 11808 4366 11806 4410 11808 4411 11809 4367 11810 4366 11811 4411 11812 4367 11810 4411 11812 4412 11813 4368 11814 4367 11815 4412 11816 4368 11814 4412 11816 4385 11817 4136 11818 3896 11819 4413 11820 4413 11820 3896 11819 3895 11821 4413 11822 3895 11823 4414 11824 4414 11824 3895 11823 3894 11825 4414 11826 3894 11827 4415 11828 4415 11828 3894 11827 3892 11829 4415 11830 3892 11831 4416 11832 4416 11832 3892 11831 3890 11833 4416 11834 3890 11835 4417 11836 4417 11836 3890 11835 3888 11837 4417 11838 3888 11839 4418 11840 4418 11840 3888 11839 3886 11841 4418 11842 3886 11843 4419 11844 4419 11844 3886 11843 3884 11845 4419 11846 3884 11847 3883 11848 3883 11848 4255 11849 4419 11846 4419 11850 4255 11850 4420 11850 4419 11851 4420 11852 4421 11853 4421 11854 4420 11855 4422 11856 4421 11857 4422 11858 4423 11859 4423 11860 4422 11861 4424 11862 4423 11863 4424 11864 4425 11865 4425 11866 4424 11867 4426 11868 4425 11869 4426 11870 4427 11871 4427 11872 4426 11873 4428 11874 4427 11875 4428 11876 4429 11877 4429 11878 4428 11879 4430 11880 4429 11881 4430 11882 4431 11883 4431 11884 4430 11885 4432 11886 4431 11887 4432 11888 4124 11889 4124 11889 4432 11888 4122 11890 4122 11891 4432 11892 4120 11893 4120 11893 4432 11892 4433 11894 4120 11895 4433 11896 4118 11897 4118 11897 4433 11896 4434 11898 4118 11899 4434 11900 4116 11901 4116 11901 4434 11900 4435 11902 4116 11903 4435 11904 4114 11905 4114 11905 4435 11904 4436 11906 4114 11907 4436 11908 4112 11909 4112 11909 4436 11908 4437 11910 4112 11911 4437 11912 4110 11913 4110 11913 4437 11912 4438 11914 4110 11915 4438 11916 4108 11917 4108 11917 4438 11916 4439 11918 4108 11919 4439 11920 3937 11921 3937 11922 4439 11923 4440 11924 3937 11922 4440 11924 3939 11925 3939 11926 4440 11927 3941 11928 3941 11928 4440 11927 4441 11929 3941 11930 4441 11931 3943 11932 3943 11932 4441 11931 4442 11933 3943 11934 4442 11935 3945 11936 3945 11936 4442 11935 4443 11937 3945 11938 4443 11939 3947 11940 3947 11940 4443 11939 4444 11941 3947 11942 4444 11943 3852 11944 3852 11944 4444 11943 4445 11945 3852 11946 4445 11947 3853 11948 3853 11948 4445 11947 4279 11949 4279 11950 4445 11950 4446 11950 4279 11951 4446 11951 4277 11951 4277 11952 4446 11952 4447 11952 4277 11953 4447 11953 4276 11953 4276 11954 4447 11955 4448 11956 4276 11957 4448 11957 4274 11957 4274 11958 4448 11958 4449 11958 4274 11959 4449 11959 4272 11959 4272 11960 4449 11960 4450 11960 4272 11961 4450 11961 4270 11961 4270 11962 4450 11962 4451 11962 4270 11963 4451 11963 4268 11963 4268 11964 4451 11964 4452 11964 4268 11965 4452 11965 4266 11965 4266 11966 4452 11966 4453 11966 4266 11967 4453 11967 4265 11967 4265 11968 4453 11968 4454 11968 4265 11969 4454 11969 4263 11969 4263 11970 4454 11970 4455 11970 4263 11971 4455 11971 4261 11971 4261 11972 4455 11972 4456 11972 4261 11973 4456 11973 4259 11973 4259 11974 4456 11974 4457 11974 4259 11975 4457 11975 4257 11975 4257 11976 4457 11976 4420 11976 4257 11977 4420 11977 4255 11977 3937 11921 3936 11978 4108 11919 4124 11979 4126 11980 4431 11981 4431 11981 4126 11980 4458 11982 4431 11883 4458 11983 4429 11881 4429 11984 4458 11985 4459 11986 4429 11877 4459 11987 4427 11875 4427 11988 4459 11989 4460 11990 4427 11871 4460 11991 4425 11869 4425 11992 4460 11993 4461 11994 4425 11865 4461 11995 4423 11863 4423 11996 4461 11997 4462 11998 4423 11859 4462 11999 4421 11857 4421 12000 4462 12001 4418 12002 4421 11853 4418 12003 4419 11851 4126 12004 4128 12005 4458 12006 4458 12006 4128 12005 4463 12007 4458 11985 4463 12008 4459 11986 4459 12009 4463 12010 4464 12011 4459 11989 4464 12012 4460 11990 4460 12013 4464 12014 4465 12015 4460 11993 4465 12016 4461 11994 4461 12017 4465 12018 4466 12019 4461 11997 4466 12020 4462 11998 4462 12021 4466 12022 4417 12023 4462 12001 4417 12024 4418 12002 4128 12025 4130 12026 4463 12027 4463 12027 4130 12026 4467 12028 4463 12010 4467 12029 4464 12011 4464 12030 4467 12031 4468 12032 4464 12014 4468 12033 4465 12015 4465 12034 4468 12035 4469 12036 4465 12018 4469 12037 4466 12019 4466 12038 4469 12039 4416 12040 4466 12022 4416 12041 4417 12023 4130 12042 4132 12043 4467 12044 4467 12044 4132 12043 4470 12045 4467 12031 4470 12046 4468 12032 4468 12047 4470 12048 4471 12049 4468 12035 4471 12050 4469 12036 4469 12051 4471 12052 4415 12053 4469 12039 4415 12054 4416 12040 4132 12055 4134 12056 4470 12057 4470 12057 4134 12056 4472 12058 4470 12048 4472 12059 4471 12049 4471 12060 4472 12061 4414 12062 4471 12052 4414 12063 4415 12053 4134 12064 4136 12065 4472 12066 4472 12066 4136 12065 4413 12067 4472 12061 4413 12068 4414 12062 4420 11855 4457 12069 4422 11856 4422 12070 4457 12071 4473 12072 4422 11861 4473 12073 4424 11862 4424 12074 4473 12075 4474 12076 4424 11867 4474 12077 4426 11868 4426 12078 4474 12079 4475 12080 4426 11873 4475 12081 4428 11874 4428 12082 4475 12083 4476 12084 4428 11879 4476 12085 4430 11880 4430 12086 4476 12087 4477 12088 4430 11885 4477 12089 4432 11886 4432 12090 4477 12091 4433 12092 4457 12071 4456 12093 4473 12072 4473 12094 4456 12095 4478 12096 4473 12075 4478 12097 4474 12076 4474 12098 4478 12099 4479 12100 4474 12079 4479 12101 4475 12080 4475 12102 4479 12103 4480 12104 4475 12083 4480 12105 4476 12084 4476 12106 4480 12107 4481 12108 4476 12087 4481 12109 4477 12088 4477 12110 4481 12111 4482 12112 4477 12091 4482 12113 4433 12092 4433 12114 4482 12115 4434 12116 4456 12095 4455 12117 4478 12096 4478 12118 4455 12119 4483 12120 4478 12099 4483 12121 4479 12100 4479 12122 4483 12123 4484 12124 4479 12103 4484 12125 4480 12104 4480 12126 4484 12127 4485 12128 4480 12107 4485 12129 4481 12108 4481 12130 4485 12131 4486 12132 4481 12111 4486 12133 4482 12112 4482 12134 4486 12135 4487 12136 4482 12115 4487 12137 4434 12116 4434 12138 4487 12139 4435 12140 4455 12119 4454 12141 4483 12120 4483 12142 4454 12143 4488 12144 4483 12123 4488 12145 4484 12124 4484 12146 4488 12147 4489 12148 4484 12127 4489 12149 4485 12128 4485 12150 4489 12151 4490 12152 4485 12131 4490 12153 4486 12132 4486 12154 4490 12155 4491 12156 4486 12135 4491 12157 4487 12136 4487 12158 4491 12159 4492 12160 4487 12139 4492 12161 4435 12140 4435 12162 4492 12163 4436 12164 4454 12143 4453 12165 4488 12144 4488 12166 4453 12167 4493 12168 4488 12147 4493 12169 4489 12148 4489 12170 4493 12171 4494 12172 4489 12151 4494 12173 4490 12152 4490 12174 4494 12175 4495 12176 4490 12155 4495 12177 4491 12156 4491 12178 4495 12179 4496 12180 4491 12159 4496 12181 4492 12160 4492 12182 4496 12183 4497 12184 4492 12163 4497 12185 4436 12164 4436 12186 4497 12187 4437 12188 4453 12167 4452 12189 4493 12168 4493 12190 4452 12191 4498 12192 4493 12171 4498 12193 4494 12172 4494 12194 4498 12195 4499 12196 4494 12175 4499 12197 4495 12176 4495 12198 4499 12199 4500 12200 4495 12179 4500 12201 4496 12180 4496 12202 4500 12203 4501 12204 4496 12183 4501 12205 4497 12184 4497 12206 4501 12207 4502 12208 4497 12187 4502 12209 4437 12188 4437 12210 4502 12211 4438 12212 4452 12191 4451 12213 4498 12192 4498 12214 4451 12215 4503 12216 4498 12195 4503 12217 4499 12196 4499 12218 4503 12219 4504 12220 4499 12199 4504 12221 4500 12200 4500 12222 4504 12223 4505 12224 4500 12203 4505 12225 4501 12204 4501 12226 4505 12227 4506 12228 4501 12207 4506 12229 4502 12208 4502 12230 4506 12231 4507 12232 4502 12211 4507 12233 4438 12212 4438 12234 4507 12235 4439 12236 4451 12215 4450 12237 4503 12216 4503 12238 4450 12239 4508 12240 4503 12219 4508 12241 4504 12220 4504 12242 4508 12243 4509 12244 4504 12223 4509 12245 4505 12224 4505 12246 4509 12247 4510 12248 4505 12227 4510 12249 4506 12228 4506 12250 4510 12251 4511 12252 4506 12231 4511 12253 4507 12232 4507 12254 4511 12255 4440 12256 4507 12235 4440 12257 4439 12236 4450 12239 4449 12258 4508 12240 4508 12259 4449 12260 4512 12261 4508 12243 4512 12262 4509 12244 4509 12263 4512 12264 4513 12265 4509 12247 4513 12266 4510 12248 4510 12267 4513 12268 4514 12269 4510 12251 4514 12270 4511 12252 4511 12271 4514 12272 4441 12273 4511 12255 4441 12274 4440 12256 4449 12260 4448 12275 4512 12261 4512 12276 4448 12277 4515 12278 4512 12264 4515 12279 4513 12265 4513 12280 4515 12281 4516 12282 4513 12268 4516 12283 4514 12269 4514 12284 4516 12285 4442 12286 4514 12272 4442 12287 4441 12273 4448 12277 4447 12288 4515 12278 4515 12289 4447 12290 4517 12291 4515 12281 4517 12292 4516 12282 4516 12293 4517 12294 4443 12295 4516 12285 4443 12296 4442 12286 4447 12290 4446 12297 4517 12291 4517 12298 4446 12299 4444 12300 4517 12294 4444 12301 4443 12295 4445 12302 4444 12300 4446 12299</p>
        </triangles>
        <triangles material="black-material" count="4892">
          <input semantic="VERTEX" source="#wheel_loader_v1_072-mesh-vertices" offset="0"/>
          <input semantic="NORMAL" source="#wheel_loader_v1_072-mesh-normals" offset="1"/>
          <p>0 0 1 1 2 2 2 2 1 1 3 3 2 4 3 5 4 6 4 6 3 5 5 7 4 8 5 8 6 8 6 9 5 9 7 9 6 10 7 10 8 10 8 11 7 11 9 11 8 12 9 12 10 12 10 13 9 13 11 13 10 14 11 14 12 14 12 15 11 15 13 15 12 16 13 16 14 16 14 17 13 17 15 17 14 18 15 18 16 18 16 19 15 19 17 19 16 20 17 20 18 20 18 21 17 22 19 23 18 21 19 23 20 24 20 25 19 26 21 27 20 25 21 27 22 28 20 29 22 30 23 31 23 31 22 30 24 32 23 33 24 34 25 35 25 35 24 34 26 36 25 37 26 38 27 39 27 39 26 38 28 40 27 41 28 42 29 43 27 41 29 43 30 44 30 45 29 46 31 47 30 45 31 47 32 48 30 49 32 50 33 51 33 51 32 50 34 52 33 53 34 54 35 55 33 53 35 55 36 56 36 57 35 58 37 59 36 57 37 59 38 60 38 61 37 62 39 63 38 61 39 63 40 64 40 65 39 66 41 67 40 65 41 67 42 68 42 69 41 70 43 71 42 69 43 71 44 72 44 73 43 74 45 75 44 73 45 75 46 76 46 77 45 78 47 79 46 77 47 79 48 80 48 81 47 82 49 83 48 81 49 83 50 84 50 85 49 86 51 87 50 85 51 87 52 88 50 89 52 90 53 91 53 91 52 90 54 92 53 93 54 94 55 95 55 95 54 94 56 96 55 97 56 98 57 99 57 99 56 98 58 100 57 101 58 102 2 103 2 103 58 102 0 104 2 105 4 106 57 107 57 107 4 106 59 108 57 109 59 110 55 111 55 111 59 110 60 112 55 113 60 114 53 115 53 115 60 114 61 116 53 117 61 118 50 119 50 119 61 118 48 120 4 121 6 122 59 123 59 123 6 122 62 124 59 125 62 126 60 127 60 127 62 126 63 128 60 129 63 130 61 131 61 131 63 130 64 132 61 133 64 134 48 135 48 135 64 134 46 136 6 137 8 138 62 139 62 139 8 138 65 140 62 141 65 142 63 143 63 143 65 142 66 144 63 145 66 146 64 147 64 147 66 146 67 148 64 149 67 150 46 151 46 151 67 150 44 152 8 153 10 154 65 155 65 155 10 154 68 156 65 157 68 158 66 159 66 159 68 158 69 160 66 161 69 162 67 163 67 163 69 162 70 164 67 165 70 166 44 167 44 167 70 166 42 168 10 169 12 170 68 171 68 171 12 170 71 172 68 173 71 174 69 175 69 175 71 174 72 176 69 177 72 178 70 179 70 179 72 178 73 180 70 181 73 182 42 183 42 183 73 182 40 184 12 185 14 186 71 187 71 187 14 186 74 188 71 189 74 190 72 191 72 191 74 190 75 192 72 193 75 194 73 195 73 195 75 194 76 196 73 197 76 198 40 199 40 199 76 198 38 200 14 201 16 202 74 203 74 203 16 202 77 204 74 205 77 206 75 207 75 207 77 206 78 208 75 209 78 210 76 211 76 211 78 210 79 212 76 213 79 214 38 215 38 215 79 214 36 216 16 217 18 218 77 219 77 219 18 218 80 220 77 221 80 222 78 223 78 223 80 222 81 224 78 225 81 226 79 227 79 227 81 226 82 228 79 229 82 230 36 231 36 231 82 230 33 232 18 233 20 234 80 235 80 235 20 234 23 236 80 237 23 238 81 239 81 239 23 238 25 240 81 241 25 242 82 243 82 243 25 242 27 244 82 245 27 246 33 247 33 247 27 246 30 248 83 249 84 250 85 250 85 250 84 250 86 249 85 251 86 251 87 251 85 252 87 252 88 252 88 253 87 253 89 253 88 254 89 254 90 254 90 255 89 255 91 255 90 256 91 256 92 256 92 257 91 257 93 257 92 258 93 258 94 258 94 259 93 259 95 259 94 260 95 260 96 260 96 261 95 261 97 261 96 262 97 262 98 262 98 263 97 263 99 263 98 263 99 263 100 263 100 264 99 264 101 264 100 264 101 264 102 264 102 265 101 265 103 265 102 265 103 265 104 265 104 266 103 266 105 266 104 266 105 266 106 266 106 267 105 267 107 267 106 267 107 267 108 267 108 268 107 269 109 270 109 270 107 269 110 271 111 272 112 273 113 274 113 274 112 273 114 275 113 276 114 277 115 278 115 278 114 277 116 279 115 280 116 281 117 282 117 282 116 281 118 283 117 284 118 285 119 286 119 286 118 285 120 287 119 288 120 289 121 290 121 290 120 289 122 291 121 292 122 293 123 294 123 294 122 293 124 295 123 296 124 297 125 298 125 298 124 297 126 299 125 300 126 301 127 301 127 301 126 301 128 300 127 302 128 303 129 303 129 303 128 303 130 302 129 304 130 305 131 306 131 306 130 305 132 307 131 308 132 309 133 310 133 310 132 309 134 311 187 249 188 250 189 250 189 250 188 250 190 249 189 411 190 411 191 411 189 412 191 412 192 412 192 413 191 413 193 413 192 414 193 414 194 414 194 415 193 415 195 415 194 416 195 416 196 416 196 417 195 417 197 417 196 418 197 418 198 418 198 419 197 419 199 419 198 419 199 419 200 419 200 262 199 262 201 262 200 262 201 262 202 262 202 420 201 420 203 420 202 420 203 420 204 420 204 264 203 264 205 264 204 264 205 264 206 264 206 265 205 265 207 265 206 265 207 265 208 265 208 421 207 421 209 421 208 422 209 422 210 422 210 423 209 423 211 423 210 424 211 424 212 424 212 425 211 426 213 427 213 427 211 426 214 428 215 429 51 430 216 431 216 431 51 430 49 432 216 433 49 434 217 435 217 435 49 434 47 436 217 437 47 438 218 439 218 439 47 438 45 440 218 441 45 442 219 443 219 443 45 442 43 444 219 445 43 446 220 447 220 447 43 446 41 448 220 449 41 450 221 451 221 451 41 450 39 452 221 453 39 454 222 455 222 455 39 454 37 456 222 457 37 458 223 459 223 459 37 458 35 460 223 461 35 462 224 463 224 463 35 462 34 464 224 465 34 466 225 467 225 467 34 466 32 468 225 469 32 470 226 471 226 471 32 470 31 472 226 473 31 474 227 475 227 475 31 474 228 476 227 477 228 478 229 478 229 478 228 478 230 478 229 479 230 480 231 480 231 480 230 480 232 479 231 481 232 482 233 483 233 483 232 482 234 484 233 485 234 486 235 487 235 487 234 486 236 488 235 489 236 490 237 491 237 491 236 490 238 492 237 493 238 494 239 495 239 495 238 494 240 496 239 497 240 498 241 499 241 499 240 498 242 500 241 501 242 502 243 503 243 503 242 502 244 504 243 505 244 506 245 507 245 507 244 506 246 508 245 509 246 510 247 511 247 511 246 510 248 512 213 513 214 514 249 515 249 515 214 514 250 516 249 517 250 517 251 517 249 517 251 517 252 517 252 518 251 518 253 518 252 518 253 518 254 518 254 519 253 519 255 519 254 519 255 519 256 519 256 520 255 520 257 520 256 520 257 520 258 520 258 521 257 521 259 521 258 521 259 521 260 521 260 522 259 522 261 522 260 522 261 522 262 522 262 523 261 523 263 523 262 524 263 524 264 524 264 525 263 525 265 525 264 525 265 525 266 525 266 526 265 526 267 526 266 527 267 527 268 527 268 528 267 528 269 528 268 529 269 529 270 529 270 530 269 530 271 530 270 530 271 530 272 530 272 531 271 532 187 532 187 532 271 532 188 531 345 656 347 657 346 658 347 657 348 659 346 658 347 657 349 660 348 659 350 661 345 656 351 662 345 656 352 663 351 662 345 656 353 664 352 663 354 665 350 661 355 666 350 661 356 667 355 666 350 661 357 668 356 667 347 657 354 665 163 669 354 665 358 670 163 669 354 665 359 671 358 670 359 671 354 665 360 672 354 665 361 673 360 672 354 665 362 674 361 673 362 674 354 665 355 666 357 668 350 661 363 675 350 661 364 676 363 675 350 661 365 677 364 676 365 677 350 661 351 662 353 664 345 656 366 678 345 656 367 679 366 678 345 656 368 680 367 679 368 680 345 656 369 681 345 656 346 658 369 681 349 660 347 657 370 682 347 657 371 683 370 682 347 657 372 684 371 683 372 684 347 657 163 669 373 685 374 686 375 687 375 687 374 686 376 688 375 687 376 688 377 689 373 685 378 690 374 686 374 686 378 690 379 691 374 686 379 691 380 692 380 692 379 691 381 693 380 692 381 693 382 694 380 692 382 694 383 695 383 695 382 694 384 696 383 695 384 696 385 697 385 697 384 696 386 698 385 697 386 698 387 699 387 699 386 698 388 700 387 699 388 700 389 701 389 701 388 700 390 702 389 701 390 702 83 703 83 703 390 702 391 704 83 703 391 704 392 705 83 703 392 705 393 706 393 706 392 705 394 707 393 706 394 707 395 708 395 708 394 707 396 709 395 708 396 709 397 710 397 710 396 709 398 711 397 710 398 711 399 712 399 712 398 711 400 713 399 712 400 713 401 714 401 714 400 713 402 715 401 714 402 715 403 716 401 714 403 716 404 717 404 717 403 716 405 716 404 717 405 716 406 718 406 718 407 719 404 717 404 717 407 719 408 720 408 720 407 719 409 721 409 721 407 719 410 722 410 722 407 719 411 723 410 722 411 723 412 724 412 724 411 723 413 725 413 725 411 723 414 726 414 726 411 723 415 727 415 727 411 723 416 728 415 727 416 728 417 729 417 729 416 728 418 730 418 730 416 728 419 731 419 731 416 728 375 687 419 731 375 687 377 689 420 732 422 733 421 734 422 733 423 735 421 734 422 733 424 735 423 735 425 736 420 732 214 737 420 732 426 738 214 737 420 732 427 739 426 738 428 740 425 736 429 741 425 736 430 742 429 741 425 736 431 743 430 742 432 744 428 740 433 745 428 740 434 735 433 745 428 740 429 741 434 735 433 745 435 746 432 744 435 746 436 747 432 744 435 746 437 748 436 747 437 748 435 746 438 749 435 746 439 750 438 749 439 750 440 751 438 749 439 750 441 752 440 751 439 750 442 753 441 752 442 753 443 754 441 752 442 753 444 755 443 754 444 755 445 756 443 754 444 755 446 757 445 756 446 757 447 758 445 756 446 757 448 759 447 758 448 759 449 760 447 758 448 759 450 761 449 760 450 761 451 762 449 760 450 761 452 763 451 762 452 763 453 764 451 762 452 763 454 765 453 764 454 765 455 766 453 764 454 765 456 767 455 766 456 767 457 768 455 766 456 767 458 769 457 768 458 769 459 770 457 768 458 769 460 771 459 770 458 769 461 735 460 771 461 735 462 735 460 771 461 735 463 735 462 735 463 735 461 735 464 735 461 735 424 735 464 735 424 735 422 733 464 735 427 739 420 732 465 772 420 732 421 734 465 772 431 743 425 736 466 773 425 736 214 737 466 773 215 774 467 775 51 776 467 775 468 777 51 776 467 775 469 778 468 777 469 778 470 779 468 777 470 779 471 780 468 777 471 780 472 781 468 777 472 781 473 782 468 777 473 782 474 783 468 777 474 783 475 784 468 777 475 784 476 785 468 777 476 786 477 787 468 788 476 786 478 789 477 787 478 789 479 790 477 787 479 790 480 791 477 787 480 791 481 792 477 787 481 792 482 793 477 787 482 793 483 794 477 787 483 794 484 795 477 787 484 795 485 796 477 787 485 796 486 797 477 787 486 798 111 799 477 800 486 798 112 801 111 799 247 802 248 803 487 804 248 803 488 805 487 804 488 806 489 807 487 808 488 806 490 809 489 807 490 809 488 806 491 810 488 806 492 811 491 810 488 806 493 812 492 811 493 812 488 806 494 813 488 806 495 814 494 813 488 806 496 815 495 814 496 815 488 806 497 816 488 806 498 817 497 816 498 818 499 819 497 820 498 818 500 821 499 819 500 821 498 818 501 822 498 818 502 823 501 822 498 818 503 824 502 823 503 824 498 818 504 825 498 818 505 826 504 825 498 818 506 827 505 826 507 828 506 827 508 829 506 827 498 818 508 829 133 830 134 830 509 830 509 830 134 830 510 830 509 831 510 832 511 833 511 833 510 832 512 834 511 835 512 836 513 837 513 837 512 836 514 838 513 839 514 840 515 841 515 841 514 840 516 842 515 843 516 844 517 845 517 845 516 844 518 846 517 847 518 848 519 849 519 849 518 848 520 850 519 851 520 852 521 853 521 853 520 852 522 854 521 855 522 856 523 857 523 857 522 856 524 858 523 859 524 860 525 861 525 861 524 860 526 862 525 863 526 864 527 865 527 865 526 864 528 866 527 867 528 868 508 869 508 869 528 868 507 870 109 871 110 872 529 872 529 872 110 872 530 871 529 517 530 517 531 517 529 517 531 517 532 517 532 873 531 873 533 873 532 873 533 873 534 873 534 874 533 874 535 874 534 874 535 874 536 874 536 875 535 875 537 875 536 876 537 876 538 876 538 877 537 877 539 877 538 521 539 521 540 521 540 878 539 878 541 878 540 878 541 878 542 878 542 524 541 524 543 524 542 524 543 524 544 524 544 879 543 879 545 879 544 879 545 879 546 879 546 880 545 880 547 880 546 880 547 880 548 880 548 881 547 881 549 881 548 881 549 881 550 881 550 882 549 882 551 882 550 882 551 882 552 882 552 883 551 884 83 885 83 885 551 884 84 886 553 887 555 888 554 889 555 888 556 890 554 889 557 891 559 892 558 893 559 892 560 894 558 893 559 892 553 895 560 894 555 896 553 895 213 897 553 895 561 898 213 897 553 895 562 899 561 898 563 900 555 896 1 901 555 896 564 902 1 901 555 896 565 903 564 902 563 900 1 901 566 904 1 901 567 905 566 904 3 906 1 901 568 907 1 901 569 716 568 907 1 901 564 902 569 716 568 907 570 908 3 906 570 908 5 716 3 906 570 908 7 716 5 716 7 716 570 908 9 909 570 908 571 910 9 909 571 910 11 911 9 909 571 910 572 912 11 911 572 912 13 913 11 911 572 912 15 914 13 913 572 912 573 915 15 914 573 915 17 916 15 914 573 915 574 917 17 916 574 917 19 918 17 916 574 917 575 919 19 918 575 919 21 920 19 918 575 919 576 921 21 920 576 921 577 922 21 920 576 921 578 923 577 922 578 923 579 924 577 922 578 923 580 925 579 924 580 925 581 926 579 924 580 925 582 927 581 926 582 927 583 928 581 926 582 927 584 929 583 928 582 927 585 930 584 929 585 930 586 931 584 929 585 930 587 932 586 931 587 932 588 933 586 931 587 932 589 934 588 933 589 934 587 932 590 716 587 932 591 716 590 716 591 716 559 892 590 716 591 716 592 935 559 892 592 935 593 936 559 892 593 936 553 895 559 892 593 936 594 937 553 895 594 937 562 899 553 895 565 903 555 896 595 938 555 896 596 939 595 938 555 896 213 897 596 939 597 940 554 941 598 942 554 941 599 943 598 942 554 941 600 944 599 943 597 940 598 942 601 945 598 942 602 946 601 945 603 947 598 942 604 948 598 942 605 949 604 948 598 942 599 943 605 949 604 948 606 950 603 947 606 950 607 951 603 947 606 950 608 952 607 951 608 952 606 950 609 953 606 950 610 954 609 953 610 954 611 955 609 953 610 954 612 956 611 955 612 956 613 957 611 955 612 956 614 958 613 957 612 956 615 959 614 958 615 959 616 960 614 958 615 959 617 961 616 960 617 961 618 962 616 960 617 961 619 963 618 962 619 963 620 964 618 962 619 963 621 965 620 964 621 965 622 966 620 964 621 965 623 967 622 966 623 967 624 968 622 966 623 967 625 969 624 968 625 969 626 970 624 968 625 969 627 971 626 970 627 971 628 972 626 970 627 971 629 973 628 972 627 971 630 974 629 973 630 974 631 975 629 973 630 974 632 976 631 975 632 976 633 977 631 975 632 976 634 978 633 977 634 978 632 976 635 979 632 976 636 980 635 979 636 980 637 981 635 979 636 980 638 735 637 981 638 735 639 982 637 981 639 982 556 983 637 981 639 982 640 984 556 983 640 984 641 985 556 983 641 985 642 986 556 983 642 986 110 987 556 983 110 987 554 941 556 983 110 987 643 988 554 941 643 988 644 989 554 941 644 989 600 944 554 941 645 990 637 981 646 991 637 981 647 992 646 991 637 981 556 983 647 992 345 993 350 994 648 995 648 995 350 994 649 996 648 997 649 997 650 997 648 998 650 998 651 998 651 999 650 999 652 999 651 1000 652 1000 653 1000 653 1001 652 1001 654 1001 653 1002 654 1002 655 1002 655 1003 654 1003 656 1003 655 1004 656 1004 657 1004 657 1005 656 1005 658 1005 657 1006 658 1006 659 1006 659 1007 658 1008 660 1009 660 1009 658 1008 661 1010 660 1011 661 1011 662 1011 416 1012 411 1013 662 1014 662 1014 411 1013 663 1015 662 1016 663 1016 660 1016 420 1017 425 1018 664 1019 664 1019 425 1018 665 1020 664 1021 665 1021 666 1021 667 1022 668 1023 666 1024 666 1024 668 1023 669 1025 666 1026 669 1026 664 1026 667 1027 670 1027 668 1027 668 1028 670 1028 671 1028 671 1029 670 1029 672 1029 671 1030 672 1030 673 1030 673 1031 672 1031 674 1031 673 1032 674 1032 675 1032 675 1033 674 1033 676 1033 675 1034 676 1034 677 1034 677 1035 676 1035 678 1035 677 1036 678 1036 679 1036 679 1037 678 1038 347 1039 347 1039 678 1038 354 1040 508 1041 498 1042 680 1043 680 1044 498 1044 681 1044 680 1045 681 1045 682 1045 680 1046 682 1047 683 1048 683 1049 682 1049 684 1049 683 1050 684 1051 685 1052 685 1053 684 1053 686 1053 685 1054 686 1054 687 1054 685 1055 687 1056 688 1057 688 1058 687 1058 689 1058 688 1059 689 1060 690 1061 690 1062 689 1062 691 1062 690 1063 691 1063 692 1063 602 1064 598 1064 692 1064 692 1065 598 1065 690 1065 690 1066 598 1067 693 1068 693 1068 598 1067 694 1069 693 1070 694 1071 695 1072 693 1070 695 1072 696 1073 696 1074 695 1075 697 1076 696 1074 697 1076 698 1077 698 1078 697 1079 699 1080 698 1078 699 1080 685 1052 685 1052 699 1080 683 1050 697 1079 700 1081 699 1080 699 1082 700 1083 701 1084 699 1082 701 1084 683 1048 683 1048 701 1084 680 1046 700 1083 702 1085 701 1084 701 1086 702 1087 508 1041 701 1086 508 1041 680 1043 690 1061 693 1070 696 1073 696 1074 698 1077 688 1057 688 1057 698 1077 685 1055 690 1061 696 1073 688 1059 508 1088 702 1089 703 1090 703 1090 702 1089 704 1091 703 1092 704 1093 705 1094 705 1094 704 1093 706 1095 705 1096 706 1097 707 1098 707 1098 706 1097 708 1099 707 1100 708 1101 709 1102 709 1102 708 1101 710 1103 709 1104 710 1105 711 1106 711 1106 710 1105 712 1107 711 1108 712 1109 713 1110 713 1110 712 1109 714 1111 713 1112 714 1113 715 1114 715 1114 714 1113 716 1115 715 1116 716 1117 717 1118 717 1118 716 1117 718 1119 717 1120 718 1121 719 1122 719 1122 718 1121 720 1123 719 1124 720 1125 721 1126 721 1126 720 1125 722 1127 721 1128 722 1129 723 1130 723 1130 722 1129 724 1131 723 1132 724 1133 725 1134 725 1134 724 1133 726 1135 725 1136 726 1137 727 1138 727 1138 726 1137 728 1139 727 1140 728 1141 729 1142 729 1142 728 1141 730 1143 729 1144 730 1145 731 1146 731 1146 730 1145 732 1147 731 1148 732 1149 733 1150 733 1150 732 1149 734 1151 733 1152 734 1153 735 1154 735 1154 734 1153 736 1155 735 1156 736 1157 737 1158 737 1158 736 1157 738 1159 737 1160 738 1161 739 1162 739 1162 738 1161 740 1163 739 1164 740 1165 741 1166 741 1166 740 1165 742 1167 741 1168 742 1168 743 1168 743 1169 742 1170 744 1171 744 1171 742 1170 745 1172 744 1173 745 1174 746 1175 746 1175 745 1174 747 1176 746 1177 747 1178 748 1179 748 1179 747 1178 749 1180 748 1181 749 1182 750 1183 750 1183 749 1182 751 1184 750 1185 751 1186 637 1187 637 1187 751 1186 635 1188 635 1189 751 1190 752 1191 635 1189 752 1191 634 1192 634 1193 752 1194 753 1195 634 1193 753 1195 633 1196 633 1197 753 1197 754 1197 633 1198 754 1198 631 1198 631 1199 754 1199 755 1199 631 1200 755 1200 629 1200 629 1201 755 1201 756 1201 629 1202 756 1202 628 1202 628 1203 756 1203 757 1203 628 1204 757 1204 626 1204 626 1205 757 1205 758 1205 626 1206 758 1206 624 1206 624 1207 758 1207 759 1207 624 1208 759 1208 622 1208 622 1209 759 1209 760 1209 622 1210 760 1210 620 1210 620 1211 760 1211 761 1211 620 1212 761 1212 618 1212 618 1213 761 1213 762 1213 618 1214 762 1214 616 1214 616 1215 762 1215 763 1215 616 1216 763 1216 614 1216 614 1217 763 1217 764 1217 614 1218 764 1218 613 1218 613 1219 764 1219 765 1219 613 1220 765 1220 611 1220 611 1221 765 1221 766 1221 611 1222 766 1222 609 1222 609 1223 766 1223 767 1223 609 1224 767 1224 608 1224 608 1225 767 1225 768 1225 608 1226 768 1227 607 1228 607 1228 768 1227 769 1229 607 1230 769 1231 603 1232 603 1232 769 1231 770 1233 603 1234 770 1235 598 1067 598 1067 770 1235 694 1069 694 1236 770 1237 771 1238 694 1236 771 1238 695 1239 695 1240 771 1241 772 1242 695 1240 772 1242 697 1243 697 1244 772 1245 773 1246 697 1244 773 1246 700 1247 700 1248 773 1249 704 1250 700 1248 704 1250 702 1251 743 1252 111 1252 741 1252 771 1253 770 1254 774 1255 774 1255 770 1254 769 1256 774 1257 769 1258 775 1259 775 1259 769 1258 768 1260 775 1261 768 1262 776 1263 776 1263 768 1262 767 1264 776 1265 767 1266 777 1267 777 1267 767 1266 766 1268 777 1269 766 1270 778 1271 778 1271 766 1270 765 1272 778 1273 765 1274 779 1275 779 1275 765 1274 764 1276 779 1277 764 1278 780 1279 780 1279 764 1278 763 1280 780 1281 763 1282 781 1283 781 1283 763 1282 762 1284 781 1285 762 1286 782 1287 782 1287 762 1286 761 1288 782 1289 761 1290 783 1291 783 1291 761 1290 760 1292 783 1293 760 1294 784 1295 784 1295 760 1294 759 1296 784 1297 759 1298 785 1299 785 1299 759 1298 758 1300 785 1301 758 1302 786 1303 786 1303 758 1302 757 1304 786 1305 757 1306 787 1307 787 1307 757 1306 756 1308 787 1309 756 1310 788 1311 788 1311 756 1310 755 1312 788 1313 755 1314 789 1315 789 1315 755 1314 754 1316 789 1317 754 1318 790 1319 790 1319 754 1318 753 1320 790 1321 753 1322 791 1323 791 1323 753 1322 752 1324 791 1325 752 1326 749 1327 749 1327 752 1326 751 1328 772 1329 771 1330 792 1331 792 1331 771 1330 774 1332 792 1333 774 1334 793 1335 793 1335 774 1334 775 1336 793 1337 775 1338 794 1339 794 1339 775 1338 776 1340 794 1341 776 1342 795 1343 795 1343 776 1342 777 1344 795 1345 777 1346 796 1347 796 1347 777 1346 778 1348 796 1349 778 1350 797 1351 797 1351 778 1350 779 1352 797 1353 779 1354 798 1355 798 1355 779 1354 780 1356 798 1357 780 1358 799 1359 799 1359 780 1358 781 1360 799 1361 781 1362 800 1363 800 1363 781 1362 782 1364 800 1365 782 1366 801 1367 801 1367 782 1366 783 1368 801 1369 783 1370 802 1371 802 1371 783 1370 784 1372 802 1373 784 1374 803 1375 803 1375 784 1374 785 1376 803 1377 785 1378 804 1379 804 1379 785 1378 786 1380 804 1381 786 1382 805 1383 805 1383 786 1382 787 1384 805 1385 787 1386 806 1387 806 1387 787 1386 788 1388 806 1389 788 1390 807 1391 807 1391 788 1390 789 1392 807 1393 789 1394 808 1395 808 1395 789 1394 790 1396 808 1397 790 1398 809 1399 809 1399 790 1398 791 1400 809 1401 791 1402 747 1403 747 1403 791 1402 749 1404 706 1405 704 1406 773 1407 773 1408 772 1409 810 1410 810 1410 772 1409 792 1411 810 1412 792 1413 811 1414 811 1414 792 1413 793 1415 811 1416 793 1417 812 1418 812 1418 793 1417 794 1419 812 1420 794 1421 813 1422 813 1422 794 1421 795 1423 813 1424 795 1425 814 1426 814 1426 795 1425 796 1427 814 1428 796 1429 815 1430 815 1430 796 1429 797 1431 815 1432 797 1433 816 1434 816 1434 797 1433 798 1435 816 1436 798 1437 817 1438 817 1438 798 1437 799 1439 817 1440 799 1441 818 1442 818 1442 799 1441 800 1443 818 1444 800 1445 819 1446 819 1446 800 1445 801 1447 819 1448 801 1449 820 1450 820 1450 801 1449 802 1451 820 1452 802 1453 821 1454 821 1454 802 1453 803 1455 821 1456 803 1457 822 1458 822 1458 803 1457 804 1459 822 1460 804 1461 823 1462 823 1462 804 1461 805 1463 823 1464 805 1465 824 1466 824 1466 805 1465 806 1467 824 1468 806 1469 825 1470 825 1470 806 1469 807 1471 825 1472 807 1473 826 1474 826 1474 807 1473 808 1475 826 1476 808 1477 827 1478 827 1478 808 1477 809 1479 827 1480 809 1481 745 1482 745 1482 809 1481 747 1483 708 1484 706 1485 810 1486 810 1487 706 1405 773 1407 708 1484 810 1486 811 1488 710 1489 708 1490 811 1491 710 1489 811 1491 812 1492 712 1493 710 1494 812 1495 712 1493 812 1495 813 1496 714 1497 712 1498 813 1499 714 1497 813 1499 814 1500 716 1501 714 1502 814 1503 716 1501 814 1503 815 1504 718 1505 716 1506 815 1507 718 1505 815 1507 816 1508 720 1509 718 1510 816 1511 720 1509 816 1511 817 1512 722 1513 720 1514 817 1515 722 1513 817 1515 818 1516 724 1517 722 1518 818 1519 724 1517 818 1519 819 1520 726 1521 724 1522 819 1523 726 1521 819 1523 820 1524 728 1525 726 1526 820 1527 728 1525 820 1527 821 1528 730 1529 728 1530 821 1531 730 1529 821 1531 822 1532 732 1533 730 1534 822 1535 732 1533 822 1535 823 1536 734 1537 732 1538 823 1539 734 1537 823 1539 824 1540 736 1541 734 1542 824 1543 736 1541 824 1543 825 1544 738 1545 736 1546 825 1547 738 1545 825 1547 826 1548 740 1549 738 1550 826 1551 740 1549 826 1551 827 1552 742 1553 740 1554 827 1555 742 1553 827 1555 745 1556 601 1557 602 1557 828 1557 828 1558 602 1558 829 1558 828 1559 829 1559 830 1559 828 1560 830 1561 831 1562 831 1562 830 1561 832 1563 831 1564 832 1564 833 1564 831 1565 833 1566 834 1567 834 1568 833 1568 835 1568 834 1569 835 1570 836 1571 836 1572 835 1572 837 1572 836 1573 837 1574 838 1575 838 1576 837 1576 839 1576 838 1577 839 1578 840 1579 840 1580 839 1580 841 1580 840 1581 841 1581 498 1581 840 1582 498 1583 842 1584 842 1584 498 1583 488 1585 842 1584 488 1585 843 1586 843 1587 844 1587 842 1587 842 1588 844 1589 845 1590 842 1588 845 1590 838 1577 838 1575 845 1591 836 1573 844 1592 846 1592 845 1592 845 1591 846 1593 847 1594 845 1591 847 1594 836 1573 836 1571 847 1595 834 1569 846 1596 848 1596 847 1596 847 1595 848 1597 849 1598 847 1595 849 1598 834 1569 834 1567 849 1599 831 1565 848 1600 850 1600 849 1600 849 1599 850 1601 851 1602 849 1599 851 1602 831 1565 831 1562 851 1603 828 1560 850 1604 852 1604 851 1604 851 1605 852 1605 853 1605 851 1603 853 1606 854 1607 854 1608 853 1608 855 1608 854 1609 855 1609 557 1609 557 1610 558 1610 854 1610 854 1611 558 1611 560 1611 854 1612 560 1613 554 1614 554 889 560 1615 553 887 854 1612 554 1614 828 1616 828 1617 554 1617 597 1617 828 1618 597 1618 601 1618 851 1603 854 1607 828 1560 840 1579 842 1588 838 1577 750 1185 637 1187 856 1619 856 1619 637 1187 645 1620 856 1619 645 1620 857 1621 857 1622 645 1622 858 1622 857 1623 858 1623 859 1623 859 1624 860 1624 857 1624 857 1625 860 1626 861 1627 857 1625 861 1627 862 1628 862 1629 861 1630 863 1631 862 1629 863 1631 746 1632 746 1633 863 1634 744 1635 744 1635 863 1634 864 1636 744 1637 864 1638 743 1639 743 1639 864 1638 865 1640 743 1641 865 1642 111 1643 111 1643 865 1642 866 1644 111 1645 866 1645 867 1645 867 1646 866 1646 868 1646 868 1647 866 1648 869 1649 868 1650 869 1650 870 1650 870 1651 869 1652 871 1653 870 1654 871 1654 872 1654 872 1655 871 1655 873 1655 873 1656 871 1657 861 1630 873 1658 861 1658 860 1658 867 1659 477 1659 111 1659 746 1632 748 1660 862 1629 862 1628 748 1661 856 1662 862 1628 856 1662 857 1625 748 1661 750 1663 856 1662 864 1636 863 1634 871 1653 871 1657 863 1631 861 1630 865 1640 864 1638 869 1649 869 1652 864 1636 871 1653 866 1648 865 1640 869 1649 874 1664 875 1664 557 1664 557 1665 875 1666 876 1667 557 1665 876 1667 559 1668 559 1668 876 1667 877 1669 877 1670 876 1671 878 1672 878 1672 876 1671 879 1673 878 1674 879 1675 880 1676 880 1676 879 1675 881 1677 880 1678 881 1679 882 1680 882 1680 881 1679 883 1681 882 1682 883 1683 884 1684 884 1684 883 1683 885 1685 884 1686 885 1687 248 1688 248 1688 885 1687 886 1689 248 1690 886 1690 887 1690 887 1691 886 1691 888 1691 888 1692 886 1693 889 1694 888 1695 889 1695 890 1695 890 1696 889 1697 891 1698 890 1699 891 1699 892 1699 892 1700 891 1700 893 1700 893 1701 891 1702 894 1703 893 1704 894 1704 895 1704 895 1705 894 1706 875 1707 895 1708 875 1708 896 1708 896 1709 875 1709 874 1709 887 1710 488 1710 248 1710 879 1673 876 1671 875 1707 881 1677 879 1675 894 1703 894 1706 879 1673 875 1707 883 1681 881 1679 891 1698 891 1702 881 1677 894 1703 885 1685 883 1683 889 1694 889 1697 883 1681 891 1698 886 1693 885 1685 889 1694 556 890 555 888 647 1711 647 1712 555 1713 897 1714 647 1715 897 1715 646 1715 646 1716 897 1716 645 1716 645 1717 897 1717 898 1717 898 1718 897 1718 899 1718 899 1719 897 1720 900 1721 899 1722 900 1722 901 1722 901 1723 900 1723 902 1723 902 1724 900 1725 903 1726 902 1727 903 1727 904 1727 904 1728 903 1729 905 1730 904 1731 905 1731 906 1731 906 1732 905 1733 907 1734 906 1735 907 1735 908 1735 908 1736 907 1737 909 1738 908 1739 909 1739 910 1739 910 1740 909 1741 477 1742 477 1742 909 1741 911 1743 477 1742 911 1743 468 1744 468 1745 911 1745 912 1745 912 1746 911 1746 913 1746 913 1747 911 1748 914 1749 913 1750 914 1750 915 1750 915 1751 914 1752 916 1753 915 1754 916 1754 917 1754 917 1755 916 1756 918 1757 917 1758 918 1758 919 1758 919 1759 918 1760 920 1761 919 1762 920 1762 921 1762 921 1763 920 1764 922 1765 922 1765 920 1764 923 1766 922 1767 923 1767 924 1767 924 1768 923 1768 567 1768 567 1769 923 1769 566 1769 566 1770 923 1770 563 1770 563 1771 923 1771 555 1771 555 1713 923 1772 897 1714 900 1721 897 1720 923 1766 903 1726 900 1725 920 1761 920 1764 900 1721 923 1766 905 1730 903 1729 918 1757 918 1760 903 1726 920 1761 907 1734 905 1733 916 1753 916 1756 905 1730 918 1757 909 1738 907 1737 914 1749 914 1752 907 1734 916 1753 911 1748 909 1738 914 1749 31 1773 29 1774 228 1775 228 1775 29 1774 925 1776 228 1777 925 1778 230 1779 230 1779 925 1778 926 1780 230 1781 926 1782 232 1783 232 1783 926 1782 927 1784 232 1785 927 1786 234 1787 234 1787 927 1786 928 1788 234 1789 928 1790 236 1791 236 1791 928 1790 929 1792 236 1793 929 1794 238 1795 238 1795 929 1794 930 1796 238 1797 930 1798 240 1799 240 1799 930 1798 931 1800 240 1801 931 1802 242 1803 242 1803 931 1802 932 1804 242 1805 932 1806 244 1807 244 1807 932 1806 933 1808 244 1809 933 1810 246 1811 246 1811 933 1810 934 1812 246 1813 934 1814 248 1815 248 1815 934 1814 884 1816 884 1817 934 1818 935 1819 884 1817 935 1819 882 1820 882 1821 935 1822 936 1823 882 1821 936 1823 880 1824 880 1825 936 1826 937 1827 880 1825 937 1827 878 1828 878 1829 937 1830 938 1831 878 1829 938 1831 877 1832 877 1669 938 1833 559 1668 559 1668 938 1833 590 1834 590 1835 938 1836 939 1837 590 1835 939 1837 589 1838 589 1839 939 1839 940 1839 589 1840 940 1840 588 1840 588 1841 940 1841 941 1841 588 1842 941 1842 586 1842 586 1843 941 1843 942 1843 586 1844 942 1844 584 1844 584 1845 942 1845 943 1845 584 1846 943 1846 583 1846 583 1847 943 1847 944 1847 583 1848 944 1848 581 1848 581 1849 944 1849 945 1849 581 1850 945 1850 579 1850 579 1851 945 1851 946 1851 579 1852 946 1853 577 1854 577 1854 946 1853 947 1855 577 1856 947 1857 21 1858 21 1858 947 1857 22 1859 22 1860 947 1861 948 1862 22 1860 948 1862 24 1863 24 1864 948 1865 949 1866 24 1864 949 1866 26 1867 26 1868 949 1869 950 1870 26 1868 950 1870 28 1871 28 1872 950 1873 925 1874 28 1872 925 1874 29 1875 948 1876 947 1877 951 1878 951 1878 947 1877 946 1879 951 1880 946 1881 952 1882 952 1882 946 1881 945 1883 952 1884 945 1885 953 1886 953 1886 945 1885 944 1887 953 1888 944 1889 954 1890 954 1890 944 1889 943 1891 954 1892 943 1893 955 1894 955 1894 943 1893 942 1895 955 1896 942 1897 956 1898 956 1898 942 1897 941 1899 956 1900 941 1901 957 1902 957 1902 941 1901 940 1903 957 1904 940 1905 958 1906 958 1906 940 1905 939 1907 958 1908 939 1909 937 1910 937 1910 939 1909 938 1911 949 1912 948 1913 959 1914 959 1914 948 1913 951 1915 959 1916 951 1917 960 1918 960 1918 951 1917 952 1919 960 1920 952 1921 961 1922 961 1922 952 1921 953 1923 961 1924 953 1925 962 1926 962 1926 953 1925 954 1927 962 1928 954 1929 963 1930 963 1930 954 1929 955 1931 963 1932 955 1933 964 1934 964 1934 955 1933 956 1935 964 1936 956 1937 965 1938 965 1938 956 1937 957 1939 965 1940 957 1941 966 1942 966 1942 957 1941 958 1943 966 1944 958 1945 936 1946 936 1946 958 1945 937 1947 926 1948 925 1949 950 1950 950 1951 949 1952 967 1953 967 1953 949 1952 959 1954 967 1955 959 1956 968 1957 968 1957 959 1956 960 1958 968 1959 960 1960 969 1961 969 1961 960 1960 961 1962 969 1963 961 1964 970 1965 970 1965 961 1964 962 1966 970 1967 962 1968 971 1969 971 1969 962 1968 963 1970 971 1971 963 1972 972 1973 972 1973 963 1972 964 1974 972 1975 964 1976 973 1977 973 1977 964 1976 965 1978 973 1979 965 1980 974 1981 974 1981 965 1980 966 1982 974 1983 966 1984 935 1985 935 1985 966 1984 936 1986 927 1987 926 1988 967 1989 967 1990 926 1948 950 1950 927 1987 967 1989 968 1991 928 1992 927 1993 968 1994 928 1992 968 1994 969 1995 929 1996 928 1997 969 1998 929 1996 969 1998 970 1999 930 2000 929 2001 970 2002 930 2000 970 2002 971 2003 931 2004 930 2005 971 2006 931 2004 971 2006 972 2007 932 2008 931 2009 972 2010 932 2008 972 2010 973 2011 933 2012 932 2013 973 2014 933 2012 973 2014 974 2015 934 2016 933 2017 974 2018 934 2016 974 2018 935 2019 51 2020 468 2021 975 2022 975 2023 468 2023 976 2023 975 2024 976 2024 977 2024 975 2025 977 2026 978 2027 978 2028 977 2028 979 2028 978 2029 979 2030 980 2031 980 2032 979 2032 981 2032 980 2033 981 2033 982 2033 980 2034 982 2035 983 2036 983 2037 982 2037 984 2037 983 2038 984 2039 985 2040 985 2041 984 2041 986 2041 985 2042 986 2042 987 2042 567 2043 1 2043 987 2043 987 2044 1 2044 985 2044 985 2045 1 1 988 2046 988 2046 1 1 0 0 988 2047 0 2048 58 2049 988 2047 58 2049 989 2050 989 2051 58 2052 56 2053 989 2051 56 2053 990 2054 990 2055 56 2056 54 2057 990 2055 54 2057 991 2058 991 2059 54 2060 52 2061 991 2059 52 2061 992 2062 992 2063 52 2064 51 2020 992 2063 51 2020 975 2022 985 2040 988 2047 989 2050 991 2059 992 2062 978 2027 978 2027 992 2062 975 2025 990 2055 991 2058 980 2031 980 2031 991 2058 978 2029 989 2051 990 2054 983 2036 983 2036 990 2054 980 2034 985 2040 989 2050 983 2038 993 2065 467 2065 994 2065 994 2066 467 2067 995 2068 994 2069 995 2069 996 2069 996 2070 995 2070 997 2070 996 2071 997 2071 998 2071 998 2072 997 2072 999 2072 998 2073 999 2073 1000 2073 1000 2074 999 2074 1001 2074 1000 2075 1001 2076 1002 2077 1002 2078 1001 2079 1003 2080 1002 2081 1003 2082 1004 2083 1004 2084 1003 2085 1005 2086 1004 2087 1005 2088 1006 2089 1006 2090 1005 2090 1007 2090 1006 2091 1007 2091 1008 2091 999 2092 1009 2092 1001 2092 1001 2093 1009 2093 1010 2093 1001 2079 1010 2094 1003 2080 1003 2095 1010 2096 1011 2097 1003 2085 1011 2098 1005 2086 1005 2099 1011 2099 1012 2099 1005 2100 1012 2100 1007 2100 1009 2101 1013 2101 1010 2101 1010 2102 1013 2102 1014 2102 1010 2096 1014 2103 1011 2097 1011 2104 1014 2104 1015 2104 1011 2105 1015 2105 1012 2105 1013 2106 420 2106 1014 2106 1014 2107 420 2107 1016 2107 1014 2108 1016 2108 1015 2108 1006 2109 1008 2109 1017 2109 1017 2110 1008 2110 1018 2110 1017 2111 1018 2111 1019 2111 1019 2112 1018 2112 1020 2112 1019 2113 1020 2113 1021 2113 1021 2114 1020 2114 347 2114 1021 2115 347 2115 1022 2115 1021 2116 1022 2116 1023 2116 1023 2117 1022 2117 1024 2117 1023 2118 1024 2118 1025 2118 1025 2119 1024 2119 1026 2119 1025 2120 1026 2120 1027 2120 1027 2121 1026 2121 1028 2121 1027 2122 1028 2123 1029 2124 1029 2125 1028 2126 1030 2127 1029 2128 1030 2129 1031 2130 1031 2131 1030 2132 1032 2133 1031 2134 1032 2135 1033 2136 1033 2137 1032 2137 472 2137 1033 2138 472 2138 1034 2138 1026 2139 1035 2139 1028 2139 1028 2140 1035 2140 1036 2140 1028 2126 1036 2141 1030 2127 1030 2142 1036 2143 1037 2144 1030 2132 1037 2145 1032 2133 1032 2146 1037 2146 1038 2146 1032 2147 1038 2147 472 2147 1035 2148 1039 2148 1036 2148 1036 2149 1039 2149 1040 2149 1036 2143 1040 2150 1037 2144 1037 2151 1040 2151 474 2151 1037 2152 474 2152 1038 2152 1039 2153 476 2154 1040 2155 1040 2156 476 2156 1041 2156 1040 2157 1041 2157 474 2157 1033 2158 1034 2158 1042 2158 1042 2159 1034 2159 470 2159 1042 2160 470 2160 1043 2160 1043 2161 470 2161 993 2161 1043 2162 993 2162 994 2162 1043 2163 994 2164 1044 2165 1044 2165 994 2164 996 2166 1044 2167 996 2168 1045 2169 1045 2169 996 2168 998 2170 1045 2171 998 2172 1000 2173 1042 2174 1043 2175 1046 2176 1046 2176 1043 2175 1044 2177 1046 2178 1044 2179 1047 2180 1047 2180 1044 2179 1045 2181 1047 2182 1045 2183 1048 2184 1048 2184 1045 2183 1049 2185 1048 2186 1049 2187 1050 2188 1050 2188 1049 2187 1002 2189 1050 2190 1002 2081 1004 2083 1033 2191 1042 2192 1051 2193 1051 2193 1042 2192 1046 2194 1051 2195 1046 2196 1052 2197 1052 2197 1046 2196 1047 2198 1052 2199 1047 2200 1053 2201 1053 2201 1047 2200 1048 2202 1053 2203 1048 2204 1054 2205 1054 2205 1048 2204 1050 2206 1054 2207 1050 2208 1055 2209 1055 2209 1050 2208 1004 2210 1055 2211 1004 2087 1006 2089 1033 2136 1051 2212 1031 2134 1031 2213 1051 2214 1056 2215 1031 2130 1056 2216 1029 2128 1029 2217 1056 2218 1057 2219 1029 2124 1057 2220 1027 2122 1027 2221 1057 2222 1025 2223 1056 2215 1051 2214 1052 2224 1049 2225 1045 2171 1000 2173 1056 2226 1052 2227 1058 2228 1058 2228 1052 2227 1053 2229 1058 2230 1053 2231 1059 2232 1059 2232 1053 2231 1054 2233 1059 2234 1054 2235 1060 2236 1060 2236 1054 2235 1055 2237 1060 2238 1055 2239 1017 2240 1017 2240 1055 2239 1006 2241 1049 2242 1000 2075 1002 2077 1059 2243 1061 2244 1058 2245 1058 2245 1061 2244 1057 2246 1058 2247 1057 2219 1056 2218 1023 2248 1025 2249 1061 2250 1061 2251 1025 2223 1057 2222 1061 2252 1059 2253 1062 2254 1062 2254 1059 2253 1060 2255 1062 2256 1060 2257 1019 2258 1019 2258 1060 2257 1017 2259 1021 2260 1023 2261 1062 2262 1062 2263 1023 2248 1061 2250 1021 2260 1062 2262 1019 2264 478 2265 476 2154 1063 2266 1063 2266 476 2154 1039 2153 1063 2267 1039 2268 1035 2269 1063 2267 1035 2269 1064 2270 1064 2271 1035 2272 1026 2273 1064 2271 1026 2273 1065 2274 1065 2275 1026 2276 1024 2276 1065 2275 1024 2276 1066 2277 1066 2278 1024 2279 1022 2280 1066 2278 1022 2280 1067 2281 1067 2282 1022 2283 347 2284 1067 2282 347 2284 1068 2285 1068 2285 347 2284 345 2286 1068 2285 345 2286 1069 2287 1069 2288 1070 2289 1068 2290 1068 2290 1070 2289 1071 2291 1068 2290 1071 2291 1067 2281 1067 2281 1071 2291 1066 2278 1070 2292 1072 2293 1071 2294 1071 2294 1072 2293 1073 2295 1071 2294 1073 2295 1066 2277 1066 2277 1073 2295 1065 2275 1072 2296 1074 2297 1073 2298 1073 2298 1074 2297 1075 2299 1073 2298 1075 2299 1065 2274 1065 2274 1075 2299 1064 2271 1074 2300 1076 2301 1075 2302 1075 2302 1076 2301 1077 2303 1075 2302 1077 2303 1064 2270 1064 2270 1077 2303 1063 2267 1076 2304 478 2265 1077 2305 1077 2305 478 2265 1063 2266 422 2306 420 2307 1078 2308 1078 2308 420 2307 1013 2309 1078 2310 1013 2311 1009 2312 1078 2310 1009 2312 1079 2313 1079 2314 1009 2315 999 2316 1079 2314 999 2316 1080 2317 1080 2318 999 2319 997 2320 1080 2318 997 2320 1081 2321 1081 2322 997 2323 995 2324 1081 2322 995 2324 1082 2325 1082 2326 995 2068 467 2067 1082 2326 467 2067 1083 2327 1083 2327 467 2067 215 2328 1083 2327 215 2328 1084 2329 1084 2330 1085 2331 1083 2332 1083 2332 1085 2331 1086 2333 1083 2332 1086 2333 1082 2325 1082 2325 1086 2333 1081 2322 1085 2334 1087 2335 1086 2336 1086 2336 1087 2335 1088 2337 1086 2336 1088 2337 1081 2321 1081 2321 1088 2337 1080 2318 1087 2338 1089 2339 1088 2340 1088 2340 1089 2339 1090 2341 1088 2340 1090 2341 1080 2317 1080 2317 1090 2341 1079 2314 1089 2342 1091 2343 1090 2344 1090 2344 1091 2343 1092 2345 1090 2344 1092 2345 1079 2313 1079 2313 1092 2345 1078 2310 1091 2346 422 2306 1092 2347 1092 2347 422 2306 1078 2308 1093 2348 478 2348 1094 2348 1094 2349 478 2265 1076 2304 1094 2350 1076 2350 1095 2350 1095 2351 1076 2351 1074 2351 1095 2352 1074 2352 1096 2352 1096 2353 1074 2353 1072 2353 1096 2354 1072 2354 1097 2354 1097 2355 1072 2355 1098 2355 1097 2356 1098 2357 1099 2358 1099 2359 1098 2360 1100 2361 1099 2362 1100 2363 1101 2364 1101 2365 1100 2366 1102 2367 1101 2368 1102 2369 1103 2370 1103 2371 1102 2371 1104 2371 1103 2372 1104 2372 1105 2372 1072 2373 1070 2373 1098 2373 1098 2374 1070 2374 1106 2374 1098 2360 1106 2375 1100 2361 1100 2376 1106 2377 1107 2378 1100 2366 1107 2379 1102 2367 1102 2380 1107 2380 1108 2380 1102 2381 1108 2381 1104 2381 1070 2382 1069 2382 1106 2382 1106 2383 1069 2383 1109 2383 1106 2377 1109 2384 1107 2378 1107 2385 1109 2385 1110 2385 1107 2386 1110 2386 1108 2386 1069 2387 345 2387 1109 2387 1109 2388 345 2388 1111 2388 1109 2389 1111 2389 1110 2389 1103 2390 1105 2390 1112 2390 1112 2391 1105 2391 1113 2391 1112 2392 1113 2392 1114 2392 1114 2393 1113 2393 1115 2393 1114 2394 1115 2394 1116 2394 1116 2395 1115 2395 411 2395 1116 2396 411 2396 1117 2396 1116 2397 1117 2397 1118 2397 1118 2398 1117 2398 1119 2398 1118 2399 1119 2399 1120 2399 1120 2400 1119 2400 1121 2400 1120 2401 1121 2401 1122 2401 1122 2402 1121 2402 1123 2402 1122 2403 1123 2404 1124 2405 1124 2406 1123 2407 1125 2408 1124 2409 1125 2410 1126 2411 1126 2412 1125 2413 1127 2414 1126 2415 1127 2416 1128 2417 1128 2418 1127 2418 482 2418 1128 2419 482 2419 1129 2419 1121 2420 1130 2420 1123 2420 1123 2421 1130 2421 1131 2421 1123 2407 1131 2422 1125 2408 1125 2423 1131 2424 1132 2425 1125 2413 1132 2426 1127 2414 1127 2427 1132 2427 1133 2427 1127 2428 1133 2428 482 2428 1130 2429 1134 2429 1131 2429 1131 2430 1134 2430 1135 2430 1131 2424 1135 2431 1132 2425 1132 2432 1135 2433 1136 2434 1132 2432 1136 2434 484 2435 1134 2436 486 2437 1135 2438 1135 2439 486 2439 1136 2439 484 2440 1133 2440 1132 2440 1128 2441 1129 2441 1137 2441 1137 2442 1129 2442 480 2442 1137 2443 480 2443 1138 2443 1138 2444 480 2444 1093 2444 1138 2445 1093 2445 1094 2445 1138 2446 1094 2447 1139 2448 1139 2448 1094 2447 1095 2449 1139 2450 1095 2451 1140 2452 1140 2452 1095 2451 1096 2453 1140 2454 1096 2455 1141 2456 1141 2456 1096 2455 1097 2457 1141 2458 1097 2356 1099 2358 1137 2459 1138 2460 1142 2461 1142 2461 1138 2460 1139 2462 1142 2463 1139 2464 1143 2465 1143 2465 1139 2464 1140 2466 1143 2467 1140 2468 1144 2469 1144 2469 1140 2468 1141 2470 1144 2471 1141 2472 1145 2473 1145 2473 1141 2472 1099 2474 1145 2475 1099 2362 1101 2364 1128 2476 1137 2477 1146 2478 1146 2478 1137 2477 1142 2479 1146 2480 1142 2481 1147 2482 1147 2482 1142 2481 1143 2483 1147 2484 1143 2485 1148 2486 1148 2486 1143 2485 1144 2487 1148 2488 1144 2489 1149 2490 1149 2490 1144 2489 1145 2491 1149 2492 1145 2493 1150 2494 1150 2494 1145 2493 1101 2495 1150 2496 1101 2368 1103 2370 1128 2417 1146 2497 1126 2415 1126 2498 1146 2499 1151 2500 1126 2411 1151 2501 1124 2409 1124 2502 1151 2503 1152 2504 1124 2405 1152 2505 1122 2403 1122 2506 1152 2507 1120 2508 1151 2500 1146 2499 1147 2509 1151 2510 1147 2511 1153 2512 1153 2512 1147 2511 1148 2513 1153 2514 1148 2515 1154 2516 1154 2516 1148 2515 1149 2517 1154 2518 1149 2519 1155 2520 1155 2520 1149 2519 1150 2521 1155 2522 1150 2523 1112 2524 1112 2524 1150 2523 1103 2525 1154 2526 1156 2527 1153 2528 1153 2528 1156 2527 1152 2529 1153 2530 1152 2504 1151 2503 1118 2531 1120 2532 1156 2533 1156 2534 1120 2508 1152 2507 1156 2535 1154 2536 1157 2537 1157 2537 1154 2536 1155 2538 1157 2539 1155 2540 1114 2541 1114 2541 1155 2540 1112 2542 1116 2543 1118 2544 1157 2545 1157 2546 1118 2531 1156 2533 1116 2543 1157 2545 1114 2547 464 2548 422 2306 1158 2549 1158 2549 422 2306 1091 2346 1158 2550 1091 2551 1159 2552 1159 2552 1091 2551 1089 2553 1159 2554 1089 2555 1160 2556 1160 2556 1089 2555 1087 2557 1160 2558 1087 2559 1161 2560 1161 2560 1087 2559 1085 2561 1161 2562 1085 2563 1162 2564 1162 2564 1085 2563 1084 2565 1162 2566 1084 2566 1163 2566 1163 2567 1084 2567 215 2567 1162 2568 1163 2569 1164 2570 1164 2570 1163 2569 1165 2571 1164 2572 1165 2573 1166 2574 1166 2574 1165 2573 1167 2575 1166 2576 1167 2577 1168 2578 1168 2578 1167 2577 1169 2579 1168 2580 1169 2581 1170 2582 1170 2582 1169 2581 1171 2583 1170 2584 1171 2585 1172 2586 1172 2586 1171 2585 1173 2587 1172 2588 1173 2589 1174 2590 1174 2590 1173 2589 1175 2591 1174 2592 1175 2593 1176 2594 1176 2594 1175 2593 1177 2595 1176 2596 1177 2597 1178 2598 1178 2598 1177 2597 1179 2599 1178 2600 1179 2601 1180 2602 1180 2602 1179 2601 1181 2603 1180 2604 1181 2605 1182 2606 1182 2606 1181 2605 1183 2607 1182 2608 1183 2609 1184 2610 1184 2610 1183 2609 1185 2611 1184 2612 1185 2613 1186 2614 1186 2614 1185 2613 1187 2615 1186 2616 1187 2617 1188 2618 1188 2618 1187 2617 1189 2619 1188 2620 1189 2621 1190 2622 1190 2622 1189 2621 1191 2623 1190 2624 1191 2625 1192 2626 1192 2626 1191 2625 1193 2627 1192 2628 1193 2629 1194 2630 1194 2630 1193 2629 1195 2631 1194 2632 1195 2633 1196 2634 1196 2634 1195 2633 1197 2635 1196 2636 1197 2637 1198 2638 1198 2638 1197 2637 1199 2639 1198 2640 1199 2641 1200 2642 1200 2642 1199 2641 1201 2643 1200 2644 1201 2645 1202 2646 1202 2646 1201 2645 247 2647 1202 2648 1203 2649 1200 2650 1200 2650 1203 2649 1204 2651 1200 2652 1204 2653 1198 2654 1198 2654 1204 2653 1205 2655 1198 2656 1205 2657 1196 2658 1196 2658 1205 2657 1206 2659 1196 2660 1206 2661 1194 2662 1194 2662 1206 2661 1207 2663 1194 2664 1207 2665 1192 2666 1192 2666 1207 2665 1208 2667 1192 2668 1208 2669 1190 2670 1190 2670 1208 2669 1209 2671 1190 2672 1209 2673 1188 2674 1188 2674 1209 2673 1210 2675 1188 2676 1210 2677 1186 2678 1186 2678 1210 2677 1211 2679 1186 2680 1211 2681 1184 2682 1184 2682 1211 2681 1212 2683 1184 2684 1212 2685 1182 2686 1182 2686 1212 2685 1213 2687 1182 2688 1213 2689 1180 2690 1180 2690 1213 2689 1214 2691 1180 2692 1214 2693 1178 2694 1178 2694 1214 2693 1215 2695 1178 2696 1215 2697 1176 2698 1176 2698 1215 2697 1216 2699 1176 2700 1216 2701 1174 2702 1174 2702 1216 2701 1217 2703 1174 2704 1217 2705 1172 2706 1172 2706 1217 2705 1218 2707 1172 2708 1218 2709 1170 2710 1170 2710 1218 2709 1219 2711 1170 2712 1219 2713 1168 2714 1168 2714 1219 2713 1220 2715 1168 2716 1220 2717 1166 2718 1166 2718 1220 2717 1221 2719 1166 2720 1221 2721 1164 2722 1164 2722 1221 2721 1222 2723 1164 2724 1222 2725 1162 2726 1162 2726 1222 2725 1161 2727 1203 2728 1223 2729 1204 2730 1204 2730 1223 2729 1224 2731 1204 2732 1224 2733 1205 2734 1205 2734 1224 2733 1225 2735 1205 2736 1225 2737 1206 2738 1206 2738 1225 2737 1226 2739 1206 2740 1226 2741 1207 2742 1207 2742 1226 2741 1227 2743 1207 2744 1227 2745 1208 2746 1208 2746 1227 2745 1228 2747 1208 2748 1228 2749 1209 2750 1209 2750 1228 2749 1229 2751 1209 2752 1229 2753 1210 2754 1210 2754 1229 2753 1230 2755 1210 2756 1230 2757 1211 2758 1211 2758 1230 2757 1231 2759 1211 2760 1231 2761 1212 2762 1212 2762 1231 2761 1232 2763 1212 2764 1232 2765 1213 2766 1213 2766 1232 2765 1233 2767 1213 2768 1233 2769 1214 2770 1214 2770 1233 2769 1234 2771 1214 2772 1234 2773 1215 2774 1215 2774 1234 2773 1235 2775 1215 2776 1235 2777 1216 2778 1216 2778 1235 2777 1236 2779 1216 2780 1236 2781 1217 2782 1217 2782 1236 2781 1237 2783 1217 2784 1237 2785 1218 2786 1218 2786 1237 2785 1238 2787 1218 2788 1238 2789 1219 2790 1219 2790 1238 2789 1239 2791 1219 2792 1239 2793 1220 2794 1220 2794 1239 2793 1240 2795 1220 2796 1240 2797 1221 2798 1221 2798 1240 2797 1241 2799 1221 2800 1241 2801 1222 2802 1222 2802 1241 2801 1242 2803 1222 2804 1242 2805 1161 2806 1161 2806 1242 2805 1160 2807 1223 2808 1243 2809 1224 2810 1224 2810 1243 2809 1244 2811 1224 2812 1244 2813 1225 2814 1225 2814 1244 2813 1245 2815 1225 2816 1245 2817 1226 2818 1226 2818 1245 2817 1246 2819 1226 2820 1246 2821 1227 2822 1227 2822 1246 2821 1247 2823 1227 2824 1247 2825 1228 2826 1228 2826 1247 2825 1248 2827 1228 2828 1248 2829 1229 2830 1229 2830 1248 2829 1249 2831 1229 2832 1249 2833 1230 2834 1230 2834 1249 2833 1250 2835 1230 2836 1250 2837 1231 2838 1231 2838 1250 2837 1251 2839 1231 2840 1251 2841 1232 2842 1232 2842 1251 2841 1252 2843 1232 2844 1252 2845 1233 2846 1233 2846 1252 2845 1253 2847 1233 2848 1253 2849 1234 2850 1234 2850 1253 2849 1254 2851 1234 2852 1254 2853 1235 2854 1235 2854 1254 2853 1255 2855 1235 2856 1255 2857 1236 2858 1236 2858 1255 2857 1256 2859 1236 2860 1256 2861 1237 2862 1237 2862 1256 2861 1257 2863 1237 2864 1257 2865 1238 2866 1238 2866 1257 2865 1258 2867 1238 2868 1258 2869 1239 2870 1239 2870 1258 2869 1259 2871 1239 2872 1259 2873 1240 2874 1240 2874 1259 2873 1260 2875 1240 2876 1260 2877 1241 2878 1241 2878 1260 2877 1261 2879 1241 2880 1261 2881 1242 2882 1242 2882 1261 2881 1262 2883 1242 2884 1262 2885 1160 2886 1160 2886 1262 2885 1159 2887 1243 2888 1263 2889 1244 2890 1244 2890 1263 2889 1264 2891 1244 2892 1264 2893 1245 2894 1245 2894 1264 2893 1265 2895 1245 2896 1265 2897 1246 2898 1246 2898 1265 2897 1266 2899 1246 2900 1266 2901 1247 2902 1247 2902 1266 2901 1267 2903 1247 2904 1267 2905 1248 2906 1248 2906 1267 2905 1268 2907 1248 2908 1268 2909 1249 2910 1249 2910 1268 2909 1269 2911 1249 2912 1269 2913 1250 2914 1250 2914 1269 2913 1270 2915 1250 2916 1270 2917 1251 2918 1251 2918 1270 2917 1271 2919 1251 2920 1271 2921 1252 2922 1252 2922 1271 2921 1272 2923 1252 2924 1272 2925 1253 2926 1253 2926 1272 2925 1273 2927 1253 2928 1273 2929 1254 2930 1254 2930 1273 2929 1274 2931 1254 2932 1274 2933 1255 2934 1255 2934 1274 2933 1275 2935 1255 2936 1275 2937 1256 2938 1256 2938 1275 2937 1276 2939 1256 2940 1276 2941 1257 2942 1257 2942 1276 2941 1277 2943 1257 2944 1277 2945 1258 2946 1258 2946 1277 2945 1278 2947 1258 2948 1278 2949 1259 2950 1259 2950 1278 2949 1279 2951 1259 2952 1279 2953 1260 2954 1260 2954 1279 2953 1280 2955 1260 2956 1280 2957 1261 2958 1261 2958 1280 2957 1281 2959 1261 2960 1281 2961 1262 2962 1262 2962 1281 2961 1282 2963 1262 2964 1282 2965 1159 2966 1159 2966 1282 2965 1158 2967 1263 2968 428 2969 1264 2970 1264 2970 428 2969 432 2971 1264 2972 432 2973 1265 2974 1265 2974 432 2973 436 2975 1265 2976 436 2977 1266 2978 1266 2978 436 2977 437 2979 1266 2980 437 2980 1267 2980 1267 2981 437 2981 438 2981 1267 2982 438 2982 1268 2982 1268 2983 438 2983 440 2983 1268 2984 440 2984 1269 2984 1269 2985 440 2985 441 2985 1269 2986 441 2986 1270 2986 1270 2987 441 2987 443 2987 1270 2988 443 2988 1271 2988 1271 2989 443 2989 445 2989 1271 2990 445 2990 1272 2990 1272 2991 445 2991 447 2991 1272 2992 447 2992 1273 2992 1273 2993 447 2993 449 2993 1273 2994 449 2994 1274 2994 1274 2995 449 2995 451 2995 1274 2996 451 2996 1275 2996 1275 2997 451 2997 453 2997 1275 2998 453 2998 1276 2998 1276 2999 453 2999 455 2999 1276 3000 455 3000 1277 3000 1277 3001 455 3001 457 3001 1277 3002 457 3002 1278 3002 1278 3003 457 3003 459 3003 1278 3004 459 3004 1279 3004 1279 3005 459 3005 460 3005 1279 3006 460 3006 1280 3006 1280 3007 460 3007 462 3007 1280 3008 462 3008 1281 3008 1281 3009 462 3010 463 3011 1281 3009 463 3011 1282 3012 1282 3013 463 3014 464 3015 1282 3013 464 3015 1158 3016 112 3017 486 2437 1283 3018 1283 3018 486 2437 1134 2436 1283 3019 1134 3020 1130 3021 1283 3019 1130 3021 1284 3022 1284 3023 1130 3024 1121 3025 1284 3023 1121 3025 1285 3026 1285 3027 1121 3028 1119 3029 1285 3027 1119 3029 1286 3030 1286 3031 1119 3032 1287 3033 1286 3031 1287 3033 1288 3034 1288 3035 1287 3036 407 3037 1288 3035 407 3037 1289 3038 1119 3032 1117 3039 1287 3033 1287 3036 1117 3040 411 3041 1287 3036 411 3041 407 3037 1288 3034 1289 3042 1290 3043 1290 3043 1289 3042 1291 3044 1290 3045 1291 3046 1292 3047 1292 3047 1291 3046 1293 3048 1292 3049 1293 3050 1294 3051 1292 3049 1294 3051 1295 3052 1295 3053 1294 3054 1296 3055 1295 3053 1296 3055 1297 3056 1297 3057 1296 3058 112 3017 1297 3057 112 3017 1283 3018 1297 3056 1283 3019 1284 3022 1295 3053 1297 3056 1284 3022 1292 3049 1295 3052 1285 3026 1285 3026 1295 3052 1284 3023 1290 3045 1292 3047 1286 3030 1286 3030 1292 3047 1285 3027 1288 3034 1290 3043 1286 3031 1263 2968 1298 3059 428 2969 428 2969 1298 3059 1299 3060 428 2969 1299 3060 425 3061 425 3061 1299 3060 1300 3062 1300 3063 1299 3064 1301 3065 1300 3063 1301 3065 1302 3066 1302 3067 1301 3068 1303 3069 1303 3069 1301 3068 1304 3070 1303 3071 1304 3072 1305 3073 1305 3073 1304 3072 1306 3074 1305 3075 1306 3076 1307 3077 1307 3077 1306 3076 1308 3078 1307 3079 1308 3080 487 3081 487 3081 1308 3080 1309 3082 487 3081 1309 3082 247 3083 247 3083 1309 3082 1202 3084 1202 3085 1309 3086 1203 3087 1203 3087 1309 3086 1310 3088 1203 3089 1310 3090 1223 3091 1223 3091 1310 3090 1311 3092 1223 3093 1311 3094 1243 3095 1243 3095 1311 3094 1312 3096 1243 3097 1312 3098 1298 3099 1298 3099 1312 3098 1299 3064 1263 3100 1243 3097 1298 3099 1301 3065 1299 3064 1312 3098 1304 3070 1301 3068 1312 3096 1304 3070 1312 3096 1311 3094 1306 3074 1304 3072 1311 3092 1306 3074 1311 3092 1310 3090 1308 3078 1306 3076 1310 3088 1308 3078 1310 3088 1309 3086 1313 3101 112 3101 1314 3101 1314 3102 112 3102 1296 3102 1314 3103 1296 3104 1315 3105 1315 3105 1296 3104 1294 3106 1315 3107 1294 3108 1316 3109 1316 3109 1294 3108 1293 3110 1316 3111 1293 3112 1317 3113 1317 3113 1293 3112 1291 3114 1317 3115 1291 3116 1318 3117 1318 3117 1291 3116 1289 3118 1318 3119 1289 3038 407 3037 407 3037 406 3120 1318 3119 1318 3121 406 3122 1319 3123 1318 3124 1319 3125 1317 3126 1317 3126 1319 3125 1320 3127 1317 3128 1320 3129 1316 3130 1316 3130 1320 3129 1321 3131 1316 3132 1321 3133 1315 3134 1315 3134 1321 3133 1322 3135 1315 3136 1322 3137 1314 3138 1314 3138 1322 3137 1323 3139 1314 3140 1323 3140 1313 3140 1313 3141 1323 3141 1324 3141 1324 3142 1323 3142 1325 3142 1324 3143 1325 3143 1326 3143 1326 3144 1325 3144 1327 3144 1326 3145 1327 3145 1328 3145 1328 3146 1327 3146 1329 3146 1328 3147 1329 3147 1330 3147 1330 3148 1329 3148 1331 3148 1330 3149 1331 3149 1332 3149 1332 3150 1331 3150 1333 3150 1332 3151 1333 3151 1334 3151 1334 3152 1333 3152 1335 3152 1334 3153 1335 3153 1336 3153 1336 3154 1335 3154 1337 3154 1336 3155 1337 3155 1338 3155 1338 3156 1337 3156 1339 3156 1338 3157 1339 3157 1340 3157 1340 3158 1339 3159 1341 3160 1341 3160 1339 3159 1342 3161 1341 3162 1342 3163 1343 3164 1343 3164 1342 3163 1344 3165 1343 3166 1344 3167 1345 3168 1345 3168 1344 3167 1346 3169 1345 3170 1346 3171 1347 3172 1347 3172 1346 3171 1348 3173 1347 3174 1348 3175 1349 3176 1349 3176 1348 3175 1350 3177 1349 3178 1350 3179 1351 3180 1351 3180 1350 3179 1352 3181 1351 3182 1352 3183 1353 3184 1353 3184 1352 3183 1354 3185 1353 3186 1354 3187 1355 3188 1355 3188 1354 3187 1356 3189 1355 3190 1356 3191 1357 3192 1357 3192 1356 3191 1358 3193 1357 3194 1358 3195 1359 3196 1359 3196 1358 3195 1360 3197 1359 3198 1360 3199 507 3200 507 3200 1360 3199 1361 3201 1361 3202 1360 3203 1362 3204 1361 3202 1362 3204 1363 3205 1363 3206 1362 3207 1364 3208 1363 3206 1364 3208 1365 3209 1365 3210 1364 3211 1366 3212 1365 3210 1366 3212 1367 3213 1367 3214 1366 3215 1368 3216 1367 3214 1368 3216 1369 3217 1369 3218 1368 3219 375 3220 375 3220 1368 3219 373 3221 373 3222 1368 3223 1370 3224 373 3222 1370 3224 378 3225 378 3226 1370 3227 1371 3228 378 3226 1371 3228 379 3229 379 3230 1371 3230 1372 3230 379 3231 1372 3231 381 3231 381 3232 1372 3232 1373 3232 381 3233 1373 3233 382 3233 382 3234 1373 3234 1374 3234 382 3235 1374 3235 384 3235 384 3236 1374 3236 1375 3236 384 3237 1375 3237 386 3237 386 3238 1375 3238 1376 3238 386 3239 1376 3239 388 3239 388 3240 1376 3240 1377 3240 388 3241 1377 3241 390 3241 390 3242 1377 3242 1378 3242 390 3243 1378 3243 391 3243 391 3244 1378 3244 1379 3244 391 3245 1379 3245 392 3245 392 3246 1379 3246 1380 3246 392 3247 1380 3247 394 3247 394 3248 1380 3248 1381 3248 394 3249 1381 3249 396 3249 396 3250 1381 3250 1382 3250 396 3251 1382 3251 398 3251 398 3252 1382 3252 1383 3252 398 3253 1383 3253 400 3253 400 3254 1383 3254 1384 3254 400 3255 1384 3255 402 3255 402 3256 1384 3256 1385 3256 402 3257 1385 3257 403 3257 403 3258 1385 3258 1386 3258 403 3259 1386 3260 405 3261 405 3261 1386 3260 1319 3262 405 3263 1319 3123 406 3122 1319 3264 1386 3265 1320 3266 1320 3266 1386 3265 1387 3267 1320 3268 1387 3269 1321 3270 1321 3270 1387 3269 1388 3271 1321 3272 1388 3273 1322 3274 1322 3274 1388 3273 1389 3275 1322 3276 1389 3277 1323 3278 1323 3278 1389 3277 1325 3279 1386 3280 1385 3281 1387 3282 1387 3282 1385 3281 1390 3283 1387 3284 1390 3285 1388 3286 1388 3286 1390 3285 1391 3287 1388 3288 1391 3289 1389 3290 1389 3290 1391 3289 1392 3291 1389 3292 1392 3293 1325 3294 1325 3294 1392 3293 1327 3295 1385 3296 1384 3297 1390 3298 1390 3298 1384 3297 1393 3299 1390 3300 1393 3301 1391 3302 1391 3302 1393 3301 1394 3303 1391 3304 1394 3305 1392 3306 1392 3306 1394 3305 1395 3307 1392 3308 1395 3309 1327 3310 1327 3310 1395 3309 1329 3311 1384 3312 1383 3313 1393 3314 1393 3314 1383 3313 1396 3315 1393 3316 1396 3317 1394 3318 1394 3318 1396 3317 1397 3319 1394 3320 1397 3321 1395 3322 1395 3322 1397 3321 1398 3323 1395 3324 1398 3325 1329 3326 1329 3326 1398 3325 1331 3327 1383 3328 1382 3329 1396 3330 1396 3330 1382 3329 1399 3331 1396 3332 1399 3333 1397 3334 1397 3334 1399 3333 1400 3335 1397 3336 1400 3337 1398 3338 1398 3338 1400 3337 1401 3339 1398 3340 1401 3341 1331 3342 1331 3342 1401 3341 1333 3343 1382 3344 1381 3345 1399 3346 1399 3346 1381 3345 1402 3347 1399 3348 1402 3349 1400 3350 1400 3350 1402 3349 1403 3351 1400 3352 1403 3353 1401 3354 1401 3354 1403 3353 1404 3355 1401 3356 1404 3357 1333 3358 1333 3358 1404 3357 1335 3359 1381 3360 1380 3361 1402 3362 1402 3362 1380 3361 1405 3363 1402 3364 1405 3365 1403 3366 1403 3366 1405 3365 1406 3367 1403 3368 1406 3369 1404 3370 1404 3370 1406 3369 1407 3371 1404 3372 1407 3373 1335 3374 1335 3374 1407 3373 1337 3375 1380 3376 1379 3377 1405 3378 1405 3378 1379 3377 1408 3379 1405 3380 1408 3381 1406 3382 1406 3382 1408 3381 1409 3383 1406 3384 1409 3385 1407 3386 1407 3386 1409 3385 1410 3387 1407 3388 1410 3389 1337 3390 1337 3390 1410 3389 1339 3391 1408 3392 1379 3393 1411 3394 1411 3394 1379 3393 1378 3395 1411 3396 1378 3397 1412 3398 1412 3398 1378 3397 1377 3399 1412 3400 1377 3401 1413 3402 1413 3402 1377 3401 1376 3403 1413 3404 1376 3405 1414 3406 1414 3406 1376 3405 1375 3407 1414 3408 1375 3409 1415 3410 1415 3410 1375 3409 1374 3411 1415 3412 1374 3413 1416 3414 1416 3414 1374 3413 1373 3415 1416 3416 1373 3417 1417 3418 1417 3418 1373 3417 1372 3419 1417 3420 1372 3421 1418 3422 1418 3422 1372 3421 1371 3423 1418 3424 1371 3425 1419 3426 1419 3426 1371 3425 1370 3427 1419 3428 1370 3429 1366 3430 1366 3430 1370 3429 1368 3431 1409 3432 1408 3433 1420 3434 1420 3434 1408 3433 1411 3435 1420 3436 1411 3437 1421 3438 1421 3438 1411 3437 1412 3439 1421 3440 1412 3441 1422 3442 1422 3442 1412 3441 1413 3443 1422 3444 1413 3445 1423 3446 1423 3446 1413 3445 1414 3447 1423 3448 1414 3449 1424 3450 1424 3450 1414 3449 1415 3451 1424 3452 1415 3453 1425 3454 1425 3454 1415 3453 1416 3455 1425 3456 1416 3457 1426 3458 1426 3458 1416 3457 1417 3459 1426 3460 1417 3461 1427 3462 1427 3462 1417 3461 1418 3463 1427 3464 1418 3465 1428 3466 1428 3466 1418 3465 1419 3467 1428 3468 1419 3469 1364 3470 1364 3470 1419 3469 1366 3471 1342 3472 1339 3473 1410 3474 1410 3475 1409 3476 1429 3477 1429 3477 1409 3476 1420 3478 1429 3479 1420 3480 1430 3481 1430 3481 1420 3480 1421 3482 1430 3483 1421 3484 1431 3485 1431 3485 1421 3484 1422 3486 1431 3487 1422 3488 1432 3489 1432 3489 1422 3488 1423 3490 1432 3491 1423 3492 1433 3493 1433 3493 1423 3492 1424 3494 1433 3495 1424 3496 1434 3497 1434 3497 1424 3496 1425 3498 1434 3499 1425 3500 1435 3501 1435 3501 1425 3500 1426 3502 1435 3503 1426 3504 1436 3505 1436 3505 1426 3504 1427 3506 1436 3507 1427 3508 1437 3509 1437 3509 1427 3508 1428 3510 1437 3511 1428 3512 1362 3513 1362 3513 1428 3512 1364 3514 1344 3515 1342 3516 1429 3517 1429 3518 1342 3472 1410 3474 1344 3515 1429 3517 1430 3519 1346 3520 1344 3521 1430 3522 1346 3520 1430 3522 1431 3523 1348 3524 1346 3525 1431 3526 1348 3524 1431 3526 1432 3527 1350 3528 1348 3529 1432 3530 1350 3528 1432 3530 1433 3531 1352 3532 1350 3533 1433 3534 1352 3532 1433 3534 1434 3535 1354 3536 1352 3537 1434 3538 1354 3536 1434 3538 1435 3539 1356 3540 1354 3541 1435 3542 1356 3540 1435 3542 1436 3543 1358 3544 1356 3545 1436 3546 1358 3544 1436 3546 1437 3547 1360 3548 1358 3549 1437 3550 1360 3548 1437 3550 1362 3551 1438 3552 425 3552 1439 3552 1439 3553 425 3553 1300 3553 1439 3554 1300 3554 1440 3554 1440 3555 1300 3555 1302 3555 1440 3556 1302 3556 1441 3556 1441 3557 1302 3557 1303 3557 1441 3558 1303 3558 1442 3558 1442 3559 1303 3559 1443 3559 1442 3560 1443 3561 1444 3562 1444 3563 1443 3564 1445 3565 1444 3566 1445 3567 1446 3568 1446 3569 1445 3570 1447 3571 1446 3572 1447 3573 1448 3574 1448 3575 1447 3575 492 3575 1448 3576 492 3576 1449 3576 1303 3577 1305 3577 1443 3577 1443 3578 1305 3578 1450 3578 1443 3564 1450 3579 1445 3565 1445 3580 1450 3581 1451 3582 1445 3570 1451 3583 1447 3571 1447 3584 1451 3584 1452 3584 1447 3585 1452 3585 492 3585 1305 3586 1307 3586 1450 3586 1450 3587 1307 3587 1453 3587 1450 3581 1453 3588 1451 3582 1451 3589 1453 3590 1454 3591 1451 3589 1454 3591 490 3592 1307 3079 487 3081 1453 3593 1453 3594 487 3594 1454 3594 490 3595 1452 3595 1451 3595 1448 3596 1449 3596 1455 3596 1455 3597 1449 3597 494 3597 1455 3598 494 3598 1456 3598 1456 3599 494 3599 1457 3599 1456 3600 1457 3600 1458 3600 1458 3601 1457 3601 496 3601 1458 3602 496 3603 1459 3604 1458 3605 1459 3605 1460 3605 1460 3606 1459 3606 1461 3606 1460 3607 1461 3607 1462 3607 1462 3608 1461 3608 1463 3608 1462 3609 1463 3609 1464 3609 1464 3610 1463 3610 1465 3610 1464 3611 1465 3612 1466 3613 1466 3614 1465 3615 1467 3616 1466 3617 1467 3618 1468 3619 1468 3620 1467 3621 1469 3622 1468 3623 1469 3624 1470 3625 1470 3626 1469 3626 1471 3626 1470 3627 1471 3627 1472 3627 1463 3628 1473 3628 1465 3628 1465 3629 1473 3629 1474 3629 1465 3615 1474 3630 1467 3616 1467 3631 1474 3632 1475 3633 1467 3621 1475 3634 1469 3622 1469 3635 1475 3635 1476 3635 1469 3636 1476 3636 1471 3636 1473 3637 1477 3637 1474 3637 1474 3638 1477 3638 1478 3638 1474 3632 1478 3639 1475 3633 1475 3640 1478 3640 1479 3640 1475 3641 1479 3641 1476 3641 1477 3642 354 3642 1478 3642 1478 3643 354 3643 1480 3643 1478 3644 1480 3644 1479 3644 1470 3645 1472 3645 1481 3645 1481 3646 1472 3646 1482 3646 1481 3647 1482 3647 1483 3647 1483 3648 1482 3648 1438 3648 1483 3649 1438 3649 1439 3649 1483 3650 1439 3651 1484 3652 1484 3652 1439 3651 1440 3653 1484 3654 1440 3655 1485 3656 1485 3656 1440 3655 1441 3657 1485 3658 1441 3659 1486 3660 1486 3660 1441 3659 1442 3661 1486 3662 1442 3560 1444 3562 1481 3663 1483 3664 1487 3665 1487 3665 1483 3664 1484 3666 1487 3667 1484 3668 1488 3669 1488 3669 1484 3668 1485 3670 1488 3671 1485 3672 1489 3673 1489 3673 1485 3672 1486 3674 1489 3675 1486 3676 1490 3677 1490 3677 1486 3676 1444 3678 1490 3679 1444 3566 1446 3568 1470 3680 1481 3681 1491 3682 1491 3682 1481 3681 1487 3683 1491 3684 1487 3685 1492 3686 1492 3686 1487 3685 1488 3687 1492 3688 1488 3689 1493 3690 1493 3690 1488 3689 1489 3691 1493 3692 1489 3693 1494 3694 1494 3694 1489 3693 1490 3695 1494 3696 1490 3697 1495 3698 1495 3698 1490 3697 1446 3699 1495 3700 1446 3572 1448 3574 1470 3625 1491 3701 1468 3623 1468 3702 1491 3703 1496 3704 1468 3619 1496 3705 1466 3617 1466 3706 1496 3707 1497 3708 1466 3613 1497 3709 1464 3611 1464 3710 1497 3711 1462 3712 1496 3704 1491 3703 1492 3713 1496 3714 1492 3715 1498 3716 1498 3716 1492 3715 1493 3717 1498 3718 1493 3719 1499 3720 1499 3720 1493 3719 1494 3721 1499 3722 1494 3723 1500 3724 1500 3724 1494 3723 1495 3725 1500 3726 1495 3727 1455 3728 1455 3728 1495 3727 1448 3729 1499 3730 1501 3731 1498 3732 1498 3732 1501 3731 1497 3733 1498 3734 1497 3708 1496 3707 1460 3735 1462 3736 1501 3737 1501 3738 1462 3712 1497 3711 1501 3739 1499 3740 1502 3741 1502 3741 1499 3740 1500 3742 1502 3743 1500 3744 1456 3745 1456 3745 1500 3744 1455 3746 1458 3747 1460 3748 1502 3749 1502 3750 1460 3735 1501 3737 1458 3747 1502 3749 1456 3751 1361 3752 1503 3753 507 3754 507 3754 1503 3753 1504 3755 507 3754 1504 3755 506 3756 506 3756 1504 3755 1505 3757 1505 3758 1504 3759 1506 3760 1506 3760 1504 3759 1507 3761 1506 3762 1507 3763 1508 3764 1508 3764 1507 3763 1509 3765 1508 3766 1509 3767 1510 3768 1510 3768 1509 3767 1511 3769 1510 3770 1511 3771 1512 3772 1512 3772 1511 3771 1369 3773 1512 3774 1369 3218 375 3220 1503 3775 1361 3776 1513 3777 1513 3777 1361 3776 1363 3778 1513 3779 1363 3780 1514 3781 1514 3781 1363 3780 1365 3782 1514 3783 1365 3784 1367 3785 1514 3783 1367 3785 1511 3769 1511 3771 1367 3786 1369 3773 1512 3774 375 3220 1515 3787 1515 3787 375 3220 416 3788 1515 3787 416 3788 1516 3789 1516 3790 1517 3791 1515 3792 1515 3792 1517 3791 1510 3770 1515 3792 1510 3770 1512 3772 1517 3793 1508 3766 1510 3768 1507 3761 1504 3759 1503 3775 1507 3761 1503 3775 1513 3777 1509 3765 1507 3763 1513 3779 1509 3765 1513 3779 1514 3781 1511 3769 1509 3767 1514 3783 1477 3794 1518 3795 354 3796 354 3796 1518 3795 1519 3797 354 3796 1519 3797 350 3798 350 3798 1519 3797 1520 3799 1520 3800 1519 3801 1521 3802 1521 3802 1519 3801 1522 3803 1521 3804 1522 3805 1523 3804 1523 3804 1522 3805 1524 3806 1523 3807 1524 3808 1525 3809 1525 3809 1524 3808 1526 3810 1525 3811 1526 3812 1527 3813 1527 3813 1526 3812 1528 3814 1527 3815 1528 3816 497 3817 497 3817 1528 3816 1529 3818 497 3817 1529 3818 496 3603 496 3603 1529 3818 1459 3604 1459 3819 1529 3820 1461 3821 1461 3821 1529 3820 1530 3822 1461 3823 1530 3824 1463 3825 1463 3825 1530 3824 1531 3826 1463 3827 1531 3828 1473 3827 1473 3827 1531 3828 1532 3829 1473 3830 1532 3831 1477 3830 1477 3830 1532 3831 1518 3832 1522 3803 1519 3801 1518 3832 1522 3803 1518 3832 1532 3831 1524 3806 1522 3805 1532 3829 1524 3806 1532 3829 1531 3828 1526 3810 1524 3808 1531 3826 1526 3810 1531 3826 1530 3824 1528 3814 1526 3812 1530 3822 1528 3814 1530 3822 1529 3820 1533 3833 506 3833 1534 3833 1534 3834 506 3756 1505 3757 1534 3835 1505 3835 1535 3835 1535 3836 1505 3836 1506 3836 1535 3837 1506 3837 1536 3837 1536 3838 1506 3838 1508 3838 1536 3839 1508 3839 1537 3839 1537 3840 1508 3840 1538 3840 1537 3841 1538 3842 1539 3843 1539 3844 1538 3845 1540 3846 1539 3847 1540 3848 1541 3849 1541 3850 1540 3851 1542 3852 1541 3853 1542 3854 1543 3855 1543 3856 1542 3856 1544 3856 1543 3857 1544 3857 1545 3857 1508 3858 1517 3858 1538 3858 1538 3859 1517 3859 1546 3859 1538 3845 1546 3860 1540 3846 1540 3861 1546 3862 1547 3863 1540 3851 1547 3864 1542 3852 1542 3865 1547 3865 1548 3865 1542 3866 1548 3866 1544 3866 1517 3867 1516 3867 1546 3867 1546 3868 1516 3868 1549 3868 1546 3862 1549 3869 1547 3863 1547 3870 1549 3870 1550 3870 1547 3871 1550 3871 1548 3871 1516 3872 416 3872 1549 3872 1549 3873 416 3873 1551 3873 1549 3874 1551 3874 1550 3874 1543 3875 1545 3875 1552 3875 1552 3876 1545 3876 1553 3876 1552 3877 1553 3877 1554 3877 1554 3878 1553 3878 1555 3878 1554 3879 1555 3879 1556 3879 1556 3880 1555 3880 350 3880 1556 3881 350 3881 1520 3881 1556 3882 1520 3882 1557 3882 1557 3883 1520 3883 1521 3883 1557 3884 1521 3884 1558 3884 1558 3885 1521 3885 1523 3885 1558 3886 1523 3886 1559 3886 1559 3887 1523 3887 1560 3887 1559 3888 1560 3889 1561 3890 1561 3891 1560 3892 1562 3893 1561 3894 1562 3895 1563 3896 1563 3897 1562 3898 1564 3899 1563 3900 1564 3901 1565 3902 1565 3903 1564 3903 502 3903 1565 3904 502 3904 1566 3904 1523 3905 1525 3905 1560 3905 1560 3906 1525 3906 1567 3906 1560 3892 1567 3907 1562 3893 1562 3908 1567 3909 1568 3910 1562 3898 1568 3911 1564 3899 1564 3912 1568 3912 1569 3912 1564 3913 1569 3913 502 3913 1525 3914 1527 3914 1567 3914 1567 3915 1527 3915 1570 3915 1567 3909 1570 3916 1568 3910 1568 3917 1570 3917 500 3917 1568 3918 500 3918 1569 3918 1527 3815 497 3817 1570 3919 1570 3920 497 3920 1571 3920 1570 3921 1571 3921 500 3921 1565 3922 1566 3922 1572 3922 1572 3923 1566 3923 504 3923 1572 3924 504 3924 1573 3924 1573 3925 504 3925 1533 3925 1573 3926 1533 3926 1534 3926 1573 3927 1534 3928 1574 3929 1574 3929 1534 3928 1535 3930 1574 3931 1535 3932 1575 3933 1575 3933 1535 3932 1536 3934 1575 3935 1536 3936 1576 3937 1576 3937 1536 3936 1537 3938 1576 3939 1537 3841 1539 3843 1572 3940 1573 3941 1577 3942 1577 3942 1573 3941 1574 3943 1577 3944 1574 3945 1578 3946 1578 3946 1574 3945 1575 3947 1578 3948 1575 3949 1579 3950 1579 3950 1575 3949 1576 3951 1579 3952 1576 3953 1580 3954 1580 3954 1576 3953 1539 3955 1580 3956 1539 3847 1541 3849 1565 3957 1572 3958 1581 3959 1581 3959 1572 3958 1577 3960 1581 3961 1577 3962 1582 3963 1582 3963 1577 3962 1578 3964 1582 3965 1578 3966 1583 3967 1583 3967 1578 3966 1579 3968 1583 3969 1579 3970 1584 3971 1584 3971 1579 3970 1580 3972 1584 3973 1580 3974 1585 3975 1585 3975 1580 3974 1541 3976 1585 3977 1541 3853 1543 3855 1565 3902 1581 3978 1563 3900 1563 3979 1581 3980 1586 3981 1563 3896 1586 3982 1561 3894 1561 3983 1586 3984 1587 3985 1561 3890 1587 3986 1559 3888 1559 3987 1587 3988 1558 3989 1586 3981 1581 3980 1582 3990 1586 3991 1582 3992 1588 3993 1588 3993 1582 3992 1583 3994 1588 3995 1583 3996 1589 3997 1589 3997 1583 3996 1584 3998 1589 3999 1584 4000 1590 4001 1590 4001 1584 4000 1585 4002 1590 4003 1585 4004 1552 4005 1552 4005 1585 4004 1543 4006 1589 4007 1591 4008 1588 4009 1588 4009 1591 4008 1587 4010 1588 4011 1587 3985 1586 3984 1557 4012 1558 4013 1591 4014 1591 4015 1558 3989 1587 3988 1591 4016 1589 4017 1592 4018 1592 4018 1589 4017 1590 4019 1592 4020 1590 4021 1554 4022 1554 4022 1590 4021 1552 4023 1556 4024 1557 4025 1592 4026 1592 4027 1557 4012 1591 4014 1556 4024 1592 4026 1554 4028 2259 6183 2260 6184 2261 6185 2261 6185 2260 6184 2262 6186 2261 6187 2262 6188 2263 6189 2263 6189 2262 6188 2264 6190 2263 6191 2264 6191 2265 6191 2265 6192 2264 6192 2266 6192 2265 6193 2266 6193 2267 6193 2267 6194 2266 6194 2268 6194 2267 6195 2268 6195 2269 6195 2269 6196 2268 6196 2270 6196 2269 6197 2270 6197 2271 6197 2271 6198 2270 6198 2272 6198 2271 6199 2272 6199 2273 6199 2273 6200 2272 6200 2274 6200 2273 6201 2274 6201 2275 6201 2275 6202 2274 6202 2276 6202 2275 6203 2276 6203 2277 6203 2277 6204 2276 6205 2278 6206 2277 6204 2278 6206 2279 6207 2279 6208 2278 6209 2280 6210 2279 6208 2280 6210 2281 6211 2279 6212 2281 6213 2282 6214 2282 6214 2281 6213 2283 6215 2282 6216 2283 6217 2284 6218 2284 6218 2283 6217 2285 6219 2284 6220 2285 6221 2286 6222 2286 6222 2285 6221 2287 6223 2286 6224 2287 6225 2288 6226 2286 6224 2288 6226 2289 6227 2289 6228 2288 6229 2290 6230 2289 6228 2290 6230 2291 6231 2289 6232 2291 6233 2292 6234 2292 6234 2291 6233 2293 6235 2292 6236 2293 6237 2294 6238 2292 6236 2294 6238 2295 6239 2295 6240 2294 6241 2296 6242 2295 6240 2296 6242 2297 6243 2297 6244 2296 6245 2298 6246 2297 6244 2298 6246 2299 6247 2299 6248 2298 6249 2300 6250 2299 6248 2300 6250 2301 6251 2301 6252 2300 6253 2302 6254 2301 6252 2302 6254 2303 6255 2303 6256 2302 6257 2304 6258 2303 6256 2304 6258 2305 6259 2305 6260 2304 6261 2306 6262 2305 6260 2306 6262 2307 6263 2307 6264 2306 6265 2308 6266 2307 6264 2308 6266 2309 6267 2309 6268 2308 6269 2310 6270 2309 6268 2310 6270 2311 6271 2309 6272 2311 6273 2312 6274 2312 6274 2311 6273 2313 6275 2312 6276 2313 6277 2314 6278 2314 6278 2313 6277 2315 6279 2314 6280 2315 6281 2316 6282 2316 6282 2315 6281 2317 6283 2316 6284 2317 6285 2261 6286 2261 6286 2317 6285 2259 6287 2261 6288 2263 6289 2316 6290 2316 6290 2263 6289 2318 6291 2316 6292 2318 6293 2314 6294 2314 6294 2318 6293 2319 6295 2314 6296 2319 6297 2312 6298 2312 6298 2319 6297 2320 6299 2312 6300 2320 6301 2309 6302 2309 6302 2320 6301 2307 6303 2263 6304 2265 6305 2318 6306 2318 6306 2265 6305 2321 6307 2318 6308 2321 6309 2319 6310 2319 6310 2321 6309 2322 6311 2319 6312 2322 6313 2320 6314 2320 6314 2322 6313 2323 6315 2320 6316 2323 6317 2307 6318 2307 6318 2323 6317 2305 6319 2265 6320 2267 6321 2321 6322 2321 6322 2267 6321 2324 6323 2321 6324 2324 6325 2322 6326 2322 6326 2324 6325 2325 6327 2322 6328 2325 6329 2323 6330 2323 6330 2325 6329 2326 6331 2323 6332 2326 6333 2305 6334 2305 6334 2326 6333 2303 6335 2267 6336 2269 6337 2324 6338 2324 6338 2269 6337 2327 6339 2324 6340 2327 6341 2325 6342 2325 6342 2327 6341 2328 6343 2325 6344 2328 6345 2326 6346 2326 6346 2328 6345 2329 6347 2326 6348 2329 6349 2303 6350 2303 6350 2329 6349 2301 6351 2269 6352 2271 6353 2327 6354 2327 6354 2271 6353 2330 6355 2327 6356 2330 6357 2328 6358 2328 6358 2330 6357 2331 6359 2328 6360 2331 6361 2329 6362 2329 6362 2331 6361 2332 6363 2329 6364 2332 6365 2301 6366 2301 6366 2332 6365 2299 6367 2271 6368 2273 6369 2330 6370 2330 6370 2273 6369 2333 6371 2330 6372 2333 6373 2331 6374 2331 6374 2333 6373 2334 6375 2331 6376 2334 6377 2332 6378 2332 6378 2334 6377 2335 6379 2332 6380 2335 6381 2299 6382 2299 6382 2335 6381 2297 6383 2273 6384 2275 6385 2333 6386 2333 6386 2275 6385 2336 6387 2333 6388 2336 6389 2334 6390 2334 6390 2336 6389 2337 6391 2334 6392 2337 6393 2335 6394 2335 6394 2337 6393 2338 6395 2335 6396 2338 6397 2297 6398 2297 6398 2338 6397 2295 6399 2275 6400 2277 6401 2336 6402 2336 6402 2277 6401 2339 6403 2336 6404 2339 6405 2337 6406 2337 6406 2339 6405 2340 6407 2337 6408 2340 6409 2338 6410 2338 6410 2340 6409 2341 6411 2338 6412 2341 6413 2295 6414 2295 6414 2341 6413 2292 6415 2277 6416 2279 6417 2339 6418 2339 6418 2279 6417 2282 6419 2339 6420 2282 6421 2340 6422 2340 6422 2282 6421 2284 6423 2340 6424 2284 6425 2341 6426 2341 6426 2284 6425 2286 6427 2341 6428 2286 6429 2292 6430 2292 6430 2286 6429 2289 6431 2342 6432 2343 6433 2344 6433 2344 6433 2343 6433 2345 6432 2344 6434 2345 6434 2346 6434 2344 6434 2346 6434 2347 6434 2347 6435 2346 6435 2348 6435 2347 6435 2348 6435 2349 6435 2349 6436 2348 6436 2350 6436 2349 6436 2350 6436 2351 6436 2351 6437 2350 6437 2352 6437 2351 6437 2352 6437 2353 6437 2353 419 2352 419 2354 419 2353 419 2354 419 2355 419 2355 262 2354 262 2356 262 2355 6438 2356 6438 2357 6438 2357 6439 2356 6439 2358 6439 2357 6440 2358 6440 2359 6440 2359 6441 2358 6441 2360 6441 2359 6441 2360 6441 2361 6441 2361 6442 2360 6442 2362 6442 2361 6442 2362 6442 2363 6442 2363 6443 2362 6443 2364 6443 2363 6444 2364 6444 2365 6444 2365 6445 2364 6445 2366 6445 2365 423 2366 423 2367 423 2367 268 2366 6446 2368 6446 2368 6446 2366 6446 2369 268 2370 6447 2371 6447 2372 6447 2372 6447 2371 6447 2373 6447 2372 6448 2373 6449 2374 6450 2374 6450 2373 6449 2375 6451 2374 6452 2375 6453 2376 6454 2376 6454 2375 6453 2377 6455 2376 444 2377 443 2378 442 2378 442 2377 443 2379 441 2378 6456 2379 6457 2380 6458 2380 6458 2379 6457 2381 6459 2380 452 2381 6460 2382 6461 2382 6461 2381 6460 2383 6462 2382 456 2383 456 2384 456 2384 456 2383 456 2385 456 2384 6463 2385 6464 2386 6465 2386 6465 2385 6464 2387 6466 2386 6467 2387 6468 2388 6469 2388 6469 2387 6468 2389 6470 2388 6471 2389 6472 2390 6473 2390 6473 2389 6472 2391 6474 2390 6475 2391 6476 2392 6477 2392 6477 2391 6476 2393 6478 2446 6432 2447 6433 2448 6433 2448 6433 2447 6433 2449 6432 2448 6575 2449 6575 2450 6575 2448 6576 2450 6576 2451 6576 2451 6577 2450 6577 2452 6577 2451 6435 2452 6435 2453 6435 2453 6436 2452 6436 2454 6436 2453 6436 2454 6436 2455 6436 2455 6437 2454 6437 2456 6437 2455 6437 2456 6437 2457 6437 2457 419 2456 419 2458 419 2457 419 2458 419 2459 419 2459 262 2458 262 2460 262 2459 262 2460 262 2461 262 2461 420 2460 420 2462 420 2461 420 2462 420 2463 420 2463 6441 2462 6441 2464 6441 2463 6441 2464 6441 2465 6441 2465 6442 2464 6442 2466 6442 2465 6442 2466 6442 2467 6442 2467 6578 2466 6578 2468 6578 2467 6578 2468 6578 2469 6578 2469 267 2468 267 2470 267 2469 267 2470 267 2471 267 2471 6579 2470 6580 2472 6581 2472 6581 2470 6580 2473 428 2474 6582 2310 6583 2475 6584 2475 6584 2310 6583 2308 6585 2475 6586 2308 6587 2476 6588 2476 6588 2308 6587 2306 6448 2476 6589 2306 6590 2477 6591 2477 6591 2306 6590 2304 6592 2477 6593 2304 6594 2478 6595 2478 6595 2304 6594 2302 284 2478 6596 2302 6597 2479 6598 2479 6598 2302 6597 2300 6599 2479 6600 2300 6601 2480 6602 2480 6602 2300 6601 2298 6603 2480 6604 2298 6605 2481 6606 2481 6606 2298 6605 2296 6607 2481 6608 2296 6609 2482 6609 2482 6609 2296 6609 2294 6608 2482 6610 2294 6611 2483 6611 2483 6611 2294 6611 2293 6610 2483 307 2293 307 2484 307 2484 307 2293 307 2291 307 2484 6612 2291 6613 2485 6614 2485 6614 2291 6613 2290 6615 2485 6616 2290 6616 2486 6616 2486 6616 2290 6616 2487 6617 2486 6618 2487 6619 2488 6620 2488 6620 2487 6619 2489 6621 2488 838 2489 6622 2490 6623 2490 6623 2489 6622 2491 6624 2490 6625 2491 6626 2492 6627 2492 6627 2491 6626 2493 6628 2492 6629 2493 6630 2494 6631 2494 6631 2493 6630 2495 6632 2494 6633 2495 6634 2496 6635 2496 6635 2495 6634 2497 847 2496 6636 2497 6637 2498 6638 2498 6638 2497 6637 2499 6639 2498 6640 2499 6641 2500 6642 2500 6642 2499 6641 2501 6643 2500 6644 2501 6645 2502 6646 2502 6646 2501 6645 2503 6647 2502 6648 2503 6649 2504 6650 2504 6650 2503 6649 2505 6651 2504 6652 2505 6653 2506 6654 2506 6654 2505 6653 2507 6655 2472 516 2473 6656 2508 6657 2508 6657 2473 6656 2509 6658 2508 6659 2509 6659 2510 6659 2508 517 2510 517 2511 517 2511 6660 2510 6660 2512 6660 2511 6661 2512 6661 2513 6661 2513 6662 2512 6662 2514 6662 2513 6663 2514 6663 2515 6663 2515 520 2514 520 2516 520 2515 6664 2516 6664 2517 6664 2517 6665 2516 6665 2518 6665 2517 521 2518 521 2519 521 2519 522 2518 522 2520 522 2519 522 2520 522 2521 522 2521 524 2520 524 2522 524 2521 524 2522 524 2523 524 2523 525 2522 525 2524 525 2523 525 2524 525 2525 525 2525 526 2524 526 2526 526 2525 526 2526 526 2527 526 2527 6666 2526 6666 2528 6666 2527 6666 2528 6666 2529 6666 2529 6667 2528 6667 2530 6667 2529 6667 2530 6667 2531 6667 2531 6668 2530 6669 2446 6670 2446 6670 2530 6669 2447 531 2604 6796 2606 6797 2605 6798 2606 6797 2607 6799 2605 6798 2606 6797 2608 6800 2607 6799 2609 6801 2604 6796 2610 6802 2604 6796 2611 6803 2610 6802 2604 6796 2612 6804 2611 6803 2613 6805 2609 6801 2614 6806 2609 6801 2615 6807 2614 6806 2609 6801 2616 6808 2615 6807 2606 6797 2613 6805 2422 6809 2613 6805 2617 6810 2422 6809 2613 6805 2618 6811 2617 6810 2618 6811 2613 6805 2619 6812 2613 6805 2620 6813 2619 6812 2613 6805 2621 6814 2620 6813 2621 6814 2613 6805 2614 6806 2616 6808 2609 6801 2622 6815 2609 6801 2623 6816 2622 6815 2609 6801 2624 6817 2623 6816 2624 6817 2609 6801 2610 6802 2612 6804 2604 6796 2625 6818 2604 6796 2626 6819 2625 6818 2604 6796 2627 6820 2626 6819 2627 6820 2604 6796 2628 6821 2604 6796 2605 6798 2628 6821 2608 6800 2606 6797 2629 6822 2606 6797 2630 6823 2629 6822 2606 6797 2631 6824 2630 6823 2631 6824 2606 6797 2422 6809 2632 6825 2633 6826 2634 6827 2634 6827 2633 6826 2635 6828 2634 6827 2635 6828 2636 6829 2632 6825 2637 6830 2633 6826 2633 6826 2637 6830 2638 6831 2633 6826 2638 6831 2639 6832 2639 6832 2638 6831 2640 6833 2639 6832 2640 6833 2641 6834 2639 6832 2641 6834 2642 6835 2642 6835 2641 6834 2643 6836 2642 6835 2643 6836 2644 6837 2644 6837 2643 6836 2645 6838 2644 6837 2645 6838 2646 6839 2646 6839 2645 6838 2647 6840 2646 6839 2647 6840 2648 6841 2648 6841 2647 6840 2649 6842 2648 6841 2649 6842 2342 6843 2342 6843 2649 6842 2650 6844 2342 6843 2650 6844 2651 6845 2342 6843 2651 6845 2652 6846 2652 6846 2651 6845 2653 6847 2652 6846 2653 6847 2654 6848 2654 6848 2653 6847 2655 6849 2654 6848 2655 6849 2656 6850 2656 6850 2655 6849 2657 6851 2656 6850 2657 6851 2658 6852 2658 6852 2657 6851 2659 6853 2658 6852 2659 6853 2660 6854 2660 6854 2659 6853 2661 6855 2660 6854 2661 6855 2662 716 2660 6854 2662 716 2663 6856 2663 6856 2662 716 2664 716 2663 6856 2664 716 2665 716 2665 716 2666 6857 2663 6856 2663 6856 2666 6857 2667 6858 2667 6858 2666 6857 2668 716 2668 716 2666 6857 2669 6859 2669 6859 2666 6857 2670 6860 2669 6859 2670 6860 2671 6861 2671 6861 2670 6860 2672 6862 2672 6862 2670 6860 2673 6863 2673 6863 2670 6860 2674 727 2674 727 2670 6860 2675 6864 2674 727 2675 6864 2676 6865 2676 6865 2675 6864 2677 6866 2677 6866 2675 6864 2678 6867 2678 6867 2675 6864 2634 6827 2678 6867 2634 6827 2636 6829 2679 6868 2681 6869 2680 6870 2681 6869 2682 735 2680 6870 2681 6869 2683 6871 2682 735 2684 6872 2679 6868 2473 6873 2679 6868 2685 6874 2473 6873 2679 6868 2686 6875 2685 6874 2687 6876 2684 6872 2688 6877 2684 6872 2689 6878 2688 6877 2684 6872 2690 6879 2689 6878 2691 6880 2687 6876 2692 6881 2687 6876 2693 6882 2692 6881 2687 6876 2688 6877 2693 6882 2692 6881 2694 6883 2691 6880 2694 6883 2695 6884 2691 6880 2694 6883 2696 6885 2695 6884 2696 6885 2694 6883 2697 6886 2694 6883 2698 6887 2697 6886 2698 6887 2699 6888 2697 6886 2698 6887 2700 6889 2699 6888 2698 6887 2701 6890 2700 6889 2701 6890 2702 6891 2700 6889 2701 6890 2703 6892 2702 6891 2703 6892 2704 6893 2702 6891 2703 6892 2705 6894 2704 6893 2705 6894 2706 6895 2704 6893 2705 6894 2707 6896 2706 6895 2707 6896 2708 6897 2706 6895 2707 6896 2709 6898 2708 6897 2709 6898 2710 6899 2708 6897 2709 6898 2711 6900 2710 6899 2711 6900 2712 6901 2710 6899 2711 6900 2713 6902 2712 6901 2713 6902 2714 6903 2712 6901 2713 6902 2715 6904 2714 6903 2715 6904 2716 6905 2714 6903 2715 6904 2717 6906 2716 6905 2717 6906 2718 6907 2716 6905 2717 6906 2719 6908 2718 6907 2717 6906 2720 6909 2719 6908 2720 6909 2721 6910 2719 6908 2720 6909 2722 735 2721 6910 2722 735 2720 6909 2723 6911 2720 6909 2683 6871 2723 6911 2683 6871 2681 6869 2723 6911 2686 6875 2679 6868 2724 6912 2679 6868 2680 6870 2724 6912 2690 6879 2684 6872 2725 6913 2684 6872 2473 6873 2725 6913 2474 6914 2726 6915 2310 6916 2726 6915 2727 6917 2310 6916 2726 6915 2728 6918 2727 6917 2728 6918 2729 6919 2727 6917 2729 6919 2730 6920 2727 6917 2730 6920 2731 6921 2727 6917 2731 6921 2732 6922 2727 6917 2732 6922 2733 6923 2727 6917 2733 6923 2734 6924 2727 6917 2734 6924 2735 6925 2727 6917 2735 6926 2736 6927 2727 6928 2735 6926 2737 6929 2736 6927 2737 6929 2738 6930 2736 6927 2738 6930 2739 6931 2736 6927 2739 6931 2740 6932 2736 6927 2740 6932 2741 6933 2736 6927 2741 6933 2742 6934 2736 6927 2742 6934 2743 6935 2736 6927 2743 6935 2744 6936 2736 6927 2744 6936 2745 6937 2736 6927 2745 6938 2370 6939 2736 6940 2745 6938 2371 774 2370 6939 2506 6941 2507 6942 2746 6943 2507 6942 2747 804 2746 6943 2747 6944 2748 6945 2746 6946 2747 6944 2749 6947 2748 6945 2749 6947 2747 6944 2750 6948 2747 6944 2751 6949 2750 6948 2747 6944 2752 6950 2751 6949 2752 6950 2747 6944 2753 6951 2747 6944 2754 6952 2753 6951 2747 6944 2755 6953 2754 6952 2755 6953 2747 6944 2756 6954 2747 6944 2757 6955 2756 6954 2757 6956 2758 6957 2756 6958 2757 6956 2759 6959 2758 6957 2759 6959 2757 6956 2760 6960 2757 6956 2761 6961 2760 6960 2757 6956 2762 6962 2761 6961 2762 6962 2757 6956 2763 6963 2757 6956 2764 6964 2763 6963 2757 6956 2765 6965 2764 6964 2766 6966 2765 6965 2767 6967 2765 6965 2757 6956 2767 6967 2392 6968 2393 6969 2768 6970 2768 6970 2393 6969 2769 6971 2768 6972 2769 6973 2770 6974 2770 6974 2769 6973 2771 6975 2770 6976 2771 6977 2772 6978 2772 6978 2771 6977 2773 6978 2772 484 2773 483 2774 482 2774 482 2773 483 2775 481 2774 485 2775 6979 2776 6980 2776 6980 2775 6979 2777 6981 2776 6982 2777 6983 2778 6984 2778 6984 2777 6983 2779 6985 2778 6986 2779 6987 2780 6988 2780 6988 2779 6987 2781 496 2780 6989 2781 6990 2782 6991 2782 6991 2781 6990 2783 6992 2782 6993 2783 6994 2784 6995 2784 6995 2783 6994 2785 6996 2784 6997 2785 6998 2786 6999 2786 6999 2785 6998 2787 7000 2786 7001 2787 7002 2767 7003 2767 7003 2787 7002 2766 7004 2368 516 2369 7005 2788 7005 2788 7005 2369 7005 2789 516 2788 517 2789 517 2790 517 2788 517 2790 517 2791 517 2791 518 2790 518 2792 518 2791 518 2792 518 2793 518 2793 7006 2792 7006 2794 7006 2793 7006 2794 7006 2795 7006 2795 875 2794 875 2796 875 2795 875 2796 875 2797 875 2797 7007 2796 7007 2798 7007 2797 7007 2798 7007 2799 7007 2799 878 2798 878 2800 878 2799 878 2800 878 2801 878 2801 524 2800 524 2802 524 2801 523 2802 523 2803 523 2803 525 2802 525 2804 525 2803 7008 2804 7008 2805 7008 2805 7009 2804 7009 2806 7009 2805 526 2806 526 2807 526 2807 7010 2806 7010 2808 7010 2807 7011 2808 7011 2809 7011 2809 7012 2808 7012 2810 7012 2809 7013 2810 7013 2811 7013 2811 883 2810 7014 2342 7014 2342 7014 2810 7014 2343 883 2812 7015 2814 7016 2813 7017 2814 7016 2815 7018 2813 7017 2816 7019 2818 7020 2817 7021 2818 7020 2819 7022 2817 7021 2818 7020 2812 7023 2819 7022 2814 7024 2812 7023 2472 7025 2812 7023 2820 7026 2472 7025 2812 7023 2821 7027 2820 7026 2822 7028 2814 7024 2260 7029 2814 7024 2823 7030 2260 7029 2814 7024 2824 7031 2823 7030 2822 7028 2260 7029 2825 7032 2260 7029 2826 7033 2825 7032 2262 7034 2260 7029 2827 7035 2260 7029 2828 716 2827 7035 2260 7029 2823 7030 2828 716 2827 7035 2829 716 2262 7034 2829 716 2264 716 2262 7034 2829 716 2266 716 2264 716 2266 716 2829 716 2268 7036 2829 716 2830 7037 2268 7036 2830 7037 2270 7038 2268 7036 2830 7037 2831 7039 2270 7038 2831 7039 2272 7040 2270 7038 2831 7039 2274 7041 2272 7040 2831 7039 2832 7042 2274 7041 2832 7042 2276 7043 2274 7041 2832 7042 2833 7044 2276 7043 2833 7044 2278 7045 2276 7043 2833 7044 2834 7046 2278 7045 2834 7046 2280 7047 2278 7045 2834 7046 2835 7048 2280 7047 2835 7048 2836 7049 2280 7047 2835 7048 2837 7050 2836 7049 2837 7050 2838 7051 2836 7049 2837 7050 2839 7052 2838 7051 2839 7052 2840 7053 2838 7051 2839 7052 2841 7054 2840 7053 2841 7054 2842 7055 2840 7053 2841 7054 2843 7056 2842 7055 2841 7054 2844 7057 2843 7056 2844 7057 2845 7058 2843 7056 2844 7057 2846 7059 2845 7058 2846 7059 2847 7060 2845 7058 2846 7059 2848 7061 2847 7060 2848 7061 2846 7059 2849 7062 2846 7059 2850 7063 2849 7062 2850 7063 2818 7020 2849 7062 2850 7063 2851 7064 2818 7020 2851 7064 2852 7065 2818 7020 2852 7065 2812 7023 2818 7020 2852 7065 2853 7066 2812 7023 2853 7066 2821 7027 2812 7023 2824 7031 2814 7024 2854 7067 2814 7024 2855 7068 2854 7067 2814 7024 2472 7025 2855 7068 2856 7069 2813 7070 2857 7071 2813 7070 2858 7072 2857 7071 2813 7070 2859 7073 2858 7072 2856 7069 2857 7071 2860 7074 2857 7071 2861 7075 2860 7074 2862 7076 2857 7071 2863 7077 2857 7071 2864 7078 2863 7077 2857 7071 2858 7072 2864 7078 2863 7077 2865 7079 2862 7076 2865 7079 2866 7080 2862 7076 2865 7079 2867 7081 2866 7080 2867 7081 2865 7079 2868 7082 2865 7079 2869 7083 2868 7082 2869 7083 2870 7084 2868 7082 2869 7083 2871 7085 2870 7084 2871 7085 2872 7086 2870 7084 2871 7085 2873 7087 2872 7086 2871 7085 2874 7088 2873 7087 2874 7088 2875 7089 2873 7087 2874 7088 2876 7090 2875 7089 2876 7090 2877 7091 2875 7089 2876 7090 2878 7092 2877 7091 2878 7092 2879 7093 2877 7091 2878 7092 2880 7094 2879 7093 2880 7094 2881 7095 2879 7093 2880 7094 2882 7096 2881 7095 2882 7096 2883 7097 2881 7095 2882 7096 2884 7098 2883 7097 2884 7098 2885 7099 2883 7097 2884 7098 2886 7100 2885 7099 2886 7100 2887 7101 2885 7099 2886 7100 2888 7102 2887 7101 2886 7100 2889 7103 2888 7102 2889 7103 2890 7104 2888 7102 2889 7103 2891 7105 2890 7104 2891 7105 2892 735 2890 7104 2891 7105 2893 7106 2892 735 2893 7106 2891 7105 2894 7107 2891 7105 2895 7108 2894 7107 2895 7108 2896 7109 2894 7107 2895 7108 2897 7110 2896 7109 2897 7110 2898 7111 2896 7109 2898 7111 2815 7112 2896 7109 2898 7111 2899 7113 2815 7112 2899 7113 2900 7114 2815 7112 2900 7114 2901 7115 2815 7112 2901 7115 2369 7116 2815 7112 2369 7116 2813 7070 2815 7112 2369 7116 2902 7117 2813 7070 2902 7117 2903 7118 2813 7070 2903 7118 2859 7073 2813 7070 2904 7119 2896 7109 2905 7120 2896 7109 2906 7121 2905 7120 2896 7109 2815 7112 2906 7121 2604 993 2609 7122 2907 7123 2907 7123 2609 7122 2908 7124 2907 7125 2908 7125 2909 7125 2907 7126 2909 7126 2910 7126 2910 7127 2909 7127 2911 7127 2910 7128 2911 7128 2912 7128 2912 7129 2911 7129 2913 7129 2912 7130 2913 7130 2914 7130 2914 7131 2913 7131 2915 7131 2914 7132 2915 7132 2916 7132 2916 7133 2915 7133 2917 7133 2916 7134 2917 7134 2918 7134 2918 7135 2917 7136 2919 7137 2919 7137 2917 7136 2920 7138 2919 7139 2920 7139 2921 7139 2675 7140 2670 7141 2921 7142 2921 7142 2670 7141 2922 7143 2921 7144 2922 7144 2919 7144 2679 7145 2684 7146 2923 7147 2923 7147 2684 7146 2924 7148 2923 7149 2924 7149 2925 7149 2926 7150 2927 7151 2925 7152 2925 7152 2927 7151 2928 7153 2925 7154 2928 7154 2923 7154 2926 7155 2929 7155 2927 7155 2927 7156 2929 7156 2930 7156 2930 7157 2929 7157 2931 7157 2930 7158 2931 7158 2932 7158 2932 7159 2931 7159 2933 7159 2932 7160 2933 7160 2934 7160 2934 7161 2933 7161 2935 7161 2934 7162 2935 7162 2936 7162 2936 7163 2935 7163 2937 7163 2936 7164 2937 7164 2938 7164 2938 7165 2937 7166 2606 7167 2606 7167 2937 7166 2613 7168 2767 7169 2757 7170 2939 7171 2939 7172 2757 7172 2940 7172 2939 7173 2940 7173 2941 7173 2939 7174 2941 7175 2942 7176 2942 7177 2941 7177 2943 7177 2942 7178 2943 7179 2944 7180 2944 7181 2943 7181 2945 7181 2944 7182 2945 7182 2946 7182 2944 7183 2946 7184 2947 7185 2947 7186 2946 7186 2948 7186 2947 7187 2948 7188 2949 7189 2949 7190 2948 7190 2950 7190 2949 7191 2950 7191 2951 7191 2861 7192 2857 7192 2951 7192 2951 7193 2857 7193 2949 7193 2949 7194 2857 7195 2952 7196 2952 7196 2857 7195 2953 7197 2952 7198 2953 7199 2954 7200 2952 7198 2954 7200 2955 7201 2955 7202 2954 7203 2956 7204 2955 7202 2956 7204 2957 7205 2957 7206 2956 7207 2958 7208 2957 7206 2958 7208 2944 7180 2944 7180 2958 7208 2942 7178 2956 7207 2959 7209 2958 7208 2958 7210 2959 7211 2960 7212 2958 7210 2960 7212 2942 7176 2942 7176 2960 7212 2939 7174 2959 7211 2961 7213 2960 7212 2960 7214 2961 7215 2767 7169 2960 7214 2767 7169 2939 7171 2949 7189 2952 7198 2955 7201 2955 7202 2957 7205 2947 7185 2947 7185 2957 7205 2944 7183 2949 7189 2955 7201 2947 7187 2767 7216 2961 7217 2962 7218 2962 7218 2961 7217 2963 7219 2962 7220 2963 7221 2964 7222 2964 7222 2963 7221 2965 7223 2964 7224 2965 7225 2966 7226 2966 7226 2965 7225 2967 7227 2966 7228 2967 7229 2968 7230 2968 7230 2967 7229 2969 7231 2968 7232 2969 7233 2970 7234 2970 7234 2969 7233 2971 7235 2970 7236 2971 7237 2972 7238 2972 7238 2971 7237 2973 7239 2972 7240 2973 7241 2974 7242 2974 7242 2973 7241 2975 7243 2974 7244 2975 7245 2976 7246 2976 7246 2975 7245 2977 7247 2976 7248 2977 7249 2978 7250 2978 7250 2977 7249 2979 7251 2978 7252 2979 7253 2980 7254 2980 7254 2979 7253 2981 7255 2980 7256 2981 7257 2982 7258 2982 7258 2981 7257 2983 7259 2982 7260 2983 7261 2984 7262 2984 7262 2983 7261 2985 7263 2984 7264 2985 7265 2986 7266 2986 7266 2985 7265 2987 7267 2986 7268 2987 7269 2988 7270 2988 7270 2987 7269 2989 7271 2988 7272 2989 7273 2990 7274 2990 7274 2989 7273 2991 7275 2990 7276 2991 7277 2992 7278 2992 7278 2991 7277 2993 7279 2992 7280 2993 7281 2994 7282 2994 7282 2993 7281 2995 7283 2994 7284 2995 7285 2996 7286 2996 7286 2995 7285 2997 7287 2996 7288 2997 7289 2998 7290 2998 7290 2997 7289 2999 7291 2998 7292 2999 7293 3000 7294 3000 7294 2999 7293 3001 7295 3000 7296 3001 7296 3002 7296 3002 1169 3001 7297 3003 7298 3003 7298 3001 7297 3004 7299 3003 7300 3004 7301 3005 7302 3005 7302 3004 7301 3006 7303 3005 7304 3006 7305 3007 7306 3007 7306 3006 7305 3008 7307 3007 7308 3008 7309 3009 7310 3009 7310 3008 7309 3010 7311 3009 7312 3010 7313 2896 7314 2896 7314 3010 7313 2894 7315 2894 7316 3010 7317 3011 7318 2894 7316 3011 7318 2893 7319 2893 7320 3011 7321 3012 7322 2893 7320 3012 7322 2892 7323 2892 7324 3012 7324 3013 7324 2892 7325 3013 7325 2890 7325 2890 7326 3013 7326 3014 7326 2890 7327 3014 7327 2888 7327 2888 7328 3014 7328 3015 7328 2888 7329 3015 7329 2887 7329 2887 7330 3015 7330 3016 7330 2887 7331 3016 7331 2885 7331 2885 7332 3016 7332 3017 7332 2885 7333 3017 7333 2883 7333 2883 7334 3017 7334 3018 7334 2883 7335 3018 7335 2881 7335 2881 7336 3018 7336 3019 7336 2881 7337 3019 7337 2879 7337 2879 7338 3019 7338 3020 7338 2879 7339 3020 7339 2877 7339 2877 7340 3020 7340 3021 7340 2877 7341 3021 7341 2875 7341 2875 7342 3021 7342 3022 7342 2875 7343 3022 7343 2873 7343 2873 7344 3022 7344 3023 7344 2873 7345 3023 7345 2872 7345 2872 7346 3023 7346 3024 7346 2872 7347 3024 7347 2870 7347 2870 7348 3024 7348 3025 7348 2870 7349 3025 7349 2868 7349 2868 7350 3025 7350 3026 7350 2868 7351 3026 7351 2867 7351 2867 7352 3026 7352 3027 7352 2867 7353 3027 7354 2866 7355 2866 7355 3027 7354 3028 7356 2866 7357 3028 7358 2862 7359 2862 7359 3028 7358 3029 7360 2862 7361 3029 7362 2857 7195 2857 7195 3029 7362 2953 7197 2953 7363 3029 7364 3030 7365 2953 7363 3030 7365 2954 7366 2954 7367 3030 7368 3031 7369 2954 7367 3031 7369 2956 7370 2956 7371 3031 7372 3032 7373 2956 7371 3032 7373 2959 7374 2959 7375 3032 7376 2963 7377 2959 7375 2963 7377 2961 7378 3002 7379 2370 7379 3000 7379 3030 7380 3029 7381 3033 7382 3033 7382 3029 7381 3028 7383 3033 7384 3028 7385 3034 7386 3034 7386 3028 7385 3027 7387 3034 7388 3027 7389 3035 7390 3035 7390 3027 7389 3026 7391 3035 7392 3026 7393 3036 7394 3036 7394 3026 7393 3025 7395 3036 7396 3025 7397 3037 7398 3037 7398 3025 7397 3024 7399 3037 7400 3024 7401 3038 7402 3038 7402 3024 7401 3023 7403 3038 7404 3023 7405 3039 7406 3039 7406 3023 7405 3022 7407 3039 7408 3022 7409 3040 7410 3040 7410 3022 7409 3021 7411 3040 7412 3021 7413 3041 7414 3041 7414 3021 7413 3020 7415 3041 7416 3020 7417 3042 7418 3042 7418 3020 7417 3019 7419 3042 7420 3019 7421 3043 7422 3043 7422 3019 7421 3018 7423 3043 7424 3018 7425 3044 7426 3044 7426 3018 7425 3017 7427 3044 7428 3017 7429 3045 7430 3045 7430 3017 7429 3016 7431 3045 7432 3016 7433 3046 7434 3046 7434 3016 7433 3015 7435 3046 7436 3015 7437 3047 7438 3047 7438 3015 7437 3014 7439 3047 7440 3014 7441 3048 7442 3048 7442 3014 7441 3013 7443 3048 7444 3013 7445 3049 7446 3049 7446 3013 7445 3012 7447 3049 7448 3012 7449 3050 7450 3050 7450 3012 7449 3011 7451 3050 7452 3011 7453 3008 7454 3008 7454 3011 7453 3010 7455 3031 7456 3030 7457 3051 7458 3051 7458 3030 7457 3033 7459 3051 7460 3033 7461 3052 7462 3052 7462 3033 7461 3034 7463 3052 7464 3034 7465 3053 7466 3053 7466 3034 7465 3035 7467 3053 7468 3035 7469 3054 7470 3054 7470 3035 7469 3036 7471 3054 7472 3036 7473 3055 7474 3055 7474 3036 7473 3037 7475 3055 7476 3037 7477 3056 7478 3056 7478 3037 7477 3038 7479 3056 7480 3038 7481 3057 7482 3057 7482 3038 7481 3039 7483 3057 7484 3039 7485 3058 7486 3058 7486 3039 7485 3040 7487 3058 7488 3040 7489 3059 7490 3059 7490 3040 7489 3041 7491 3059 7492 3041 7493 3060 7494 3060 7494 3041 7493 3042 7495 3060 7496 3042 7497 3061 7498 3061 7498 3042 7497 3043 7499 3061 7500 3043 7501 3062 7502 3062 7502 3043 7501 3044 7503 3062 7504 3044 7505 3063 7506 3063 7506 3044 7505 3045 7507 3063 7508 3045 7509 3064 7510 3064 7510 3045 7509 3046 7511 3064 7512 3046 7513 3065 7514 3065 7514 3046 7513 3047 7515 3065 7516 3047 7517 3066 7518 3066 7518 3047 7517 3048 7519 3066 7520 3048 7521 3067 7522 3067 7522 3048 7521 3049 7523 3067 7524 3049 7525 3068 7526 3068 7526 3049 7525 3050 7527 3068 7528 3050 7529 3006 7530 3006 7530 3050 7529 3008 7531 2965 7532 2963 7533 3032 7534 3032 7535 3031 7536 3069 7537 3069 7537 3031 7536 3051 7538 3069 7539 3051 7540 3070 7541 3070 7541 3051 7540 3052 7542 3070 7543 3052 7544 3071 7545 3071 7545 3052 7544 3053 7546 3071 7547 3053 7548 3072 7549 3072 7549 3053 7548 3054 7550 3072 7551 3054 7552 3073 7553 3073 7553 3054 7552 3055 7554 3073 7555 3055 7556 3074 7557 3074 7557 3055 7556 3056 7558 3074 7559 3056 7560 3075 7561 3075 7561 3056 7560 3057 7562 3075 7563 3057 7564 3076 7565 3076 7565 3057 7564 3058 7566 3076 7567 3058 7568 3077 7569 3077 7569 3058 7568 3059 7570 3077 7571 3059 7572 3078 7573 3078 7573 3059 7572 3060 7574 3078 7575 3060 7576 3079 7577 3079 7577 3060 7576 3061 7578 3079 7579 3061 7580 3080 7581 3080 7581 3061 7580 3062 7582 3080 7583 3062 7584 3081 7585 3081 7585 3062 7584 3063 7586 3081 7587 3063 7588 3082 7589 3082 7589 3063 7588 3064 7590 3082 7591 3064 7592 3083 7593 3083 7593 3064 7592 3065 7594 3083 7595 3065 7596 3084 7597 3084 7597 3065 7596 3066 7598 3084 7599 3066 7600 3085 7601 3085 7601 3066 7600 3067 7602 3085 7603 3067 7604 3086 7605 3086 7605 3067 7604 3068 7606 3086 7607 3068 7608 3004 7609 3004 7609 3068 7608 3006 7610 2967 7611 2965 7612 3069 7613 3069 7614 2965 7532 3032 7534 2967 7611 3069 7613 3070 7615 2969 7616 2967 7617 3070 7618 2969 7616 3070 7618 3071 7619 2971 7620 2969 7621 3071 7622 2971 7620 3071 7622 3072 7623 2973 7624 2971 7625 3072 7626 2973 7624 3072 7626 3073 7627 2975 7628 2973 7629 3073 7630 2975 7628 3073 7630 3074 7631 2977 7632 2975 7633 3074 7634 2977 7632 3074 7634 3075 7635 2979 7636 2977 7637 3075 7638 2979 7636 3075 7638 3076 7639 2981 7640 2979 7641 3076 7642 2981 7640 3076 7642 3077 7643 2983 7644 2981 7645 3077 7646 2983 7644 3077 7646 3078 7647 2985 7648 2983 7649 3078 7650 2985 7648 3078 7650 3079 7651 2987 7652 2985 7653 3079 7654 2987 7652 3079 7654 3080 7655 2989 7656 2987 7657 3080 7658 2989 7656 3080 7658 3081 7659 2991 7660 2989 7661 3081 7662 2991 7660 3081 7662 3082 7663 2993 7664 2991 7665 3082 7666 2993 7664 3082 7666 3083 7667 2995 7668 2993 7669 3083 7670 2995 7668 3083 7670 3084 7671 2997 7672 2995 7673 3084 7674 2997 7672 3084 7674 3085 7675 2999 7676 2997 7677 3085 7678 2999 7676 3085 7678 3086 7679 3001 7680 2999 7681 3086 7682 3001 7680 3086 7682 3004 7683 2860 7684 2861 7684 3087 7684 3087 7685 2861 7685 3088 7685 3087 7686 3088 7686 3089 7686 3087 7687 3089 7688 3090 7689 3090 7689 3089 7688 3091 7690 3090 7691 3091 7691 3092 7691 3090 7692 3092 7693 3093 7694 3093 7695 3092 7695 3094 7695 3093 7696 3094 7697 3095 7698 3095 7699 3094 7699 3096 7699 3095 7700 3096 7701 3097 7702 3097 7703 3096 7703 3098 7703 3097 7704 3098 7705 3099 7706 3099 7707 3098 7707 3100 7707 3099 7708 3100 7708 2757 7708 3099 7709 2757 7710 3101 7711 3101 7711 2757 7710 2747 7712 3101 7711 2747 7712 3102 7713 3102 7714 3103 7714 3101 7714 3101 7715 3103 7716 3104 7717 3101 7715 3104 7717 3097 7704 3097 7702 3104 7718 3095 7700 3103 7719 3105 7719 3104 7719 3104 7718 3105 7720 3106 7721 3104 7718 3106 7721 3095 7700 3095 7698 3106 7722 3093 7696 3105 7723 3107 7723 3106 7723 3106 7722 3107 7724 3108 7725 3106 7722 3108 7725 3093 7696 3093 7694 3108 7726 3090 7692 3107 7727 3109 7727 3108 7727 3108 7726 3109 7728 3110 7729 3108 7726 3110 7729 3090 7692 3090 7689 3110 7730 3087 7687 3109 7731 3111 7731 3110 7731 3110 7732 3111 7732 3112 7732 3110 7730 3112 7733 3113 7734 3113 7735 3112 7735 3114 7735 3113 7736 3114 7736 2816 7736 2816 7737 2817 7737 3113 7737 3113 7738 2817 7738 2819 7738 3113 7739 2819 7740 2813 7741 2813 7017 2819 1615 2812 7015 3113 7739 2813 7741 3087 7742 3087 7743 2813 7743 2856 7743 3087 7744 2856 7744 2860 7744 3110 7730 3113 7734 3087 7687 3099 7706 3101 7715 3097 7704 3009 7312 2896 7314 3115 7745 3115 7745 2896 7314 2904 7746 3115 7745 2904 7746 3116 7747 3116 7748 2904 7748 3117 7748 3116 7749 3117 7749 3118 7749 3118 7750 3119 7750 3116 7750 3116 7751 3119 7752 3120 7753 3116 7751 3120 7753 3121 7754 3121 7755 3120 7756 3122 7757 3121 7755 3122 7757 3005 7758 3005 7759 3122 7760 3003 7761 3003 7761 3122 7760 3123 7762 3003 7763 3123 7764 3002 7765 3002 7765 3123 7764 3124 7766 3002 7767 3124 7768 2370 7769 2370 7769 3124 7768 3125 7770 2370 7771 3125 7771 3126 7771 3126 7772 3125 7772 3127 7772 3127 7773 3125 7774 3128 7775 3127 7776 3128 7776 3129 7776 3129 7777 3128 7778 3130 7779 3129 7780 3130 7780 3131 7780 3131 7781 3130 7781 3132 7781 3132 7782 3130 7783 3120 7756 3132 7784 3120 7784 3119 7784 3126 7785 2736 7785 2370 7785 3005 7758 3007 7786 3121 7755 3121 7754 3007 7787 3115 7788 3121 7754 3115 7788 3116 7751 3007 7787 3009 7789 3115 7788 3123 7762 3122 7760 3130 7779 3130 7783 3122 7757 3120 7756 3124 7766 3123 7764 3128 7775 3128 7778 3123 7762 3130 7779 3125 7774 3124 7766 3128 7775 3133 7790 3134 7790 2816 7790 2816 7791 3134 7792 3135 7793 2816 7791 3135 7793 2818 7794 2818 7794 3135 7793 3136 7795 3136 7796 3135 7797 3137 7798 3137 7798 3135 7797 3138 7799 3137 7800 3138 7801 3139 7802 3139 7802 3138 7801 3140 7803 3139 7804 3140 7805 3141 7806 3141 7806 3140 7805 3142 7807 3141 7808 3142 7809 3143 7810 3143 7810 3142 7809 3144 7811 3143 7812 3144 7813 2507 7814 2507 7814 3144 7813 3145 7815 2507 7816 3145 7816 3146 7816 3146 7817 3145 7817 3147 7817 3147 7818 3145 7819 3148 7820 3147 7821 3148 7821 3149 7821 3149 7822 3148 7823 3150 7824 3149 7825 3150 7825 3151 7825 3151 7826 3150 7826 3152 7826 3152 7827 3150 7828 3153 7829 3152 7830 3153 7830 3154 7830 3154 7831 3153 7832 3134 7833 3154 7834 3134 7834 3155 7834 3155 7835 3134 7835 3133 7835 3146 7836 2747 7836 2507 7836 3138 7799 3135 7797 3134 7833 3140 7803 3138 7801 3153 7829 3153 7832 3138 7799 3134 7833 3142 7807 3140 7805 3150 7824 3150 7828 3140 7803 3153 7829 3144 7811 3142 7809 3148 7820 3148 7823 3142 7807 3150 7824 3145 7819 3144 7811 3148 7820 2815 7018 2814 7016 2906 7837 2906 7838 2814 7839 3156 7840 2906 1715 3156 1715 2905 1715 2905 7841 3156 7841 2904 7841 2904 7842 3156 7842 3157 7842 3157 7843 3156 7843 3158 7843 3158 7844 3156 7845 3159 7846 3158 7847 3159 7847 3160 7847 3160 7848 3159 7848 3161 7848 3161 7849 3159 7850 3162 7851 3161 7852 3162 7852 3163 7852 3163 7853 3162 7854 3164 7855 3163 7856 3164 7856 3165 7856 3165 7857 3164 7858 3166 7859 3165 7860 3166 7860 3167 7860 3167 7861 3166 7862 3168 7863 3167 7864 3168 7864 3169 7864 3169 7865 3168 7866 2736 7867 2736 7867 3168 7866 3170 7868 2736 7867 3170 7868 2727 7869 2727 7870 3170 7870 3171 7870 3171 7871 3170 7871 3172 7871 3172 7872 3170 7873 3173 7874 3172 7875 3173 7875 3174 7875 3174 7876 3173 7877 3175 7878 3174 7879 3175 7879 3176 7879 3176 7880 3175 7881 3177 7882 3176 7883 3177 7883 3178 7883 3178 7884 3177 7885 3179 7886 3178 7887 3179 7887 3180 7887 3180 7888 3179 7889 3181 7890 3181 7890 3179 7889 3182 7891 3181 7892 3182 7892 3183 7892 3183 7893 3182 7893 2826 7893 2826 7894 3182 7894 2825 7894 2825 7895 3182 7895 2822 7895 2822 7896 3182 7896 2814 7896 2814 7839 3182 7897 3156 7840 3159 7846 3156 7845 3182 7891 3162 7851 3159 7850 3179 7886 3179 7889 3159 7846 3182 7891 3164 7855 3162 7854 3177 7882 3177 7885 3162 7851 3179 7886 3166 7859 3164 7858 3175 7878 3175 7881 3164 7855 3177 7882 3168 7863 3166 7862 3173 7874 3173 7877 3166 7859 3175 7878 3170 7873 3168 7863 3173 7874 2290 7898 2288 7899 2487 7900 2487 7900 2288 7899 3184 7901 2487 7902 3184 7903 2489 7904 2489 7904 3184 7903 3185 7905 2489 7906 3185 7907 2491 7908 2491 7908 3185 7907 3186 7909 2491 7910 3186 7911 2493 7912 2493 7912 3186 7911 3187 7913 2493 7914 3187 7915 2495 7916 2495 7916 3187 7915 3188 7917 2495 7918 3188 7919 2497 7920 2497 7920 3188 7919 3189 7921 2497 7922 3189 7923 2499 7924 2499 7924 3189 7923 3190 7925 2499 7926 3190 7927 2501 7928 2501 7928 3190 7927 3191 7929 2501 7930 3191 7931 2503 7932 2503 7932 3191 7931 3192 7933 2503 7934 3192 7935 2505 7936 2505 7936 3192 7935 3193 7937 2505 7938 3193 7939 2507 7940 2507 7940 3193 7939 3143 7941 3143 7942 3193 7943 3194 7944 3143 7942 3194 7944 3141 7945 3141 7946 3194 7947 3195 7948 3141 7946 3195 7948 3139 7949 3139 7950 3195 7951 3196 7952 3139 7950 3196 7952 3137 7953 3137 7954 3196 7955 3197 7956 3137 7954 3197 7956 3136 7957 3136 7795 3197 7958 2818 7794 2818 7794 3197 7958 2849 7959 2849 7960 3197 7961 3198 7962 2849 7960 3198 7962 2848 7963 2848 7964 3198 7964 3199 7964 2848 7965 3199 7965 2847 7965 2847 7966 3199 7966 3200 7966 2847 7967 3200 7967 2845 7967 2845 7968 3200 7968 3201 7968 2845 7969 3201 7969 2843 7969 2843 7970 3201 7970 3202 7970 2843 7971 3202 7971 2842 7971 2842 7972 3202 7972 3203 7972 2842 7973 3203 7973 2840 7973 2840 7974 3203 7974 3204 7974 2840 7975 3204 7975 2838 7975 2838 7976 3204 7976 3205 7976 2838 7977 3205 7978 2836 7979 2836 7979 3205 7978 3206 7980 2836 7981 3206 7982 2280 7983 2280 7983 3206 7982 2281 7984 2281 7985 3206 7986 3207 7987 2281 7985 3207 7987 2283 7988 2283 7989 3207 7990 3208 7991 2283 7989 3208 7991 2285 7992 2285 7993 3208 7994 3209 7995 2285 7993 3209 7995 2287 7996 2287 7997 3209 7998 3184 7999 2287 7997 3184 7999 2288 8000 3207 8001 3206 8002 3210 8003 3210 8003 3206 8002 3205 8004 3210 8005 3205 8006 3211 8007 3211 8007 3205 8006 3204 8008 3211 8009 3204 8010 3212 8011 3212 8011 3204 8010 3203 8012 3212 8013 3203 8014 3213 8015 3213 8015 3203 8014 3202 8016 3213 8017 3202 8018 3214 8019 3214 8019 3202 8018 3201 8020 3214 8021 3201 8022 3215 8023 3215 8023 3201 8022 3200 8024 3215 8025 3200 8026 3216 8027 3216 8027 3200 8026 3199 8028 3216 8029 3199 8030 3217 8031 3217 8031 3199 8030 3198 8032 3217 8033 3198 8034 3196 8035 3196 8035 3198 8034 3197 8036 3208 8037 3207 8038 3218 8039 3218 8039 3207 8038 3210 8040 3218 8041 3210 8042 3219 8043 3219 8043 3210 8042 3211 8044 3219 8045 3211 8046 3220 8047 3220 8047 3211 8046 3212 8048 3220 8049 3212 8050 3221 8051 3221 8051 3212 8050 3213 8052 3221 8053 3213 8054 3222 8055 3222 8055 3213 8054 3214 8056 3222 8057 3214 8058 3223 8059 3223 8059 3214 8058 3215 8060 3223 8061 3215 8062 3224 8063 3224 8063 3215 8062 3216 8064 3224 8065 3216 8066 3225 8067 3225 8067 3216 8066 3217 8068 3225 8069 3217 8070 3195 8071 3195 8071 3217 8070 3196 8072 3185 8073 3184 8074 3209 8075 3209 8076 3208 8077 3226 8078 3226 8078 3208 8077 3218 8079 3226 8080 3218 8081 3227 8082 3227 8082 3218 8081 3219 8083 3227 8084 3219 8085 3228 8086 3228 8086 3219 8085 3220 8087 3228 8088 3220 8089 3229 8090 3229 8090 3220 8089 3221 8091 3229 8092 3221 8093 3230 8094 3230 8094 3221 8093 3222 8095 3230 8096 3222 8097 3231 8098 3231 8098 3222 8097 3223 8099 3231 8100 3223 8101 3232 8102 3232 8102 3223 8101 3224 8103 3232 8104 3224 8105 3233 8106 3233 8106 3224 8105 3225 8107 3233 8108 3225 8109 3194 8110 3194 8110 3225 8109 3195 8111 3186 8112 3185 8113 3226 8114 3226 8115 3185 8073 3209 8075 3186 8112 3226 8114 3227 8116 3187 8117 3186 8118 3227 8119 3187 8117 3227 8119 3228 8120 3188 8121 3187 8122 3228 8123 3188 8121 3228 8123 3229 8124 3189 8125 3188 8126 3229 8127 3189 8125 3229 8127 3230 8128 3190 8129 3189 8130 3230 8131 3190 8129 3230 8131 3231 8132 3191 8133 3190 8134 3231 8135 3191 8133 3231 8135 3232 8136 3192 8137 3191 8138 3232 8139 3192 8137 3232 8139 3233 8140 3193 8141 3192 8142 3233 8143 3193 8141 3233 8143 3194 8144 2310 8145 2727 8146 3234 8147 3234 8148 2727 8148 3235 8148 3234 8149 3235 8149 3236 8149 3234 8150 3236 8151 3237 8152 3237 8153 3236 8153 3238 8153 3237 8154 3238 8155 3239 8156 3239 8157 3238 8157 3240 8157 3239 8158 3240 8158 3241 8158 3239 8159 3241 8160 3242 8161 3242 8162 3241 8162 3243 8162 3242 8163 3243 8164 3244 8165 3244 8166 3243 8166 3245 8166 3244 8167 3245 8167 3246 8167 2826 8168 2260 8168 3246 8168 3246 8169 2260 8169 3244 8169 3244 8170 2260 6184 3247 8171 3247 8171 2260 6184 2259 6183 3247 8172 2259 8173 2317 8174 3247 8172 2317 8174 3248 8175 3248 8176 2317 8177 2315 8178 3248 8176 2315 8178 3249 8179 3249 8180 2315 8181 2313 8182 3249 8180 2313 8182 3250 8183 3250 8184 2313 8185 2311 8186 3250 8184 2311 8186 3251 8187 3251 8188 2311 8189 2310 8145 3251 8188 2310 8145 3234 8147 3244 8165 3247 8172 3248 8175 3250 8184 3251 8187 3237 8152 3237 8152 3251 8187 3234 8150 3249 8180 3250 8183 3239 8156 3239 8156 3250 8183 3237 8154 3248 8176 3249 8179 3242 8161 3242 8161 3249 8179 3239 8159 3244 8165 3248 8175 3242 8163 3252 8190 2726 8190 3253 8190 3253 8191 2726 8192 3254 8193 3253 8194 3254 8194 3255 8194 3255 8195 3254 8195 3256 8195 3255 8196 3256 8196 3257 8196 3257 8197 3256 8197 3258 8197 3257 8198 3258 8198 3259 8198 3259 8199 3258 8199 3260 8199 3259 8200 3260 8201 3261 8202 3261 8203 3260 8204 3262 8205 3261 8206 3262 8207 3263 8208 3263 8209 3262 8210 3264 8211 3263 8212 3264 8213 3265 8214 3265 8215 3264 8215 3266 8215 3265 8216 3266 8216 3267 8216 3258 8217 3268 8217 3260 8217 3260 8218 3268 8218 3269 8218 3260 8204 3269 8219 3262 8205 3262 8220 3269 8221 3270 8222 3262 8210 3270 8223 3264 8211 3264 8224 3270 8224 3271 8224 3264 8225 3271 8225 3266 8225 3268 8226 3272 8226 3269 8226 3269 8227 3272 8227 3273 8227 3269 8221 3273 8228 3270 8222 3270 8229 3273 8229 3274 8229 3270 8230 3274 8230 3271 8230 3272 8231 2679 8231 3273 8231 3273 8232 2679 8232 3275 8232 3273 8233 3275 8233 3274 8233 3265 8234 3267 8234 3276 8234 3276 8235 3267 8235 3277 8235 3276 8236 3277 8236 3278 8236 3278 8237 3277 8237 3279 8237 3278 8238 3279 8238 3280 8238 3280 8239 3279 8239 2606 8239 3280 8240 2606 8240 3281 8240 3280 8241 3281 8241 3282 8241 3282 8242 3281 8242 3283 8242 3282 8243 3283 8243 3284 8243 3284 8244 3283 8244 3285 8244 3284 8245 3285 8245 3286 8245 3286 8246 3285 8246 3287 8246 3286 8247 3287 8248 3288 8249 3288 8250 3287 8251 3289 8252 3288 8253 3289 8254 3290 8255 3290 8256 3289 8257 3291 8258 3290 8259 3291 8260 3292 8261 3292 8262 3291 8262 2731 8262 3292 8263 2731 8263 3293 8263 3285 8264 3294 8264 3287 8264 3287 8265 3294 8265 3295 8265 3287 8251 3295 8266 3289 8252 3289 8267 3295 8268 3296 8269 3289 8257 3296 8270 3291 8258 3291 8271 3296 8271 3297 8271 3291 8272 3297 8272 2731 8272 3294 8273 3298 8273 3295 8273 3295 8274 3298 8274 3299 8274 3295 8268 3299 8275 3296 8269 3296 8276 3299 8276 2733 8276 3296 8277 2733 8277 3297 8277 3298 8278 2735 8279 3299 8280 3299 8281 2735 8281 3300 8281 3299 8282 3300 8282 2733 8282 3292 8283 3293 8283 3301 8283 3301 8284 3293 8284 2729 8284 3301 8285 2729 8285 3302 8285 3302 8286 2729 8286 3252 8286 3302 8287 3252 8287 3253 8287 3302 8288 3253 8289 3303 8290 3303 8290 3253 8289 3255 8291 3303 8292 3255 8293 3304 8294 3304 8294 3255 8293 3257 8295 3304 8296 3257 8297 3259 8298 3301 8299 3302 8300 3305 8301 3305 8301 3302 8300 3303 8302 3305 8303 3303 8304 3306 8305 3306 8305 3303 8304 3304 8306 3306 8307 3304 8308 3307 8309 3307 8309 3304 8308 3308 8310 3307 8311 3308 8312 3309 8313 3309 8313 3308 8312 3261 8314 3309 8315 3261 8206 3263 8208 3292 8316 3301 8317 3310 8318 3310 8318 3301 8317 3305 8319 3310 8320 3305 8321 3311 8322 3311 8322 3305 8321 3306 8323 3311 8324 3306 8325 3312 8326 3312 8326 3306 8325 3307 8327 3312 8328 3307 8329 3313 8330 3313 8330 3307 8329 3309 8331 3313 8332 3309 8333 3314 8334 3314 8334 3309 8333 3263 8335 3314 8336 3263 8212 3265 8214 3292 8261 3310 8337 3290 8259 3290 8338 3310 8339 3315 8340 3290 8255 3315 8341 3288 8253 3288 8342 3315 8343 3316 8344 3288 8249 3316 8345 3286 8247 3286 8346 3316 8347 3284 8348 3315 8340 3310 8339 3311 8349 3308 8350 3304 8296 3259 8298 3315 8351 3311 8352 3317 8353 3317 8353 3311 8352 3312 8354 3317 8355 3312 8356 3318 8357 3318 8357 3312 8356 3313 8358 3318 8359 3313 8360 3319 8361 3319 8361 3313 8360 3314 8362 3319 8363 3314 8364 3276 8365 3276 8365 3314 8364 3265 8366 3308 8367 3259 8200 3261 8202 3318 8368 3320 8369 3317 8370 3317 8370 3320 8369 3316 8371 3317 8372 3316 8344 3315 8343 3282 8373 3284 8374 3320 8375 3320 8376 3284 8348 3316 8347 3320 8377 3318 8378 3321 8379 3321 8379 3318 8378 3319 8380 3321 8381 3319 8382 3278 8383 3278 8383 3319 8382 3276 8384 3280 8385 3282 8386 3321 8387 3321 8388 3282 8373 3320 8375 3280 8385 3321 8387 3278 8389 2737 8390 2735 8279 3322 8391 3322 8391 2735 8279 3298 8278 3322 8392 3298 8393 3294 8394 3322 8392 3294 8394 3323 8395 3323 8396 3294 8397 3285 8398 3323 8396 3285 8398 3324 8399 3324 8400 3285 8401 3283 8402 3324 8400 3283 8402 3325 8403 3325 8404 3283 2288 3281 8405 3325 8404 3281 8405 3326 8406 3326 8407 3281 8408 2606 8409 3326 8407 2606 8409 3327 8410 3327 8410 2606 8409 2604 8411 3327 8410 2604 8411 3328 8412 3328 8413 3329 8414 3327 8415 3327 8415 3329 8414 3330 8416 3327 8415 3330 8416 3326 8406 3326 8406 3330 8416 3325 8404 3329 8417 3331 8418 3330 8419 3330 8419 3331 8418 3332 8420 3330 8419 3332 8420 3325 8403 3325 8403 3332 8420 3324 8400 3331 8421 3333 8422 3332 8423 3332 8423 3333 8422 3334 8424 3332 8423 3334 8424 3324 8399 3324 8399 3334 8424 3323 8396 3333 8425 3335 8426 3334 8427 3334 8427 3335 8426 3336 8428 3334 8427 3336 8428 3323 8395 3323 8395 3336 8428 3322 8392 3335 8429 2737 8390 3336 8430 3336 8430 2737 8390 3322 8391 2681 8431 2679 8432 3337 8433 3337 8433 2679 8432 3272 8434 3337 8435 3272 8436 3268 8437 3337 8435 3268 8437 3338 8438 3338 8439 3268 8440 3258 8441 3338 8439 3258 8441 3339 8442 3339 8443 3258 8444 3256 8445 3339 8443 3256 8445 3340 8446 3340 8447 3256 8448 3254 8449 3340 8447 3254 8449 3341 8450 3341 8451 3254 8193 2726 8192 3341 8451 2726 8192 3342 8452 3342 8452 2726 8192 2474 8453 3342 8452 2474 8453 3343 8454 3343 8455 3344 8456 3342 8457 3342 8457 3344 8456 3345 8458 3342 8457 3345 8458 3341 8450 3341 8450 3345 8458 3340 8447 3344 8459 3346 8460 3345 8461 3345 8461 3346 8460 3347 8462 3345 8461 3347 8462 3340 8446 3340 8446 3347 8462 3339 8443 3346 8463 3348 8464 3347 8465 3347 8465 3348 8464 3349 8466 3347 8465 3349 8466 3339 8442 3339 8442 3349 8466 3338 8439 3348 8467 3350 8468 3349 8469 3349 8469 3350 8468 3351 8470 3349 8469 3351 8470 3338 8438 3338 8438 3351 8470 3337 8435 3350 8471 2681 8431 3351 8472 3351 8472 2681 8431 3337 8433 3352 8473 2737 8473 3353 8473 3353 8474 2737 8390 3335 8429 3353 8475 3335 8475 3354 8475 3354 8476 3335 8476 3333 8476 3354 8477 3333 8477 3355 8477 3355 8478 3333 8478 3331 8478 3355 8479 3331 8479 3356 8479 3356 8480 3331 8480 3357 8480 3356 8481 3357 8482 3358 8483 3358 8484 3357 8485 3359 8486 3358 8487 3359 8488 3360 8489 3360 8490 3359 8491 3361 8492 3360 8493 3361 8494 3362 8495 3362 8496 3361 8496 3363 8496 3362 8497 3363 8497 3364 8497 3331 8498 3329 8498 3357 8498 3357 8499 3329 8499 3365 8499 3357 8485 3365 8500 3359 8486 3359 8501 3365 8502 3366 8503 3359 8491 3366 8504 3361 8492 3361 8505 3366 8505 3367 8505 3361 8506 3367 8506 3363 8506 3329 8507 3328 8507 3365 8507 3365 8508 3328 8508 3368 8508 3365 8502 3368 8509 3366 8503 3366 8510 3368 8510 3369 8510 3366 8511 3369 8511 3367 8511 3328 8512 2604 8512 3368 8512 3368 8513 2604 8513 3370 8513 3368 8514 3370 8514 3369 8514 3362 8515 3364 8515 3371 8515 3371 8516 3364 8516 3372 8516 3371 8517 3372 8517 3373 8517 3373 8518 3372 8518 3374 8518 3373 8519 3374 8519 3375 8519 3375 8520 3374 8520 2670 8520 3375 8521 2670 8521 3376 8521 3375 8522 3376 8522 3377 8522 3377 8523 3376 8523 3378 8523 3377 8524 3378 8524 3379 8524 3379 8525 3378 8525 3380 8525 3379 8526 3380 8526 3381 8526 3381 8527 3380 8527 3382 8527 3381 8528 3382 8529 3383 8530 3383 8531 3382 8532 3384 8533 3383 8534 3384 8535 3385 8536 3385 8537 3384 8538 3386 8539 3385 8540 3386 8541 3387 8542 3387 8543 3386 8543 2741 8543 3387 8544 2741 8544 3388 8544 3380 8545 3389 8545 3382 8545 3382 8546 3389 8546 3390 8546 3382 8532 3390 8547 3384 8533 3384 8548 3390 8549 3391 8550 3384 8538 3391 8551 3386 8539 3386 8552 3391 8552 3392 8552 3386 8553 3392 8553 2741 8553 3389 8554 3393 8554 3390 8554 3390 8555 3393 8555 3394 8555 3390 8549 3394 8556 3391 8550 3391 8557 3394 8558 3395 8559 3391 8557 3395 8559 2743 8560 3393 8561 2745 8562 3394 8563 3394 8564 2745 8564 3395 8564 2743 8565 3392 8565 3391 8565 3387 8566 3388 8566 3396 8566 3396 8567 3388 8567 2739 8567 3396 8568 2739 8568 3397 8568 3397 8569 2739 8569 3352 8569 3397 8570 3352 8570 3353 8570 3397 8571 3353 8572 3398 8573 3398 8573 3353 8572 3354 8574 3398 8575 3354 8576 3399 8577 3399 8577 3354 8576 3355 8578 3399 8579 3355 8580 3400 8581 3400 8581 3355 8580 3356 8582 3400 8583 3356 8481 3358 8483 3396 8584 3397 8585 3401 8586 3401 8586 3397 8585 3398 8587 3401 8588 3398 8589 3402 8590 3402 8590 3398 8589 3399 8591 3402 8592 3399 8593 3403 8594 3403 8594 3399 8593 3400 8595 3403 8596 3400 8597 3404 8598 3404 8598 3400 8597 3358 8599 3404 8600 3358 8487 3360 8489 3387 8601 3396 8602 3405 8603 3405 8603 3396 8602 3401 8604 3405 8605 3401 8606 3406 8607 3406 8607 3401 8606 3402 8608 3406 8609 3402 8610 3407 8611 3407 8611 3402 8610 3403 8612 3407 8613 3403 8614 3408 8615 3408 8615 3403 8614 3404 8616 3408 8617 3404 8618 3409 8619 3409 8619 3404 8618 3360 8620 3409 8621 3360 8493 3362 8495 3387 8542 3405 8622 3385 8540 3385 8623 3405 8624 3410 8625 3385 8536 3410 8626 3383 8534 3383 8627 3410 8628 3411 8629 3383 8530 3411 8630 3381 8528 3381 8631 3411 8632 3379 8633 3410 8625 3405 8624 3406 8634 3410 8635 3406 8636 3412 8637 3412 8637 3406 8636 3407 8638 3412 8639 3407 8640 3413 8641 3413 8641 3407 8640 3408 8642 3413 8643 3408 8644 3414 8645 3414 8645 3408 8644 3409 8646 3414 8647 3409 8648 3371 8649 3371 8649 3409 8648 3362 8650 3413 8651 3415 8652 3412 8653 3412 8653 3415 8652 3411 8654 3412 8655 3411 8629 3410 8628 3377 8656 3379 8657 3415 8658 3415 8659 3379 8633 3411 8632 3415 8660 3413 8661 3416 8662 3416 8662 3413 8661 3414 8663 3416 8664 3414 8665 3373 8666 3373 8666 3414 8665 3371 8667 3375 8668 3377 8669 3416 8670 3416 8671 3377 8656 3415 8658 3375 8668 3416 8670 3373 8672 2723 8673 2681 8431 3417 8674 3417 8674 2681 8431 3350 8471 3417 8675 3350 8676 3418 8677 3418 8677 3350 8676 3348 8678 3418 8679 3348 8680 3419 8681 3419 8681 3348 8680 3346 8682 3419 8683 3346 8684 3420 8685 3420 8685 3346 8684 3344 8686 3420 8687 3344 8688 3421 8689 3421 8689 3344 8688 3343 8690 3421 8691 3343 8691 3422 8691 3422 8692 3343 8692 2474 8692 3421 8693 3422 8694 3423 8695 3423 8695 3422 8694 3424 8696 3423 8697 3424 8698 3425 8699 3425 8699 3424 8698 3426 8700 3425 8701 3426 8702 3427 8703 3427 8703 3426 8702 3428 8704 3427 8705 3428 8706 3429 8707 3429 8707 3428 8706 3430 8708 3429 8709 3430 8710 3431 8711 3431 8711 3430 8710 3432 8712 3431 8713 3432 8714 3433 8715 3433 8715 3432 8714 3434 8716 3433 8717 3434 8718 3435 8719 3435 8719 3434 8718 3436 8720 3435 8721 3436 8722 3437 8723 3437 8723 3436 8722 3438 8724 3437 8725 3438 8726 3439 8727 3439 8727 3438 8726 3440 8728 3439 8729 3440 8730 3441 8731 3441 8731 3440 8730 3442 8732 3441 8733 3442 8734 3443 8735 3443 8735 3442 8734 3444 8736 3443 8737 3444 8738 3445 8739 3445 8739 3444 8738 3446 8740 3445 8741 3446 8742 3447 8743 3447 8743 3446 8742 3448 8744 3447 8745 3448 8746 3449 8747 3449 8747 3448 8746 3450 8748 3449 8749 3450 8750 3451 8751 3451 8751 3450 8750 3452 8752 3451 8753 3452 8754 3453 8755 3453 8755 3452 8754 3454 8756 3453 8757 3454 8758 3455 8759 3455 8759 3454 8758 3456 8760 3455 8761 3456 8762 3457 8763 3457 8763 3456 8762 3458 8764 3457 8765 3458 8766 3459 8767 3459 8767 3458 8766 3460 8768 3459 8769 3460 8770 3461 8771 3461 8771 3460 8770 2506 8772 3461 8773 3462 8774 3459 8775 3459 8775 3462 8774 3463 8776 3459 8777 3463 8778 3457 8779 3457 8779 3463 8778 3464 8780 3457 8781 3464 8782 3455 8783 3455 8783 3464 8782 3465 8784 3455 8785 3465 8786 3453 8787 3453 8787 3465 8786 3466 8788 3453 8789 3466 8790 3451 8791 3451 8791 3466 8790 3467 8792 3451 8793 3467 8794 3449 8795 3449 8795 3467 8794 3468 8796 3449 8797 3468 8798 3447 8799 3447 8799 3468 8798 3469 8800 3447 8801 3469 8802 3445 8803 3445 8803 3469 8802 3470 8804 3445 8805 3470 8806 3443 8807 3443 8807 3470 8806 3471 8808 3443 8809 3471 8810 3441 8811 3441 8811 3471 8810 3472 8812 3441 8813 3472 8814 3439 8815 3439 8815 3472 8814 3473 8816 3439 8817 3473 8818 3437 8819 3437 8819 3473 8818 3474 8820 3437 8821 3474 8822 3435 8823 3435 8823 3474 8822 3475 8824 3435 8825 3475 8826 3433 8827 3433 8827 3475 8826 3476 8828 3433 8829 3476 8830 3431 8831 3431 8831 3476 8830 3477 8832 3431 8833 3477 8834 3429 8835 3429 8835 3477 8834 3478 8836 3429 8837 3478 8838 3427 8839 3427 8839 3478 8838 3479 8840 3427 8841 3479 8842 3425 8843 3425 8843 3479 8842 3480 8844 3425 8845 3480 8846 3423 8847 3423 8847 3480 8846 3481 8848 3423 8849 3481 8850 3421 8851 3421 8851 3481 8850 3420 8852 3462 8853 3482 8854 3463 8855 3463 8855 3482 8854 3483 8856 3463 8857 3483 8858 3464 8859 3464 8859 3483 8858 3484 8860 3464 8861 3484 8862 3465 8863 3465 8863 3484 8862 3485 8864 3465 8865 3485 8866 3466 8867 3466 8867 3485 8866 3486 8868 3466 8869 3486 8870 3467 8871 3467 8871 3486 8870 3487 8872 3467 8873 3487 8874 3468 8875 3468 8875 3487 8874 3488 8876 3468 8877 3488 8878 3469 8879 3469 8879 3488 8878 3489 8880 3469 8881 3489 8882 3470 8883 3470 8883 3489 8882 3490 8884 3470 8885 3490 8886 3471 8887 3471 8887 3490 8886 3491 8888 3471 8889 3491 8890 3472 8891 3472 8891 3491 8890 3492 8892 3472 8893 3492 8894 3473 8895 3473 8895 3492 8894 3493 8896 3473 8897 3493 8898 3474 8899 3474 8899 3493 8898 3494 8900 3474 8901 3494 8902 3475 8903 3475 8903 3494 8902 3495 8904 3475 8905 3495 8906 3476 8907 3476 8907 3495 8906 3496 8908 3476 8909 3496 8910 3477 8911 3477 8911 3496 8910 3497 8912 3477 8913 3497 8914 3478 8915 3478 8915 3497 8914 3498 8916 3478 8917 3498 8918 3479 8919 3479 8919 3498 8918 3499 8920 3479 8921 3499 8922 3480 8923 3480 8923 3499 8922 3500 8924 3480 8925 3500 8926 3481 8927 3481 8927 3500 8926 3501 8928 3481 8929 3501 8930 3420 8931 3420 8931 3501 8930 3419 8932 3482 8933 3502 8934 3483 8935 3483 8935 3502 8934 3503 8936 3483 8937 3503 8938 3484 8939 3484 8939 3503 8938 3504 8940 3484 8941 3504 8942 3485 8943 3485 8943 3504 8942 3505 8944 3485 8945 3505 8946 3486 8947 3486 8947 3505 8946 3506 8948 3486 8949 3506 8950 3487 8951 3487 8951 3506 8950 3507 8952 3487 8953 3507 8954 3488 8955 3488 8955 3507 8954 3508 8956 3488 8957 3508 8958 3489 8959 3489 8959 3508 8958 3509 8960 3489 8961 3509 8962 3490 8963 3490 8963 3509 8962 3510 8964 3490 8965 3510 8966 3491 8967 3491 8967 3510 8966 3511 8968 3491 8969 3511 8970 3492 8971 3492 8971 3511 8970 3512 8972 3492 8973 3512 8974 3493 8975 3493 8975 3512 8974 3513 8976 3493 8977 3513 8978 3494 8979 3494 8979 3513 8978 3514 8980 3494 8981 3514 8982 3495 8983 3495 8983 3514 8982 3515 8984 3495 2860 3515 8985 3496 8986 3496 8986 3515 8985 3516 8987 3496 8988 3516 8989 3497 8990 3497 8990 3516 8989 3517 8991 3497 2868 3517 8992 3498 8993 3498 8993 3517 8992 3518 8994 3498 8995 3518 8996 3499 8997 3499 8997 3518 8996 3519 8998 3499 2876 3519 8999 3500 9000 3500 9000 3519 8999 3520 9001 3500 9002 3520 9003 3501 9004 3501 9004 3520 9003 3521 9005 3501 9006 3521 9007 3419 9008 3419 9008 3521 9007 3418 9009 3502 9010 3522 9011 3503 9012 3503 9012 3522 9011 3523 9013 3503 9014 3523 9015 3504 9016 3504 9016 3523 9015 3524 9017 3504 9018 3524 9019 3505 9020 3505 9020 3524 9019 3525 9021 3505 9022 3525 9023 3506 9024 3506 9024 3525 9023 3526 9025 3506 9026 3526 9027 3507 9028 3507 9028 3526 9027 3527 9029 3507 9030 3527 9031 3508 9032 3508 9032 3527 9031 3528 9033 3508 9034 3528 9035 3509 9036 3509 9036 3528 9035 3529 9037 3509 9038 3529 9039 3510 9040 3510 9040 3529 9039 3530 9041 3510 9042 3530 9043 3511 9044 3511 9044 3530 9043 3531 9045 3511 9046 3531 9047 3512 9048 3512 9048 3531 9047 3532 9049 3512 9050 3532 9051 3513 9052 3513 9052 3532 9051 3533 9053 3513 9054 3533 9055 3514 9056 3514 9056 3533 9055 3534 9057 3514 9058 3534 9059 3515 9060 3515 9060 3534 9059 3535 9061 3515 9062 3535 9063 3516 9064 3516 9064 3535 9063 3536 9065 3516 9066 3536 9067 3517 9068 3517 9068 3536 9067 3537 9069 3517 9070 3537 9071 3518 9072 3518 9072 3537 9071 3538 9073 3518 9074 3538 9075 3519 9076 3519 9076 3538 9075 3539 9077 3519 9078 3539 9079 3520 9080 3520 9080 3539 9079 3540 9081 3520 9082 3540 9083 3521 9084 3521 9084 3540 9083 3541 9085 3521 9086 3541 9087 3418 9088 3418 9088 3541 9087 3417 9089 3522 9090 2687 9091 3523 9092 3523 9092 2687 9091 2691 9093 3523 9094 2691 9095 3524 9096 3524 9096 2691 9095 2695 9097 3524 9098 2695 9099 3525 9100 3525 9100 2695 9099 2696 9101 3525 9102 2696 9102 3526 9102 3526 9103 2696 9103 2697 9103 3526 9104 2697 9104 3527 9104 3527 9105 2697 9105 2699 9105 3527 9106 2699 9106 3528 9106 3528 9107 2699 9107 2700 9107 3528 9108 2700 9108 3529 9108 3529 9109 2700 9109 2702 9109 3529 9110 2702 9110 3530 9110 3530 9111 2702 9111 2704 9111 3530 9112 2704 9112 3531 9112 3531 9113 2704 9113 2706 9113 3531 9114 2706 9114 3532 9114 3532 9115 2706 9115 2708 9115 3532 9116 2708 9116 3533 9116 3533 9117 2708 9117 2710 9117 3533 9118 2710 9118 3534 9118 3534 9119 2710 9119 2712 9119 3534 9120 2712 9120 3535 9120 3535 9121 2712 9121 2714 9121 3535 9122 2714 9122 3536 9122 3536 9123 2714 9123 2716 9123 3536 9124 2716 9124 3537 9124 3537 9125 2716 9125 2718 9125 3537 9126 2718 9126 3538 9126 3538 9127 2718 9127 2719 9127 3538 9128 2719 9128 3539 9128 3539 9129 2719 9129 2721 9129 3539 9130 2721 9130 3540 9130 3540 9131 2721 9132 2722 9133 3540 9131 2722 9133 3541 9134 3541 9135 2722 9136 2723 9137 3541 9135 2723 9137 3417 9138 2371 9139 2745 8562 3542 9140 3542 9140 2745 8562 3393 8561 3542 9141 3393 9142 3389 9143 3542 9141 3389 9143 3543 9144 3543 9145 3389 9146 3380 9147 3543 9145 3380 9147 3544 9148 3544 9149 3380 9150 3378 9151 3544 9149 3378 9151 3545 9152 3545 9153 3378 9154 3546 9155 3545 9153 3546 9155 3547 9156 3547 9157 3546 9158 2666 9159 3547 9157 2666 9159 3548 9160 3378 9154 3376 9161 3546 9155 3546 9158 3376 9162 2670 9163 3546 9158 2670 9163 2666 9159 3547 9156 3548 9164 3549 9165 3549 9165 3548 9164 3550 9166 3549 9167 3550 9168 3551 9169 3551 9169 3550 9168 3552 9170 3551 9171 3552 9172 3553 9173 3551 9171 3553 9173 3554 9174 3554 9175 3553 9176 3555 9177 3554 9175 3555 9177 3556 9178 3556 9179 3555 9180 2371 9139 3556 9179 2371 9139 3542 9140 3556 9178 3542 9141 3543 9144 3554 9175 3556 9178 3543 9144 3551 9171 3554 9174 3544 9148 3544 9148 3554 9174 3543 9145 3549 9167 3551 9169 3545 9152 3545 9152 3551 9169 3544 9149 3547 9156 3549 9165 3545 9153 3522 9090 3557 9181 2687 9091 2687 9091 3557 9181 3558 9182 2687 9091 3558 9182 2684 9183 2684 9183 3558 9182 3559 9184 3559 9185 3558 9186 3560 9187 3559 9185 3560 9187 3561 9188 3561 9189 3560 9190 3562 9191 3562 9191 3560 9190 3563 9192 3562 9193 3563 9194 3564 9195 3564 9195 3563 9194 3565 9196 3564 9197 3565 9198 3566 9199 3566 9199 3565 9198 3567 9200 3566 9201 3567 9202 2746 9203 2746 9203 3567 9202 3568 9204 2746 9203 3568 9204 2506 9205 2506 9205 3568 9204 3461 9206 3461 9207 3568 9208 3462 9209 3462 9209 3568 9208 3569 9210 3462 9211 3569 9212 3482 9213 3482 9213 3569 9212 3570 9214 3482 9215 3570 9216 3502 9217 3502 9217 3570 9216 3571 9218 3502 9219 3571 9220 3557 9221 3557 9221 3571 9220 3558 9186 3522 9222 3502 9219 3557 9221 3560 9187 3558 9186 3571 9220 3563 9192 3560 9190 3571 9218 3563 9192 3571 9218 3570 9216 3565 9196 3563 9194 3570 9214 3565 9196 3570 9214 3569 9212 3567 9200 3565 9198 3569 9210 3567 9200 3569 9210 3568 9208 3572 9223 2371 9223 3573 9223 3573 9224 2371 9224 3555 9224 3573 9225 3555 9226 3574 9227 3574 9227 3555 9226 3553 9228 3574 9229 3553 9230 3575 9231 3575 9231 3553 9230 3552 9232 3575 9233 3552 9234 3576 9235 3576 9235 3552 9234 3550 9236 3576 9237 3550 9238 3577 9239 3577 9239 3550 9238 3548 9240 3577 9241 3548 9160 2666 9159 2666 9159 2665 9242 3577 9241 3577 9243 2665 9244 3578 9245 3577 9246 3578 9247 3576 9248 3576 9248 3578 9247 3579 9249 3576 9250 3579 9251 3575 9252 3575 9252 3579 9251 3580 9253 3575 9254 3580 9255 3574 9256 3574 9256 3580 9255 3581 9257 3574 9258 3581 9259 3573 9260 3573 9260 3581 9259 3582 9261 3573 9262 3582 9262 3572 9262 3572 9263 3582 9263 3583 9263 3583 9264 3582 9264 3584 9264 3583 9265 3584 9265 3585 9265 3585 9266 3584 9266 3586 9266 3585 9267 3586 9267 3587 9267 3587 9268 3586 9268 3588 9268 3587 9269 3588 9269 3589 9269 3589 9270 3588 9270 3590 9270 3589 9271 3590 9271 3591 9271 3591 9272 3590 9272 3592 9272 3591 9273 3592 9273 3593 9273 3593 9274 3592 9274 3594 9274 3593 9275 3594 9275 3595 9275 3595 9276 3594 9276 3596 9276 3595 9277 3596 9277 3597 9277 3597 9278 3596 9278 3598 9278 3597 9279 3598 9279 3599 9279 3599 9280 3598 9281 3600 9282 3600 9282 3598 9281 3601 9283 3600 9284 3601 9285 3602 9286 3602 9286 3601 9285 3603 9287 3602 9288 3603 9289 3604 9290 3604 9290 3603 9289 3605 9291 3604 9292 3605 9293 3606 9294 3606 9294 3605 9293 3607 9295 3606 9296 3607 9297 3608 9298 3608 9298 3607 9297 3609 9299 3608 9300 3609 9301 3610 9302 3610 9302 3609 9301 3611 9303 3610 9304 3611 9305 3612 9306 3612 9306 3611 9305 3613 9307 3612 9308 3613 9309 3614 9310 3614 9310 3613 9309 3615 9311 3614 9312 3615 9313 3616 9314 3616 9314 3615 9313 3617 9315 3616 9316 3617 9317 3618 9318 3618 9318 3617 9317 3619 9319 3618 9320 3619 9321 2766 9322 2766 9322 3619 9321 3620 9323 3620 9324 3619 9325 3621 9326 3620 9324 3621 9326 3622 9327 3622 9328 3621 9329 3623 9330 3622 9328 3623 9330 3624 9331 3624 9332 3623 9333 3625 9334 3624 9332 3625 9334 3626 9335 3626 9336 3625 9337 3627 9338 3626 9336 3627 9338 3628 9339 3628 9340 3627 9341 2634 9342 2634 9342 3627 9341 2632 9343 2632 9344 3627 9345 3629 9346 2632 9344 3629 9346 2637 9347 2637 9348 3629 9349 3630 9350 2637 9348 3630 9350 2638 9351 2638 9352 3630 9352 3631 9352 2638 9353 3631 9353 2640 9353 2640 9354 3631 9354 3632 9354 2640 9355 3632 9355 2641 9355 2641 9356 3632 9356 3633 9356 2641 9357 3633 9357 2643 9357 2643 9358 3633 9358 3634 9358 2643 9359 3634 9359 2645 9359 2645 9360 3634 9360 3635 9360 2645 9361 3635 9361 2647 9361 2647 9362 3635 9362 3636 9362 2647 9363 3636 9363 2649 9363 2649 9364 3636 9364 3637 9364 2649 9365 3637 9365 2650 9365 2650 9366 3637 9366 3638 9366 2650 9367 3638 9367 2651 9367 2651 9368 3638 9368 3639 9368 2651 9369 3639 9369 2653 9369 2653 9370 3639 9370 3640 9370 2653 9371 3640 9371 2655 9371 2655 9372 3640 9372 3641 9372 2655 9373 3641 9373 2657 9373 2657 9374 3641 9374 3642 9374 2657 9375 3642 9375 2659 9375 2659 9376 3642 9376 3643 9376 2659 9377 3643 9377 2661 9377 2661 9378 3643 9378 3644 9378 2661 9379 3644 9379 2662 9379 2662 9380 3644 9380 3645 9380 2662 9381 3645 9382 2664 9383 2664 9383 3645 9382 3578 9384 2664 9385 3578 9245 2665 9244 3578 9386 3645 9387 3579 9388 3579 9388 3645 9387 3646 9389 3579 9390 3646 9391 3580 9392 3580 9392 3646 9391 3647 9393 3580 9394 3647 9395 3581 9396 3581 9396 3647 9395 3648 9397 3581 9398 3648 9399 3582 9400 3582 9400 3648 9399 3584 9401 3645 9402 3644 9403 3646 9404 3646 9404 3644 9403 3649 9405 3646 9406 3649 9407 3647 9408 3647 9408 3649 9407 3650 9409 3647 9410 3650 9411 3648 9412 3648 9412 3650 9411 3651 9413 3648 9414 3651 9415 3584 9416 3584 9416 3651 9415 3586 9417 3644 9418 3643 9419 3649 9420 3649 9420 3643 9419 3652 9421 3649 9422 3652 9423 3650 9424 3650 9424 3652 9423 3653 9425 3650 9426 3653 9427 3651 9428 3651 9428 3653 9427 3654 9429 3651 9430 3654 9431 3586 9432 3586 9432 3654 9431 3588 9433 3643 9434 3642 9435 3652 9436 3652 9436 3642 9435 3655 9437 3652 9438 3655 9439 3653 9440 3653 9440 3655 9439 3656 9441 3653 9442 3656 9443 3654 9444 3654 9444 3656 9443 3657 9445 3654 9446 3657 9447 3588 9448 3588 9448 3657 9447 3590 9449 3642 9450 3641 9451 3655 9452 3655 9452 3641 9451 3658 9453 3655 9454 3658 9455 3656 9456 3656 9456 3658 9455 3659 9457 3656 9458 3659 9459 3657 9460 3657 9460 3659 9459 3660 9461 3657 9462 3660 9463 3590 9464 3590 9464 3660 9463 3592 9465 3641 9466 3640 9467 3658 9468 3658 9468 3640 9467 3661 9469 3658 9470 3661 9471 3659 9472 3659 9472 3661 9471 3662 9473 3659 9474 3662 9475 3660 9476 3660 9476 3662 9475 3663 9477 3660 9478 3663 9479 3592 9480 3592 9480 3663 9479 3594 9481 3640 9482 3639 9483 3661 9484 3661 9484 3639 9483 3664 9485 3661 9486 3664 9487 3662 9488 3662 9488 3664 9487 3665 9489 3662 9490 3665 9491 3663 9492 3663 9492 3665 9491 3666 9493 3663 9494 3666 9495 3594 9496 3594 9496 3666 9495 3596 9497 3639 9498 3638 9499 3664 9500 3664 9500 3638 9499 3667 9501 3664 9502 3667 9503 3665 9504 3665 9504 3667 9503 3668 9505 3665 9506 3668 9507 3666 9508 3666 9508 3668 9507 3669 9509 3666 9510 3669 9511 3596 9512 3596 9512 3669 9511 3598 9513 3667 9514 3638 9515 3670 9516 3670 9516 3638 9515 3637 9517 3670 9518 3637 9519 3671 9520 3671 9520 3637 9519 3636 9521 3671 9522 3636 9523 3672 9524 3672 9524 3636 9523 3635 9525 3672 9526 3635 9527 3673 9528 3673 9528 3635 9527 3634 9529 3673 9530 3634 9531 3674 9532 3674 9532 3634 9531 3633 9533 3674 9534 3633 9535 3675 9536 3675 9536 3633 9535 3632 9537 3675 9538 3632 9539 3676 9540 3676 9540 3632 9539 3631 9541 3676 9542 3631 9543 3677 9544 3677 9544 3631 9543 3630 9545 3677 9546 3630 9547 3678 9548 3678 9548 3630 9547 3629 9549 3678 9550 3629 9551 3625 9552 3625 9552 3629 9551 3627 9553 3668 9554 3667 9555 3679 9556 3679 9556 3667 9555 3670 9557 3679 9558 3670 9559 3680 9560 3680 9560 3670 9559 3671 9561 3680 9562 3671 9563 3681 9564 3681 9564 3671 9563 3672 9565 3681 9566 3672 9567 3682 9568 3682 9568 3672 9567 3673 9569 3682 9570 3673 9571 3683 9572 3683 9572 3673 9571 3674 9573 3683 9574 3674 9575 3684 9576 3684 9576 3674 9575 3675 9577 3684 9578 3675 9579 3685 9580 3685 9580 3675 9579 3676 9581 3685 9582 3676 9583 3686 9584 3686 9584 3676 9583 3677 9585 3686 9586 3677 9587 3687 9588 3687 9588 3677 9587 3678 9589 3687 9590 3678 9591 3623 9592 3623 9592 3678 9591 3625 9593 3601 9594 3598 9595 3669 9596 3669 9597 3668 9598 3688 9599 3688 9599 3668 9598 3679 9600 3688 9601 3679 9602 3689 9603 3689 9603 3679 9602 3680 9604 3689 9605 3680 9606 3690 9607 3690 9607 3680 9606 3681 9608 3690 9609 3681 9610 3691 9611 3691 9611 3681 9610 3682 9612 3691 9613 3682 9614 3692 9615 3692 9615 3682 9614 3683 9616 3692 9617 3683 9618 3693 9619 3693 9619 3683 9618 3684 9620 3693 9621 3684 9622 3694 9623 3694 9623 3684 9622 3685 9624 3694 9625 3685 9626 3695 9627 3695 9627 3685 9626 3686 9628 3695 9629 3686 9630 3696 9631 3696 9631 3686 9630 3687 9632 3696 9633 3687 9634 3621 9635 3621 9635 3687 9634 3623 9636 3603 9637 3601 9638 3688 9639 3688 9640 3601 9594 3669 9596 3603 9637 3688 9639 3689 9641 3605 9642 3603 9643 3689 9644 3605 9642 3689 9644 3690 9645 3607 9646 3605 9647 3690 9648 3607 9646 3690 9648 3691 9649 3609 9650 3607 9651 3691 9652 3609 9650 3691 9652 3692 9653 3611 9654 3609 9655 3692 9656 3611 9654 3692 9656 3693 9657 3613 9658 3611 9659 3693 9660 3613 9658 3693 9660 3694 9661 3615 9662 3613 9663 3694 9664 3615 9662 3694 9664 3695 9665 3617 9666 3615 9667 3695 9668 3617 9666 3695 9668 3696 9669 3619 9670 3617 9671 3696 9672 3619 9670 3696 9672 3621 9673 3697 9674 2684 9674 3698 9674 3698 9675 2684 9675 3559 9675 3698 9676 3559 9676 3699 9676 3699 9677 3559 9677 3561 9677 3699 9678 3561 9678 3700 9678 3700 9679 3561 9679 3562 9679 3700 9680 3562 9680 3701 9680 3701 9681 3562 9681 3702 9681 3701 9682 3702 9683 3703 9684 3703 9685 3702 9686 3704 9687 3703 9688 3704 9689 3705 9690 3705 9691 3704 9692 3706 9693 3705 9694 3706 9695 3707 9696 3707 9697 3706 9697 2751 9697 3707 9698 2751 9698 3708 9698 3562 9699 3564 9699 3702 9699 3702 9700 3564 9700 3709 9700 3702 9686 3709 9701 3704 9687 3704 9702 3709 9703 3710 9704 3704 9692 3710 9705 3706 9693 3706 9706 3710 9706 3711 9706 3706 9707 3711 9707 2751 9707 3564 9708 3566 9708 3709 9708 3709 9709 3566 9709 3712 9709 3709 9703 3712 9710 3710 9704 3710 9711 3712 9712 3713 9713 3710 9711 3713 9713 2749 9714 3566 9201 2746 9203 3712 9715 3712 9716 2746 9716 3713 9716 2749 9717 3711 9717 3710 9717 3707 9718 3708 9718 3714 9718 3714 9719 3708 9719 2753 9719 3714 9720 2753 9720 3715 9720 3715 9721 2753 9721 3716 9721 3715 9722 3716 9722 3717 9722 3717 9723 3716 9723 2755 9723 3717 9724 2755 9725 3718 9726 3717 9727 3718 9727 3719 9727 3719 9728 3718 9728 3720 9728 3719 9729 3720 9729 3721 9729 3721 9730 3720 9730 3722 9730 3721 9731 3722 9731 3723 9731 3723 9732 3722 9732 3724 9732 3723 9733 3724 9734 3725 9735 3725 9736 3724 9737 3726 9738 3725 9739 3726 9740 3727 9741 3727 9742 3726 9743 3728 9744 3727 9745 3728 9746 3729 9747 3729 9748 3728 9748 3730 9748 3729 9749 3730 9749 3731 9749 3722 9750 3732 9750 3724 9750 3724 9751 3732 9751 3733 9751 3724 9737 3733 9752 3726 9738 3726 9753 3733 9754 3734 9755 3726 9743 3734 9756 3728 9744 3728 9757 3734 9757 3735 9757 3728 9758 3735 9758 3730 9758 3732 9759 3736 9759 3733 9759 3733 9760 3736 9760 3737 9760 3733 9754 3737 9761 3734 9755 3734 9762 3737 9762 3738 9762 3734 9763 3738 9763 3735 9763 3736 9764 2613 9764 3737 9764 3737 9765 2613 9765 3739 9765 3737 9766 3739 9766 3738 9766 3729 9767 3731 9767 3740 9767 3740 9768 3731 9768 3741 9768 3740 9769 3741 9769 3742 9769 3742 9770 3741 9771 3697 9772 3742 9773 3697 9773 3698 9773 3742 9774 3698 9775 3743 9776 3743 9776 3698 9775 3699 9777 3743 9778 3699 9779 3744 9780 3744 9780 3699 9779 3700 9781 3744 9782 3700 9783 3745 9784 3745 9784 3700 9783 3701 9785 3745 9786 3701 9682 3703 9684 3740 9787 3742 9788 3746 9789 3746 9789 3742 9788 3743 9790 3746 9791 3743 9792 3747 9793 3747 9793 3743 9792 3744 9794 3747 9795 3744 9796 3748 9797 3748 9797 3744 9796 3745 9798 3748 9799 3745 9800 3749 9801 3749 9801 3745 9800 3703 9802 3749 9803 3703 9688 3705 9690 3729 9804 3740 9805 3750 9806 3750 9806 3740 9805 3746 9807 3750 9808 3746 9809 3751 9810 3751 9810 3746 9809 3747 9811 3751 9812 3747 9813 3752 9814 3752 9814 3747 9813 3748 9815 3752 9816 3748 9817 3753 9818 3753 9818 3748 9817 3749 9819 3753 9820 3749 9821 3754 9822 3754 9822 3749 9821 3705 9823 3754 9824 3705 9694 3707 9696 3729 9747 3750 9825 3727 9745 3727 9826 3750 9827 3755 9828 3727 9741 3755 9829 3725 9739 3725 9830 3755 9831 3756 9832 3725 9735 3756 9833 3723 9733 3723 9834 3756 9835 3721 9836 3755 9828 3750 9827 3751 9837 3755 9838 3751 9839 3757 9840 3757 9840 3751 9839 3752 9841 3757 9842 3752 9843 3758 9844 3758 9844 3752 9843 3753 9845 3758 9846 3753 9847 3759 9848 3759 9848 3753 9847 3754 9849 3759 9850 3754 9851 3714 9852 3714 9852 3754 9851 3707 9853 3758 9854 3760 9855 3757 9856 3757 9856 3760 9855 3756 9857 3757 9858 3756 9832 3755 9831 3719 9859 3721 9860 3760 9861 3760 9862 3721 9836 3756 9835 3760 9863 3758 9864 3761 9865 3761 9865 3758 9864 3759 9866 3761 9867 3759 9868 3715 9869 3715 9869 3759 9868 3714 9870 3717 9871 3719 9872 3761 9873 3761 9874 3719 9859 3760 9861 3717 9871 3761 9873 3715 9875 3620 9876 3762 9877 2766 9878 2766 9878 3762 9877 3763 9879 2766 9878 3763 9879 2765 9880 2765 9880 3763 9879 3764 9881 3764 9882 3763 9883 3765 9884 3765 9884 3763 9883 3766 9885 3765 9886 3766 9887 3767 9888 3767 9888 3766 9887 3768 9889 3767 9890 3768 9891 3769 9892 3769 9892 3768 9891 3770 9893 3769 9894 3770 9895 3771 9896 3771 9896 3770 9895 3628 9897 3771 9898 3628 9340 2634 9342 3762 9899 3620 9900 3772 9901 3772 9901 3620 9900 3622 9902 3772 9903 3622 9904 3773 9905 3773 9905 3622 9904 3624 9906 3773 9907 3624 9908 3626 9909 3773 9907 3626 9909 3770 9893 3770 9895 3626 9910 3628 9897 3771 9898 2634 9342 3774 9911 3774 9911 2634 9342 2675 9912 3774 9911 2675 9912 3775 9913 3775 9914 3776 9915 3774 9916 3774 9916 3776 9915 3769 9894 3774 9916 3769 9894 3771 9896 3776 9917 3767 9890 3769 9892 3766 9885 3763 9883 3762 9899 3766 9885 3762 9899 3772 9901 3768 9889 3766 9887 3772 9903 3768 9889 3772 9903 3773 9905 3770 9893 3768 9891 3773 9907 3736 9918 3777 9919 2613 9920 2613 9920 3777 9919 3778 9921 2613 9920 3778 9921 2609 9922 2609 9922 3778 9921 3779 9923 3779 3830 3778 9924 3780 3830 3780 3830 3778 9924 3781 9925 3780 9926 3781 3828 3782 9927 3782 9927 3781 3828 3783 9928 3782 9929 3783 9930 3784 9931 3784 9931 3783 9930 3785 9932 3784 9933 3785 9934 3786 9935 3786 9935 3785 9934 3787 9936 3786 9937 3787 9938 2756 9939 2756 9939 3787 9938 3788 9940 2756 9939 3788 9940 2755 9725 2755 9725 3788 9940 3718 9726 3718 9941 3788 9942 3720 9943 3720 9943 3788 9942 3789 9944 3720 9945 3789 9946 3722 9947 3722 9947 3789 9946 3790 9948 3722 9949 3790 9950 3732 9951 3732 9951 3790 9950 3791 9952 3732 3800 3791 9953 3736 9954 3736 9954 3791 9953 3777 9955 3781 9925 3778 9924 3777 9955 3781 9925 3777 9955 3791 9953 3783 9928 3781 3828 3791 9952 3783 9928 3791 9952 3790 9950 3785 9932 3783 9930 3790 9948 3785 9932 3790 9948 3789 9946 3787 9936 3785 9934 3789 9944 3787 9936 3789 9944 3788 9942 3792 9956 2765 9956 3793 9956 3793 9957 2765 9880 3764 9881 3793 9958 3764 9958 3794 9958 3794 9959 3764 9959 3765 9959 3794 9960 3765 9960 3795 9960 3795 9961 3765 9961 3767 9961 3795 9962 3767 9962 3796 9962 3796 9963 3767 9963 3797 9963 3796 9964 3797 9965 3798 9966 3798 9967 3797 9968 3799 9969 3798 9970 3799 9971 3800 9972 3800 9973 3799 9974 3801 9975 3800 9976 3801 9977 3802 9978 3802 9979 3801 9979 3803 9979 3802 9980 3803 9980 3804 9980 3767 9981 3776 9981 3797 9981 3797 9982 3776 9982 3805 9982 3797 9968 3805 9983 3799 9969 3799 9984 3805 9985 3806 9986 3799 9974 3806 9987 3801 9975 3801 9988 3806 9988 3807 9988 3801 9989 3807 9989 3803 9989 3776 9990 3775 9990 3805 9990 3805 9991 3775 9991 3808 9991 3805 9985 3808 9992 3806 9986 3806 9993 3808 9993 3809 9993 3806 9994 3809 9994 3807 9994 3775 9995 2675 9995 3808 9995 3808 9996 2675 9996 3810 9996 3808 9997 3810 9997 3809 9997 3802 9998 3804 9998 3811 9998 3811 9999 3804 9999 3812 9999 3811 10000 3812 10000 3813 10000 3813 10001 3812 10001 3814 10001 3813 10002 3814 10002 3815 10002 3815 10003 3814 10003 2609 10003 3815 10004 2609 10004 3779 10004 3815 10005 3779 10005 3816 10005 3816 10006 3779 10006 3780 10006 3816 10007 3780 10007 3817 10007 3817 10008 3780 10008 3782 10008 3817 10009 3782 10009 3818 10009 3818 10010 3782 10010 3819 10010 3818 10011 3819 10012 3820 10013 3820 10014 3819 10015 3821 10016 3820 10017 3821 10018 3822 10019 3822 10020 3821 10021 3823 10022 3822 10023 3823 10024 3824 10025 3824 10026 3823 10026 2761 10026 3824 10027 2761 10027 3825 10027 3782 10028 3784 10028 3819 10028 3819 10029 3784 10029 3826 10029 3819 10015 3826 10030 3821 10016 3821 10031 3826 10032 3827 10033 3821 10021 3827 10034 3823 10022 3823 10035 3827 10035 3828 10035 3823 10036 3828 10036 2761 10036 3784 10037 3786 10037 3826 10037 3826 10038 3786 10038 3829 10038 3826 10032 3829 10039 3827 10033 3827 10040 3829 10040 2759 10040 3827 10041 2759 10041 3828 10041 3786 9937 2756 9939 3829 10042 3829 10043 2756 10043 3830 10043 3829 10044 3830 10044 2759 10044 3824 10045 3825 10045 3831 10045 3831 10046 3825 10046 2763 10046 3831 10047 2763 10047 3832 10047 3832 10048 2763 10048 3792 10048 3832 10049 3792 10049 3793 10049 3832 10050 3793 10051 3833 10052 3833 10052 3793 10051 3794 10053 3833 10054 3794 10055 3834 10056 3834 10056 3794 10055 3795 10057 3834 10058 3795 10059 3835 10060 3835 10060 3795 10059 3796 10061 3835 10062 3796 9964 3798 9966 3831 10063 3832 10064 3836 10065 3836 10065 3832 10064 3833 10066 3836 10067 3833 10068 3837 10069 3837 10069 3833 10068 3834 10070 3837 10071 3834 10072 3838 10073 3838 10073 3834 10072 3835 10074 3838 10075 3835 10076 3839 10077 3839 10077 3835 10076 3798 10078 3839 10079 3798 9970 3800 9972 3824 10080 3831 10081 3840 10082 3840 10082 3831 10081 3836 10083 3840 10084 3836 10085 3841 10086 3841 10086 3836 10085 3837 10087 3841 10088 3837 10089 3842 10090 3842 10090 3837 10089 3838 10091 3842 10092 3838 10093 3843 10094 3843 10094 3838 10093 3839 10095 3843 10096 3839 10097 3844 10098 3844 10098 3839 10097 3800 10099 3844 10100 3800 9976 3802 9978 3824 10025 3840 10101 3822 10023 3822 10102 3840 10103 3845 10104 3822 10019 3845 10105 3820 10017 3820 10106 3845 10107 3846 10108 3820 10013 3846 10109 3818 10011 3818 10110 3846 10111 3817 10112 3845 10104 3840 10103 3841 10113 3845 10114 3841 10115 3847 10116 3847 10116 3841 10115 3842 10117 3847 10118 3842 10119 3848 10120 3848 10120 3842 10119 3843 10121 3848 10122 3843 10123 3849 10124 3849 10124 3843 10123 3844 10125 3849 10126 3844 10127 3811 10128 3811 10128 3844 10127 3802 10129 3848 10130 3850 10131 3847 10132 3847 10132 3850 10131 3846 10133 3847 10134 3846 10108 3845 10107 3816 10135 3817 10136 3850 10137 3850 10138 3817 10112 3846 10111 3850 10139 3848 10140 3851 10141 3851 10141 3848 10140 3849 10142 3851 10143 3849 10144 3813 10145 3813 10145 3849 10144 3811 10146 3815 10147 3816 10148 3851 10149 3851 10150 3816 10135 3850 10137 3815 10147 3851 10149 3813 10151</p>
        </triangles>
      </mesh>
    </geometry>
  </library_geometries>
  <library_visual_scenes>
    <visual_scene id="Scene" name="Scene">
      <node id="BoomCylinderRod_001" name="BoomCylinderRod.001" type="NODE">
        <matrix sid="transform">1 0 0 0 0 1 0 0 0 0 1 0 0 0 0 1</matrix>
        <instance_geometry url="#wheel_loader_v1_072-mesh" name="BoomCylinderRod.001">
          <bind_material>
            <technique_common>
              <instance_material symbol="silver-material" target="#silver-material"/>
              <instance_material symbol="black-material" target="#black-material"/>
            </technique_common>
          </bind_material>
        </instance_geometry>
      </node>
    </visual_scene>
  </library_visual_scenes>
  <scene>
    <instance_visual_scene url="#Scene"/>
  </scene>
</COLLADA>