<?xml version="1.0" encoding="utf-8"?>
<COLLADA xmlns="http://www.collada.org/2005/11/COLLADASchema" version="1.4.1" xmlns:xsi="http://www.w3.org/2001/XMLSchema-instance">
  <asset>
    <contributor>
      <author>Blender User</author>
      <authoring_tool>Blender 4.5.1 LTS commit date:2025-07-29, commit time:05:31, hash:b0a72b245dcf</authoring_tool>
    </contributor>
    <created>2026-07-26T22:54:29</created>
    <modified>2026-07-26T22:54:29</modified>
    <unit name="meter" meter="1"/>
    <up_axis>Z_UP</up_axis>
  </asset>
  <library_effects>
    <effect id="main_color-effect">
      <profile_COMMON>
        <technique sid="common">
          <lambert>
            <emission>
              <color sid="emission">0 0 0 1</color>
            </emission>
            <diffuse>
              <color sid="diffuse">0.6038164 0.2925021 0 1</color>
            </diffuse>
            <reflectivity>
              <float sid="specular">0.3</float>
            </reflectivity>
            <index_of_refraction>
              <float sid="ior">1.5</float>
            </index_of_refraction>
          </lambert>
        </technique>
      </profile_COMMON>
    </effect>
    <effect id="silver-effect">
      <profile_COMMON>
        <technique sid="common">
          <lambert>
            <emission>
              <color sid="emission">0 0 0 1</color>
            </emission>
            <diffuse>
              <color sid="diffuse">0.5 0.5 0.5 1</color>
            </diffuse>
            <reflectivity>
              <float sid="specular">0.5</float>
            </reflectivity>
            <index_of_refraction>
              <float sid="ior">1.5</float>
            </index_of_refraction>
          </lambert>
        </technique>
      </profile_COMMON>
    </effect>
  </library_effects>
  <library_images/>
  <library_materials>
    <material id="main_color-material" name="main_color">
      <instance_effect url="#main_color-effect"/>
    </material>
    <material id="silver-material" name="silver">
      <instance_effect url="#silver-effect"/>
    </material>
  </library_materials>
  <library_geometries>
    <geometry id="wheel_loader_v1_062-mesh" name="wheel loader v1.062">
      <mesh>
        <source id="wheel_loader_v1_062-mesh-positions">
          <float_array id="wheel_loader_v1_062-mesh-positions-array" count="18843">0.5947924 1.8375 1.594562 0.5947924 1.9625 1.594562 0.5904856 1.8375 1.572069 0.5904856 1.9625 1.572069 0.5916872 1.9625 1.549198 0.5916872 1.8375 1.549198 0.5983272 1.9625 1.527279 0.5983267 1.8375 1.527279 0.6100192 1.9625 1.507588 0.6100192 1.8375 1.507588 0.6260848 1.9625 1.491265 0.6260848 1.8375 1.491265 0.6455894 1.9625 1.479262 0.6455894 1.8375 1.479262 0.6673994 1.9625 1.472276 0.6673994 1.8375 1.472276 0.690248 1.9625 1.470712 0.690248 1.8375 1.470712 0.7128067 1.9625 1.474661 0.7128067 1.8375 1.474661 0.7337647 1.9625 1.483894 0.7337647 1.8375 1.483894 0.7519045 1.9625 1.497876 0.7519045 1.8375 1.497876 0.766171 1.9625 1.515791 0.766171 1.8375 1.515791 0.7757354 1.8375 1.5366 0.7757354 1.9625 1.5366 -0.09047126 1.837501 0.02898144 -0.09047126 1.962501 0.02898144 -0.09477758 1.837501 0.006488084 -0.0947771 1.962501 0.006488084 -0.09357547 1.962501 -0.01638221 -0.09357595 1.837501 -0.01638221 -0.08693599 1.962501 -0.03830051 -0.08693599 1.837501 -0.03830051 -0.07524394 1.962501 -0.05799293 -0.07524394 1.837501 -0.05799293 -0.05917835 1.962501 -0.07431483 -0.05917835 1.837501 -0.07431483 -0.03967428 1.962501 -0.08631801 -0.03967428 1.837501 -0.08631801 -0.01786327 1.962501 -0.09330439 -0.01786375 1.837501 -0.09330439 0.004984855 1.962501 -0.09486818 0.004984855 1.837501 -0.09486818 0.02754354 1.962501 -0.09091877 0.02754354 1.837501 -0.09091877 0.04850196 1.962501 -0.0816853 0.04850196 1.837501 -0.0816853 0.06664133 1.962501 -0.06770467 0.06664133 1.837501 -0.06770467 0.08090829 1.962501 -0.04978895 0.08090829 1.837501 -0.04978895 0.09047222 1.837501 -0.02898001 0.09047222 1.962501 -0.02898001 0.1905207 1.9625 1.682691 0.1905207 1.8375 1.682691 0.1937003 1.9625 1.695447 0.1937003 1.8375 1.695447 0.1972131 1.8375 1.708115 0.1972136 1.9625 1.708115 0.2010593 1.8375 1.720687 0.2010593 1.9625 1.720687 0.9467378 1.8375 3.266913 0.9467378 1.9625 3.266913 0.9424319 1.8375 3.244421 0.9424319 1.9625 3.244421 0.9436336 1.9625 3.221551 0.9436336 1.8375 3.221551 0.950273 1.9625 3.199632 0.950273 1.8375 3.199632 0.961966 1.9625 3.17994 0.961966 1.8375 3.17994 0.9780307 1.9625 3.163616 0.9780307 1.8375 3.163616 0.9975352 1.9625 3.151614 0.9975352 1.8375 3.151614 1.019346 1.9625 3.144628 1.019346 1.8375 3.144628 1.042194 1.9625 3.143063 1.042194 1.8375 3.143063 1.064752 1.9625 3.147012 1.064752 1.8375 3.147012 1.085711 1.9625 3.156247 1.085711 1.8375 3.156247 1.10385 1.9625 3.170228 1.10385 1.8375 3.170228 1.118117 1.9625 3.188144 1.118117 1.8375 3.188144 1.127681 1.8375 3.208952 1.127681 1.9625 3.208952 0.887331 1.5625 2.20656 0.8873315 1.8375 2.20656 0.8915353 1.5625 2.192726 0.8915353 1.8375 2.192726 0.8989272 1.8375 2.180298 0.8989272 1.5625 2.180298 0.9090781 1.8375 2.170001 0.9090781 1.5625 2.170001 0.9213967 1.8375 2.16243 0.9213967 1.5625 2.16243 0.9351697 1.8375 2.158026 0.9351697 1.5625 2.158026 0.9495959 1.8375 2.157045 0.9495959 1.5625 2.157045 0.9638381 1.8375 2.159543 0.9638381 1.5625 2.159543 0.9770684 1.8375 2.165378 0.9770684 1.5625 2.165378 0.9885192 1.8375 2.174207 0.9885192 1.5625 2.174207 0.9975257 1.8375 2.18552 0.9975257 1.5625 2.18552 1.003563 1.8375 2.198657 1.003563 1.5625 2.198657 0.5947924 1.4375 1.594562 0.5947924 1.562501 1.594562 0.5904856 1.4375 1.572069 0.5904856 1.562501 1.572069 0.5916872 1.562501 1.549198 0.5916872 1.4375 1.549198 0.5983267 1.562501 1.527279 0.5983267 1.4375 1.527279 0.6100192 1.562501 1.507588 0.6100192 1.4375 1.507588 0.6260843 1.562501 1.491265 0.6260843 1.4375 1.491265 0.6455894 1.562501 1.479262 0.6455894 1.4375 1.479262 0.6673994 1.5625 1.472276 0.6673994 1.4375 1.472276 0.6902475 1.5625 1.470712 0.6902475 1.4375 1.470712 0.7128067 1.5625 1.474661 0.7128067 1.4375 1.474661 0.7337647 1.5625 1.483894 0.7337647 1.4375 1.483894 0.751904 1.5625 1.497876 0.751904 1.4375 1.497876 0.766171 1.5625 1.515791 0.766171 1.4375 1.515791 0.7757349 1.4375 1.5366 0.7757354 1.5625 1.5366 -0.09047126 1.437501 0.02898144 -0.09047126 1.562501 0.02898144 -0.09477758 1.437501 0.006488084 -0.09477758 1.562501 0.006488084 -0.09357595 1.562501 -0.01638221 -0.09357595 1.437501 -0.01638221 -0.08693599 1.562501 -0.03830051 -0.08693599 1.437501 -0.03830051 -0.07524394 1.562501 -0.05799293 -0.07524394 1.437501 -0.05799293 -0.05917835 1.562501 -0.07431483 -0.05917835 1.437501 -0.07431483 -0.03967428 1.562501 -0.08631801 -0.03967428 1.437501 -0.08631801 -0.01786375 1.562501 -0.09330439 -0.01786375 1.437501 -0.09330439 0.004984855 1.562501 -0.09486818 0.004984855 1.437501 -0.09486818 0.02754354 1.562501 -0.09091877 0.02754354 1.437501 -0.09091877 0.04850196 1.562501 -0.0816853 0.04850196 1.437501 -0.08168554 0.06664133 1.562501 -0.06770467 0.06664133 1.437501 -0.06770467 0.08090829 1.562501 -0.04978895 0.08090829 1.437501 -0.04978895 0.09047222 1.437501 -0.02898001 0.09047222 1.562501 -0.02898001 0.9467383 1.4375 3.266913 0.9467383 1.5625 3.266913 0.9424324 1.4375 3.244421 0.9424324 1.5625 3.244421 0.943634 1.5625 3.221551 0.943634 1.4375 3.221551 0.9502735 1.5625 3.199632 0.9502735 1.4375 3.199632 0.9619656 1.5625 3.17994 0.9619656 1.4375 3.17994 0.9780312 1.5625 3.163616 0.9780312 1.4375 3.163616 0.9975357 1.5625 3.151614 0.9975357 1.4375 3.151614 1.019346 1.5625 3.144628 1.019346 1.4375 3.144628 1.042194 1.5625 3.143063 1.042194 1.4375 3.143063 1.064752 1.5625 3.147012 1.064753 1.4375 3.147012 1.085711 1.5625 3.156247 1.085711 1.4375 3.156247 1.10385 1.5625 3.170228 1.103851 1.4375 3.170228 1.118117 1.5625 3.188144 1.118118 1.4375 3.188144 1.127681 1.4375 3.208952 1.127681 1.5625 3.208952 0.1905207 1.562501 1.682691 0.1905207 1.4375 1.682691 0.1937003 1.562501 1.695447 0.1937003 1.4375 1.695447 0.1972131 1.4375 1.708115 0.1972131 1.562501 1.708115 0.2010588 1.4375 1.720687 0.2010588 1.562501 1.720687 0.205234 1.4375 1.733153 0.205234 1.562501 1.733153 0.2097353 1.4375 1.745505 0.2097353 1.562501 1.745505 0.214559 1.562501 1.757735 0.214559 1.4375 1.757735 -0.1946816 1.437501 0.04581475 -0.1946816 1.562501 0.04581475 -0.1996908 1.562501 0.01111555 -0.1996908 1.437501 0.01111555 -0.1985635 1.562501 -0.0239253 -0.1985635 1.437501 -0.0239253 -0.1913342 1.562501 -0.05823063 -0.1913342 1.437501 -0.05823063 -0.1782264 1.562501 -0.09074687 -0.1782269 1.437501 -0.09074687 -0.1596417 1.562501 -0.1204743 -0.1596417 1.437501 -0.1204743 -0.1361517 1.562501 -0.1465001 -0.1361517 1.437501 -0.1465001 -0.1084775 1.562501 -0.168024 -0.1084775 1.437501 -0.168024 -0.07747077 1.562501 -0.184385 -0.07747077 1.437501 -0.184385 -0.04408359 1.562501 -0.1950802 -0.04408359 1.437501 -0.1950802 -0.009340763 1.562501 -0.1997809 -0.009340763 1.437501 -0.1997809 0.02568864 1.562501 -0.1983425 0.02568864 1.437501 -0.1983425 0.05992841 1.562501 -0.1908094 0.05992841 1.437501 -0.1908094 0.09232711 1.562501 -0.1774132 0.09232711 1.437501 -0.1774132 0.1218886 1.562501 -0.1585657 0.1218881 1.437501 -0.1585657 0.147705 1.562501 -0.1348452 0.147705 1.437501 -0.1348452 0.168982 1.562501 -0.1069819 0.168982 1.437501 -0.1069819 0.1850671 1.562501 -0.07583069 0.1850671 1.437501 -0.07583069 0.9441333 1.4375 1.442496 0.9441333 1.5625 1.442496 0.9543891 1.4375 1.465938 0.9543901 1.5625 1.465938 0.9621949 1.4375 1.490305 0.9621949 1.5625 1.490305 0.9674687 1.4375 1.515344 0.9674687 1.5625 1.515344 1.231891 1.4375 3.19212 1.231892 1.5625 3.19212 1.2369 1.5625 3.226818 1.236901 1.4375 3.226818 1.235773 1.5625 3.26186 1.235774 1.4375 3.26186 1.228546 1.5625 3.296164 1.228545 1.4375 3.296164 1.215436 1.5625 3.328681 1.215436 1.4375 3.328681 1.196853 1.5625 3.35841 1.196853 1.4375 3.35841 1.173361 1.5625 3.384433 1.173361 1.4375 3.384433 1.145689 1.5625 3.405959 1.145689 1.4375 3.405959 1.114681 1.5625 3.422317 1.11468 1.4375 3.422317 1.081293 1.5625 3.433012 1.081293 1.4375 3.433012 1.046552 1.5625 3.437716 1.046552 1.4375 3.437716 1.011523 1.5625 3.436278 1.011523 1.4375 3.436278 0.9772825 1.5625 3.428745 0.9772825 1.4375 3.428745 0.9448834 1.5625 3.415348 0.9448834 1.4375 3.415348 0.9153214 1.5625 3.3965 0.9153214 1.4375 3.3965 0.8895054 1.5625 3.372778 0.8895054 1.4375 3.372778 0.868228 1.5625 3.344915 0.868228 1.4375 3.344915 0.8521433 1.5625 3.313765 0.8521433 1.4375 3.313765 1.131988 1.4375 3.231446 1.131988 1.5625 3.231446 1.130786 1.5625 3.254316 1.130786 1.4375 3.254316 1.124146 1.5625 3.276233 1.124147 1.4375 3.276233 1.112454 1.5625 3.295927 1.112454 1.4375 3.295927 1.096389 1.5625 3.312249 1.096389 1.4375 3.312249 1.076885 1.5625 3.324253 1.076885 1.4375 3.324253 1.055075 1.5625 3.331238 1.055075 1.4375 3.331238 1.032226 1.5625 3.332803 1.032226 1.4375 3.332803 1.009667 1.5625 3.328854 1.009667 1.4375 3.328854 0.9887085 1.5625 3.31962 0.9887085 1.4375 3.31962 0.9705696 1.5625 3.305639 0.9705696 1.4375 3.305639 0.9563036 1.5625 3.287724 0.9563036 1.4375 3.287724 0.09477901 1.437501 -0.006486654 0.09477901 1.562501 -0.006486654 0.09357738 1.562501 0.01638388 0.09357738 1.437501 0.01638388 0.08693742 1.562501 0.03830218 0.08693742 1.437501 0.03830218 0.0752449 1.562501 0.05799436 0.07524442 1.437501 0.05799436 0.05918025 1.562501 0.0743165 0.05918025 1.437501 0.0743165 0.03967523 1.562501 0.08631944 0.03967523 1.437501 0.08631944 0.01786518 1.562501 0.09330606 0.01786518 1.437501 0.09330606 -0.004983901 1.562501 0.09487009 -0.004983901 1.437501 0.09487009 -0.02754259 1.562501 0.09092044 -0.02754259 1.437501 0.09092044 -0.04850101 1.562501 0.08168697 -0.04850101 1.437501 0.08168697 -0.06664037 1.562501 0.06770634 -0.06664037 1.437501 0.06770634 -0.08090639 1.562501 0.04979062 -0.08090639 1.437501 0.04979062 0.7800417 1.4375 1.559093 0.7800417 1.5625 1.559093 0.7788406 1.5625 1.581965 0.7788406 1.4375 1.581965 0.7722006 1.5625 1.603882 0.7722001 1.4375 1.603882 0.7605085 1.5625 1.623574 0.7605085 1.4375 1.623574 0.7444429 1.5625 1.639896 0.7444429 1.4375 1.639896 0.7249384 1.5625 1.6519 0.7249384 1.4375 1.6519 0.7031283 1.5625 1.658887 0.7031283 1.4375 1.658887 0.6802797 1.5625 1.66045 0.6802793 1.4375 1.66045 0.6577211 1.562501 1.6565 0.6577211 1.4375 1.6565 0.6367631 1.562501 1.647267 0.6367626 1.4375 1.647267 0.6186233 1.562501 1.633287 0.6186233 1.4375 1.633287 0.6043563 1.562501 1.615371 0.6043563 1.4375 1.615371 0.9439678 1.4375 3.219744 0.9514208 1.4375 3.197127 0.6048417 1.4375 1.61615 0.9642639 1.4375 3.177075 0.9816914 1.4375 3.160846 0.9423733 1.4375 3.243503 0.956789 1.4375 3.288503 0.9718905 1.4375 3.306914 0.9910984 1.4375 3.320992 1.013203 1.4375 3.329849 1.036816 1.4375 3.332932 1.060452 1.4375 3.330045 1.082631 1.4375 3.321373 1.101953 1.4375 3.307455 1.117208 1.4375 3.289171 1.127437 1.4375 3.267665 1.131998 1.4375 3.244293 1.1306 1.4375 3.22052 1.123335 1.4375 3.19784 0.7800508 1.4375 1.571941 0.7754917 1.4375 1.595314 0.7652631 1.4375 1.616818 0.7713895 1.4375 1.525489 0.7786536 1.4375 1.548168 0.7587137 1.4375 1.505331 0.7414227 1.4375 1.488958 0.720602 1.4375 1.477399 0.6975618 1.4375 1.47138 0.673749 1.4375 1.471282 0.6506591 1.4375 1.477108 0.09478712 1.437501 0.006359815 0.6297441 1.4375 1.488493 0.09022808 1.437501 0.02973294 0.6123171 1.4375 1.504722 0.07999897 1.437501 0.05123734 0.599474 1.4375 1.524775 0.06474399 1.437501 0.06952238 0.5920215 1.4375 1.547393 0.04542064 1.437501 0.08343958 0.02324295 1.437501 0.09211373 0.09339094 1.437501 -0.01741242 0.0861268 1.437501 -0.04009056 0.07345056 1.437501 -0.0602498 0.05615901 1.437501 -0.07662296 0.03533935 1.437501 -0.08818197 0.01229906 1.437501 -0.09419989 -0.01151466 1.437501 -0.09429883 -0.03460407 1.437501 -0.08847236 -0.05551862 1.437501 -0.07708716 -0.07294607 1.437501 -0.06085824 -0.08578968 1.437501 -0.0408051 -0.09324169 1.437501 -0.01818799 -0.09483623 1.437501 0.005571842 -0.08042144 1.437501 0.05057048 -0.06531906 1.437501 0.06898212 -0.04611158 1.437501 0.08305883 0.5904274 1.4375 1.571152 -3.94344e-4 1.437501 0.09500002 -0.02400732 1.437501 0.09191751 1.002605 1.4375 3.14946 0.6199441 1.4375 1.634562 1.025695 1.4375 3.143633 1.049509 1.4375 3.143732 0.6391516 1.4375 1.648639 1.072549 1.4375 3.149751 0.6612554 1.4375 1.657497 1.093369 1.4375 3.161311 0.6848688 1.4375 1.66058 1.110659 1.4375 3.177681 0.7085071 1.4375 1.657694 0.7306838 1.4375 1.64902 0.7500072 1.4375 1.635103 -0.08612537 1.562501 0.04009222 -0.07344913 1.562501 0.06025147 -0.09338998 1.562501 0.01741409 -0.09478616 1.562501 -0.006358385 -0.09022712 1.562501 -0.02973103 -0.07999849 1.562501 -0.05123567 -0.06474304 1.562501 -0.06952095 -0.04542016 1.562501 -0.08343791 -0.02324247 1.562501 -0.09211206 3.95775e-4 1.562501 -0.09499835 0.02400827 1.562501 -0.0919156 0.04611301 1.562501 -0.08305716 0.06531953 1.562501 -0.06898045 0.08042287 1.562501 -0.05056905 0.09483718 1.562501 -0.005570173 0.7505827 1.5625 1.496599 0.7313757 1.5625 1.482523 0.7092719 1.5625 1.473665 0.7656856 1.5625 1.515011 1.006194 1.5625 2.211712 1.002799 1.5625 2.196423 0.9955621 1.5625 2.182532 1.117632 1.5625 3.187365 1.005516 1.5625 2.227361 1.102529 1.5625 3.168953 0.9049802 1.5625 2.798582 1.083322 1.5625 3.154875 1.061218 1.5625 3.146018 1.132046 1.5625 3.232363 1.130452 1.5625 3.256122 1.122998 1.5625 3.278738 1.110157 1.5625 3.298793 1.09273 1.5625 3.315021 1.071815 1.5625 3.326408 1.048725 1.5625 3.332234 1.024912 1.5625 3.332133 1.001871 1.5625 3.326115 0.9810515 1.5625 3.314557 0.9637604 1.5625 3.298182 0.9510841 1.5625 3.278025 0.94382 1.5625 3.255347 0.7895126 1.5625 2.80872 0.7967506 1.5625 2.822613 0.9424238 1.5625 3.231574 0.8073354 1.5625 2.834156 0.8205485 1.5625 2.842567 0.5918727 1.562501 1.582994 -0.05615806 1.562501 0.07662463 -0.0353384 1.562501 0.0881834 0.7867966 1.5625 2.777781 0.611814 1.562501 1.625832 0.6291051 1.562501 1.642205 0.6499252 1.562501 1.653764 0.7861185 1.5625 2.79343 0.5991378 1.562501 1.605672 0.9469824 1.5625 3.2082 0.8354879 1.5625 2.847274 0.9572115 1.5625 3.186697 0.8511362 1.5625 2.847951 0.9724665 1.5625 3.168411 0.866427 1.5625 2.844557 0.8803187 1.5625 2.837319 0.9917898 1.5625 3.154494 0.8918629 1.5625 2.826734 1.013967 1.5625 3.145821 0.9002748 1.5625 2.813522 0.7801004 1.5625 1.56001 0.9849763 1.5625 2.170986 0.7785063 1.5625 1.58377 0.9717631 1.5625 2.162575 0.9568229 1.5625 2.157868 0.7710533 1.5625 1.606387 0.941175 1.5625 2.157191 0.7582102 1.5625 1.626441 0.9258838 1.5625 2.160585 0.7407832 1.5625 1.642669 0.9119935 1.5625 2.167823 0.7198682 1.5625 1.654055 0.9004483 1.5625 2.178409 0.8920364 1.5625 2.19162 0.6967788 1.5625 1.659881 0.6729655 1.5625 1.659782 1.037605 1.5625 3.142934 -0.01229763 1.562501 0.09420156 0.01151561 1.562501 0.0943005 0.590477 1.562501 1.559222 0.03460502 1.562501 0.08847427 0.05552053 1.562501 0.07708883 0.595036 1.562501 1.535849 0.07294702 1.562501 0.06085968 0.6052647 1.562501 1.514344 0.08579015 1.562501 0.04080677 0.6205201 1.562501 1.49606 0.09324359 1.562501 0.0181899 0.639844 1.562501 1.482143 0.6620207 1.562501 1.473468 0.6856585 1.5625 1.470582 1.005516 1.8375 2.227361 0.9049802 1.8375 2.798582 1.005763 1.5625 2.208078 1.005763 1.8375 2.208078 1.006419 1.5625 2.21773 1.006419 1.8375 2.21773 0.9002752 1.8375 2.813522 0.8918629 1.8375 2.826734 0.8803187 1.8375 2.837319 0.8664274 1.8375 2.844557 0.8511367 1.8375 2.847951 0.8354879 1.8375 2.847274 0.8205485 1.8375 2.842567 0.8073359 1.8375 2.834156 0.7967506 1.8375 2.822613 0.7895131 1.8375 2.80872 0.7861185 1.8375 2.79343 0.7867971 1.8375 2.777781 1.131988 1.8375 3.231446 1.131988 1.9625 3.231446 1.130786 1.9625 3.254316 1.130786 1.8375 3.254316 1.124146 1.9625 3.276233 1.124146 1.8375 3.276233 1.112455 1.9625 3.295927 1.112455 1.8375 3.295927 1.096389 1.9625 3.312249 1.096389 1.8375 3.312249 1.076885 1.9625 3.324253 1.076885 1.8375 3.324253 1.055075 1.9625 3.331238 1.055075 1.8375 3.331238 1.032226 1.9625 3.332803 1.032226 1.8375 3.332803 1.009667 1.9625 3.328854 1.009667 1.8375 3.328854 0.988708 1.9625 3.31962 0.988708 1.8375 3.31962 0.9705691 1.9625 3.305639 0.9705691 1.8375 3.305639 0.9563031 1.9625 3.287724 0.9563031 1.8375 3.287724 0.214559 1.9625 1.757735 0.8521433 1.9625 3.313765 0.214559 1.8375 1.757735 0.8521433 1.8375 3.313765 0.868228 1.8375 3.344915 0.868228 1.9625 3.344915 0.8895054 1.8375 3.372778 0.8895054 1.9625 3.372778 0.9153209 1.8375 3.3965 0.9153209 1.9625 3.3965 0.9448829 1.8375 3.415348 0.9448829 1.9625 3.415348 0.9772821 1.8375 3.428745 0.9772821 1.9625 3.428745 1.011523 1.8375 3.436278 1.011523 1.9625 3.436278 1.046552 1.8375 3.437716 1.046552 1.9625 3.437716 1.081293 1.8375 3.433012 1.081293 1.9625 3.433012 1.114681 1.8375 3.422317 1.114681 1.9625 3.422317 1.145689 1.8375 3.405959 1.145689 1.9625 3.405959 1.173361 1.8375 3.384433 1.173361 1.9625 3.384433 1.196853 1.8375 3.35841 1.196853 1.9625 3.35841 1.215436 1.8375 3.328681 1.215436 1.9625 3.328681 1.228546 1.8375 3.296164 1.228546 1.9625 3.296164 1.235773 1.8375 3.26186 1.235773 1.9625 3.26186 1.2369 1.8375 3.226818 1.2369 1.9625 3.226818 1.231892 1.8375 3.19212 1.231892 1.9625 3.19212 0.9674687 1.9625 1.515344 0.9674687 1.8375 1.515344 0.9621959 1.9625 1.490305 0.9621949 1.8375 1.490305 0.9543901 1.9625 1.465938 0.9543901 1.8375 1.465938 0.9441333 1.9625 1.442496 0.9441333 1.8375 1.442496 0.1850676 1.962501 -0.07583069 0.1850676 1.837501 -0.07583069 0.168982 1.837501 -0.1069819 0.168982 1.962501 -0.1069819 0.147705 1.837501 -0.1348452 0.147705 1.962501 -0.1348452 0.1218886 1.837501 -0.1585657 0.1218886 1.962501 -0.1585657 0.09232711 1.837501 -0.1774132 0.09232711 1.962501 -0.1774132 0.05992841 1.837501 -0.1908094 0.05992841 1.962501 -0.1908094 0.02568912 1.837501 -0.1983425 0.02568912 1.962501 -0.1983425 -0.009340763 1.837501 -0.1997807 -0.009340763 1.962501 -0.1997807 -0.04408311 1.837501 -0.19508 -0.04408311 1.962501 -0.19508 -0.07747077 1.837501 -0.184385 -0.07747077 1.962501 -0.184385 -0.1084775 1.837501 -0.168024 -0.1084775 1.962501 -0.168024 -0.1361517 1.837501 -0.1465001 -0.1361517 1.962501 -0.1465001 -0.1596417 1.837501 -0.1204743 -0.1596412 1.962501 -0.1204743 -0.1782264 1.837501 -0.09074687 -0.1782264 1.962501 -0.09074687 -0.1913342 1.837501 -0.05823063 -0.1913342 1.962501 -0.05823063 -0.1985635 1.837501 -0.0239253 -0.1985635 1.962501 -0.0239253 -0.1996903 1.837501 0.01111555 -0.1996903 1.962501 0.01111555 -0.1946811 1.837501 0.04581475 -0.1946811 1.962501 0.04581475 0.205234 1.8375 1.733153 0.205234 1.9625 1.733153 0.2097353 1.8375 1.745505 0.2097353 1.9625 1.745505 0.09477901 1.837501 -0.006486654 0.09477901 1.962501 -0.006486654 0.09357786 1.962501 0.01638388 0.09357786 1.837501 0.01638388 0.0869379 1.962501 0.03830218 0.0869379 1.837501 0.03830218 0.0752449 1.962501 0.05799436 0.0752449 1.837501 0.05799436 0.05918025 1.962501 0.0743165 0.05918025 1.837501 0.0743165 0.03967523 1.962501 0.08631944 0.03967523 1.837501 0.08631944 0.01786565 1.962501 0.09330606 0.01786518 1.837501 0.09330606 -0.004983901 1.962501 0.09487009 -0.004983901 1.837501 0.09487009 -0.02754259 1.962501 0.09092044 -0.02754259 1.837501 0.09092044 -0.04850101 1.962501 0.08168697 -0.04850101 1.837501 0.08168697 -0.06664037 1.962501 0.06770634 -0.06664037 1.837501 0.06770634 -0.08090639 1.962501 0.04979085 -0.08090639 1.837501 0.04979085 0.5918732 1.9625 1.582994 0.5991378 1.9625 1.605672 0.9469819 1.9625 3.2082 0.957211 1.9625 3.186697 0.9424234 1.9625 3.231574 0.9438195 1.9625 3.255347 0.9510837 1.9625 3.278025 0.9637599 1.9625 3.298182 0.981051 1.9625 3.314557 1.001871 1.9625 3.326115 1.024912 1.9625 3.332133 1.048726 1.9625 3.332234 1.071815 1.9625 3.326408 1.09273 1.9625 3.315021 1.110157 1.9625 3.298793 1.122999 1.9625 3.278738 1.130452 1.9625 3.256122 1.132046 1.9625 3.232363 1.117632 1.9625 3.187365 0.7785063 1.9625 1.58377 0.7710533 1.9625 1.606387 0.7582102 1.9625 1.626441 0.7801004 1.9625 1.56001 0.7505827 1.9625 1.496599 0.765686 1.9625 1.515011 0.09483718 1.962501 -0.005570173 0.09324359 1.962501 0.0181899 0.08042287 1.962501 -0.05056905 0.06532001 1.962501 -0.06898021 0.04611301 1.962501 -0.08305716 0.02400827 1.962501 -0.0919156 3.95775e-4 1.962501 -0.09499835 -0.02324199 1.962501 -0.09211206 -0.04541969 1.962501 -0.08343791 -0.06474304 1.962501 -0.06952095 -0.07999801 1.962501 -0.05123567 -0.09022665 1.962501 -0.02973103 -0.09478616 1.962501 -0.006358385 -0.09338998 1.962501 0.01741409 -0.08612489 1.962501 0.04009246 -0.07344913 1.962501 0.06025147 -0.05615806 1.962501 0.07662463 -0.0353384 1.962501 0.0881834 -0.01229715 1.962501 0.09420156 0.01151561 1.962501 0.0943005 0.590477 1.9625 1.559222 0.03460502 1.962501 0.08847427 0.05552053 1.962501 0.07708883 0.595036 1.9625 1.535849 0.07294702 1.962501 0.06085991 0.6052647 1.9625 1.514344 0.08579063 1.962501 0.04080677 0.6205201 1.9625 1.49606 0.6398444 1.9625 1.482143 0.6620207 1.9625 1.473468 0.6856589 1.9625 1.470582 0.972466 1.9625 3.168411 0.9917894 1.9625 3.154494 0.611814 1.9625 1.625832 1.013967 1.9625 3.145821 1.037605 1.9625 3.142934 0.6291051 1.9625 1.642205 1.061218 1.9625 3.146018 0.6499257 1.9625 1.653764 1.083322 1.9625 3.154875 0.672966 1.9625 1.659782 1.102529 1.9625 3.168953 0.6967788 1.9625 1.659881 0.7198682 1.9625 1.654055 0.7407832 1.9625 1.642669 0.7092719 1.9625 1.473665 0.7313762 1.9625 1.482523 0.7800417 1.8375 1.559093 0.7800422 1.9625 1.559093 0.778841 1.9625 1.581965 0.778841 1.8375 1.581965 0.7722006 1.9625 1.603882 0.7722006 1.8375 1.603882 0.7605085 1.9625 1.623574 0.7605085 1.8375 1.623574 0.7444434 1.9625 1.639896 0.7444429 1.8375 1.639896 0.7249384 1.9625 1.6519 0.7249384 1.8375 1.6519 0.7031283 1.9625 1.658887 0.7031283 1.8375 1.658887 0.6802797 1.9625 1.66045 0.6802797 1.8375 1.66045 0.6577211 1.9625 1.6565 0.6577211 1.8375 1.6565 0.6367631 1.9625 1.647267 0.6367631 1.8375 1.647267 0.6186237 1.9625 1.633287 0.6186237 1.8375 1.633287 0.6043568 1.9625 1.615371 0.6043563 1.8375 1.615371 0.5918732 1.8375 1.582994 0.5991378 1.8375 1.605672 0.611814 1.8375 1.625832 0.6291051 1.8375 1.642205 0.6499257 1.8375 1.653764 0.672966 1.8375 1.659782 0.6967788 1.8375 1.659881 0.8920364 1.8375 2.19162 0.7198682 1.8375 1.654055 0.9004488 1.8375 2.178409 0.9119935 1.8375 2.167823 0.9438195 1.8375 3.255347 0.9424234 1.8375 3.231574 0.9469819 1.8375 3.2082 0.957211 1.8375 3.186697 0.972466 1.8375 3.168411 0.9917894 1.8375 3.154494 1.013967 1.8375 3.145821 1.037605 1.8375 3.142934 1.061218 1.8375 3.146018 0.9510837 1.8375 3.278025 0.9637599 1.8375 3.298182 0.981051 1.8375 3.314557 1.001871 1.8375 3.326115 1.024912 1.8375 3.332133 1.048726 1.8375 3.332234 1.071815 1.8375 3.326408 1.09273 1.8375 3.315021 1.110157 1.8375 3.298793 1.122999 1.8375 3.278738 1.130452 1.8375 3.256122 1.132046 1.8375 3.232363 1.117632 1.8375 3.187365 1.006194 1.8375 2.211712 1.102529 1.8375 3.168953 1.083322 1.8375 3.154875 0.7801004 1.8375 1.56001 0.7505827 1.8375 1.496599 0.765686 1.8375 1.515011 0.09483718 1.837501 -0.005570173 0.09324359 1.837501 0.0181899 0.08042287 1.837501 -0.05056905 0.06532001 1.837501 -0.06898045 0.04611301 1.837501 -0.08305716 0.02400827 1.837501 -0.0919156 3.95775e-4 1.837501 -0.09499835 -0.02324247 1.837501 -0.09211206 -0.04541969 1.837501 -0.08343791 -0.06474304 1.837501 -0.06952095 -0.07999801 1.837501 -0.05123567 -0.09022665 1.837501 -0.02973103 -0.09478616 1.837501 -0.006358385 -0.09338998 1.837501 0.01741409 -0.08612537 1.837501 0.04009246 -0.07344913 1.837501 0.06025147 -0.05615806 1.837501 0.07662463 -0.0353384 1.837501 0.0881834 -0.01229715 1.837501 0.09420156 0.01151561 1.837501 0.0943005 0.590477 1.8375 1.559222 0.03460502 1.837501 0.08847427 0.05552053 1.837501 0.07708883 0.595036 1.8375 1.535849 0.07294702 1.837501 0.06085968 0.6052647 1.8375 1.514344 0.08579015 1.837501 0.04080677 0.6205201 1.8375 1.49606 0.6398444 1.8375 1.482143 0.6620207 1.8375 1.473468 0.6856589 1.8375 1.470582 0.7407832 1.8375 1.642669 0.9258838 1.8375 2.160585 0.7582102 1.8375 1.626441 0.941175 1.8375 2.157191 0.7710533 1.8375 1.606387 0.9568229 1.8375 2.157868 0.7785063 1.8375 1.58377 0.9717641 1.8375 2.162575 0.9849763 1.8375 2.170986 0.9955621 1.8375 2.182532 1.002799 1.8375 2.196423 0.7092719 1.8375 1.473665 0.7313762 1.8375 1.482523 0.8914662 1.96295 3.237939 0.8951101 1.9625 3.23794 0.8942676 1.96295 3.266371 0.8982158 1.9625 3.267482 0.9025617 1.96295 3.293713 0.9073968 1.9625 3.295734 0.9160314 1.96295 3.318908 0.9222512 1.9625 3.321461 0.9341569 1.96295 3.340992 0.9421306 1.9625 3.343537 0.956243 1.96295 3.359117 0.9661641 1.9625 3.360998 0.981441 1.96295 3.372585 0.9933028 1.9625 3.37308 1.008782 1.96295 3.380877 1.022362 1.9625 3.379255 1.037216 1.96295 3.383677 1.052069 1.9625 3.379254 1.065649 1.96295 3.380877 1.081126 1.9625 3.373077 1.092989 1.96295 3.372581 1.108264 1.9625 3.360993 1.118185 1.96295 3.359111 1.132298 1.9625 3.343531 1.14027 1.96295 3.340985 1.152174 1.9625 3.321454 1.158394 1.96295 3.3189 1.167027 1.9625 3.295726 1.171862 1.96295 3.293703 1.176206 1.9625 3.267472 1.180154 1.96295 3.266361 1.17931 1.9625 3.237928 1.182954 1.96295 3.237928 1.183514 1.96427 3.26703 1.186378 1.96427 3.237926 1.186458 1.966383 3.267615 1.189382 1.966383 3.237928 1.188811 1.969164 3.268083 1.191779 1.969164 3.237927 1.190431 1.972443 3.268405 1.193431 1.972443 3.237926 1.191221 1.976025 3.268562 1.194238 1.976025 3.237928 1.194148 1.979695 3.237927 1.193171 1.983233 3.237928 1.190175 1.983233 3.268353 1.191133 1.979695 3.268545 1.182287 1.976025 3.29802 1.181543 1.972443 3.297711 1.167106 1.972443 3.324719 1.165733 1.969164 3.323803 1.146512 1.969164 3.347227 1.144816 1.966383 3.345531 1.121756 1.966383 3.364456 1.120088 1.96427 3.36196 1.0943 1.96427 3.375747 1.182205 1.979695 3.297986 1.181301 1.983233 3.297611 1.167703 1.979695 3.325119 1.166891 1.983233 3.324576 1.148186 1.979695 3.348902 1.147495 1.983233 3.34821 1.124405 1.979695 3.36842 1.123862 1.983233 3.367607 1.097273 1.979695 3.382925 1.096899 1.983233 3.38202 1.067833 1.979695 3.391856 1.067642 1.983233 3.390898 1.037216 1.979695 3.394872 1.037216 1.983233 3.393896 1.006789 1.983233 3.3909 1.006598 1.979695 3.391857 0.977531 1.983233 3.382026 0.9771571 1.979695 3.382928 0.9505668 1.983233 3.367613 0.9500241 1.979695 3.368425 0.9269328 1.983233 3.348219 0.9262414 1.979695 3.348909 0.9075351 1.983233 3.324585 0.9067235 1.979695 3.325128 0.8931222 1.983233 3.297621 0.8922196 1.979695 3.297996 0.8842464 1.983233 3.268365 0.883287 1.979695 3.268555 0.881249 1.983233 3.23794 0.880271 1.979695 3.237938 0.8832011 1.976025 3.268572 0.8801832 1.976025 3.23794 0.8839908 1.972443 3.268415 0.8809886 1.972443 3.237939 0.8856101 1.969164 3.268093 0.8826399 1.969164 3.237939 0.8879633 1.966384 3.267626 0.8850393 1.966384 3.237939 0.8909073 1.96427 3.267039 0.8880406 1.96427 3.237939 0.8993969 1.96427 3.295023 0.9131827 1.96427 3.320811 0.9317355 1.96427 3.343416 0.9543405 1.96427 3.361965 0.9801307 1.96427 3.37575 1.008114 1.96427 3.384238 1.037216 1.96427 3.387103 1.066318 1.96427 3.384236 0.8966236 1.966383 3.296171 0.910687 1.966383 3.322479 0.9296126 1.966384 3.345539 0.9526725 1.966384 3.364462 0.9789815 1.966384 3.378523 1.007528 1.966384 3.387181 1.037216 1.966384 3.390105 1.066903 1.966384 3.38718 1.095448 1.966384 3.378519 0.8944073 1.969164 3.29709 0.9086928 1.969164 3.323812 0.9279161 1.969164 3.347236 0.9513393 1.969164 3.366456 0.9780641 1.969164 3.380739 1.007061 1.969164 3.389534 1.037216 1.969164 3.392504 1.067371 1.969164 3.389532 1.096366 1.969164 3.380734 1.123089 1.969164 3.366451 0.8928824 1.972443 3.297723 0.9073196 1.972443 3.32473 0.9267478 1.972443 3.348403 0.9504228 1.972443 3.367831 0.9774318 1.972443 3.382266 1.006739 1.972443 3.391155 1.037216 1.972443 3.394155 1.067693 1.972443 3.391151 1.096999 1.972443 3.38226 1.124007 1.972443 3.367823 1.147679 1.972443 3.348393 0.8921375 1.976025 3.298029 0.9066501 1.976025 3.325177 0.9261794 1.976025 3.348973 0.9499745 1.976025 3.368499 0.9771228 1.976025 3.38301 1.006581 1.976025 3.391945 1.037216 1.976025 3.394962 1.06785 1.976025 3.391942 1.097307 1.976025 3.383007 1.124455 1.976025 3.368494 1.148249 1.976025 3.348964 1.167778 1.976025 3.32517 1.142693 1.96427 3.34341 1.16374 1.966383 3.322472 1.180016 1.969164 3.297079 1.161243 1.96427 3.320804 1.1778 1.966383 3.296161 1.175026 1.96427 3.295012 0.9533272 1.288011 3.237935 0.9572096 1.2875 3.237935 0.9561873 1.288011 3.259647 0.9599371 1.2875 3.258642 0.9645672 1.288011 3.279877 0.9679289 1.2875 3.277935 0.9778986 1.288011 3.297249 0.9806433 1.2875 3.294505 0.9952717 1.288011 3.310578 0.9972124 1.2875 3.307217 1.015503 1.288011 3.318958 1.016508 1.2875 3.315208 1.037213 1.288011 3.321815 1.037213 1.2875 3.317934 1.058924 1.288011 3.318957 1.057919 1.2875 3.315207 1.077212 1.2875 3.307215 1.079154 1.288011 3.310576 1.09378 1.2875 3.2945 1.096526 1.288011 3.297246 1.106492 1.2875 3.27793 1.109855 1.288011 3.279872 1.114484 1.2875 3.258635 1.118235 1.288011 3.259641 1.11721 1.2875 3.23793 1.121092 1.288011 3.23793 1.121729 1.28951 3.260576 1.12471 1.28951 3.237929 1.12473 1.291893 3.26138 1.127817 1.291893 3.237931 1.127033 1.295 3.261998 1.1302 1.295 3.23793 1.12848 1.298617 3.262385 1.131698 1.298617 3.237929 1.12945 1.3025 3.260665 1.132209 1.3025 3.23793 1.12133 1.3025 3.282079 1.119042 1.298617 3.285174 1.117744 1.295 3.284425 1.102966 1.295 3.303685 1.101281 1.291893 3.302 1.082517 1.291893 3.316399 1.080963 1.28951 3.313709 1.05986 1.28951 3.322451 1.10832 1.3025 3.300927 1.104025 1.298617 3.304744 1.083709 1.295 3.318464 1.060664 1.291893 3.325452 1.037213 1.28951 3.325433 1.091179 1.3025 3.316115 1.084457 1.298617 3.31976 1.061282 1.295 3.327755 1.037213 1.291893 3.328539 1.014566 1.28951 3.322453 1.070901 1.3025 3.326758 1.061668 1.298618 3.329201 1.037214 1.295 3.330924 1.013762 1.291893 3.325453 0.9934626 1.28951 3.313711 1.048665 1.3025 3.332241 1.037214 1.298618 3.332422 1.013146 1.295 3.327757 0.99191 1.291893 3.316401 0.9753399 1.28951 3.299807 1.025763 1.3025 3.332241 1.012758 1.298618 3.329205 0.9907179 1.295 3.318466 0.9731436 1.291893 3.302004 0.9614344 1.28951 3.281686 1.003526 1.3025 3.32676 0.9899683 1.298618 3.319766 0.9714584 1.295 3.30369 0.9587441 1.291893 3.283238 0.952692 1.28951 3.260582 0.9832468 1.3025 3.316118 0.9703989 1.298618 3.304748 0.9566803 1.295 3.284431 0.9496918 1.291893 3.261387 0.9497109 1.28951 3.237936 0.9661036 1.3025 3.300931 0.9553824 1.298618 3.28518 0.9473887 1.295 3.262004 0.9442196 1.295 3.237937 0.9466038 1.291893 3.237936 0.9530935 1.3025 3.282084 0.9459419 1.298618 3.262392 0.9427204 1.298618 3.237936 0.944972 1.3025 3.260672 0.9422093 1.3025 3.237935 1.099083 1.28951 3.299804 1.112988 1.28951 3.28168 1.115679 1.291893 3.283234 0.9997115 2.027501 3.302885 0.9997125 2.06992 3.302885 0.984179 2.027501 3.290969 0.984179 2.06992 3.290969 0.9722591 2.027501 3.275436 0.97226 2.06992 3.275436 0.964766 2.027501 3.257348 0.964766 2.06992 3.257348 0.9622102 2.027501 3.237936 0.9622102 2.06992 3.237936 0.8952746 2.010046 3.237939 0.8976903 2.010046 3.211857 0.8842445 1.983233 3.207513 0.9048572 2.010046 3.186664 0.8931184 1.983233 3.178255 0.916532 2.010046 3.16322 0.9075294 1.983233 3.151291 0.9323144 2.010046 3.142316 0.9269252 1.983233 3.127656 0.9516711 2.010046 3.12467 0.9505572 1.983233 3.108258 0.9739394 2.010046 3.110879 0.9775214 1.983233 3.093845 0.9983621 2.010046 3.101418 1.006778 1.983233 3.084969 1.024108 2.010046 3.096604 1.037205 1.983233 3.081973 1.050302 2.010046 3.096604 1.067631 1.983233 3.084969 1.076047 2.010046 3.101415 1.096888 1.983233 3.093842 1.100471 2.010046 3.110876 1.123852 1.983233 3.108253 1.122741 2.010046 3.124663 1.147487 1.983233 3.127648 1.142097 2.010046 3.142308 1.166883 1.983233 3.151281 1.157883 2.010046 3.163208 1.181296 1.983233 3.178245 1.169559 2.010046 3.186655 1.190172 1.983233 3.2075 1.176726 2.010046 3.211847 1.179145 2.010046 3.237928 1.160556 2.033925 3.237928 1.158456 2.033925 3.215264 1.152225 2.033925 3.193371 1.142079 2.033925 3.172996 1.128362 2.033925 3.154832 1.111539 2.033925 3.139498 1.092187 2.033925 3.127517 1.074706 2.027501 3.114452 1.074707 2.04448 3.131795 1.082134 2.054099 3.147705 1.074707 2.058722 3.151448 1.074708 2.06992 3.17298 1.097948 2.054099 3.157496 1.090241 2.06992 3.184898 1.111695 2.054099 3.170027 1.102159 2.06992 3.20043 1.122903 2.054099 3.184869 1.131195 2.054099 3.201519 1.138003 2.054099 3.237929 1.136286 2.054099 3.219408 1.11221 2.06992 3.237931 1.109652 2.06992 3.218518 1.049868 2.027501 3.109509 1.024543 2.027501 3.109509 0.9997058 2.027501 3.114456 0.9822259 2.033925 3.12752 0.9997058 2.04448 3.131798 0.9922795 2.054099 3.147708 0.9997068 2.058722 3.15145 0.9997077 2.06992 3.172981 0.9764648 2.054099 3.157501 0.9841743 2.06992 3.184901 0.9627204 2.054099 3.170031 0.9722571 2.06992 3.200436 0.9515119 2.054099 3.184875 0.9432216 2.054099 3.201527 0.9221912 2.033925 3.19338 0.9159627 2.033925 3.215274 0.9647651 2.06992 3.218525 0.9381328 2.054099 3.219418 0.9138637 2.033925 3.237939 0.9364162 2.054099 3.237937 0.9323363 2.033925 3.173004 0.9460521 2.033925 3.154838 0.9628739 2.033925 3.139503 0.9454479 1.6325 3.262524 0.9449716 1.9625 3.260672 0.9422088 1.9625 3.237935 0.9549399 1.6325 3.285436 0.9530931 1.9625 3.282084 0.9661031 1.9625 3.300931 0.9700375 1.6325 3.305111 0.9832463 1.9625 3.316118 0.9897127 1.6325 3.320208 1.003526 1.9625 3.32676 1.012626 1.6325 3.329698 1.025763 1.9625 3.332241 1.037214 1.6325 3.332933 1.048665 1.9625 3.332241 1.061801 1.6325 3.329696 1.070902 1.9625 3.326758 1.084713 1.6325 3.320203 1.091179 1.9625 3.316115 1.104387 1.6325 3.305106 1.108321 1.9625 3.300927 1.119484 1.6325 3.28543 1.121329 1.9625 3.282079 1.128973 1.6325 3.262518 1.12945 1.9625 3.260665 1.13221 1.9625 3.23793 1.114482 1.2875 3.217225 0.9599352 1.287501 3.217231 0.967926 1.287501 3.197935 1.106491 1.2875 3.197931 0.9806395 1.287501 3.181367 1.093777 1.2875 3.181363 0.9972077 1.2875 3.168653 1.077208 1.2875 3.168651 1.016502 1.2875 3.16066 1.057913 1.2875 3.160658 1.037208 1.2875 3.157933 1.129449 1.9625 3.215196 1.128971 1.6325 3.213341 1.121326 1.9625 3.193781 1.11948 1.6325 3.190429 1.108315 1.9625 3.174934 1.104382 1.6325 3.170757 1.091173 1.9625 3.159747 1.084707 1.6325 3.15566 1.070895 1.9625 3.149105 1.061794 1.6325 3.146169 1.048657 1.9625 3.143624 1.037207 1.6325 3.142934 1.025756 1.9625 3.143626 1.012619 1.6325 3.146172 1.00352 1.9625 3.149107 0.989707 1.6325 3.155663 0.9832416 1.9625 3.159752 0.9700327 1.6325 3.170761 0.9660993 1.9625 3.174939 0.954936 1.6325 3.190435 0.9530892 1.9625 3.193787 0.945447 1.6325 3.213349 0.9449697 1.9625 3.2152 0.9449701 1.3025 3.2152 1.129448 1.3025 3.215196 1.121326 1.3025 3.193781 1.108316 1.3025 3.174934 1.091173 1.3025 3.159747 1.070894 1.3025 3.149105 1.048657 1.3025 3.143624 1.025756 1.3025 3.143626 1.003519 1.3025 3.149107 0.9832411 1.3025 3.159752 0.9660988 1.3025 3.174939 0.9530897 1.3025 3.193787 1.176203 1.9625 3.208384 1.129224 1.9625 3.214304 1.167023 1.9625 3.180131 1.120457 1.9625 3.192162 1.152168 1.9625 3.154407 1.10646 1.9625 3.172899 1.132289 1.9625 3.132328 1.08811 1.9625 3.15772 1.108254 1.9625 3.114868 1.066563 1.9625 3.147582 1.081117 1.9625 3.102787 1.052058 1.9625 3.09661 1.043171 1.9625 3.14312 1.022352 1.9625 3.096613 1.019405 1.9625 3.144617 0.9932942 1.9625 3.10279 0.996757 1.9625 3.151976 0.9661555 1.9625 3.114872 0.9766526 1.9625 3.164737 0.942122 1.9625 3.132335 0.9603515 1.9625 3.182097 0.9222446 1.9625 3.154412 0.907393 1.9625 3.18014 0.9488797 1.9625 3.202965 0.8982139 1.9625 3.208395 0.9429584 1.9625 3.226029 0.9429593 1.9625 3.249843 0.9488826 1.9625 3.272908 0.9603553 1.9625 3.293776 0.9766574 1.9625 3.311133 0.9967637 1.9625 3.323894 1.019412 1.9625 3.331251 1.043179 1.9625 3.332747 1.06657 1.9625 3.328282 1.088118 1.9625 3.318144 1.106465 1.9625 3.302963 1.12046 1.9625 3.283697 1.129226 1.9625 3.261556 0.8976922 2.010046 3.264018 0.9159637 2.033925 3.260601 0.9381328 2.054099 3.256457 0.9432235 2.054099 3.274346 0.9515157 2.054099 3.290997 0.9627252 2.054099 3.30584 0.9460588 2.033925 3.321035 0.9628806 2.033925 3.336369 0.9516788 2.010046 3.351202 0.973948 2.010046 3.364989 0.9983726 2.010046 3.374453 1.024118 2.010046 3.379263 1.050312 2.010046 3.379262 1.076057 2.010046 3.374449 1.100481 2.010046 3.364986 1.122749 2.010046 3.351196 1.142105 2.010046 3.333551 1.157888 2.010046 3.312648 1.169562 2.010046 3.289202 1.176728 2.010046 3.264008 1.158457 2.033925 3.260594 1.136287 2.054099 3.25645 1.109654 2.06992 3.257342 1.131197 2.054099 3.274339 1.102162 2.06992 3.275431 1.122908 2.054099 3.290992 1.1117 2.054099 3.305835 1.142085 2.033925 3.302865 1.128368 2.033925 3.321028 0.9764705 2.054099 3.31837 0.9822335 2.033925 3.34835 0.9997144 2.027501 3.361413 1.024553 2.027501 3.366358 1.049877 2.027501 3.366355 0.9922862 2.054099 3.328162 0.9997144 2.04448 3.34407 0.9997134 2.058722 3.324419 1.074715 2.027501 3.361409 1.092195 2.033925 3.348348 1.074715 2.04448 3.344067 1.082141 2.054099 3.328157 1.074714 2.058722 3.324416 1.074713 2.06992 3.302884 1.097954 2.054099 3.318367 1.090245 2.06992 3.290965 0.932322 2.010046 3.333559 0.9323402 2.033925 3.30287 0.9165368 2.010046 3.312656 0.922194 2.033925 3.282495 0.904861 2.010046 3.28921 1.111546 2.033925 3.336363 1.152228 2.033925 3.282487 0.9647651 2.027501 3.218525 0.9722571 2.027501 3.200436 0.9841743 2.027501 3.184901 0.9997077 2.027501 3.172981 1.074708 2.027501 3.17298 1.090241 2.027501 3.184898 1.102159 2.027501 3.20043 1.109652 2.027501 3.218518 1.11221 2.027501 3.237931 1.109654 2.027501 3.257342 1.102162 2.027501 3.275431 1.090245 2.027501 3.290965 1.074713 2.027501 3.302884 1.128479 1.298617 3.213475 1.119038 1.298617 3.190685 1.104022 1.298617 3.171119 1.084452 1.298617 3.156102 1.061663 1.298618 3.146663 1.037207 1.298618 3.143444 1.012751 1.298618 3.146665 0.9899626 1.298618 3.156105 0.9703941 1.298618 3.171122 0.9553795 1.298618 3.190692 0.9459391 1.298618 3.21348 1.127031 1.295 3.213861 1.124728 1.291893 3.214478 1.121727 1.28951 3.215283 1.118233 1.288011 3.216218 1.109853 1.288011 3.195991 1.096521 1.288011 3.178617 1.079149 1.288011 3.165287 1.058918 1.288011 3.156909 1.037208 1.288011 3.15405 1.015497 1.288011 3.15691 0.9952669 1.288011 3.165289 0.9778938 1.288011 3.178621 0.9645643 1.288011 3.195995 0.9561854 1.288011 3.216226 0.9526911 1.28951 3.215289 0.9496899 1.291893 3.214486 0.9473877 1.295 3.213869 1.112985 1.28951 3.19418 1.09908 1.28951 3.176061 1.080957 1.28951 3.162154 1.059854 1.28951 3.153415 1.037207 1.28951 3.150433 1.014561 1.28951 3.153417 0.9934578 1.28951 3.162158 0.9753361 1.28951 3.176064 0.9614315 1.28951 3.194187 1.115676 1.291893 3.192627 1.101276 1.291893 3.173862 1.082511 1.291893 3.159463 1.060657 1.291893 3.150413 1.037207 1.291893 3.147326 1.013756 1.291893 3.150414 0.9919043 1.291893 3.159467 0.9731398 1.291893 3.173867 0.9587422 1.291893 3.192634 1.11774 1.295 3.191435 1.102962 1.295 3.172177 1.083702 1.295 3.157399 1.061275 1.295 3.14811 1.037207 1.295 3.144943 1.01314 1.295 3.148112 0.9907131 1.295 3.157403 0.9714527 1.295 3.17218 0.9566765 1.295 3.191441 1.191132 1.979695 3.207311 1.191218 1.976025 3.207293 1.190428 1.972443 3.20745 1.188808 1.969164 3.207773 1.186456 1.966383 3.20824 1.183512 1.96427 3.208826 1.180152 1.96295 3.209494 1.171858 1.96295 3.182155 1.175022 1.96427 3.180843 1.161237 1.96427 3.155054 1.163733 1.966383 3.153387 1.144807 1.966383 3.130327 1.146503 1.969164 3.128632 1.123079 1.969164 3.109409 1.123997 1.972443 3.108036 1.096988 1.972443 3.093602 1.097297 1.976025 3.092857 1.067839 1.976025 3.083922 1.067821 1.979695 3.084008 1.037204 1.979695 3.080994 1.006587 1.979695 3.08401 0.9771466 1.979695 3.092941 0.9500146 1.979695 3.107447 0.9262338 1.979695 3.126965 0.9067168 1.979695 3.150746 0.8922153 1.979695 3.177881 0.8832855 1.979695 3.207323 0.8831992 1.976025 3.207304 0.8839884 1.972443 3.20746 0.8856082 1.969164 3.207783 0.8879609 1.966384 3.208251 0.8909059 1.96427 3.208837 0.8942657 1.96295 3.209506 0.9025579 1.96295 3.182164 0.9160256 1.96295 3.156967 0.9341493 1.96295 3.13488 0.9562345 1.96295 3.116755 0.9814315 1.96295 3.103286 1.008771 1.96295 3.094991 1.037205 1.96295 3.09219 1.065638 1.96295 3.094988 1.092979 1.96295 3.103282 1.118176 1.96295 3.116749 1.140263 1.96295 3.134873 1.158388 1.96295 3.156958 1.097262 1.979695 3.092939 1.124445 1.976025 3.107366 1.147672 1.972443 3.127464 1.165727 1.969164 3.152054 1.177794 1.966383 3.179694 1.124395 1.979695 3.10744 1.148241 1.976025 3.126894 1.1671 1.972443 3.151135 1.180011 1.969164 3.178776 1.148177 1.979695 3.126956 1.167769 1.976025 3.150688 1.181538 1.972443 3.178144 1.167696 1.979695 3.150738 1.182282 1.976025 3.177836 1.1822 1.979695 3.177871 1.142685 1.96427 3.132451 1.121747 1.966384 3.111405 1.096356 1.969164 3.095126 1.067682 1.972443 3.084712 1.037204 1.976025 3.080905 1.120079 1.96427 3.1139 1.095438 1.966384 3.097342 1.067359 1.969164 3.086331 1.037204 1.972443 3.081711 1.006569 1.976025 3.083923 1.09429 1.96427 3.100116 1.066892 1.966384 3.088684 1.037204 1.969164 3.083363 1.006727 1.972443 3.084714 0.9771133 1.976025 3.09286 1.066307 1.96427 3.091629 1.037204 1.966384 3.085762 1.007049 1.969164 3.086333 0.9774213 1.972443 3.093605 0.949966 1.976025 3.107373 1.037204 1.96427 3.088762 1.007517 1.966384 3.088687 0.9780536 1.969164 3.09513 0.9504132 1.972443 3.108043 0.9261708 1.976025 3.126902 1.008104 1.96427 3.091631 0.978971 1.966384 3.097346 0.9513307 1.969164 3.109415 0.9267402 1.972443 3.127472 0.9066434 1.976025 3.150698 0.9801202 1.96427 3.100121 0.9526639 1.966384 3.111411 0.9279084 1.969164 3.12864 0.9073138 1.972443 3.151146 0.8921337 1.976025 3.177847 0.9543319 1.96427 3.113907 0.929605 1.966384 3.130336 0.9086871 1.969164 3.152063 0.8928771 1.972443 3.178154 0.9317269 1.96427 3.132458 0.9106813 1.966384 3.153396 0.894403 1.969164 3.178786 0.913177 1.96427 3.155064 0.8966193 1.966384 3.179705 0.8993931 1.96427 3.180853 0.5395193 1.962951 1.565586 0.5431633 1.9625 1.565586 0.5423212 1.962951 1.594019 0.5462704 1.9625 1.595131 0.5506163 1.962951 1.62136 0.5554509 1.9625 1.623383 0.5640855 1.962951 1.646558 0.5703058 1.9625 1.64911 0.582211 1.962951 1.668641 0.5901842 1.9625 1.671186 0.6042976 1.962951 1.686766 0.6142182 1.9625 1.688647 0.6294947 1.962951 1.700233 0.6413574 1.9625 1.700729 0.656836 1.962951 1.708527 0.6704154 1.9625 1.706905 0.6852689 1.96295 1.711325 0.7001233 1.9625 1.706904 0.7137027 1.96295 1.708524 0.7291799 1.9625 1.700724 0.7410426 1.96295 1.700229 0.7563191 1.9625 1.688642 0.7662392 1.96295 1.68676 0.7803512 1.9625 1.671178 0.7883239 1.96295 1.668634 0.8002281 1.9625 1.6491 0.8064485 1.96295 1.646547 0.8150811 1.9625 1.623373 0.8199153 1.96295 1.62135 0.8242598 1.9625 1.595121 0.8282085 1.96295 1.594009 0.8273635 1.9625 1.565576 0.8310075 1.96295 1.565577 0.8315678 1.96427 1.594677 0.8344336 1.96427 1.565577 0.8345127 1.966384 1.595263 0.8374353 1.966384 1.565575 0.836865 1.969164 1.595731 0.8398342 1.969164 1.565576 0.8384848 1.972443 1.596053 0.8414855 1.972443 1.565576 0.8392754 1.976025 1.596211 0.8422914 1.976025 1.565576 0.8422027 1.979695 1.565575 0.8412252 1.983233 1.565576 0.8382292 1.983233 1.596002 0.8391881 1.979695 1.596192 0.8303404 1.976025 1.625667 0.8295961 1.972443 1.625359 0.8151603 1.972443 1.652369 0.813787 1.969164 1.651451 0.7945652 1.969164 1.674874 0.7928691 1.966384 1.673179 0.7698102 1.966384 1.692103 0.7681432 1.96427 1.689609 0.7423534 1.96427 1.703394 0.8302579 1.979695 1.625634 0.8293557 1.983233 1.62526 0.8157563 1.979695 1.652767 0.8149438 1.983233 1.652224 0.7962408 1.979695 1.676551 0.7955494 1.983233 1.675859 0.7724586 1.979695 1.696067 0.7719154 1.983233 1.695254 0.745327 1.979695 1.710571 0.7449527 1.983233 1.709667 0.7158871 1.979695 1.719503 0.7156963 1.983233 1.718544 0.6852698 1.979695 1.722521 0.6852694 1.983233 1.721542 0.6548424 1.983233 1.718546 0.6546521 1.979695 1.719506 0.6255851 1.983233 1.709673 0.6252112 1.979695 1.710576 0.5986209 1.983233 1.695262 0.5980783 1.979695 1.696075 0.5749865 1.983233 1.675867 0.5742955 1.979695 1.676558 0.5555902 1.983233 1.652233 0.5547772 1.979695 1.652777 0.5411768 1.983233 1.625271 0.5402732 1.979695 1.625644 0.5323 1.983233 1.596013 0.531342 1.979695 1.596204 0.5293021 1.983233 1.565587 0.5283251 1.979695 1.565587 0.5312548 1.976025 1.596222 0.5282359 1.976025 1.565586 0.5320454 1.972443 1.596064 0.5290423 1.972443 1.565587 0.5336652 1.969165 1.595741 0.5306935 1.969165 1.565587 0.5360174 1.966384 1.595274 0.5330925 1.966384 1.565587 0.5389609 1.96427 1.594687 0.5360947 1.96427 1.565586 0.5474515 1.96427 1.622671 0.5612373 1.96427 1.64846 0.5797892 1.96427 1.671064 0.6023946 1.96427 1.689615 0.6281843 1.96427 1.703398 0.6561675 1.96427 1.711885 0.6852689 1.96427 1.71475 0.7143707 1.96427 1.711883 0.5446777 1.966384 1.62382 0.5587411 1.966384 1.650128 0.5776668 1.966384 1.673187 0.6007266 1.966384 1.69211 0.6270347 1.966384 1.70617 0.655582 1.966384 1.71483 0.6852694 1.966384 1.717753 0.7149563 1.966384 1.714828 0.7435021 1.966384 1.706166 0.5424619 1.969165 1.624738 0.5567465 1.969165 1.65146 0.5759697 1.969165 1.674883 0.5993939 1.969165 1.694105 0.6261172 1.969165 1.708387 0.6551147 1.969165 1.717183 0.6852698 1.969164 1.720152 0.7154241 1.969164 1.717179 0.7444205 1.969164 1.708384 0.7711425 1.969164 1.694098 0.540936 1.972443 1.625369 0.5553737 1.972443 1.652378 0.5748024 1.972443 1.676051 0.5984769 1.972443 1.695478 0.6254859 1.972443 1.709913 0.6547923 1.972443 1.718803 0.6852698 1.972443 1.721804 0.7157469 1.972443 1.718801 0.7450528 1.972443 1.70991 0.7720609 1.972443 1.695472 0.795733 1.972443 1.676043 0.5401917 1.976025 1.625678 0.5547037 1.976025 1.652826 0.5742326 1.976025 1.67662 0.5980291 1.976025 1.696148 0.6251764 1.976025 1.710657 0.654635 1.976025 1.719592 0.6852698 1.976025 1.722609 0.7159038 1.976025 1.719589 0.7453609 1.976025 1.710654 0.7725086 1.976025 1.696142 0.7963033 1.976025 1.676613 0.8158307 1.976025 1.652817 0.7907467 1.96427 1.671056 0.8117929 1.966384 1.650119 0.8280702 1.969164 1.624728 0.8092966 1.96427 1.648451 0.8258538 1.966384 1.62381 0.8230805 1.96427 1.622662 0.6013813 1.288011 1.565584 0.6052632 1.287501 1.565584 0.60424 1.288011 1.587294 0.6079898 1.287501 1.58629 0.6126213 1.288011 1.607525 0.6159835 1.287501 1.605583 0.6259518 1.288011 1.624897 0.6286969 1.287501 1.622152 0.6433253 1.288011 1.638228 0.6452661 1.287501 1.634865 0.6635566 1.288011 1.646607 0.6645608 1.287501 1.642856 0.6852665 1.288011 1.649463 0.685267 1.287501 1.645581 0.7069769 1.288011 1.646604 0.7059717 1.287501 1.642854 0.725266 1.287501 1.634861 0.7272077 1.288011 1.638225 0.7418342 1.287501 1.622148 0.7445798 1.288011 1.624893 0.7545471 1.287501 1.605579 0.7579093 1.288011 1.60752 0.7625389 1.287501 1.586284 0.7662888 1.288011 1.587289 0.765264 1.287501 1.565579 0.7691455 1.288011 1.565578 0.769783 1.28951 1.588225 0.7727637 1.28951 1.565578 0.7727838 1.291893 1.589029 0.7758703 1.291893 1.565578 0.7750859 1.295 1.589645 0.7782536 1.295 1.565578 0.7765331 1.298618 1.590033 0.7797523 1.298618 1.565578 0.777504 1.3025 1.588313 0.780263 1.3025 1.565578 0.769383 1.3025 1.609727 0.7670951 1.298618 1.612823 0.7657976 1.295 1.612073 0.75102 1.295 1.631332 0.7493348 1.291893 1.629647 0.7305703 1.291893 1.644048 0.7290163 1.28951 1.641357 0.7079134 1.28951 1.6501 0.7563744 1.3025 1.628575 0.7520795 1.298618 1.632393 0.7317615 1.295 1.646112 0.7087178 1.291893 1.653101 0.6852665 1.28951 1.65308 0.7392321 1.3025 1.643763 0.7325111 1.298618 1.64741 0.7093349 1.295 1.655402 0.685267 1.291893 1.656188 0.6626196 1.28951 1.6501 0.7189541 1.3025 1.654406 0.7097225 1.298618 1.65685 0.685267 1.295 1.658571 0.6618161 1.291893 1.653101 0.6415162 1.28951 1.64136 0.6967182 1.3025 1.659888 0.685267 1.298618 1.66007 0.6611991 1.295 1.655404 0.6399632 1.291893 1.64405 0.6233935 1.28951 1.627455 0.6738157 1.3025 1.659888 0.6608119 1.298618 1.656852 0.6387715 1.295 1.646115 0.6211972 1.291893 1.629653 0.609488 1.28951 1.609334 0.6515794 1.3025 1.654409 0.6380224 1.298618 1.647412 0.6195121 1.295 1.631338 0.6067977 1.291893 1.610887 0.6007457 1.28951 1.58823 0.6313 1.3025 1.643766 0.6184526 1.298618 1.632398 0.604733 1.295 1.612079 0.5977454 1.291893 1.589035 0.5977635 1.28951 1.565584 0.6141577 1.3025 1.62858 0.6034355 1.298618 1.612828 0.5954428 1.295 1.589652 0.5922737 1.295 1.565584 0.594657 1.291893 1.565584 0.6011467 1.3025 1.609733 0.5939946 1.298618 1.590039 0.5907745 1.298618 1.565585 0.5930247 1.3025 1.588319 0.5902639 1.3025 1.565584 0.7471376 1.28951 1.627451 0.7610426 1.28951 1.609328 0.7637329 1.291893 1.610882 0.6477666 2.027501 1.630535 0.6477666 2.06992 1.630535 0.6322332 2.027501 1.618616 0.6322332 2.06992 1.618616 0.6203132 2.027501 1.603083 0.6203132 2.06992 1.603083 0.6128206 2.027501 1.584995 0.6128206 2.06992 1.584995 0.6102638 2.027501 1.565584 0.6102638 2.06992 1.565584 0.5433288 2.010047 1.565586 0.5457444 2.010047 1.539506 0.5322981 1.983233 1.53516 0.5529113 2.010047 1.514313 0.5411725 1.983233 1.505903 0.5645857 2.010046 1.490866 0.555584 1.983233 1.478938 0.5803695 2.010046 1.469963 0.5749784 1.983233 1.455304 0.5997243 2.010046 1.452317 0.5986114 1.983233 1.435907 0.6219936 2.010047 1.438528 0.6255751 1.983233 1.421495 0.6464162 2.010047 1.429065 0.6548324 1.983233 1.412618 0.672163 2.010047 1.424252 0.6852589 1.983233 1.40962 0.6983552 2.010047 1.424251 0.7156859 1.983233 1.412615 0.7241011 2.010047 1.429062 0.7449427 1.983233 1.42149 0.7485256 2.010047 1.438524 0.7719064 1.983233 1.435901 0.7707944 2.010047 1.452311 0.7955413 1.983233 1.455296 0.7901516 2.010047 1.469956 0.8149381 1.983233 1.47893 0.8059373 2.010047 1.490858 0.829351 1.983233 1.505892 0.8176131 2.010047 1.514304 0.8382268 1.983233 1.53515 0.8247819 2.010047 1.539495 0.827199 2.010047 1.565576 0.8086104 2.033925 1.565577 0.8065095 2.033925 1.542912 0.8002801 2.033925 1.521019 0.790133 2.033925 1.500644 0.7764154 2.033925 1.482479 0.7595935 2.033925 1.467145 0.7402406 2.033925 1.455164 0.7227597 2.027501 1.442102 0.7227602 2.04448 1.459444 0.7301884 2.054099 1.475353 0.7227612 2.058722 1.479096 0.7227616 2.06992 1.500628 0.7460022 2.054099 1.485144 0.7382946 2.06992 1.512546 0.7597489 2.054099 1.497674 0.7502146 2.06992 1.528079 0.7709584 2.054099 1.512517 0.7792502 2.054099 1.529167 0.7860575 2.054099 1.565578 0.7843404 2.054099 1.547057 0.7602639 2.06992 1.565579 0.7577076 2.06992 1.546167 0.6979222 2.027501 1.437156 0.6725969 2.027501 1.437157 0.6477599 2.027501 1.442105 0.6302796 2.033925 1.455168 0.6477604 2.04448 1.459447 0.6403337 2.054099 1.475356 0.6477609 2.058722 1.479097 0.6477618 2.06992 1.50063 0.6245198 2.054099 1.485149 0.6322293 2.06992 1.51255 0.6107745 2.054099 1.49768 0.6203103 2.06992 1.528083 0.5995655 2.054099 1.512523 0.5912752 2.054099 1.529174 0.5702448 2.033925 1.521028 0.5640168 2.033925 1.54292 0.6128192 2.06992 1.546172 0.5861859 2.054099 1.547064 0.5619173 2.033925 1.565586 0.5844708 2.054099 1.565585 0.5803905 2.033925 1.500652 0.5941067 2.033925 1.482486 0.6109276 2.033925 1.467151 0.5935016 1.6325 1.590173 0.5930252 1.9625 1.588319 0.5902643 1.9625 1.565584 0.602993 1.6325 1.613083 0.6011467 1.9625 1.609733 0.6141577 1.9625 1.62858 0.6180911 1.6325 1.63276 0.6313005 1.9625 1.643766 0.6377668 1.6325 1.647855 0.6515794 1.9625 1.654409 0.6606793 1.6325 1.657345 0.6738162 1.9625 1.659888 0.685267 1.6325 1.660581 0.6967187 1.9625 1.659888 0.7098551 1.6325 1.657343 0.7189546 1.9625 1.654406 0.7327666 1.6325 1.647852 0.7392325 1.9625 1.643763 0.7524414 1.6325 1.632753 0.7563748 1.9625 1.628575 0.7675381 1.6325 1.613079 0.7693834 1.9625 1.609727 0.7770271 1.6325 1.590166 0.777504 1.9625 1.588313 0.7802634 1.9625 1.565578 0.762537 1.287501 1.544872 0.6079888 1.287501 1.544879 0.6159806 1.287501 1.525584 0.7545438 1.287501 1.525579 0.6286926 1.287501 1.509014 0.7418299 1.287501 1.509011 0.6452608 1.287501 1.4963 0.7252612 1.287501 1.496298 0.6645551 1.287501 1.488307 0.7059665 1.287501 1.488307 0.6852608 1.287501 1.485581 0.7775025 1.9625 1.542843 0.7770252 1.6325 1.54099 0.7693801 1.9625 1.521429 0.7675343 1.6325 1.518078 0.7563701 1.9625 1.502582 0.7524366 1.6325 1.498404 0.7392268 1.9625 1.487396 0.7327609 1.6325 1.483307 0.7189484 1.9625 1.476754 0.7098489 1.6325 1.473817 0.6967115 1.9625 1.471274 0.6852603 1.6325 1.470581 0.6738095 1.9625 1.471274 0.6606727 1.6325 1.473819 0.6515732 1.9625 1.476756 0.6377611 1.6325 1.48331 0.6312947 1.9625 1.4874 0.6180859 1.6325 1.498408 0.6141534 1.9625 1.502587 0.6029897 1.6325 1.518084 0.6011438 1.9625 1.521436 0.5934997 1.6325 1.540997 0.5930238 1.9625 1.54285 0.5930233 1.3025 1.54285 0.7775021 1.3025 1.542843 0.7693796 1.3025 1.521429 0.7563696 1.3025 1.502582 0.7392268 1.3025 1.487396 0.7189484 1.3025 1.476754 0.6967111 1.3025 1.471274 0.6738095 1.3025 1.471274 0.6515727 1.3025 1.476756 0.6312943 1.3025 1.4874 0.6141534 1.3025 1.502587 0.6011434 1.3025 1.521436 0.8242574 1.9625 1.536032 0.7772784 1.9625 1.541952 0.8150768 1.9625 1.507779 0.7685113 1.9625 1.519811 0.8002219 1.9625 1.482052 0.7545138 1.9625 1.500547 0.780344 1.9625 1.459977 0.7361646 1.9625 1.485369 0.75631 1.9625 1.442516 0.7146173 1.9625 1.475229 0.7291703 1.9625 1.430435 0.7001128 1.9625 1.424259 0.6912265 1.9625 1.470769 0.6704054 1.9625 1.42426 0.6674595 1.9625 1.472265 0.6413474 1.9625 1.430438 0.6448121 1.9625 1.479624 0.6142092 1.9625 1.442522 0.6247058 1.9625 1.492384 0.5901766 1.9625 1.459984 0.6084046 1.9625 1.509744 0.5702996 1.9625 1.482061 0.5554471 1.9625 1.507788 0.5969343 1.9625 1.530613 0.5462685 1.9625 1.536042 0.5910125 1.9625 1.553678 0.591013 1.9625 1.577491 0.5969367 1.9625 1.600556 0.6084089 1.9625 1.621423 0.624711 1.9625 1.638782 0.6448183 1.9625 1.651542 0.6674662 1.9625 1.658898 0.6912332 1.9625 1.660394 0.7146239 1.9625 1.655932 0.7361703 1.9625 1.645791 0.754518 1.9625 1.630611 0.7685146 1.9625 1.611345 0.7772799 1.9625 1.589203 0.5457463 2.010047 1.591666 0.5640187 2.033925 1.588251 0.5861869 2.054099 1.584105 0.5912781 2.054099 1.601996 0.5995693 2.054099 1.618645 0.6107788 2.054099 1.633488 0.5941124 2.033925 1.648682 0.6109343 2.033925 1.664017 0.5997329 2.010047 1.678851 0.6220026 2.010047 1.692638 0.6464262 2.010047 1.702099 0.6721735 2.010047 1.706912 0.6983647 2.010047 1.70691 0.7241111 2.010047 1.702098 0.7485347 2.010047 1.692634 0.770803 2.010047 1.678845 0.7901588 2.010047 1.661199 0.8059425 2.010047 1.640297 0.8176169 2.010047 1.616849 0.8247838 2.010047 1.591657 0.8065114 2.033925 1.588242 0.7843413 2.054099 1.584098 0.757709 2.06992 1.584991 0.7792525 2.054099 1.601989 0.7502174 2.06992 1.603078 0.7709622 2.054099 1.618639 0.7597532 2.054099 1.633482 0.7901373 2.033925 1.63051 0.7764211 2.033925 1.648676 0.6245256 2.054099 1.646018 0.6302877 2.033925 1.675999 0.6477685 2.027501 1.689061 0.672606 2.027501 1.694006 0.6979308 2.027501 1.694005 0.6403403 2.054099 1.65581 0.6477676 2.04448 1.671718 0.6477671 2.058722 1.652067 0.7227688 2.027501 1.689058 0.7402482 2.033925 1.675995 0.7227678 2.04448 1.671716 0.7301946 2.054099 1.655807 0.7227669 2.058722 1.652063 0.7227664 2.06992 1.630532 0.7460084 2.054099 1.646014 0.7382989 2.06992 1.618612 0.5803762 2.010047 1.661206 0.5803952 2.033925 1.630519 0.5645909 2.010047 1.640305 0.5702481 2.033925 1.610143 0.5529151 2.010047 1.616859 0.7596006 2.033925 1.664012 0.8002834 2.033925 1.610135 0.6128192 2.027501 1.546172 0.6203103 2.027501 1.528083 0.6322293 2.027501 1.51255 0.6477618 2.027501 1.50063 0.7227616 2.027501 1.500628 0.7382946 2.027501 1.512546 0.7502146 2.027501 1.528079 0.7577076 2.027501 1.546167 0.7602639 2.027501 1.565579 0.757709 2.027501 1.584991 0.7502174 2.027501 1.603078 0.7382989 2.027501 1.618612 0.7227664 2.027501 1.630532 0.7765317 1.298618 1.541123 0.7670918 1.298618 1.518334 0.7520752 1.298618 1.498765 0.7325049 1.298618 1.483749 0.7097159 1.298618 1.474311 0.6852603 1.298618 1.471092 0.6608052 1.298618 1.474312 0.6380167 1.298618 1.483753 0.6184478 1.298618 1.49877 0.6034322 1.298618 1.51834 0.5939932 1.298618 1.541129 0.7750845 1.295 1.54151 0.7727819 1.291893 1.542128 0.7697816 1.28951 1.542932 0.7662869 1.288011 1.543868 0.7579064 1.288011 1.523638 0.744576 1.288011 1.506266 0.7272019 1.288011 1.492935 0.7069707 1.288011 1.484556 0.6852608 1.288011 1.481699 0.6635504 1.288011 1.484557 0.6433201 1.288011 1.492939 0.6259475 1.288011 1.50627 0.612618 1.288011 1.523643 0.6042385 1.288011 1.543874 0.6007447 1.28951 1.542938 0.5977435 1.291893 1.542134 0.5954414 1.295 1.541517 0.7610397 1.28951 1.521828 0.7471333 1.28951 1.503707 0.7290111 1.28951 1.489802 0.7079072 1.28951 1.481062 0.6852603 1.28951 1.478081 0.6626134 1.28951 1.481063 0.641511 1.28951 1.489806 0.6233893 1.28951 1.503711 0.6094847 1.28951 1.521834 0.7637301 1.291893 1.520275 0.7493301 1.291893 1.50151 0.7305641 1.291893 1.487112 0.7087112 1.291893 1.478061 0.6852603 1.291893 1.474975 0.6618104 1.291893 1.478063 0.6399574 1.291893 1.487115 0.6211925 1.291893 1.501515 0.6067948 1.291893 1.520281 0.7657943 1.295 1.519083 0.7510152 1.295 1.499825 0.7317562 1.295 1.485047 0.7093282 1.295 1.475759 0.6852603 1.295 1.472591 0.6611929 1.295 1.475761 0.6387658 1.295 1.48505 0.6195073 1.295 1.499829 0.6047301 1.295 1.519089 0.8391857 1.979695 1.534958 0.8392725 1.976025 1.53494 0.8384824 1.972443 1.535099 0.8368626 1.969164 1.53542 0.8345103 1.966384 1.535888 0.8315654 1.96427 1.536474 0.8282065 1.96295 1.537142 0.8199115 1.96295 1.509802 0.8230763 1.96427 1.508491 0.8092904 1.96427 1.482702 0.8117867 1.966384 1.481035 0.7928615 1.966384 1.457976 0.7945571 1.969164 1.456279 0.7711334 1.969164 1.437057 0.7720513 1.972443 1.435684 0.7450419 1.972443 1.421249 0.7453504 1.976025 1.420505 0.7158928 1.976025 1.41157 0.7158766 1.979695 1.411657 0.6852589 1.979695 1.408643 0.6546416 1.979695 1.41166 0.6252008 1.979695 1.42059 0.5980692 1.979695 1.435095 0.5742874 1.979695 1.454613 0.5547705 1.979695 1.478396 0.5402689 1.979695 1.505529 0.5313397 1.979695 1.534969 0.5312524 1.976025 1.534952 0.532043 1.972443 1.535109 0.5336628 1.969165 1.535432 0.536015 1.966384 1.5359 0.5389595 1.96427 1.536485 0.5423193 1.962951 1.537153 0.5506125 1.962951 1.509813 0.5640793 1.962951 1.484615 0.5822039 1.962951 1.462528 0.6042891 1.962951 1.444403 0.6294856 1.962951 1.430934 0.6568256 1.962951 1.422639 0.6852589 1.96295 1.419838 0.7136922 1.96295 1.422637 0.7410331 1.96295 1.43093 0.7662306 1.96295 1.444397 0.7883167 1.96295 1.462521 0.8064427 1.96295 1.484606 0.7453165 1.979695 1.420586 0.7724991 1.976025 1.435014 0.7957254 1.972443 1.455112 0.8137808 1.969164 1.479702 0.8258495 1.966384 1.507342 0.7724495 1.979695 1.435088 0.7962952 1.976025 1.454542 0.8151546 1.972443 1.478784 0.8280664 1.969164 1.506425 0.7962327 1.979695 1.454605 0.8158245 1.976025 1.478337 0.8295913 1.972443 1.505792 0.8157501 1.979695 1.478386 0.8303361 1.976025 1.505484 0.8302541 1.979695 1.505518 0.7907386 1.96427 1.460098 0.7698016 1.966384 1.439052 0.7444105 1.969164 1.422775 0.7157364 1.972443 1.41236 0.6852589 1.976025 1.408554 0.7681341 1.96427 1.441549 0.7434926 1.966384 1.424991 0.7154141 1.969164 1.41398 0.6852589 1.972443 1.40936 0.6546249 1.976025 1.411572 0.7423439 1.96427 1.427765 0.7149458 1.966384 1.416332 0.6852589 1.969164 1.411011 0.6547818 1.972443 1.412362 0.6251669 1.976025 1.420509 0.7143602 1.96427 1.419276 0.6852594 1.966384 1.41341 0.6551037 1.969165 1.413982 0.6254759 1.972443 1.421254 0.5980191 1.976025 1.435021 0.6852589 1.96427 1.416411 0.6555719 1.966384 1.416335 0.6261077 1.969165 1.42278 0.5984674 1.972443 1.43569 0.574225 1.976025 1.45455 0.6561575 1.96427 1.41928 0.6270256 1.966384 1.424996 0.5993848 1.969165 1.437064 0.5747948 1.972443 1.455119 0.554697 1.976025 1.478346 0.6281743 1.96427 1.427769 0.6007176 1.966384 1.439058 0.5759621 1.969165 1.456288 0.5553675 1.972443 1.478794 0.5401874 1.976025 1.505494 0.6023851 1.96427 1.441555 0.5776591 1.966384 1.457984 0.5567408 1.969165 1.479711 0.5409317 1.972443 1.505803 0.5797815 1.96427 1.460106 0.5587349 1.966384 1.481044 0.5424581 1.969165 1.506436 0.5612316 1.96427 1.482712 0.5446735 1.966384 1.507353 0.5474477 1.96427 1.508501 -0.1457433 1.962951 5.96046e-6 -0.1420993 1.962501 5.72205e-6 -0.1429414 1.962951 0.02843904 -0.1389932 1.962501 0.02954983 -0.1346478 1.962951 0.05577945 -0.1298117 1.962501 0.05780291 -0.1211786 1.962951 0.080976 -0.1149582 1.962501 0.08352923 -0.1030526 1.962951 0.1030609 -0.09507894 1.962501 0.1056051 -0.08096599 1.962951 0.1211855 -0.07104492 1.962501 0.1230654 -0.05576801 1.962951 0.1346526 -0.04390573 1.962501 0.1351478 -0.02842712 1.962951 0.1429455 -0.01484775 1.962501 0.141323 6.19888e-6 1.962951 0.1457448 0.01485872 1.962501 0.1413221 0.02843952 1.962951 0.1429433 0.0439167 1.962501 0.1351447 0.05577898 1.962951 0.1346487 0.07105493 1.962501 0.1230607 0.080976 1.962951 0.1211795 0.09508848 1.962501 0.1055984 0.1030611 1.962951 0.1030535 0.1149654 1.962501 0.08352088 0.1211853 1.962951 0.08096742 0.1298179 1.962501 0.05779337 0.1346526 1.962951 0.05576968 0.1389966 1.962501 0.02953982 0.1429457 1.962951 0.02842879 0.1421008 1.962501 -4.52995e-6 0.1457448 1.962951 -4.52995e-6 0.146305 1.964271 0.02909684 0.1491699 1.964271 -4.76837e-6 0.149249 1.966384 0.02968263 0.1521725 1.966384 -4.76837e-6 0.1516022 1.969165 0.03015041 0.154571 1.969165 -5.00679e-6 0.1532216 1.972444 0.03047251 0.1562228 1.972444 -5.00679e-6 0.1540122 1.976026 0.03062963 0.1570286 1.976026 -5.00679e-6 0.156939 1.979695 -5.00679e-6 0.1559619 1.983233 -5.00679e-6 0.152966 1.983233 0.03042173 0.1539249 1.979695 0.03061246 0.1450767 1.976026 0.0600872 0.1443328 1.972444 0.05977892 0.1298975 1.972444 0.08678817 0.1285243 1.969165 0.08587074 0.109302 1.969165 0.1092941 0.1076059 1.966384 0.1075983 0.08454704 1.966384 0.1265237 0.08287906 1.964271 0.1240277 0.05709028 1.964271 0.1378133 0.1449952 1.979695 0.06005311 0.144092 1.983233 0.05967926 0.1304936 1.979695 0.08718657 0.1296811 1.983233 0.08664321 0.1109766 1.979695 0.110969 0.1102857 1.983233 0.1102778 0.08719587 1.979695 0.1304876 0.08665275 1.983233 0.1296749 0.06006383 1.979695 0.1449911 0.05968952 1.983233 0.144088 0.03062343 1.979696 0.153923 0.0304327 1.983234 0.1529643 6.67572e-6 1.979696 0.1569397 6.67572e-6 1.983234 0.1559619 -0.0304203 1.983234 0.1529664 -0.03061103 1.979696 0.1539249 -0.05967807 1.983234 0.1440923 -0.06005191 1.979696 0.1449954 -0.08664226 1.983234 0.1296808 -0.08718538 1.979696 0.1304936 -0.1102766 1.983234 0.1102859 -0.1109676 1.979696 0.1109771 -0.1296734 1.983234 0.08665275 -0.130486 1.979696 0.08719611 -0.1440863 1.983234 0.05968976 -0.1449899 1.979696 0.0600636 -0.1529626 1.983234 0.0304327 -0.1539216 1.979696 0.03062367 -0.1559605 1.983234 6.19888e-6 -0.156938 1.979696 6.4373e-6 -0.1540079 1.976026 0.03064084 -0.1570262 1.976026 6.4373e-6 -0.1532182 1.972444 0.03048348 -0.1562209 1.972444 6.19888e-6 -0.1515989 1.969165 0.03016138 -0.1545691 1.969165 6.19888e-6 -0.1492457 1.966384 0.02969336 -0.1521701 1.966384 6.19888e-6 -0.1463017 1.964271 0.02910757 -0.1491689 1.964271 6.19888e-6 -0.1378121 1.964271 0.05709028 -0.1240262 1.964271 0.0828793 -0.1054739 1.964271 0.1054832 -0.08286905 1.964271 0.1240336 -0.05707883 1.964271 0.1378173 -0.02909517 1.964271 0.146305 6.19888e-6 1.964271 0.1491703 0.02910804 1.964271 0.1463031 -0.1405854 1.966384 0.05823922 -0.126522 1.966384 0.08454728 -0.1075973 1.966384 0.1076061 -0.08453655 1.966384 0.1265296 -0.05822753 1.966384 0.1405909 -0.0296812 1.966384 0.1492495 6.19888e-6 1.966384 0.1521723 0.02969312 1.966384 0.1492471 0.05823898 1.966384 0.1405868 -0.1428017 1.969165 0.05915737 -0.1285161 1.969165 0.0858798 -0.1092929 1.969165 0.1093022 -0.08586931 1.969165 0.1285243 -0.05914545 1.969165 0.142807 -0.03014898 1.969165 0.151602 6.67572e-6 1.969165 0.1545712 0.03016138 1.969165 0.1515998 0.05915737 1.969165 0.1428029 0.0858798 1.969165 0.1285181 -0.1443276 1.972444 0.05978965 -0.1298894 1.972444 0.08679771 -0.1104612 1.972444 0.1104702 -0.08678627 1.972444 0.1298975 -0.05977773 1.972444 0.1443331 -0.03047132 1.972444 0.1532218 6.67572e-6 1.972444 0.1562225 0.03048372 1.972444 0.1532199 0.05978918 1.972444 0.1443288 0.08679771 1.972444 0.1298913 0.1104702 1.972444 0.1104621 -0.1450715 1.976026 0.06009769 -0.1305594 1.976026 0.08724522 -0.1110301 1.976026 0.1110398 -0.08723449 1.976026 0.1305675 -0.06008577 1.976026 0.1450774 -0.03062868 1.976026 0.1540119 6.67572e-6 1.976026 0.1570281 0.0306406 1.976026 0.15401 0.06009769 1.976026 0.1450731 0.08724451 1.976026 0.1305611 0.1110401 1.976026 0.1110317 0.1305675 1.976026 0.08723592 0.1054835 1.964271 0.1054754 0.1265296 1.966384 0.08453798 0.142807 1.969165 0.05914688 0.1240334 1.964271 0.08287048 0.1405906 1.966384 0.05822896 0.1378173 1.964271 0.0570805 -0.08388233 1.288011 3.8147e-6 -0.07999944 1.287501 3.57628e-6 -0.08102273 1.288011 0.02171421 -0.07727289 1.287501 0.02070903 -0.0726428 1.288011 0.04194474 -0.06928062 1.287501 0.04000329 -0.05931091 1.288011 0.05931663 -0.05656623 1.287501 0.05657148 -0.04193782 1.288011 0.07264637 -0.0399971 1.287501 0.06928443 -0.02170753 1.288011 0.0810256 -0.0207014 1.287501 0.07727575 4.29153e-6 1.288011 0.08388304 3.8147e-6 1.287501 0.08000087 0.02171421 1.288011 0.08102416 0.02070903 1.287501 0.07727408 0.04000282 1.287501 0.06928133 0.0419445 1.288011 0.07264351 0.056571 1.287501 0.05656719 0.05931663 1.288011 0.05931234 0.06928396 1.287501 0.03999853 0.07264614 1.288011 0.04193925 0.07727527 1.287501 0.02070355 0.0810256 1.288011 0.02170825 0.0800004 1.287501 -2.14577e-6 0.0838828 1.288011 -2.14577e-6 0.08451986 1.28951 0.02264451 0.08750057 1.28951 -2.38419e-6 0.08752059 1.291894 0.02344846 0.09060764 1.291894 -2.38419e-6 0.08982324 1.295001 0.02406525 0.09299087 1.295001 -2.6226e-6 0.09127044 1.298618 0.02445316 0.09448909 1.298618 -2.6226e-6 0.09224081 1.3025 0.02273249 0.09500026 1.3025 -2.6226e-6 0.08412027 1.3025 0.04414653 0.08183193 1.298618 0.0472424 0.08053445 1.295001 0.04649329 0.06575679 1.295001 0.0657525 0.06407165 1.291894 0.06406712 0.04530668 1.291894 0.07846689 0.04375362 1.28951 0.07577657 0.02265071 1.28951 0.08451843 0.0711112 1.3025 0.06299495 0.0668168 1.298618 0.06681227 0.04649925 1.295001 0.08053112 0.02345466 1.291894 0.08751916 4.29153e-6 1.28951 0.08750081 0.05396938 1.3025 0.07818245 0.04724788 1.298618 0.08182907 0.02407217 1.295001 0.08982181 4.29153e-6 1.291894 0.0906074 -0.02264308 1.28951 0.08452033 0.03369045 1.3025 0.08882617 0.02445983 1.298618 0.09126925 4.29153e-6 1.295001 0.09299135 -0.02344703 1.291894 0.08752083 -0.04374599 1.28951 0.07577943 0.01145553 1.3025 0.09430766 4.29153e-6 1.298618 0.09448957 -0.02406358 1.295001 0.08982348 -0.0453 1.291894 0.07847023 -0.06186866 1.28951 0.06187486 -0.01144695 1.3025 0.09430837 -0.0244522 1.298618 0.09127092 -0.04649257 1.295001 0.08053445 -0.06406545 1.291894 0.06407165 -0.07577514 1.28951 0.04375362 -0.03368377 1.3025 0.08882832 -0.04724121 1.298618 0.0818324 -0.06575155 1.295001 0.06575727 -0.07846546 1.291894 0.04530692 -0.084517 1.28951 0.02265048 -0.05396318 1.3025 0.07818627 -0.0668106 1.298618 0.06681704 -0.08052968 1.295001 0.04649877 -0.08751821 1.291894 0.02345466 -0.08749914 1.28951 3.8147e-6 -0.07110595 1.3025 0.06299996 -0.08182764 1.298618 0.04724812 -0.08982086 1.295001 0.02407145 -0.09299039 1.295001 4.05312e-6 -0.09060621 1.291894 3.8147e-6 -0.08411645 1.3025 0.04415249 -0.09126806 1.298618 0.0244596 -0.09448862 1.298618 4.05312e-6 -0.09223794 1.3025 0.02273893 -0.09499979 1.3025 4.05312e-6 0.06187438 1.28951 0.06187033 0.07577896 1.28951 0.04374814 0.07846975 1.291894 0.04530143 -0.03749656 2.027501 0.06495404 -0.03749656 2.069921 0.06495404 -0.05303049 2.027501 0.05303573 -0.05303049 2.069921 0.05303573 -0.06494998 2.027501 0.037503 -0.06494998 2.069921 0.037503 -0.072443 2.027501 0.0194149 -0.072443 2.069921 0.0194149 -0.07499885 2.027501 3.33786e-6 -0.07499885 2.069921 3.33786e-6 -0.1419348 2.010047 5.72205e-6 -0.1395187 2.010047 -0.02607488 -0.152965 1.983234 -0.0304203 -0.1323518 2.010047 -0.05126738 -0.1440906 1.983234 -0.05967783 -0.1206774 2.010047 -0.07471418 -0.1296796 1.983234 -0.08664202 -0.1048941 2.010047 -0.09561657 -0.1102843 1.983234 -0.1102764 -0.08553838 2.010047 -0.1132628 -0.08665132 1.983234 -0.129673 -0.06326961 2.010047 -0.127052 -0.05968809 1.983234 -0.1440863 -0.03884649 2.010047 -0.1365144 -0.03043127 1.983234 -0.1529622 -0.01310062 2.010047 -0.1413283 -4.29153e-6 1.983234 -0.15596 0.01309156 2.010047 -0.1413295 0.03042173 1.983234 -0.1529645 0.03883838 2.010047 -0.1365172 0.05967903 1.983233 -0.1440904 0.06326246 2.010047 -0.1270565 0.08664321 1.983233 -0.1296792 0.08553171 2.010047 -0.113269 0.1102776 1.983233 -0.1102845 0.1048889 2.010047 -0.09562444 0.1296749 1.983233 -0.08665156 0.1206741 2.010047 -0.074723 0.1440877 1.983233 -0.05968832 0.1323494 2.010047 -0.05127692 0.1529641 1.983233 -0.03043127 0.1395177 2.010047 -0.02608489 0.1419358 2.010047 -4.52995e-6 0.1233477 2.033925 -3.8147e-6 0.1212463 2.033925 -0.0226686 0.1150164 2.033925 -0.04456138 0.1048703 2.033925 -0.06493687 0.09115266 2.033925 -0.08310079 0.07432985 2.033925 -0.09843468 0.05497741 2.033925 -0.1104166 0.03749656 2.027501 -0.1234784 0.03749704 2.044481 -0.1061363 0.04492521 2.054099 -0.09022736 0.03749799 2.058723 -0.0864849 0.03749847 2.069921 -0.06495261 0.06073951 2.054099 -0.08043622 0.05303192 2.069921 -0.05303406 0.07448577 2.054099 -0.0679059 0.06495094 2.069921 -0.03750157 0.08569478 2.054099 -0.05306315 0.09398651 2.054099 -0.03641319 0.1007943 2.054099 -3.09944e-6 0.09907722 2.054099 -0.01852369 0.07500123 2.069921 -1.90735e-6 0.07244443 2.069921 -0.01941299 0.01265907 2.027501 -0.1284234 -0.01266622 2.027501 -0.1284227 -0.03750324 2.027501 -0.1234757 -0.05498361 2.033925 -0.1104128 -0.03750276 2.044481 -0.1061334 -0.04492998 2.054099 -0.09022426 -0.03750181 2.058723 -0.08648228 -0.03750133 2.069921 -0.06494975 -0.0607438 2.054099 -0.08043193 -0.0530343 2.069921 -0.05303025 -0.07448863 2.054099 -0.06790065 -0.06495237 2.069921 -0.0374968 -0.08569717 2.054099 -0.05305719 -0.09398746 2.054099 -0.03640651 -0.1150183 2.033925 -0.04455327 -0.1212468 2.033925 -0.02265977 -0.07244443 2.069921 -0.01940798 -0.09907722 2.054099 -0.01851654 -0.1233458 2.033925 5.00679e-6 -0.1007924 2.054099 4.29153e-6 -0.1048736 2.033925 -0.06492924 -0.09115648 2.033925 -0.08309435 -0.07433557 2.033925 -0.09842944 -0.09176158 1.632501 0.02459192 -0.09223747 1.962501 0.02273917 -0.09499931 1.962501 4.05312e-6 -0.08226966 1.632501 0.0475037 -0.08411598 1.962501 0.04415249 -0.07110595 1.962501 0.06299996 -0.06717205 1.632501 0.06717848 -0.0539627 1.962501 0.07818627 -0.04749679 1.632501 0.08227515 -0.0336833 1.962501 0.08882856 -0.02458381 1.632501 0.09176468 -0.01144647 1.962501 0.09430861 4.29153e-6 1.632501 0.09500098 0.01145505 1.962501 0.09430789 0.02459144 1.632501 0.09176301 0.03369092 1.962501 0.08882617 0.04750347 1.632501 0.08227157 0.05396938 1.962501 0.07818245 0.06717777 1.632501 0.06717371 0.07111167 1.962501 0.06299495 0.08227491 1.632501 0.04749798 0.08412027 1.962501 0.04414653 0.09176445 1.632501 0.02458524 0.09224128 1.962501 0.02273249 0.09500074 1.962501 -2.6226e-6 0.07727336 1.287501 -0.02070736 -0.07727432 1.287501 -0.02070212 -0.069283 1.287501 -0.03999662 0.0692811 1.287501 -0.04000186 -0.05657052 1.287501 -0.05656576 0.05656671 1.287501 -0.05656981 -0.04000186 1.287501 -0.06927967 0.03999757 1.287501 -0.06928277 -0.0207076 1.287501 -0.07727241 0.02070331 1.287501 -0.07727384 -2.38419e-6 1.287501 -0.07999944 0.09223937 1.962501 -0.02273726 0.09176254 1.632501 -0.02459025 0.08411741 1.962501 -0.04415082 0.08227157 1.632501 -0.04750204 0.07110691 1.962501 -0.06299853 0.067173 1.632501 -0.06717658 0.05396413 1.962501 -0.07818436 0.04749774 1.632501 -0.08227324 0.03368473 1.962501 -0.08882713 0.02458477 1.632501 -0.09176301 0.01144838 1.962501 -0.09430694 -2.38419e-6 1.632501 -0.09499931 -0.01145315 1.962501 -0.09430623 -0.02459049 1.632501 -0.09176135 -0.03368997 1.962501 -0.08882474 -0.04750251 1.632501 -0.0822699 -0.05396842 1.962501 -0.07818078 -0.06717681 1.632501 -0.06717205 -0.07111024 1.962501 -0.06299352 -0.082273 1.632501 -0.04749631 -0.08411931 1.962501 -0.04414486 -0.09176349 1.632501 -0.02458381 -0.09223937 1.962501 -0.02273082 -0.09223937 1.3025 -0.02273082 0.09223937 1.3025 -0.02273726 0.08411693 1.3025 -0.04415106 0.07110691 1.3025 -0.06299853 0.05396366 1.3025 -0.07818436 0.03368425 1.3025 -0.08882713 0.01144838 1.3025 -0.09430718 -0.01145362 1.3025 -0.09430623 -0.03368997 1.3025 -0.08882474 -0.0539689 1.3025 -0.07818078 -0.07111072 1.3025 -0.06299352 -0.08411979 1.3025 -0.04414486 0.1389946 1.962501 -0.02954864 0.09201526 1.962501 -0.02362799 0.1298136 1.962501 -0.05780148 0.08324813 1.962501 -0.04576873 0.1149592 1.962501 -0.08352804 0.06925058 1.962501 -0.06503391 0.09508085 1.962501 -0.1056034 0.05090141 1.962501 -0.08021211 0.07104587 1.962501 -0.1230638 0.02935409 1.962501 -0.09035062 0.04390716 1.962501 -0.1351456 0.0148487 1.962501 -0.1413209 0.005962371 1.962501 -0.09481191 -0.01485776 1.962501 -0.1413199 -0.01780414 1.962501 -0.09331583 -0.04391574 1.962501 -0.1351428 -0.04045152 1.962501 -0.08595633 -0.0710535 1.962501 -0.1230587 -0.06055688 1.962501 -0.07319569 -0.09508657 1.962501 -0.105597 -0.07685804 1.962501 -0.0558362 -0.114964 1.962501 -0.08351945 -0.129816 1.962501 -0.05779194 -0.08832979 1.962501 -0.03496789 -0.1389956 1.962501 -0.02953863 -0.09425067 1.962501 -0.01190257 -0.09424972 1.962501 0.01191067 -0.08832693 1.962501 0.03497576 -0.07685422 1.962501 0.05584311 -0.06055164 1.962501 0.07320189 -0.0404458 1.962501 0.08596086 -0.01779747 1.962501 0.0933187 0.005969047 1.962501 0.0948131 0.02936077 1.962501 0.09035015 0.05090713 1.962501 0.0802102 0.06925535 1.962501 0.06503033 0.08325147 1.962501 0.04576444 0.09201717 1.962501 0.02362322 -0.1395168 2.010047 0.02608609 -0.1212453 2.033925 0.02267003 -0.09907579 2.054099 0.01852488 -0.09398508 2.054099 0.0364151 -0.08569335 2.054099 0.05306482 -0.07448387 2.054099 0.06790757 -0.09115076 2.033925 0.08310222 -0.07432889 2.033925 0.09843635 -0.08553028 2.010047 0.1132707 -0.06326055 2.010047 0.1270582 -0.03883695 2.010047 0.1365191 -0.01309061 2.010047 0.1413311 0.01310205 2.010047 0.14133 0.03884792 2.010047 0.1365163 0.06327152 2.010047 0.1270539 0.08553981 2.010047 0.1132645 0.1048955 2.010047 0.09561824 0.1206793 2.010047 0.07471561 0.1323533 2.010047 0.05126881 0.1395196 2.010047 0.02607607 0.1212482 2.033925 0.0226612 0.09907865 2.054099 0.01851797 0.07244586 2.069921 0.01940965 0.09398889 2.054099 0.03640842 0.0649538 2.069921 0.03749847 0.0856986 2.054099 0.05305862 0.07449102 2.054099 0.06790232 0.1048746 2.033925 0.06493067 0.09115839 2.033925 0.08309578 -0.06073856 2.054099 0.08043789 -0.0549755 2.033925 0.1104183 -0.03749465 2.027501 0.1234803 -0.01265668 2.027501 0.1284255 0.01266813 2.027501 0.1284246 -0.04492378 2.054099 0.09022903 -0.03749513 2.044481 0.1061379 -0.03749608 2.058723 0.08648657 0.03750514 2.027501 0.1234776 0.05498552 2.033925 0.1104145 0.03750467 2.044481 0.1061351 0.04493141 2.054099 0.09022569 0.03750419 2.058723 0.08648395 0.03750324 2.069921 0.06495141 0.06074523 2.054099 0.0804336 0.05303573 2.069921 0.05303192 -0.1048874 2.010047 0.09562587 -0.1048688 2.033925 0.0649383 -0.1206722 2.010047 0.07472419 -0.115015 2.033925 0.04456305 -0.132348 2.010047 0.05127835 0.074337 2.033925 0.09843111 0.1150197 2.033925 0.04455471 -0.07244443 2.027501 -0.01940798 -0.06495237 2.027501 -0.0374968 -0.0530343 2.027501 -0.05303025 -0.03750133 2.027501 -0.06494975 0.03749847 2.027501 -0.06495261 0.05303192 2.027501 -0.05303406 0.06495094 2.027501 -0.03750157 0.07244443 2.027501 -0.01941299 0.07500076 2.027501 -1.90735e-6 0.07244586 2.027501 0.01940965 0.0649538 2.027501 0.03749847 0.05303573 2.027501 0.05303192 0.03750324 2.027501 0.06495141 0.09126853 1.298618 -0.02445793 0.08182907 1.298618 -0.04724669 0.06681203 1.298618 -0.06681537 0.04724216 1.298618 -0.08183073 0.02445268 1.298618 -0.09126925 -2.86102e-6 1.298618 -0.09448814 -0.0244584 1.298618 -0.09126758 -0.0472474 1.298618 -0.0818274 -0.06681537 1.298618 -0.0668106 -0.08183097 1.298618 -0.04724073 -0.09126996 1.298618 -0.02445149 0.08982133 1.295001 -0.02407026 0.08751916 1.291894 -0.02345299 0.08451843 1.28951 -0.02264857 0.08102416 1.288011 -0.02171254 0.07264328 1.288011 -0.04194283 0.05931186 1.288011 -0.05931496 0.04193925 1.288011 -0.07264471 0.02170801 1.288011 -0.08102393 -2.38419e-6 1.288011 -0.08388137 -0.02171325 1.288011 -0.0810225 -0.04194307 1.288011 -0.07264184 -0.0593152 1.288011 -0.05931091 -0.07264566 1.288011 -0.04193782 -0.08102416 1.288011 -0.02170658 -0.08451843 1.28951 -0.02264285 -0.08752012 1.291894 -0.02344679 -0.08982276 1.295001 -0.02406382 0.07577562 1.28951 -0.04375195 0.06187009 1.28951 -0.06187319 0.0437479 1.28951 -0.075778 0.02264404 1.28951 -0.08451867 -2.38419e-6 1.28951 -0.08749938 -0.02264928 1.28951 -0.084517 -0.04375219 1.28951 -0.0757749 -0.06187343 1.28951 -0.06186866 -0.07577848 1.28951 -0.0437467 0.07846689 1.291894 -0.04530525 0.06406688 1.291894 -0.06406998 0.04530143 1.291894 -0.07846832 0.02344799 1.291894 -0.0875194 -2.38419e-6 1.291894 -0.09060573 -0.02345371 1.291894 -0.08751773 -0.04530525 1.291894 -0.07846522 -0.06407022 1.291894 -0.06406545 -0.07846832 1.291894 -0.04529953 0.08053112 1.295001 -0.04649734 0.0657525 1.295001 -0.0657556 0.04649305 1.295001 -0.08053278 0.02406501 1.295001 -0.08982205 -2.86102e-6 1.295001 -0.09298968 -0.02407026 1.295001 -0.08982014 -0.04649782 1.295001 -0.08052968 -0.06575632 1.295001 -0.06575107 -0.08053302 1.295001 -0.04649162 0.153923 1.979695 -0.030622 0.1540098 1.976026 -0.03063941 0.1532192 1.972444 -0.03048229 0.1515998 1.969165 -0.03015971 0.1492466 1.966384 -0.02969193 0.1463027 1.964271 -0.0291059 0.1429433 1.962951 -0.02843785 0.1346487 1.962951 -0.05577778 0.137813 1.964271 -0.05708885 0.1240277 1.964271 -0.08287787 0.1265239 1.966384 -0.08454608 0.1075983 1.966384 -0.1076047 0.1092944 1.969165 -0.1093008 0.08587074 1.969165 -0.1285223 0.08678865 1.972444 -0.1298956 0.05977916 1.972444 -0.1443312 0.0600872 1.976026 -0.1450753 0.03063011 1.976026 -0.15401 0.03061246 1.979696 -0.153923 -4.76837e-6 1.979696 -0.1569378 -0.030622 1.979696 -0.1539211 -0.06006193 1.979696 -0.1449894 -0.08719491 1.979696 -0.1304857 -0.1109757 1.979696 -0.1109676 -0.1304922 1.979696 -0.08718514 -0.1449942 1.979696 -0.06005191 -0.1539239 1.979696 -0.03061079 -0.1540102 1.976026 -0.0306282 -0.1532206 1.972444 -0.03047108 -0.1516008 1.969165 -0.03014874 -0.1492481 1.966384 -0.0296812 -0.1463036 1.964271 -0.02909541 -0.1429433 1.962951 -0.02842736 -0.1346516 1.962951 -0.05576825 -0.1211843 1.962951 -0.08096599 -0.1030597 1.962951 -0.1030521 -0.08097505 1.962951 -0.1211776 -0.05577754 1.962951 -0.1346466 -0.02843713 1.962951 -0.1429414 -4.29153e-6 1.962951 -0.1457428 0.02842903 1.962951 -0.1429436 0.05576944 1.962951 -0.1346507 0.08096742 1.962951 -0.1211833 0.1030535 1.962951 -0.1030597 0.1211795 1.962951 -0.08097457 0.06005382 1.979695 -0.1449937 0.08723545 1.976026 -0.1305654 0.1104626 1.972444 -0.1104688 0.1285181 1.969165 -0.08587837 0.1405863 1.966384 -0.05823802 0.08718681 1.979695 -0.1304917 0.1110324 1.976026 -0.1110384 0.1298913 1.972444 -0.08679604 0.1428027 1.969165 -0.0591557 0.110969 1.979695 -0.1109757 0.1305613 1.976026 -0.08724379 0.1443285 1.972444 -0.05978798 0.1304874 1.979695 -0.08719468 0.1450724 1.976026 -0.06009626 0.1449909 1.979695 -0.0600624 0.1054759 1.964271 -0.1054818 0.0845375 1.966384 -0.126528 0.05914735 1.969165 -0.1428048 0.03047275 1.972444 -0.1532199 -4.29153e-6 1.976026 -0.1570262 0.08287 1.964271 -0.1240317 0.05822896 1.966384 -0.1405889 0.03015089 1.969165 -0.1516001 -4.29153e-6 1.972444 -0.1562206 -0.03063964 1.976026 -0.1540081 0.05708074 1.964271 -0.1378154 0.02968215 1.966384 -0.1492476 -4.76837e-6 1.969165 -0.1545691 -0.03048229 1.972444 -0.1532177 -0.06009626 1.976026 -0.145071 0.02909755 1.964271 -0.1463034 -4.29153e-6 1.966384 -0.1521704 -0.03015947 1.969165 -0.1515979 -0.05978822 1.972444 -0.1443269 -0.08724355 1.976026 -0.1305592 -4.29153e-6 1.964271 -0.1491684 -0.02969169 1.966384 -0.1492452 -0.05915546 1.969165 -0.1428008 -0.0867958 1.972444 -0.1298894 -0.1110382 1.976026 -0.1110301 -0.02910566 1.964271 -0.1463012 -0.05823755 1.966384 -0.1405849 -0.08587837 1.969165 -0.1285161 -0.1104688 1.972444 -0.1104607 -0.1305656 1.976026 -0.08723425 -0.05708837 1.964271 -0.1378114 -0.08454561 1.966384 -0.126522 -0.109301 1.969165 -0.1092927 -0.1298956 1.972444 -0.08678674 -0.1450757 1.976026 -0.06008577 -0.08287763 1.964271 -0.1240258 -0.1076049 1.966384 -0.1075968 -0.1285223 1.969165 -0.08586907 -0.1443319 1.972444 -0.05977749 -0.1054816 1.964271 -0.1054742 -0.1265277 1.966384 -0.08453655 -0.142806 1.969165 -0.05914545 -0.1240324 1.964271 -0.08286905 -0.1405897 1.966384 -0.05822777 -0.1378164 1.964271 -0.05707907 0.5947905 -1.562501 1.594562 0.5947905 -1.437501 1.594562 0.5904837 -1.562501 1.572069 0.5904837 -1.437501 1.572069 0.5916853 -1.437501 1.549199 0.5916853 -1.562501 1.549199 0.5983253 -1.437501 1.52728 0.5983253 -1.562501 1.52728 0.6100183 -1.437501 1.507588 0.6100178 -1.562501 1.507588 0.6260834 -1.437501 1.491266 0.6260834 -1.562501 1.491266 0.6455879 -1.437501 1.479263 0.6455879 -1.562501 1.479263 0.667398 -1.437501 1.472276 0.667398 -1.562501 1.472276 0.6902466 -1.437501 1.470712 0.6902466 -1.562501 1.470712 0.7128053 -1.437501 1.474661 0.7128053 -1.562501 1.474661 0.7337637 -1.437501 1.483896 0.7337637 -1.562501 1.483896 0.7519035 -1.437501 1.497876 0.7519035 -1.562501 1.497876 0.7661696 -1.437501 1.515792 0.7661696 -1.562501 1.515792 0.775734 -1.562501 1.536601 0.775734 -1.437501 1.536601 -0.09047174 -1.562501 0.02898216 -0.09047174 -1.437501 0.02898216 -0.09477901 -1.562501 0.0064888 -0.09477853 -1.437501 0.0064888 -0.0935769 -1.437501 -0.0163815 -0.09357738 -1.562501 -0.0163815 -0.08693742 -1.437501 -0.03829979 -0.08693742 -1.562501 -0.03829979 -0.07524538 -1.437501 -0.05799245 -0.07524538 -1.562501 -0.05799245 -0.05917978 -1.437501 -0.07431411 -0.05917978 -1.562501 -0.07431435 -0.03967475 -1.437501 -0.0863173 -0.03967475 -1.562501 -0.0863173 -0.01786518 -1.437501 -0.09330391 -0.01786518 -1.562501 -0.09330391 0.004983425 -1.437501 -0.0948677 0.004983425 -1.562501 -0.0948677 0.02754211 -1.437501 -0.09091806 0.02754211 -1.562501 -0.09091806 0.04850053 -1.437501 -0.08168482 0.04850053 -1.562501 -0.08168506 0.0666399 -1.437501 -0.0677042 0.0666399 -1.562501 -0.0677042 0.08090686 -1.437501 -0.04978847 0.08090686 -1.562501 -0.04978847 0.09047079 -1.562501 -0.02897953 0.09047079 -1.437501 -0.0289793 0.1905188 -1.437501 1.682692 0.1905188 -1.562501 1.682692 0.1936984 -1.437501 1.695448 0.1936984 -1.562501 1.695448 0.1972122 -1.562501 1.708116 0.1972122 -1.437501 1.708116 0.2010579 -1.562501 1.720687 0.2010579 -1.437501 1.720687 0.9467368 -1.562501 3.266915 0.9467378 -1.437501 3.266915 0.94243 -1.562501 3.244421 0.94243 -1.437501 3.244421 0.9436317 -1.437501 3.221551 0.9436317 -1.562501 3.221551 0.9502721 -1.437501 3.199632 0.9502711 -1.562501 3.199632 0.9619651 -1.437501 3.17994 0.9619651 -1.562501 3.17994 0.9780297 -1.437501 3.163619 0.9780297 -1.562501 3.163619 0.9975343 -1.437501 3.151616 0.9975343 -1.562501 3.151616 1.019343 -1.437501 3.144628 1.019344 -1.562501 3.144628 1.042193 -1.437501 3.143064 1.042193 -1.562501 3.143064 1.064752 -1.437501 3.147014 1.064752 -1.562501 3.147014 1.08571 -1.437501 3.156247 1.085709 -1.562501 3.156247 1.103849 -1.437501 3.170228 1.103849 -1.562501 3.170228 1.118115 -1.437501 3.188144 1.118115 -1.562501 3.188144 1.127681 -1.562501 3.208953 1.12768 -1.437501 3.208953 0.8873301 -1.837501 2.206562 0.8873301 -1.562501 2.206562 0.8915339 -1.837501 2.192726 0.8915339 -1.562501 2.192726 0.8989258 -1.562501 2.1803 0.8989258 -1.837501 2.1803 0.9090757 -1.562501 2.17 0.9090757 -1.837501 2.17 0.9213953 -1.562501 2.162431 0.9213953 -1.837501 2.162431 0.9351683 -1.562501 2.158028 0.9351683 -1.837501 2.158028 0.9495945 -1.562501 2.157045 0.9495936 -1.837501 2.157045 0.9638357 -1.562501 2.159543 0.9638357 -1.837501 2.159543 0.977067 -1.562501 2.165379 0.977067 -1.837501 2.165379 0.9885178 -1.562501 2.174207 0.9885178 -1.837501 2.174207 0.9975243 -1.562501 2.185519 0.9975243 -1.837501 2.185519 1.003562 -1.562501 2.198659 1.003562 -1.837501 2.198659 0.5947905 -1.962501 1.594562 0.5947905 -1.837501 1.594562 0.5904837 -1.962501 1.572069 0.5904837 -1.837501 1.572069 0.5916853 -1.837501 1.549199 0.5916853 -1.962501 1.549199 0.5983253 -1.837501 1.52728 0.5983248 -1.962501 1.52728 0.6100178 -1.837501 1.507588 0.6100178 -1.962501 1.507588 0.6260834 -1.837501 1.491266 0.6260834 -1.962501 1.491266 0.6455875 -1.837501 1.479263 0.6455875 -1.962501 1.479263 0.667398 -1.837501 1.472276 0.667398 -1.962501 1.472276 0.6902466 -1.837501 1.470712 0.6902466 -1.962501 1.470712 0.7128053 -1.837501 1.474661 0.7128053 -1.962501 1.474661 0.7337637 -1.837501 1.483896 0.7337637 -1.962501 1.483896 0.7519035 -1.837501 1.497876 0.7519031 -1.962501 1.497876 0.7661691 -1.837501 1.515792 0.7661691 -1.962501 1.515792 0.775734 -1.962501 1.536601 0.775734 -1.837501 1.536601 -0.09047222 -1.962501 0.02898216 -0.09047222 -1.837501 0.02898216 -0.09477901 -1.962501 0.0064888 -0.09477901 -1.837501 0.0064888 -0.09357738 -1.837501 -0.0163815 -0.09357738 -1.962501 -0.0163815 -0.08693742 -1.837501 -0.03829979 -0.08693742 -1.962501 -0.03829979 -0.07524538 -1.837501 -0.05799245 -0.07524538 -1.962501 -0.05799245 -0.05917978 -1.837501 -0.07431435 -0.05917978 -1.962501 -0.07431435 -0.03967523 -1.837501 -0.0863173 -0.03967523 -1.962501 -0.0863173 -0.01786518 -1.837501 -0.09330391 -0.01786518 -1.962501 -0.09330391 0.004983425 -1.837501 -0.0948677 0.004983425 -1.962501 -0.0948677 0.02754211 -1.837501 -0.09091806 0.02754211 -1.962501 -0.09091806 0.04850053 -1.837501 -0.08168506 0.04850006 -1.962501 -0.08168506 0.0666399 -1.837501 -0.0677042 0.06663942 -1.962501 -0.0677042 0.08090639 -1.837501 -0.04978847 0.08090639 -1.962501 -0.04978847 0.09047079 -1.962501 -0.02897953 0.09047079 -1.837501 -0.02897953 0.9467368 -1.962501 3.266915 0.9467368 -1.837501 3.266915 0.94243 -1.962501 3.244421 0.94243 -1.837501 3.244421 0.9436317 -1.837501 3.221551 0.9436317 -1.962501 3.221551 0.9502711 -1.837501 3.199632 0.9502711 -1.962501 3.199632 0.9619641 -1.837501 3.17994 0.9619641 -1.962501 3.17994 0.9780297 -1.837501 3.163619 0.9780297 -1.962501 3.163619 0.9975343 -1.837501 3.151616 0.9975343 -1.962501 3.151616 1.019344 -1.837501 3.144628 1.019344 -1.962501 3.144628 1.042193 -1.837501 3.143064 1.042193 -1.962501 3.143064 1.064752 -1.837501 3.147014 1.064752 -1.962501 3.147014 1.085709 -1.837501 3.156247 1.085709 -1.962501 3.156247 1.103849 -1.837501 3.170228 1.103849 -1.962501 3.170228 1.118115 -1.837501 3.188144 1.118115 -1.962501 3.188144 1.127681 -1.962501 3.208953 1.127681 -1.837501 3.208953 0.1905188 -1.837501 1.682692 0.1905188 -1.962501 1.682692 0.1936984 -1.837501 1.695448 0.1936984 -1.962501 1.695448 0.1972122 -1.962501 1.708116 0.1972122 -1.837501 1.708116 0.2010574 -1.962501 1.720687 0.2010574 -1.837501 1.720687 0.2052321 -1.962501 1.733154 0.2052326 -1.837501 1.733154 0.209733 -1.962501 1.745505 0.209733 -1.837501 1.745505 0.2145581 -1.837501 1.757735 0.2145576 -1.962501 1.757735 -0.194683 -1.9625 0.04581546 -0.194683 -1.8375 0.04581546 -0.1996912 -1.837501 0.01111602 -0.1996912 -1.962501 0.01111602 -0.198564 -1.837501 -0.02392458 -0.198564 -1.962501 -0.02392458 -0.1913356 -1.837501 -0.05823016 -0.1913361 -1.962501 -0.0582304 -0.1782274 -1.837501 -0.0907464 -0.1782274 -1.962501 -0.0907464 -0.1596431 -1.837501 -0.1204738 -0.1596431 -1.962501 -0.1204738 -0.1361532 -1.837501 -0.1464996 -0.1361532 -1.962501 -0.1464996 -0.108479 -1.837501 -0.1680235 -0.108479 -1.962501 -0.1680235 -0.0774722 -1.837501 -0.1843845 -0.0774722 -1.962501 -0.1843845 -0.04408407 -1.837501 -0.1950795 -0.04408407 -1.962501 -0.1950795 -0.009341716 -1.837501 -0.1997802 -0.009341716 -1.962501 -0.1997802 0.02568721 -1.837501 -0.1983418 0.02568721 -1.962501 -0.1983418 0.05992794 -1.837501 -0.1908087 0.05992746 -1.962501 -0.1908087 0.09232616 -1.837501 -0.1774127 0.09232616 -1.962501 -0.1774127 0.1218876 -1.837501 -0.158565 0.1218876 -1.962501 -0.158565 0.1477036 -1.837501 -0.1348447 0.1477036 -1.962501 -0.1348447 0.1689815 -1.837501 -0.1069812 0.1689815 -1.962501 -0.1069812 0.1850657 -1.837501 -0.07582998 0.1850657 -1.962501 -0.07582998 0.9441319 -1.962501 1.442496 0.9441319 -1.837501 1.442496 0.9543867 -1.962501 1.465938 0.9543877 -1.837501 1.465938 0.9621935 -1.962501 1.490306 0.9621935 -1.837501 1.490306 0.9674673 -1.962501 1.515345 0.9674673 -1.837501 1.515345 1.231891 -1.962501 3.19212 1.231891 -1.837501 3.19212 1.236899 -1.837501 3.226818 1.236899 -1.962501 3.226818 1.235773 -1.837501 3.261861 1.235773 -1.962501 3.261861 1.228543 -1.837501 3.296166 1.228543 -1.962501 3.296166 1.215435 -1.837501 3.328681 1.215435 -1.962501 3.328681 1.196851 -1.837501 3.35841 1.196851 -1.962501 3.35841 1.173361 -1.837501 3.384436 1.173361 -1.962501 3.384436 1.145686 -1.837501 3.405959 1.145686 -1.962501 3.405959 1.11468 -1.837501 3.42232 1.11468 -1.962501 3.42232 1.081293 -1.837501 3.433016 1.081293 -1.962501 3.433016 1.04655 -1.837501 3.437716 1.04655 -1.962501 3.437716 1.011521 -1.837501 3.436278 1.011521 -1.962501 3.436278 0.9772811 -1.837501 3.428745 0.9772811 -1.962501 3.428745 0.9448829 -1.837501 3.415349 0.9448829 -1.962501 3.415349 0.9153209 -1.837501 3.396502 0.9153209 -1.962501 3.396502 0.8895044 -1.837501 3.37278 0.8895044 -1.962501 3.37278 0.8682275 -1.837501 3.344916 0.8682275 -1.962501 3.344916 0.8521419 -1.837501 3.313765 0.8521419 -1.962501 3.313765 1.131986 -1.962501 3.231446 1.131986 -1.837501 3.231446 1.130785 -1.837501 3.254316 1.130785 -1.962501 3.254316 1.124145 -1.837501 3.276235 1.124145 -1.962501 3.276235 1.112452 -1.837501 3.295927 1.112452 -1.962501 3.295927 1.096388 -1.837501 3.312251 1.096388 -1.962501 3.312251 1.076884 -1.837501 3.324253 1.076884 -1.962501 3.324253 1.055073 -1.837501 3.331239 1.055073 -1.962501 3.331239 1.032224 -1.837501 3.332802 1.032224 -1.962501 3.332802 1.009666 -1.837501 3.328855 1.009666 -1.962501 3.328855 0.988708 -1.837501 3.31962 0.988708 -1.962501 3.31962 0.9705682 -1.837501 3.305639 0.9705682 -1.962501 3.305639 0.9563012 -1.837501 3.287724 0.9563012 -1.962501 3.287724 0.09477758 -1.962501 -0.006485939 0.09477758 -1.837501 -0.006485939 0.09357595 -1.837501 0.01638436 0.09357595 -1.962501 0.01638436 0.08693599 -1.837501 0.03830289 0.08693599 -1.962501 0.03830289 0.07524394 -1.837501 0.05799508 0.07524394 -1.962501 0.05799508 0.05917882 -1.837501 0.07431721 0.05917882 -1.962501 0.07431721 0.0396738 -1.837501 0.08632016 0.0396738 -1.962501 0.08632016 0.01786375 -1.837501 0.09330677 0.01786375 -1.962501 0.09330677 -0.004984855 -1.837501 0.09487056 -0.004984855 -1.962501 0.09487056 -0.02754354 -1.837501 0.09092116 -0.02754354 -1.962501 0.09092116 -0.04850149 -1.837501 0.08168745 -0.04850196 -1.962501 0.08168745 -0.06664085 -1.837501 0.06770706 -0.06664085 -1.962501 0.06770706 -0.08090782 -1.837501 0.04979133 -0.08090782 -1.962501 0.04979133 0.7800398 -1.962501 1.559094 0.7800398 -1.837501 1.559094 0.7788391 -1.837501 1.581964 0.7788391 -1.962501 1.581964 0.7721987 -1.837501 1.603883 0.7721987 -1.962501 1.603883 0.7605066 -1.837501 1.623576 0.7605066 -1.962501 1.623576 0.744441 -1.837501 1.639898 0.744441 -1.962501 1.639898 0.724937 -1.837501 1.6519 0.724937 -1.962501 1.6519 0.703126 -1.837501 1.658887 0.703126 -1.962501 1.658887 0.6802778 -1.837501 1.660451 0.6802778 -1.962501 1.660451 0.6577191 -1.837501 1.656502 0.6577191 -1.962501 1.656502 0.6367612 -1.837501 1.647268 0.6367607 -1.962501 1.647268 0.6186214 -1.837501 1.633287 0.6186214 -1.962501 1.633287 0.6043553 -1.837501 1.615372 0.6043553 -1.962501 1.615372 0.9439664 -1.962501 3.219745 0.9514194 -1.962501 3.197127 0.6048398 -1.962501 1.616151 0.9642625 -1.962501 3.177074 0.981689 -1.962501 3.160846 0.9423719 -1.962501 3.243505 0.9567866 -1.962501 3.288503 0.971889 -1.962501 3.306914 0.991096 -1.962501 3.320992 1.013201 -1.962501 3.329851 1.036813 -1.962501 3.332932 1.060452 -1.962501 3.330047 1.08263 -1.962501 3.321373 1.101953 -1.962501 3.307456 1.117208 -1.962501 3.28917 1.127436 -1.962501 3.267664 1.131995 -1.962501 3.244293 1.130599 -1.962501 3.22052 1.123334 -1.962501 3.197842 0.7800489 -1.962501 1.571941 0.7754898 -1.962501 1.595314 0.7652612 -1.962501 1.616819 0.7713881 -1.962501 1.52549 0.7786522 -1.962501 1.548168 0.7587118 -1.962501 1.505331 0.7414208 -1.962501 1.488958 0.7206011 -1.962501 1.477399 0.6975603 -1.962501 1.471381 0.6737475 -1.962501 1.471282 0.6506577 -1.962501 1.477108 0.09478664 -1.962501 0.00636053 0.6297422 -1.962501 1.488494 0.09022712 -1.962501 0.02973341 0.6123157 -1.962501 1.504723 0.07999849 -1.962501 0.05123805 0.5994721 -1.962501 1.524776 0.06474351 -1.962501 0.06952309 0.5920191 -1.962501 1.547393 0.04541921 -1.962501 0.08344006 0.02324247 -1.962501 0.09211421 0.09338998 -1.962501 -0.01741194 0.08612537 -1.962501 -0.04008984 0.07344913 -1.962501 -0.06024909 0.05615806 -1.962501 -0.07662248 0.03533792 -1.962501 -0.08818125 0.01229763 -1.962501 -0.09419941 -0.01151514 -1.962501 -0.09429812 -0.03460454 -1.962501 -0.08847188 -0.05552005 -1.962501 -0.07708644 -0.07294702 -1.962501 -0.06085777 -0.08579015 -1.962501 -0.04080438 -0.09324312 -1.962501 -0.01818752 -0.09483718 -1.962501 0.005572319 -0.08042287 -1.962501 0.05057096 -0.06531953 -1.962501 0.0689826 -0.04611301 -1.962501 0.08305954 0.5904255 -1.962501 1.571153 -3.95775e-4 -1.962501 0.09500074 -0.02400875 -1.962501 0.09191799 1.002604 -1.962501 3.14946 0.6199432 -1.962501 1.634563 1.025693 -1.962501 3.143633 1.049507 -1.962501 3.143732 0.6391497 -1.962501 1.64864 1.072547 -1.962501 3.149751 0.6612549 -1.962501 1.657498 1.093367 -1.962501 3.16131 0.6848669 -1.962501 1.660582 1.110658 -1.962501 3.177683 0.7085047 -1.962501 1.657694 0.7306824 -1.962501 1.64902 0.7500057 -1.962501 1.635103 -0.0861268 -1.837501 0.0400927 -0.07345056 -1.837501 0.06025218 -0.09339094 -1.837501 0.01741456 -0.09478759 -1.837501 -0.006357908 -0.09022855 -1.837501 -0.02973055 -0.07999992 -1.837501 -0.05123496 -0.06474399 -1.837501 -0.06952047 -0.04542064 -1.837501 -0.0834372 -0.0232439 -1.837501 -0.09211134 3.94344e-4 -1.837501 -0.09499788 0.02400732 -1.837501 -0.09191513 0.04611158 -1.837501 -0.08305692 0.06531906 -1.837501 -0.06897974 0.08042144 -1.837501 -0.05056834 0.09483575 -1.837501 -0.005569696 0.7505813 -1.837501 1.4966 0.7313748 -1.837501 1.482523 0.7092695 -1.837501 1.473665 0.7656846 -1.837501 1.515012 1.006192 -1.837501 2.211714 1.002797 -1.837501 2.196423 0.9955597 -1.837501 2.182532 1.11763 -1.837501 3.187365 1.005513 -1.837501 2.227363 1.102528 -1.837501 3.168953 0.9049792 -1.837501 2.798583 1.08332 -1.837501 3.154876 1.061217 -1.837501 3.146018 1.132045 -1.837501 3.232363 1.13045 -1.837501 3.256122 1.122998 -1.837501 3.278739 1.110155 -1.837501 3.298794 1.092728 -1.837501 3.315021 1.071813 -1.837501 3.326407 1.048724 -1.837501 3.332234 1.02491 -1.837501 3.332135 1.00187 -1.837501 3.326117 0.98105 -1.837501 3.314558 0.963759 -1.837501 3.298184 0.9510827 -1.837501 3.278025 0.9438186 -1.837501 3.255347 0.7895126 -1.837501 2.808722 0.7967486 -1.837501 2.822612 0.9424214 -1.837501 3.231574 0.8073344 -1.837501 2.834158 0.8205471 -1.837501 2.84257 0.5918717 -1.837501 1.582995 -0.05615949 -1.837501 0.07662534 -0.03533935 -1.837501 0.08818411 0.7867956 -1.837501 2.777783 0.6118121 -1.837501 1.625833 0.6291037 -1.837501 1.642205 0.6499233 -1.837501 1.653765 0.7861166 -1.837501 2.79343 0.5991364 -1.837501 1.605673 0.9469819 -1.837501 3.208202 0.8354869 -1.837501 2.847274 0.9572101 -1.837501 3.186697 0.8511357 -1.837501 2.847953 0.972465 -1.837501 3.168413 0.866426 -1.837501 2.844557 0.8803172 -1.837501 2.837321 0.9917884 -1.837501 3.154494 0.8918624 -1.837501 2.826735 1.013966 -1.837501 3.14582 0.9002738 -1.837501 2.813521 0.7800989 -1.837501 1.56001 0.9849749 -1.837501 2.170987 0.7785044 -1.837501 1.583771 0.9717617 -1.837501 2.162576 0.9568224 -1.837501 2.15787 0.7710524 -1.837501 1.606388 0.9411736 -1.837501 2.157191 0.7582088 -1.837501 1.626441 0.9258833 -1.837501 2.160587 0.7407823 -1.837501 1.64267 0.9119911 -1.837501 2.167823 0.7198668 -1.837501 1.654055 0.9004469 -1.837501 2.178409 0.8920355 -1.837501 2.191622 0.6967769 -1.837501 1.659881 0.6729636 -1.837501 1.659782 1.037603 -1.837501 3.142935 -0.01229906 -1.837501 0.0942018 0.01151418 -1.837501 0.09430122 0.5904756 -1.837501 1.559223 0.03460407 -1.837501 0.08847475 0.0555191 -1.837501 0.07708954 0.5950346 -1.837501 1.53585 0.07294607 -1.837501 0.06086039 0.6052637 -1.837501 1.514345 0.08578872 -1.837501 0.04080748 0.6205187 -1.837501 1.49606 0.09324169 -1.837501 0.01819014 0.639842 -1.837501 1.482143 0.6620193 -1.837501 1.473469 0.6856566 -1.837501 1.470583 1.005513 -1.562501 2.227363 0.9049792 -1.562501 2.798583 1.00576 -1.837501 2.208078 1.005761 -1.562501 2.208078 1.006417 -1.837501 2.21773 1.006417 -1.562501 2.21773 0.9002738 -1.562501 2.813521 0.8918624 -1.562501 2.826735 0.8803172 -1.562501 2.837321 0.866426 -1.562501 2.844557 0.8511357 -1.562501 2.847953 0.8354869 -1.562501 2.847274 0.8205476 -1.562501 2.84257 0.8073344 -1.562501 2.834158 0.7967486 -1.562501 2.822612 0.7895126 -1.562501 2.808722 0.7861171 -1.562501 2.79343 0.7867956 -1.562501 2.777783 1.131987 -1.562501 3.231446 1.131986 -1.437501 3.231446 1.130784 -1.437501 3.254316 1.130785 -1.562501 3.254316 1.124145 -1.437501 3.276235 1.124145 -1.562501 3.276235 1.112452 -1.437501 3.295927 1.112452 -1.562501 3.295927 1.096388 -1.437501 3.312251 1.096388 -1.562501 3.312251 1.076884 -1.437501 3.324253 1.076884 -1.562501 3.324253 1.055073 -1.437501 3.331239 1.055073 -1.562501 3.331239 1.032224 -1.437501 3.332802 1.032224 -1.562501 3.332802 1.009666 -1.437501 3.328855 1.009666 -1.562501 3.328855 0.988708 -1.437501 3.31962 0.988708 -1.562501 3.31962 0.9705682 -1.437501 3.305639 0.9705682 -1.562501 3.305639 0.9563012 -1.437501 3.287724 0.9563012 -1.562501 3.287724 0.2145581 -1.437501 1.757735 0.8521419 -1.437501 3.313765 0.2145581 -1.562501 1.757735 0.8521419 -1.562501 3.313765 0.8682275 -1.562501 3.344916 0.8682275 -1.437501 3.344916 0.8895044 -1.562501 3.37278 0.8895044 -1.437501 3.37278 0.9153209 -1.562501 3.396502 0.9153209 -1.437501 3.396502 0.9448829 -1.562501 3.415349 0.9448829 -1.437501 3.415349 0.9772811 -1.562501 3.428745 0.9772811 -1.437501 3.428745 1.011521 -1.562501 3.436278 1.011521 -1.437501 3.436278 1.04655 -1.562501 3.437716 1.04655 -1.437501 3.437716 1.081293 -1.562501 3.433016 1.081293 -1.437501 3.433016 1.11468 -1.562501 3.42232 1.11468 -1.437501 3.42232 1.145686 -1.562501 3.405959 1.145686 -1.437501 3.405959 1.173361 -1.562501 3.384436 1.173361 -1.437501 3.384436 1.196851 -1.562501 3.35841 1.196851 -1.437501 3.35841 1.215435 -1.562501 3.328681 1.215436 -1.437501 3.328681 1.228543 -1.562501 3.296166 1.228543 -1.437501 3.296166 1.235773 -1.562501 3.261861 1.235773 -1.437501 3.261861 1.236899 -1.562501 3.226818 1.236899 -1.437501 3.226818 1.231891 -1.562501 3.19212 1.23189 -1.437501 3.19212 0.9674673 -1.437501 1.515345 0.9674673 -1.562501 1.515345 0.9621935 -1.437501 1.490306 0.9621935 -1.562501 1.490306 0.9543877 -1.437501 1.465938 0.9543877 -1.562501 1.465938 0.9441328 -1.437501 1.442496 0.9441328 -1.562501 1.442496 0.1850662 -1.437501 -0.07582998 0.1850662 -1.562501 -0.07582998 0.1689815 -1.562501 -0.1069812 0.1689815 -1.437501 -0.1069812 0.1477036 -1.562501 -0.1348447 0.1477036 -1.437501 -0.1348447 0.1218881 -1.562501 -0.158565 0.1218881 -1.437501 -0.158565 0.09232664 -1.562501 -0.1774127 0.09232664 -1.437501 -0.1774127 0.05992794 -1.562501 -0.1908087 0.05992794 -1.437501 -0.1908087 0.02568721 -1.562501 -0.1983418 0.02568769 -1.437501 -0.1983418 -0.009341239 -1.562501 -0.1997802 -0.009341239 -1.437501 -0.1997802 -0.04408407 -1.562501 -0.1950795 -0.04408407 -1.437501 -0.1950795 -0.0774722 -1.562501 -0.1843845 -0.0774722 -1.437501 -0.1843845 -0.108479 -1.562501 -0.1680235 -0.108479 -1.437501 -0.1680235 -0.1361532 -1.562501 -0.1464996 -0.1361532 -1.437501 -0.1464996 -0.1596431 -1.562501 -0.1204738 -0.1596431 -1.437501 -0.1204738 -0.1782274 -1.562501 -0.0907464 -0.1782274 -1.437501 -0.0907464 -0.1913356 -1.562501 -0.05823016 -0.1913356 -1.437501 -0.05823016 -0.198564 -1.562501 -0.02392458 -0.198564 -1.437501 -0.02392458 -0.1996912 -1.562501 0.01111626 -0.1996912 -1.437501 0.01111626 -0.1946825 -1.562501 0.04581546 -0.1946825 -1.4375 0.04581546 0.2052326 -1.562501 1.733154 0.2052326 -1.437501 1.733154 0.2097334 -1.562501 1.745505 0.2097334 -1.437501 1.745505 0.09477758 -1.562501 -0.006485939 0.09477758 -1.437501 -0.006485939 0.09357595 -1.437501 0.01638436 0.09357595 -1.562501 0.01638436 0.08693647 -1.437501 0.03830289 0.08693647 -1.562501 0.03830289 0.07524442 -1.437501 0.05799508 0.07524442 -1.562501 0.05799508 0.05917882 -1.437501 0.07431721 0.05917882 -1.562501 0.07431721 0.0396738 -1.437501 0.08632016 0.0396738 -1.562501 0.08632016 0.01786375 -1.437501 0.09330677 0.01786375 -1.562501 0.09330677 -0.004984378 -1.437501 0.09487056 -0.004984378 -1.562501 0.09487056 -0.02754306 -1.437501 0.09092116 -0.02754306 -1.562501 0.09092116 -0.04850149 -1.437501 0.08168745 -0.04850149 -1.562501 0.08168745 -0.06664085 -1.437501 0.06770706 -0.06664085 -1.562501 0.06770706 -0.08090782 -1.437501 0.04979133 -0.08090782 -1.562501 0.04979133 0.5918717 -1.437501 1.582995 0.5991368 -1.437501 1.605673 0.9469819 -1.437501 3.208202 0.9572101 -1.437501 3.186697 0.9424214 -1.437501 3.231574 0.9438186 -1.437501 3.255347 0.9510827 -1.437501 3.278025 0.963759 -1.437501 3.298184 0.981051 -1.437501 3.314558 1.001871 -1.437501 3.326117 1.02491 -1.437501 3.332135 1.048725 -1.437501 3.332234 1.071814 -1.437501 3.326407 1.092728 -1.437501 3.315021 1.110155 -1.437501 3.298794 1.122998 -1.437501 3.278739 1.13045 -1.437501 3.256122 1.132044 -1.437501 3.232363 1.11763 -1.437501 3.187365 0.7785044 -1.437501 1.583771 0.7710524 -1.437501 1.606388 0.7582092 -1.437501 1.626441 0.7800989 -1.437501 1.56001 0.7505818 -1.437501 1.4966 0.7656851 -1.437501 1.515012 0.09483575 -1.437501 -0.005569458 0.09324216 -1.437501 0.01819038 0.08042144 -1.437501 -0.05056834 0.06531906 -1.437501 -0.06897974 0.04611158 -1.437501 -0.08305668 0.02400732 -1.437501 -0.09191513 3.94344e-4 -1.437501 -0.09499788 -0.0232439 -1.437501 -0.09211134 -0.04542064 -1.437501 -0.0834372 -0.06474399 -1.437501 -0.06952047 -0.07999944 -1.437501 -0.05123496 -0.09022855 -1.437501 -0.02973055 -0.09478759 -1.437501 -0.006357908 -0.09339046 -1.437501 0.01741456 -0.0861268 -1.437501 0.0400927 -0.07345008 -1.437501 0.06025218 -0.05615949 -1.437501 0.07662534 -0.03533887 -1.437501 0.08818411 -0.01229906 -1.437501 0.09420204 0.01151418 -1.437501 0.09430122 0.590476 -1.437501 1.559223 0.03460407 -1.437501 0.08847475 0.0555191 -1.437501 0.07708954 0.5950351 -1.437501 1.53585 0.07294654 -1.437501 0.06086039 0.6052637 -1.437501 1.514345 0.0857892 -1.437501 0.04080748 0.6205187 -1.437501 1.49606 0.639842 -1.437501 1.482143 0.6620197 -1.437501 1.473469 0.6856566 -1.437501 1.470583 0.972466 -1.437501 3.168413 0.9917884 -1.437501 3.154494 0.6118121 -1.437501 1.625833 1.013966 -1.437501 3.14582 1.037603 -1.437501 3.142935 0.6291041 -1.437501 1.642205 1.061216 -1.437501 3.146018 0.6499238 -1.437501 1.653765 1.083321 -1.437501 3.154876 0.6729641 -1.437501 1.659782 1.102528 -1.437501 3.168953 0.6967774 -1.437501 1.659881 0.7198668 -1.437501 1.654055 0.7407827 -1.437501 1.64267 0.7092695 -1.437501 1.473665 0.7313748 -1.437501 1.482523 0.7800403 -1.562501 1.559094 0.7800403 -1.437501 1.559094 0.7788391 -1.437501 1.581964 0.7788391 -1.562501 1.581964 0.7721992 -1.437501 1.603883 0.7721992 -1.562501 1.603883 0.7605066 -1.437501 1.623576 0.7605066 -1.562501 1.623576 0.7444415 -1.437501 1.639898 0.7444415 -1.562501 1.639898 0.724937 -1.437501 1.6519 0.724937 -1.562501 1.6519 0.7031264 -1.437501 1.658887 0.7031264 -1.562501 1.658887 0.6802783 -1.437501 1.660451 0.6802783 -1.562501 1.660451 0.6577196 -1.437501 1.656502 0.6577196 -1.562501 1.656502 0.6367612 -1.437501 1.647268 0.6367612 -1.562501 1.647268 0.6186218 -1.437501 1.633287 0.6186218 -1.562501 1.633287 0.6043558 -1.437501 1.615372 0.6043558 -1.562501 1.615372 0.5918717 -1.562501 1.582995 0.5991364 -1.562501 1.605673 0.6118121 -1.562501 1.625833 0.6291041 -1.562501 1.642205 0.6499238 -1.562501 1.653765 0.6729636 -1.562501 1.659782 0.6967774 -1.562501 1.659881 0.8920355 -1.562501 2.191622 0.7198668 -1.562501 1.654055 0.9004469 -1.562501 2.178409 0.9119911 -1.562501 2.167823 0.9438186 -1.562501 3.255347 0.9424214 -1.562501 3.231574 0.9469819 -1.562501 3.208202 0.9572101 -1.562501 3.186697 0.972465 -1.562501 3.168413 0.9917884 -1.562501 3.154494 1.013966 -1.562501 3.14582 1.037603 -1.562501 3.142935 1.061217 -1.562501 3.146018 0.9510827 -1.562501 3.278025 0.963759 -1.562501 3.298184 0.981051 -1.562501 3.314558 1.001871 -1.562501 3.326117 1.02491 -1.562501 3.332135 1.048724 -1.562501 3.332234 1.071813 -1.562501 3.326407 1.092728 -1.562501 3.315021 1.110155 -1.562501 3.298794 1.122998 -1.562501 3.278739 1.13045 -1.562501 3.256122 1.132045 -1.562501 3.232363 1.11763 -1.562501 3.187365 1.006192 -1.562501 2.211714 1.102528 -1.562501 3.168953 1.083321 -1.562501 3.154876 0.7800989 -1.562501 1.56001 0.7505818 -1.562501 1.4966 0.7656851 -1.562501 1.515012 0.09483575 -1.562501 -0.005569458 0.09324216 -1.562501 0.01819038 0.08042144 -1.562501 -0.05056834 0.06531906 -1.562501 -0.06897974 0.04611158 -1.562501 -0.08305668 0.02400732 -1.562501 -0.09191513 3.94344e-4 -1.562501 -0.09499788 -0.0232439 -1.562501 -0.09211134 -0.04542064 -1.562501 -0.0834372 -0.06474399 -1.562501 -0.06952047 -0.07999944 -1.562501 -0.05123496 -0.09022855 -1.562501 -0.02973055 -0.09478759 -1.562501 -0.006357908 -0.09339046 -1.562501 0.01741456 -0.0861268 -1.562501 0.0400927 -0.07345056 -1.562501 0.06025218 -0.05615949 -1.562501 0.07662534 -0.03533935 -1.562501 0.08818411 -0.01229906 -1.562501 0.09420204 0.01151418 -1.562501 0.09430122 0.590476 -1.562501 1.559223 0.03460407 -1.562501 0.08847475 0.0555191 -1.562501 0.07708954 0.5950351 -1.562501 1.53585 0.07294607 -1.562501 0.06086039 0.6052637 -1.562501 1.514345 0.08578872 -1.562501 0.04080748 0.6205187 -1.562501 1.49606 0.639842 -1.562501 1.482143 0.6620197 -1.562501 1.473469 0.6856566 -1.562501 1.470583 0.7407823 -1.562501 1.64267 0.9258833 -1.562501 2.160587 0.7582092 -1.562501 1.626441 0.9411736 -1.562501 2.157191 0.7710524 -1.562501 1.606388 0.9568224 -1.562501 2.15787 0.7785044 -1.562501 1.583771 0.9717617 -1.562501 2.162576 0.9849749 -1.562501 2.170987 0.9955597 -1.562501 2.182532 1.002797 -1.562501 2.196423 0.7092695 -1.562501 1.473665 0.7313748 -1.562501 1.482523 0.895175 -1.962951 3.270612 0.8987269 -1.962501 3.269795 0.8915296 -1.962951 3.242276 0.8951287 -1.962501 3.240307 0.8934822 -1.962951 3.213772 0.8977399 -1.962501 3.210715 0.9009571 -1.962951 3.186196 0.906446 -1.962501 3.182313 0.9136682 -1.962951 3.160607 0.9208675 -1.962501 3.156341 0.931128 -1.962951 3.137993 0.9403749 -1.962501 3.133935 0.9526639 -1.962951 3.119218 0.9641128 -1.962501 3.116075 0.9774489 -1.962951 3.105006 0.9910464 -1.962501 3.103539 1.004529 -1.962951 3.0959 1.019997 -1.962501 3.09688 1.032868 -1.962951 3.092254 1.049699 -1.962501 3.096384 1.061371 -1.962951 3.094207 1.078857 -1.962501 3.102073 1.088947 -1.962951 3.101681 1.106194 -1.962501 3.113703 1.114533 -1.962951 3.114393 1.130515 -1.962501 3.130759 1.137149 -1.962951 3.131852 1.150759 -1.962501 3.152502 1.155924 -1.962951 3.153389 1.166039 -1.962501 3.177976 1.170136 -1.962951 3.178174 1.175691 -1.962501 3.206072 1.179241 -1.962951 3.205255 1.173261 -1.964271 3.176768 1.182579 -1.964271 3.204486 1.175999 -1.966385 3.175538 1.185506 -1.966385 3.203814 1.178187 -1.969165 3.174555 1.187843 -1.969165 3.203277 1.179693 -1.972444 3.173877 1.189452 -1.972444 3.202906 1.180428 -1.976026 3.173547 1.190238 -1.976026 3.202726 1.190151 -1.979696 3.202745 1.189198 -1.983234 3.202965 1.179456 -1.983234 3.173984 1.180347 -1.979696 3.173583 1.165115 -1.976026 3.146843 1.164458 -1.972444 3.14731 1.144334 -1.972444 3.124227 1.143201 -1.969165 3.125429 1.119216 -1.969165 3.106912 1.117944 -1.966385 3.108945 1.091229 -1.966385 3.095674 1.090163 -1.964271 3.098479 1.06194 -1.964271 3.090829 1.165043 -1.979696 3.146894 1.164247 -1.983234 3.147462 1.144826 -1.979696 3.123705 1.144155 -1.983234 3.124416 1.120473 -1.979696 3.104905 1.119954 -1.983234 3.105734 1.092921 -1.979696 3.091217 1.092574 -1.983234 3.092131 1.063228 -1.979696 3.083168 1.063065 -1.983234 3.084131 1.032534 -1.979696 3.081065 1.032563 -1.983234 3.082041 1.00202 -1.979696 3.084991 1.002239 -1.983234 3.085943 0.9732595 -1.983234 3.095686 0.972858 -1.979696 3.094793 0.9467368 -1.983234 3.110896 0.9461703 -1.979696 3.1101 0.9236913 -1.983234 3.130986 0.9229798 -1.979696 3.130317 0.9050078 -1.983234 3.155187 0.9041791 -1.979696 3.154669 0.8914056 -1.983234 3.182568 0.890492 -1.979696 3.182222 0.8834057 -1.983234 3.212077 0.8824411 -1.979696 3.211915 0.8813167 -1.983234 3.24258 0.8803396 -1.979696 3.242608 0.8852182 -1.983234 3.272902 0.8842654 -1.979696 3.273121 0.8802514 -1.976026 3.242613 0.8841796 -1.976026 3.273143 0.8810563 -1.972444 3.242587 0.8849645 -1.972444 3.272962 0.8827076 -1.969165 3.242539 0.8865738 -1.969165 3.272591 0.8851047 -1.966385 3.242468 0.8889117 -1.966385 3.272054 0.8881059 -1.964271 3.242378 0.8918376 -1.964271 3.271381 0.8901038 -1.964271 3.213203 0.8977552 -1.964271 3.18498 0.9107652 -1.964271 3.158792 0.9286351 -1.964271 3.135643 0.9506765 -1.964271 3.116427 0.9760442 -1.964271 3.101881 1.003763 -1.964271 3.092563 1.032765 -1.964271 3.08883 0.8871436 -1.966385 3.212706 0.8949475 -1.966385 3.183913 0.9082208 -1.966385 3.157197 0.9264493 -1.966384 3.133585 0.948935 -1.966384 3.113981 0.974813 -1.966385 3.099142 1.003088 -1.966385 3.089636 1.032676 -1.966385 3.08583 1.062437 -1.966385 3.08787 0.8847776 -1.969165 3.212308 0.8927059 -1.969165 3.183063 0.9061875 -1.969165 3.155927 0.9247041 -1.969165 3.131941 0.9475446 -1.969165 3.112029 0.9738298 -1.969165 3.096954 1.002552 -1.969165 3.087299 1.032604 -1.969165 3.083432 1.062835 -1.969165 3.085503 1.092081 -1.969165 3.093431 0.8831487 -1.972444 3.212034 0.8911615 -1.972444 3.182476 0.9047876 -1.972444 3.155049 0.9235015 -1.972444 3.130808 0.9465852 -1.972444 3.110682 0.9731526 -1.972444 3.095448 1.002182 -1.972444 3.08569 1.032555 -1.972444 3.081781 1.063109 -1.972444 3.083875 1.092666 -1.972444 3.091887 1.120092 -1.972444 3.105511 0.8823543 -1.976026 3.211901 0.890409 -1.976026 3.182191 0.9041047 -1.976026 3.154622 0.922915 -1.976026 3.130255 0.9461179 -1.976026 3.110026 0.9728217 -1.976026 3.094713 1.002 -1.976026 3.084904 1.032531 -1.976026 3.080976 1.063241 -1.976026 3.083079 1.092951 -1.976026 3.091133 1.12052 -1.976026 3.104829 1.144887 -1.976026 3.12364 1.116351 -1.964271 3.11149 1.141557 -1.966385 3.127174 1.163114 -1.969165 3.14827 1.139499 -1.964271 3.129359 1.161159 -1.966385 3.149661 1.158714 -1.964271 3.151401 0.9554629 -1.288013 3.256742 0.9592462 -1.287501 3.255872 0.9533801 -1.288013 3.234943 0.9572597 -1.287501 3.235081 0.9570108 -1.288012 3.213349 0.9607225 -1.287501 3.214488 0.9661059 -1.288012 3.19343 0.9693971 -1.287501 3.195491 0.9800468 -1.288012 3.176543 0.9826932 -1.287501 3.179385 0.9978833 -1.288013 3.163839 0.9997039 -1.287501 3.16727 1.0184 -1.288013 3.156188 1.019271 -1.287501 3.159971 1.040199 -1.288013 3.154106 1.040061 -1.287501 3.157986 1.060656 -1.287502 3.161447 1.061793 -1.288013 3.157735 1.079653 -1.287502 3.170122 1.081713 -1.288013 3.166831 1.095757 -1.287502 3.183417 1.098599 -1.288013 3.180773 1.107872 -1.287502 3.200428 1.111302 -1.288013 3.198608 1.115171 -1.287502 3.219996 1.118955 -1.288013 3.219127 1.114497 -1.289511 3.196914 1.12248 -1.289511 3.218314 1.117241 -1.291894 3.195457 1.125508 -1.291894 3.217617 1.119347 -1.295001 3.194339 1.12783 -1.295001 3.217083 1.120671 -1.298619 3.193636 1.129291 -1.298619 3.216747 1.122002 -1.302501 3.195096 1.129789 -1.302501 3.216634 1.109286 -1.302501 3.176047 1.106362 -1.298619 3.173545 1.105264 -1.295001 3.174565 1.086545 -1.295001 3.15911 1.08528 -1.291894 3.161131 1.063765 -1.291894 3.151306 1.062854 -1.289511 3.154276 1.040328 -1.289511 3.15049 1.092381 -1.302501 3.160597 1.08734 -1.298619 3.157842 1.064463 -1.295001 3.149027 1.040439 -1.291894 3.147384 1.01759 -1.289511 3.152662 1.072271 -1.302501 3.149642 1.064902 -1.298619 3.147594 1.040524 -1.295001 3.145003 1.016892 -1.291894 3.149634 0.9961877 -1.289511 3.160645 1.050121 -1.302501 3.143815 1.040577 -1.298619 3.143504 1.016358 -1.295001 3.147311 0.9947324 -1.291894 3.157902 0.9775825 -1.289511 3.173896 1.027223 -1.302501 3.14346 1.016022 -1.298619 3.14585 0.9936147 -1.295001 3.155796 0.9754653 -1.291894 3.171621 0.9630399 -1.289511 3.19151 1.004904 -1.302501 3.148594 0.9929118 -1.298619 3.154471 0.9738402 -1.295001 3.169877 0.9604068 -1.291894 3.189862 0.9535518 -1.289511 3.212289 0.9844623 -1.302501 3.158922 0.9728198 -1.298618 3.168782 0.958385 -1.295001 3.188597 0.9505811 -1.291894 3.211378 0.9497638 -1.289511 3.234814 0.9670873 -1.302501 3.173841 0.9571147 -1.298618 3.187802 0.9483028 -1.295001 3.21068 0.9466596 -1.291894 3.234703 0.9519363 -1.289511 3.257551 0.9537864 -1.302501 3.192486 0.9468703 -1.298618 3.210241 0.9442773 -1.295001 3.234618 0.9465861 -1.295001 3.258784 0.9489093 -1.291894 3.258249 0.945333 -1.302501 3.21377 0.94278 -1.298619 3.234564 0.9451261 -1.298619 3.25912 0.9422202 -1.302501 3.23646 0.9446273 -1.302501 3.259235 1.083632 -1.289511 3.163764 1.101246 -1.289511 3.178308 1.10352 -1.291894 3.17619 0.9860997 -2.027502 3.183043 0.9860997 -2.069921 3.183043 0.9736352 -2.027502 3.198142 0.9736352 -2.069921 3.198142 0.9655023 -2.027502 3.215953 0.9655023 -2.069921 3.215953 0.9622569 -2.027502 3.23526 0.962256 -2.069921 3.23526 0.9641185 -2.027502 3.254751 0.9641185 -2.069921 3.254751 0.8988867 -2.010048 3.269757 0.9070907 -2.010048 3.294633 0.8949614 -1.983234 3.301883 0.919724 -2.010048 3.317575 0.9101701 -1.983234 3.328405 0.9363589 -2.010048 3.337809 0.9302611 -1.983234 3.351452 0.9564281 -2.010048 3.354639 0.9544625 -1.983234 3.370135 0.9792476 -2.010048 3.367496 0.9818435 -1.983234 3.383738 1.004042 -2.010048 3.37594 1.011352 -1.983234 3.391738 1.029965 -2.010048 3.379685 1.041854 -1.983234 3.393826 1.056136 -2.010048 3.378602 1.072178 -1.983234 3.389925 1.081661 -2.010048 3.372729 1.101157 -1.983234 3.380183 1.105672 -2.010048 3.362266 1.127681 -1.983234 3.364973 1.127352 -2.010048 3.347569 1.150725 -1.983234 3.344881 1.145962 -2.010048 3.329137 1.169409 -1.983234 3.320681 1.160869 -2.010048 3.307602 1.183012 -1.983234 3.293299 1.171565 -2.010048 3.283694 1.191011 -1.983234 3.26379 1.177686 -2.010048 3.258225 1.193101 -1.983234 3.233289 1.179022 -2.010048 3.232067 1.175529 -2.010048 3.20611 1.157414 -2.033926 3.210276 1.160449 -2.033926 3.232835 1.159288 -2.033926 3.255568 1.15397 -2.033926 3.277701 1.144674 -2.033926 3.298478 1.13172 -2.033926 3.317194 1.115546 -2.033926 3.333212 1.101439 -2.027502 3.34986 1.09755 -2.044481 3.332958 1.101222 -2.0541 3.315789 1.093146 -2.058723 3.31381 1.088317 -2.069921 3.292825 1.114438 -2.0541 3.302701 1.100782 -2.069921 3.277726 1.125024 -2.0541 3.287408 1.108914 -2.069921 3.259916 1.13262 -2.0541 3.270428 1.136966 -2.0541 3.252344 1.135436 -2.0541 3.215334 1.137917 -2.0541 3.233768 1.110298 -2.069921 3.221117 1.112161 -2.069921 3.240606 1.078344 -2.027502 3.360249 1.053664 -2.027502 3.365929 1.02835 -2.027502 3.366677 1.008385 -2.033926 3.357865 1.024461 -2.044481 3.349775 1.013656 -2.0541 3.335937 1.020054 -2.058723 3.330624 1.015227 -2.069921 3.309641 0.9960494 -2.0541 3.329941 0.997417 -2.069921 3.301508 0.9798436 -2.0541 3.320809 0.9823194 -2.069921 3.289042 0.965591 -2.0541 3.308857 0.9537778 -2.0541 3.29449 0.9351106 -2.033926 3.307147 0.9241309 -2.033926 3.287207 0.9709611 -2.069921 3.273095 0.9448066 -2.0541 3.278197 0.9170022 -2.033926 3.265591 0.9389815 -2.0541 3.260533 0.9495664 -2.033926 3.324728 0.9670072 -2.033926 3.339355 0.9868388 -2.033926 3.350527 0.9422689 -1.632501 3.234547 0.9422202 -1.962501 3.23646 0.9446273 -1.962501 3.259235 0.9463811 -1.632501 3.210092 0.945333 -1.962501 3.21377 0.9537854 -1.962501 3.192486 0.9566827 -1.632501 3.187532 0.9670873 -1.962501 3.173841 0.9724717 -1.632501 3.168406 0.9844623 -1.962501 3.158922 0.9926715 -1.632501 3.154019 1.004903 -1.962501 3.148594 1.015909 -1.632501 3.145354 1.027223 -1.962501 3.14346 1.040596 -1.632501 3.142994 1.050122 -1.962501 3.143815 1.065052 -1.632501 3.147106 1.072271 -1.962501 3.149642 1.087612 -1.632501 3.157406 1.092382 -1.962501 3.160597 1.106736 -1.632501 3.173197 1.109286 -1.962501 3.176047 1.121121 -1.632501 3.193396 1.122003 -1.962501 3.195096 1.129789 -1.962501 3.216634 1.117157 -1.287502 3.240787 0.9665456 -1.287501 3.275439 0.9786601 -1.287501 3.29245 1.113695 -1.287502 3.261381 0.9947639 -1.287501 3.305745 1.10502 -1.287502 3.280378 1.013762 -1.287501 3.314422 1.091725 -1.287502 3.296483 1.034357 -1.287501 3.317883 1.074714 -1.287501 3.308599 1.055147 -1.287501 3.315898 1.132196 -1.962501 3.239408 1.132148 -1.632501 3.241322 1.129084 -1.962501 3.262097 1.128036 -1.632501 3.265778 1.120631 -1.962501 3.283383 1.117735 -1.632501 3.288337 1.10733 -1.962501 3.302026 1.101946 -1.632501 3.307462 1.089955 -1.962501 3.316945 1.081747 -1.632501 3.321848 1.069514 -1.962501 3.327272 1.058509 -1.632501 3.330515 1.047195 -1.962501 3.332407 1.033823 -1.632501 3.332873 1.024295 -1.962501 3.332052 1.009366 -1.632501 3.328763 1.002147 -1.962501 3.326228 0.9868064 -1.632501 3.31846 0.9820352 -1.962501 3.31527 0.9676824 -1.632501 3.302672 0.9651303 -1.962501 3.299818 0.9532952 -1.632501 3.28247 0.952415 -1.962501 3.280772 0.952416 -1.302501 3.280772 1.132197 -1.302501 3.239408 1.129083 -1.302501 3.262097 1.120631 -1.302501 3.283383 1.10733 -1.302501 3.302026 1.089955 -1.302501 3.316945 1.069515 -1.302501 3.327272 1.047195 -1.302501 3.332407 1.024295 -1.302501 3.332052 1.002147 -1.302501 3.326228 0.9820352 -1.302501 3.31527 0.9651313 -1.302501 3.299818 1.179289 -1.962501 3.23556 1.132178 -1.962501 3.240327 1.176678 -1.962501 3.265153 1.128599 -1.962501 3.263869 1.167971 -1.962501 3.293556 1.119279 -1.962501 3.285783 1.153548 -1.962501 3.319527 1.1048 -1.962501 3.304688 1.134043 -1.962501 3.341931 1.086076 -1.962501 3.319402 1.110304 -1.962501 3.359793 1.083372 -1.962501 3.372327 1.064281 -1.962501 3.328995 1.05442 -1.962501 3.378987 1.040784 -1.962501 3.332867 1.024717 -1.962501 3.379483 1.017064 -1.962501 3.330775 0.9955611 -1.962501 3.373795 0.9946084 -1.962501 3.322847 0.9682241 -1.962501 3.362166 0.9748292 -1.962501 3.309584 0.9439025 -1.962501 3.345108 0.9236589 -1.962501 3.323367 0.9589706 -1.962501 3.29182 0.9083772 -1.962501 3.297892 0.9480271 -1.962501 3.27067 0.9426875 -1.962501 3.247463 0.9432883 -1.962501 3.223658 0.9497886 -1.962501 3.200748 0.9617829 -1.962501 3.180177 0.9785152 -1.962501 3.163232 0.9989371 -1.962501 3.150985 1.021763 -1.962501 3.144197 1.045559 -1.962501 3.143302 1.068832 -1.962501 3.148353 1.090116 -1.962501 3.159029 1.108076 -1.962501 3.174666 1.121584 -1.962501 3.194279 0.8953948 -2.010048 3.2438 0.9139676 -2.033926 3.243032 0.936501 -2.0541 3.242099 0.9374509 -2.0541 3.223525 0.9417968 -2.0541 3.205439 0.9493919 -2.0541 3.188459 0.9297433 -2.033926 3.177389 0.942698 -2.033926 3.158675 0.9284549 -2.010048 3.14673 0.9470658 -2.010048 3.1283 0.9687457 -2.010048 3.113602 0.9927573 -2.010048 3.103138 1.018282 -2.010048 3.097266 1.044452 -2.010048 3.096182 1.070375 -2.010048 3.099927 1.095169 -2.010048 3.108372 1.117989 -2.010048 3.121228 1.138058 -2.010048 3.138059 1.154693 -2.010048 3.158292 1.167327 -2.010048 3.181234 1.150286 -2.033926 3.18866 1.12961 -2.0541 3.19767 1.103456 -2.069921 3.202772 1.120638 -2.0541 3.181375 1.092099 -2.069921 3.186824 1.108825 -2.0541 3.16701 1.094573 -2.0541 3.155056 1.12485 -2.033926 3.151139 1.107409 -2.033926 3.136512 0.9599786 -2.0541 3.173168 0.9588704 -2.033926 3.142657 0.9729772 -2.027502 3.126008 0.9960733 -2.027502 3.115619 1.020753 -2.027502 3.109941 0.9731937 -2.0541 3.160078 0.9768653 -2.044481 3.142908 0.9812713 -2.058723 3.162059 1.046068 -2.027502 3.109192 1.066032 -2.033926 3.118002 1.049956 -2.044481 3.126092 1.060762 -2.0541 3.139931 1.054363 -2.058723 3.145243 1.05919 -2.069921 3.166228 1.078369 -2.0541 3.145926 1.077 -2.069921 3.17436 0.913548 -2.010048 3.168265 0.9204478 -2.033926 3.198168 0.9028516 -2.010048 3.192174 0.9151292 -2.033926 3.220301 0.8967314 -2.010048 3.217642 1.087578 -2.033926 3.125339 1.139306 -2.033926 3.16872 0.9709621 -2.027502 3.273095 0.9823194 -2.027502 3.289042 0.9974179 -2.027502 3.301508 1.015227 -2.027502 3.309641 1.088317 -2.027502 3.292825 1.100782 -2.027502 3.277726 1.108914 -2.027502 3.259916 1.112161 -2.027502 3.240606 1.110298 -2.027502 3.221117 1.103456 -2.027502 3.202772 1.092099 -2.027502 3.186824 1.077 -2.027502 3.17436 1.059191 -2.027502 3.166228 1.131636 -1.298619 3.241302 1.127548 -1.298619 3.265628 1.117301 -1.298619 3.288065 1.101598 -1.298619 3.307087 1.081506 -1.298619 3.321396 1.058395 -1.298619 3.330017 1.033841 -1.298619 3.332363 1.009515 -1.298619 3.328274 0.9870772 -1.298619 3.318027 0.9680553 -1.298619 3.302322 0.9537473 -1.298619 3.28223 1.130139 -1.295001 3.241248 1.127758 -1.291894 3.241164 1.124652 -1.289511 3.241053 1.121037 -1.288013 3.240925 1.117406 -1.288013 3.262519 1.108311 -1.288013 3.282439 1.09437 -1.288013 3.299324 1.076534 -1.288013 3.312027 1.056016 -1.288013 3.319679 1.034219 -1.288013 3.321763 1.012624 -1.288013 3.318133 0.9927039 -1.288013 3.309037 0.9758182 -1.288013 3.295094 0.9631162 -1.288013 3.277259 0.9599204 -1.289511 3.278955 0.9571767 -1.291894 3.280411 0.95507 -1.295001 3.281528 1.120866 -1.289511 3.26358 1.111377 -1.289511 3.284357 1.096835 -1.289511 3.301971 1.078229 -1.289511 3.315224 1.056829 -1.289511 3.323207 1.03409 -1.289511 3.325377 1.011564 -1.289511 3.321591 0.9907851 -1.289511 3.312103 0.9731698 -1.289511 3.297559 1.123836 -1.291894 3.264489 1.11401 -1.291894 3.286005 1.098952 -1.291894 3.304245 1.079687 -1.291894 3.317967 1.057525 -1.291894 3.326234 1.033979 -1.291894 3.328484 1.010653 -1.291894 3.324561 0.9891372 -1.291894 3.314736 0.9708972 -1.291894 3.299677 1.126114 -1.295001 3.265187 1.116031 -1.295001 3.287271 1.100576 -1.295001 3.30599 1.080804 -1.295001 3.320073 1.058059 -1.295001 3.328556 1.033894 -1.295001 3.330866 1.009955 -1.295001 3.326841 0.9878726 -1.295001 3.316757 0.969152 -1.295001 3.301302 1.194077 -1.979696 3.233259 1.194166 -1.976026 3.233256 1.193361 -1.972444 3.23328 1.19171 -1.969165 3.23333 1.189312 -1.966385 3.233401 1.186311 -1.964271 3.233489 1.182887 -1.962951 3.233591 1.180935 -1.962951 3.262095 1.184314 -1.964271 3.262663 1.176662 -1.964271 3.290889 1.179468 -1.966385 3.291953 1.166197 -1.966385 3.318669 1.16823 -1.969165 3.319942 1.149713 -1.969165 3.343927 1.150915 -1.972444 3.345061 1.127831 -1.972444 3.365185 1.128299 -1.976026 3.365841 1.101595 -1.976026 3.381156 1.101559 -1.979696 3.381072 1.072398 -1.979696 3.390878 1.041883 -1.979696 3.394804 1.01119 -1.979696 3.392701 0.9814963 -1.979696 3.38465 0.9539437 -1.979696 3.370962 0.9295917 -1.979696 3.352162 0.9093747 -1.979696 3.328974 0.8940697 -1.979696 3.302284 0.8939886 -1.976026 3.30232 0.8947229 -1.972444 3.301989 0.8962302 -1.969165 3.301314 0.898418 -1.966385 3.300331 0.901155 -1.964271 3.299097 0.9042792 -1.962951 3.297692 0.9184928 -1.962951 3.322478 0.9372678 -1.962951 3.344015 0.9598832 -1.962951 3.361473 0.9854703 -1.962951 3.374185 1.013047 -1.962951 3.381662 1.041551 -1.962951 3.383615 1.069888 -1.962951 3.379967 1.096969 -1.962951 3.370863 1.121753 -1.962951 3.356649 1.14329 -1.962951 3.337876 1.160748 -1.962951 3.315259 1.17346 -1.962951 3.289673 1.128247 -1.979696 3.365769 1.151502 -1.976026 3.345612 1.16963 -1.972444 3.320818 1.181711 -1.969165 3.292806 1.187274 -1.966385 3.263161 1.151437 -1.979696 3.345551 1.170313 -1.976026 3.321246 1.183255 -1.972444 3.293391 1.189639 -1.969165 3.263559 1.170238 -1.979696 3.321198 1.184008 -1.976026 3.293677 1.191268 -1.972444 3.263834 1.183926 -1.979696 3.293645 1.192063 -1.976026 3.263968 1.191976 -1.979696 3.263952 1.163652 -1.964271 3.317077 1.147967 -1.966385 3.342282 1.126873 -1.969165 3.36384 1.101264 -1.972444 3.380419 1.072418 -1.976026 3.390963 1.145781 -1.964271 3.340224 1.125482 -1.966385 3.361886 1.100588 -1.969165 3.378913 1.072237 -1.972444 3.390177 1.041886 -1.976026 3.394891 1.12374 -1.964271 3.359441 1.099604 -1.966385 3.376725 1.071866 -1.969165 3.388568 1.041862 -1.972444 3.394086 1.011176 -1.976026 3.392788 1.098372 -1.964271 3.373986 1.071329 -1.966385 3.386231 1.041813 -1.969165 3.392435 1.011309 -1.972444 3.391994 0.9814649 -1.976026 3.384732 1.070655 -1.964271 3.383306 1.041742 -1.966385 3.390038 1.011583 -1.969165 3.390365 0.981751 -1.972444 3.38398 0.953897 -1.976026 3.371039 1.041652 -1.964271 3.387037 1.011981 -1.966385 3.388 0.9823375 -1.969165 3.382436 0.9543243 -1.972444 3.370356 0.9295306 -1.976026 3.352227 1.012478 -1.964271 3.385038 0.9831891 -1.966385 3.380195 0.9552016 -1.969165 3.368956 0.9300828 -1.972444 3.351642 0.9093013 -1.976026 3.329023 0.9842544 -1.964271 3.377388 0.9564729 -1.966385 3.366921 0.9312158 -1.969165 3.350438 0.9099574 -1.972444 3.328555 0.9580655 -1.964271 3.364377 0.9328609 -1.966385 3.348693 0.911304 -1.969165 3.327599 0.9349189 -1.964271 3.346508 0.9132581 -1.966385 3.326208 0.9157033 -1.964271 3.324466 0.8056531 -1.962951 1.647722 0.8026438 -1.962501 1.64567 0.7873159 -1.962951 1.669633 0.7834282 -1.962501 1.668325 0.7650547 -1.962951 1.687541 0.7599216 -1.962501 1.68649 0.7397294 -1.962951 1.700767 0.7331514 -1.962501 1.699369 0.7123098 -1.962951 1.708795 0.7042894 -1.962501 1.706403 0.6838503 -1.962951 1.711318 0.6745949 -1.962501 1.707281 0.6554451 -1.962951 1.708242 0.6453676 -1.962501 1.701967 0.6281867 -1.962951 1.699686 0.6178823 -1.962501 1.690691 0.6031213 -1.962951 1.685974 0.5933437 -1.962501 1.673949 0.5812121 -1.962951 1.667635 0.5728211 -1.962501 1.652469 0.563302 -1.962951 1.645375 0.5572138 -1.962501 1.627194 0.5500784 -1.962951 1.620049 0.5472021 -1.962501 1.599224 0.5420494 -1.962951 1.592629 0.5432239 -1.962501 1.569785 0.539525 -1.962951 1.56417 0.5454545 -1.962501 1.540161 0.5426011 -1.962951 1.535765 0.5537949 -1.962501 1.511649 0.5511589 -1.962951 1.508507 0.5678806 -1.962501 1.485494 0.5648708 -1.962951 1.483441 0.548007 -1.964271 1.507165 0.5620413 -1.964271 1.48151 0.5452447 -1.966384 1.505988 0.5595613 -1.966384 1.479818 0.5430379 -1.969165 1.50505 0.55758 -1.969165 1.478466 0.5415182 -1.972444 1.504403 0.5562158 -1.972444 1.477535 0.5407767 -1.976026 1.504088 0.5555496 -1.976026 1.477082 0.5556231 -1.979696 1.477131 0.5564308 -1.983234 1.477681 0.5417576 -1.983234 1.504505 0.5408583 -1.979696 1.504122 0.5315557 -1.976026 1.533457 0.5323448 -1.972444 1.533622 0.5290475 -1.972444 1.564068 0.5306993 -1.969165 1.564084 0.5333767 -1.969165 1.594267 0.5357342 -1.966384 1.593821 0.544116 -1.966384 1.622451 0.5469012 -1.964271 1.621329 0.5604358 -1.964271 1.647251 0.5316424 -1.979696 1.533474 0.5325995 -1.983234 1.533674 0.5283308 -1.979696 1.564062 0.5293083 -1.983234 1.56407 0.5310497 -1.979696 1.594706 0.5320101 -1.983234 1.594525 0.5396943 -1.979696 1.624233 0.5406008 -1.983234 1.623866 0.5539341 -1.979696 1.651504 0.5547519 -1.983234 1.650968 0.5732198 -1.979696 1.675473 0.5739174 -1.983234 1.674789 0.5968113 -1.979696 1.695222 0.597363 -1.983234 1.694414 0.6241856 -1.983234 1.709087 0.6238022 -1.979696 1.709985 0.6533551 -1.983234 1.718245 0.6531549 -1.979696 1.7192 0.6837516 -1.983234 1.721536 0.6837416 -1.979696 1.722513 0.7142058 -1.983234 1.718834 0.7143865 -1.979696 1.719794 0.7435474 -1.983234 1.710243 0.7439127 -1.979696 1.711149 0.770649 -1.983234 1.696092 0.771184 -1.979696 1.69691 0.7944703 -1.983234 1.676927 0.7951546 -1.979696 1.677625 0.8140931 -1.983234 1.653481 0.8149014 -1.979696 1.654033 0.7952161 -1.976026 1.677687 0.8149743 -1.976026 1.654081 0.7946525 -1.972444 1.677113 0.8143082 -1.972444 1.653628 0.7934957 -1.969165 1.675933 0.8129444 -1.969165 1.652697 0.7918167 -1.966384 1.674222 0.8109627 -1.966384 1.651345 0.7897143 -1.964271 1.672077 0.8084836 -1.964271 1.649654 0.7669311 -1.964271 1.690409 0.7410088 -1.964271 1.703944 0.712945 -1.964271 1.71216 0.6838169 -1.964271 1.714744 0.6547451 -1.964271 1.711597 0.6268454 -1.964271 1.702837 0.6011906 -1.964271 1.688804 0.5787668 -1.964271 1.670034 0.7685742 -1.966384 1.692921 0.7421308 -1.966384 1.706727 0.7135024 -1.966384 1.715111 0.6837878 -1.966384 1.717745 0.6541309 -1.966384 1.714535 0.625669 -1.966384 1.705599 0.5994983 -1.966384 1.691283 0.576623 -1.966384 1.672136 0.5579233 -1.966384 1.648894 0.7698879 -1.969165 1.694927 0.7430277 -1.969165 1.708953 0.7139473 -1.969165 1.717467 0.6837645 -1.969165 1.720144 0.6536393 -1.969165 1.716882 0.6247301 -1.969165 1.707807 0.5981464 -1.969165 1.693264 0.5749111 -1.969165 1.673815 0.5559158 -1.969165 1.650207 0.5418916 -1.969165 1.623347 0.770792 -1.972444 1.69631 0.7436447 -1.972444 1.710484 0.7142539 -1.972444 1.71909 0.6837483 -1.972444 1.721796 0.6533022 -1.972444 1.7185 0.6240831 -1.972444 1.709326 0.5972152 -1.972444 1.694628 0.5737314 -1.972444 1.674972 0.5545335 -1.972444 1.651111 0.5403595 -1.972444 1.623964 0.531754 -1.972444 1.594573 0.7712331 -1.976026 1.696984 0.7439451 -1.976026 1.711231 0.7144032 -1.976026 1.719881 0.6837406 -1.976026 1.722601 0.6531372 -1.976026 1.719288 0.6237683 -1.976026 1.710068 0.5967617 -1.976026 1.695294 0.5731564 -1.976026 1.675536 0.5538597 -1.976026 1.651552 0.5396128 -1.976026 1.624266 0.530962 -1.976026 1.594722 0.5282416 -1.976026 1.56406 0.5386839 -1.964271 1.593264 0.5330982 -1.966384 1.564108 0.5339613 -1.969165 1.533959 0.5360994 -1.964271 1.564137 0.5363088 -1.966384 1.53445 0.539248 -1.964271 1.535065 0.7545533 -1.288012 1.612857 0.7513466 -1.287501 1.610669 0.7399564 -1.288012 1.629181 0.7374249 -1.287501 1.626237 0.721632 -1.288012 1.64117 0.7199488 -1.287501 1.637672 0.7008286 -1.288012 1.648006 0.700109 -1.287501 1.644193 0.6789656 -1.288012 1.649227 0.6792569 -1.287501 1.645356 0.6575313 -1.288012 1.644747 0.6588144 -1.287501 1.641084 0.6379862 -1.288012 1.634872 0.6401749 -1.287501 1.631666 0.6216641 -1.288012 1.620276 0.6246071 -1.287501 1.617744 0.613173 -1.287501 1.600268 0.6096754 -1.288012 1.601952 0.6066523 -1.287501 1.580428 0.6028371 -1.288012 1.581149 0.6054883 -1.287501 1.559576 0.6016169 -1.288012 1.559285 0.6097608 -1.287501 1.539134 0.6060968 -1.288012 1.53785 0.6191788 -1.287501 1.520494 0.6159716 -1.288012 1.518306 0.6026831 -1.289511 1.536655 0.6129832 -1.289511 1.516267 0.5997505 -1.291894 1.535627 0.6104164 -1.291894 1.514515 0.5975008 -1.295001 1.53484 0.608448 -1.295001 1.513172 0.5960865 -1.298618 1.534344 0.6072102 -1.298618 1.512328 0.5962548 -1.302501 1.532375 0.6067877 -1.302501 1.512039 0.5908947 -1.302501 1.554642 0.5910406 -1.298618 1.55849 0.5925341 -1.295001 1.558601 0.5938878 -1.295001 1.582839 0.5962296 -1.291894 1.582396 0.6036148 -1.291894 1.604866 0.6064153 -1.289511 1.60352 0.6189203 -1.289511 1.622634 0.5910182 -1.302501 1.577543 0.5924144 -1.298618 1.583117 0.6014676 -1.295001 1.6059 0.6165657 -1.291894 1.624661 0.6359477 -1.289511 1.637861 0.5966196 -1.302501 1.59975 0.6001172 -1.298618 1.606549 0.614758 -1.295001 1.626214 0.6341968 -1.291894 1.640427 0.6563354 -1.289511 1.648162 0.6073723 -1.302501 1.61997 0.6136222 -1.298618 1.627192 0.6328535 -1.295001 1.642396 0.6553083 -1.291894 1.651094 0.6786938 -1.289511 1.652834 0.6226516 -1.302501 1.63703 0.6320086 -1.298618 1.643634 0.6545205 -1.295001 1.653344 0.6784606 -1.291894 1.655933 0.7015009 -1.289511 1.651562 0.6415701 -1.302501 1.649939 0.6540246 -1.298618 1.654759 0.6782823 -1.295001 1.658309 0.7020774 -1.291894 1.654614 0.7232008 -1.289511 1.644429 0.6630273 -1.302501 1.657944 0.6781697 -1.298618 1.659805 0.7025189 -1.295001 1.656956 0.7245469 -1.291894 1.647228 0.7423153 -1.289511 1.631925 0.6857767 -1.302501 1.660581 0.7027979 -1.298618 1.658429 0.7255812 -1.295001 1.649376 0.7443404 -1.291894 1.634278 0.7575417 -1.289511 1.614896 0.7084971 -1.302501 1.657697 0.7262316 -1.298618 1.650728 0.7458954 -1.295001 1.636086 0.7620769 -1.295001 1.617991 0.7601075 -1.291894 1.616647 0.729866 -1.302501 1.64946 0.746872 -1.298618 1.637222 0.7633147 -1.298618 1.618835 0.7486439 -1.302501 1.636349 0.7637372 -1.302501 1.619125 0.5992823 -1.289511 1.58182 0.5980091 -1.289511 1.559013 0.5949116 -1.291894 1.55878 0.6796327 -2.027502 1.64037 0.6796327 -2.069921 1.64037 0.6991806 -2.027502 1.639279 0.6991806 -2.069921 1.639279 0.7177806 -2.027502 1.633165 0.7177806 -2.069921 1.633165 0.7341642 -2.027502 1.622446 0.7341642 -2.069921 1.622446 0.7472153 -2.027502 1.607851 0.7472153 -2.069921 1.607851 0.8025074 -2.010048 1.645576 0.8152099 -2.010048 1.62267 0.8287668 -1.983234 1.626659 0.8234878 -2.010048 1.59782 0.837925 -1.983234 1.597488 0.8270578 -2.010048 1.571873 0.8412161 -1.983234 1.567093 0.8258 -2.010048 1.545711 0.8385139 -1.983234 1.536638 0.8197546 -2.010048 1.520225 0.8299227 -1.983234 1.507297 0.8091307 -2.010048 1.496285 0.8157725 -1.983234 1.480195 0.7942886 -2.010048 1.474704 0.796607 -1.983234 1.456374 0.7757335 -2.010048 1.456218 0.7731614 -1.983234 1.43675 0.754097 -2.010048 1.441455 0.7463389 -1.983234 1.422077 0.7301173 -2.010048 1.430921 0.7171698 -1.983234 1.412919 0.7046099 -2.010048 1.424972 0.6867733 -1.983234 1.409628 0.678443 -2.010048 1.42381 0.6563192 -1.983234 1.412329 0.6525087 -2.010048 1.427477 0.6269775 -1.983234 1.420921 0.6276894 -2.010048 1.435847 0.599875 -1.983234 1.435071 0.6048317 -2.010048 1.448635 0.5760546 -1.983234 1.454237 0.584712 -2.010048 1.465406 0.5680165 -2.010048 1.485587 0.5833716 -2.033926 1.496063 0.5978808 -2.033926 1.478525 0.6153655 -2.033926 1.463951 0.6352296 -2.033926 1.452838 0.6567984 -2.033926 1.445563 0.6793361 -2.033926 1.442378 0.7020755 -2.033926 1.443386 0.7238774 -2.027502 1.442448 0.7141032 -2.044481 1.456774 0.6990018 -2.0541 1.465729 0.7030282 -2.058723 1.473006 0.6908918 -2.069921 1.490793 0.6804199 -2.0541 1.464905 0.6713438 -2.069921 1.491885 0.662003 -2.0541 1.467508 0.6527438 -2.069921 1.497998 0.6443782 -2.0541 1.473453 0.6281452 -2.0541 1.482533 0.6020017 -2.0541 1.508775 0.6138578 -2.0541 1.494442 0.6233087 -2.069921 1.523312 0.6363602 -2.069921 1.508717 0.7471819 -2.027502 1.45236 0.7681022 -2.027502 1.466633 0.7858315 -2.027502 1.484717 0.7929087 -2.033926 1.505361 0.7760568 -2.044481 1.499044 0.7732263 -2.0541 1.516371 0.7649818 -2.058723 1.515276 0.7528458 -2.069921 1.533063 0.7807708 -2.0541 1.533373 0.7589588 -2.069921 1.551663 0.7850628 -2.0541 1.55147 0.7600508 -2.069921 1.571212 0.7859564 -2.0541 1.570049 0.783421 -2.0541 1.588476 0.8053856 -2.033926 1.593599 0.7981916 -2.033926 1.615193 0.7560449 -2.069921 1.590376 0.7775431 -2.0541 1.606123 0.7871528 -2.033926 1.6351 0.7685223 -2.0541 1.622388 0.8084874 -2.033926 1.571049 0.807394 -2.033926 1.548313 0.8021407 -2.033926 1.526165 0.7472057 -1.632501 1.637611 0.7486434 -1.962501 1.636349 0.7637367 -1.962501 1.619125 0.7264524 -1.632501 1.651188 0.7298656 -1.962501 1.64946 0.7084966 -1.962501 1.657697 0.7028923 -1.632501 1.658931 0.6857767 -1.962501 1.660581 0.6781311 -1.632501 1.660314 0.6630273 -1.962501 1.657944 0.6538558 -1.632501 1.65524 0.6415701 -1.962501 1.649939 0.6317206 -1.632501 1.644057 0.6226511 -1.962501 1.63703 0.6132345 -1.632501 1.627525 0.6073723 -1.962501 1.61997 0.5996561 -1.632501 1.606771 0.5966196 -1.962501 1.59975 0.5919123 -1.632501 1.583211 0.5910177 -1.962501 1.577543 0.5905304 -1.632501 1.55845 0.5908942 -1.962501 1.554642 0.595604 -1.632501 1.534175 0.5962544 -1.962501 1.532375 0.6067877 -1.962501 1.512039 0.6331 -1.287501 1.504926 0.7607646 -1.287501 1.59203 0.7650366 -1.287501 1.571587 0.6505761 -1.287501 1.493492 0.7638722 -1.287501 1.550735 0.6704164 -1.287501 1.486971 0.7573519 -1.287501 1.530895 0.6912685 -1.287501 1.485808 0.7459178 -1.287501 1.51342 0.7117105 -1.287501 1.49008 0.73035 -1.287501 1.499498 0.621881 -1.962501 1.494815 0.6233196 -1.632501 1.493553 0.6406589 -1.962501 1.481703 0.6440725 -1.632501 1.479976 0.6620274 -1.962501 1.473466 0.6676321 -1.632501 1.472232 0.6847482 -1.962501 1.470583 0.6923938 -1.632501 1.47085 0.7074976 -1.962501 1.473221 0.7166686 -1.632501 1.475923 0.7289548 -1.962501 1.481226 0.7388048 -1.632501 1.487108 0.7478728 -1.962501 1.494133 0.7572904 -1.632501 1.503638 0.7631521 -1.962501 1.511193 0.7708688 -1.632501 1.524392 0.7739048 -1.962501 1.531413 0.7786121 -1.632501 1.547952 0.7795057 -1.962501 1.55362 0.7799945 -1.632501 1.572713 0.7796302 -1.962501 1.576521 0.7749205 -1.632501 1.596989 0.7742696 -1.962501 1.598787 0.7742701 -1.302501 1.598787 0.6218815 -1.302501 1.494815 0.6406593 -1.302501 1.481703 0.6620278 -1.302501 1.473466 0.6847487 -1.302501 1.470583 0.7074976 -1.302501 1.473221 0.7289548 -1.302501 1.481226 0.7478733 -1.302501 1.494133 0.7631526 -1.302501 1.511193 0.7739053 -1.302501 1.531413 0.7795062 -1.302501 1.55362 0.7796302 -1.302501 1.576521 0.5870967 -1.962501 1.462839 0.6225686 -1.962501 1.494206 0.6106033 -1.962501 1.444676 0.6422882 -1.962501 1.480857 0.6373725 -1.962501 1.431794 0.6647086 -1.962501 1.472832 0.666235 -1.962501 1.424762 0.6884198 -1.962501 1.470634 0.6959295 -1.962501 1.423883 0.7119341 -1.962501 1.474403 0.7251573 -1.962501 1.429197 0.7526407 -1.962501 1.440471 0.7337713 -1.962501 1.4839 0.7771807 -1.962501 1.457214 0.7525606 -1.962501 1.49853 0.7977028 -1.962501 1.478694 0.7671213 -1.962501 1.517372 0.8133106 -1.962501 1.503971 0.7765384 -1.962501 1.539245 0.8233223 -1.962501 1.53194 0.78022 -1.962501 1.562771 0.8273006 -1.962501 1.56138 0.8250694 -1.962501 1.591002 0.777936 -1.962501 1.586475 0.81673 -1.962501 1.619516 0.7698283 -1.962501 1.608866 0.7564073 -1.962501 1.628536 0.7385154 -1.962501 1.644252 0.717278 -1.962501 1.655024 0.6940289 -1.962501 1.660176 0.670229 -1.962501 1.659384 0.6473737 -1.962501 1.652699 0.6268983 -1.962501 1.640539 0.6100907 -1.962501 1.62367 0.5980063 -1.962501 1.60315 0.5914044 -1.962501 1.580271 0.5907006 -1.962501 1.556468 0.5959382 -1.962501 1.533238 0.7858124 -2.010048 1.665758 0.7726441 -2.033926 1.652639 0.7566662 -2.0541 1.636721 0.7423792 -2.0541 1.64863 0.7261467 -2.0541 1.657711 0.7085219 -2.0541 1.663655 0.7137261 -2.033926 1.685599 0.6911888 -2.033926 1.688787 0.6920815 -2.010048 1.707354 0.6659155 -2.010047 1.706192 0.6404076 -2.010047 1.700243 0.6164265 -2.010047 1.689707 0.5947914 -2.010048 1.674945 0.5762358 -2.010048 1.65646 0.5613933 -2.010048 1.634878 0.5507684 -2.010048 1.610937 0.5447245 -2.010048 1.585453 0.5434661 -2.010048 1.55929 0.5470367 -2.010048 1.533343 0.5553146 -2.010048 1.508493 0.5723329 -2.033926 1.515969 0.5929809 -2.0541 1.52504 0.6144791 -2.069921 1.540787 0.5871034 -2.0541 1.542689 0.6104736 -2.069921 1.559951 0.584568 -2.0541 1.561115 0.5854616 -2.0541 1.579693 0.562036 -2.033926 1.560114 0.5631304 -2.033926 1.582851 0.6901045 -2.0541 1.666258 0.6684494 -2.033926 1.687778 0.6466465 -2.027502 1.688715 0.6233425 -2.027502 1.678804 0.6024227 -2.027502 1.664529 0.6715231 -2.0541 1.665435 0.6564217 -2.044481 1.67439 0.6674967 -2.058723 1.658157 0.584693 -2.027502 1.646445 0.5776153 -2.033926 1.625803 0.5944676 -2.044481 1.63212 0.5972982 -2.0541 1.614792 0.6055427 -2.058723 1.615887 0.6176787 -2.069921 1.5981 0.5897536 -2.0541 1.597791 0.6115646 -2.069921 1.5795 0.7180157 -2.010048 1.703687 0.7352953 -2.033926 1.678326 0.7428341 -2.010048 1.695316 0.7551594 -2.033926 1.667212 0.7656927 -2.010048 1.682528 0.5683823 -2.033926 1.604998 0.5651388 -2.033926 1.537565 0.7560449 -2.027502 1.590376 0.7600508 -2.027502 1.571212 0.7589588 -2.027502 1.551663 0.7528458 -2.027502 1.533063 0.6908918 -2.027502 1.490793 0.6713438 -2.027502 1.491885 0.6527438 -2.027502 1.497998 0.6363602 -2.027502 1.508717 0.6233087 -2.027502 1.523312 0.6144791 -2.027502 1.540787 0.6104736 -2.027502 1.559951 0.6115646 -2.027502 1.5795 0.6176787 -2.027502 1.5981 0.6236529 -1.298618 1.49394 0.6442938 -1.298618 1.480436 0.667727 -1.298618 1.472734 0.6923556 -1.298618 1.47136 0.7165003 -1.298618 1.476405 0.7385163 -1.298618 1.48753 0.7569032 -1.298618 1.503972 0.7704077 -1.298618 1.524613 0.77811 -1.298618 1.548047 0.7794848 -1.298618 1.572675 0.7744389 -1.298618 1.59682 0.62463 -1.295001 1.495078 0.6261845 -1.291894 1.496885 0.6282096 -1.289511 1.49924 0.6305685 -1.288012 1.501982 0.6488934 -1.288012 1.489994 0.6696959 -1.288012 1.483157 0.6915598 -1.288012 1.481937 0.7129936 -1.288012 1.486416 0.7325382 -1.288012 1.496291 0.7488608 -1.288012 1.510888 0.76085 -1.288012 1.529213 0.7676878 -1.288012 1.550015 0.768908 -1.288012 1.571878 0.7644281 -1.288012 1.593313 0.7678423 -1.289511 1.594509 0.7707744 -1.291894 1.595536 0.7730241 -1.295001 1.596325 0.6473246 -1.289511 1.486734 0.6690245 -1.289511 1.479602 0.6918306 -1.289511 1.478328 0.71419 -1.289511 1.483002 0.7345777 -1.289511 1.493303 0.7516041 -1.289511 1.508529 0.7641096 -1.289511 1.527643 0.7712426 -1.289511 1.549343 0.7725163 -1.289511 1.57215 0.645977 -1.291894 1.483935 0.6684475 -1.291894 1.476549 0.6920643 -1.291894 1.475231 0.7152166 -1.291894 1.480069 0.7363286 -1.291894 1.490736 0.7539597 -1.291894 1.506504 0.7669096 -1.291894 1.526297 0.7742949 -1.291894 1.548767 0.7756138 -1.291894 1.572383 0.6449437 -1.295001 1.481787 0.6680055 -1.295001 1.474206 0.6922431 -1.295001 1.472854 0.7160049 -1.295001 1.47782 0.7376719 -1.295001 1.488767 0.7557669 -1.295001 1.504949 0.7690573 -1.295001 1.525262 0.7766371 -1.295001 1.548324 0.7779908 -1.295001 1.572562 0.5753698 -1.979696 1.453539 0.5753083 -1.976026 1.453477 0.575872 -1.972444 1.454051 0.5770292 -1.969165 1.455231 0.5787082 -1.966384 1.456943 0.5808101 -1.964271 1.459087 0.583209 -1.962951 1.461532 0.6054692 -1.962951 1.443621 0.6035938 -1.964271 1.440755 0.6295152 -1.964271 1.427221 0.6283932 -1.966384 1.424436 0.657023 -1.966384 1.416053 0.6565781 -1.969165 1.413696 0.68676 -1.969165 1.411019 0.6867762 -1.972444 1.409368 0.7172232 -1.972444 1.412664 0.7173882 -1.976026 1.411876 0.7467566 -1.976026 1.421096 0.7467222 -1.979696 1.421177 0.7737122 -1.979696 1.435943 0.7973046 -1.979696 1.45569 0.8165903 -1.979696 1.479659 0.8308292 -1.979696 1.506931 0.8394747 -1.979696 1.536457 0.8421931 -1.979696 1.567103 0.8388815 -1.979696 1.597689 0.8296666 -1.979696 1.627042 0.8297472 -1.976026 1.627076 0.8290062 -1.972444 1.626761 0.8274865 -1.969165 1.626114 0.8252792 -1.966384 1.625175 0.8225174 -1.964271 1.623999 0.8193646 -1.962951 1.622657 0.8279238 -1.962951 1.595399 0.8309994 -1.962951 1.566994 0.8284745 -1.962951 1.538535 0.820446 -1.962951 1.511115 0.8072224 -1.962951 1.485788 0.7893124 -1.962951 1.463528 0.7674036 -1.962951 1.445191 0.7423382 -1.962951 1.431479 0.7150793 -1.962951 1.422921 0.6866741 -1.962951 1.419845 0.6582155 -1.962951 1.42237 0.6307955 -1.962951 1.430398 0.7173696 -1.979696 1.411962 0.6867843 -1.976026 1.408562 0.656271 -1.972444 1.412073 0.6274967 -1.969165 1.422212 0.6019507 -1.966384 1.438243 0.6867833 -1.979696 1.40865 0.6561217 -1.976026 1.411282 0.6268792 -1.972444 1.420679 0.6006365 -1.969165 1.436236 0.656138 -1.979696 1.411369 0.6265788 -1.976026 1.419932 0.5997324 -1.972444 1.434854 0.6266117 -1.979696 1.420014 0.5992913 -1.976026 1.434179 0.59934 -1.979696 1.434253 0.6575794 -1.964271 1.419003 0.6867371 -1.966384 1.413418 0.7168856 -1.969165 1.414281 0.7464414 -1.972444 1.421837 0.7737627 -1.976026 1.435869 0.686708 -1.964271 1.416419 0.716394 -1.966385 1.416628 0.7457943 -1.969165 1.423357 0.7733088 -1.972444 1.436535 0.7973681 -1.976026 1.455628 0.7157793 -1.964271 1.419567 0.7448549 -1.966385 1.425565 0.772378 -1.969165 1.437899 0.7967925 -1.972444 1.456191 0.8166642 -1.976026 1.479611 0.7436791 -1.964271 1.428327 0.7710261 -1.966385 1.43988 0.7956133 -1.969165 1.457348 0.8159905 -1.972444 1.480052 0.8309116 -1.976026 1.506898 0.7693338 -1.964271 1.44236 0.7939015 -1.966385 1.459028 0.8146086 -1.969165 1.480956 0.8301649 -1.972444 1.507199 0.8395615 -1.976026 1.53644 0.7917576 -1.964271 1.46113 0.8126011 -1.966385 1.482269 0.8286328 -1.969165 1.507817 0.8387704 -1.972444 1.536591 0.8422823 -1.976026 1.567103 0.8100886 -1.964271 1.483913 0.8264074 -1.966385 1.508713 0.8371472 -1.969165 1.536896 0.8414765 -1.972444 1.567095 0.8389688 -1.976026 1.597707 0.8236232 -1.964271 1.509834 0.8347902 -1.966385 1.537342 0.8398252 -1.969165 1.567079 0.8381796 -1.972444 1.597542 0.8318405 -1.964271 1.537899 0.8374262 -1.966385 1.567056 0.8365631 -1.969165 1.597205 0.834425 -1.964271 1.567027 0.8342147 -1.966385 1.596713 0.8312764 -1.964271 1.596099 -0.003860473 -1.962951 -0.1456911 -0.003764152 -1.962501 -0.1420488 0.02463722 -1.962951 -0.1436445 0.02585268 -1.962501 -0.1397268 0.05218791 -1.962951 -0.1360781 0.05433893 -1.962501 -0.1312985 0.07773303 -1.962951 -0.1232817 0.08045005 -1.962501 -0.1171317 0.1002907 -1.962951 -0.1057484 0.1030454 -1.962501 -0.09784555 0.1189942 -1.962951 -0.08415055 0.1211371 -1.962501 -0.07428288 0.1331248 -1.962951 -0.05931878 0.1339344 -1.962501 -0.0474739 0.1421399 -1.962951 -0.03220772 0.1408786 -1.962501 -0.01858949 0.1456923 -1.962951 -0.003858327 0.1416645 -1.962501 0.01110696 0.1436457 -1.962951 0.02463889 0.1362605 -1.962501 0.04031825 0.1360793 -1.962951 0.05218958 0.1249003 -1.962501 0.06776738 0.1232833 -1.962951 0.0777347 0.1080813 -1.962501 0.09225463 0.1057486 -1.962951 0.1002924 0.08653879 -1.962501 0.1127107 0.08415126 -1.962951 0.1189963 0.06121444 -1.962501 0.1282401 0.05931949 -1.962951 0.1331272 0.03321409 -1.962501 0.1381652 0.03220796 -1.962951 0.1421418 0.003762722 -1.962501 0.1420516 0.003859043 -1.962951 0.1456942 0.0329647 -1.964271 0.1454825 0.003949642 -1.964271 0.1491184 0.03362894 -1.966384 0.1484103 0.004029273 -1.966384 0.1521196 0.03415822 -1.969165 0.1507499 0.004092693 -1.969165 0.1545174 0.03452396 -1.972444 0.1523604 0.004136085 -1.972444 0.1561684 0.03470182 -1.976026 0.1531465 0.004157543 -1.976026 0.1569738 0.004155158 -1.979695 0.1568851 0.004129409 -1.983233 0.1559078 0.03446578 -1.983233 0.1521065 0.03468179 -1.979695 0.1530599 0.06391191 -1.976026 0.1434333 0.06358385 -1.972444 0.1426975 0.0902009 -1.972444 0.127551 0.08924722 -1.969165 0.1262025 0.112153 -1.969165 0.1063661 0.1104125 -1.966384 0.1047153 0.1287198 -1.966384 0.08116269 0.1261801 -1.964271 0.07956171 0.1392774 -1.964271 0.05341625 0.06387615 -1.979695 0.1433527 0.06347799 -1.983233 0.1424598 0.09061527 -1.979695 0.1281363 0.09005069 -1.983233 0.1273384 0.113872 -1.979695 0.1079959 0.1131625 -1.983233 0.1073231 0.1327524 -1.979695 0.08370542 0.1319251 -1.983233 0.083184 0.1465315 -1.979695 0.05619835 0.1456189 -1.983233 0.05584836 0.1546792 -1.979695 0.02653145 0.153716 -1.983233 0.02636623 0.1568832 -1.979695 -0.00415492 0.1559057 -1.983233 -0.004129171 0.1521043 -1.983233 -0.03446555 0.1530575 -1.979695 -0.03468179 0.1424574 -1.983233 -0.06347727 0.1433501 -1.979695 -0.06387543 0.127336 -1.983233 -0.09004998 0.1281342 -1.979695 -0.09061431 0.1073217 -1.983233 -0.1131618 0.107994 -1.979695 -0.113871 0.08318233 -1.983233 -0.1319246 0.08370351 -1.979695 -0.1327514 0.05584669 -1.983233 -0.1456177 0.05619668 -1.979695 -0.1465306 0.02636384 -1.983233 -0.1537148 0.02652978 -1.979695 -0.1546785 -0.00413084 -1.983233 -0.1559047 -0.004156589 -1.979695 -0.1568822 0.02654504 -1.976026 -0.1547658 -0.004158973 -1.976026 -0.1569707 0.02640819 -1.972444 -0.1539716 -0.004137516 -1.972444 -0.1561653 0.02612924 -1.969165 -0.1523439 -0.004094123 -1.969165 -0.1545143 0.02572393 -1.966384 -0.1499795 -0.004030704 -1.966384 -0.1521165 0.0252161 -1.964271 -0.1470208 -0.003951072 -1.964271 -0.1491155 0.05341434 -1.964271 -0.1392762 0.07955932 -1.964271 -0.1261794 0.1026473 -1.964271 -0.1082339 0.1217913 -1.964271 -0.08612847 0.1362533 -1.964271 -0.06071305 0.1454806 -1.964271 -0.0329647 0.1491165 -1.964271 -0.003949165 0.1470217 -1.964271 0.025218 0.05448961 -1.966384 -0.1420793 0.08116054 -1.966384 -0.1287188 0.1047134 -1.966384 -0.1104118 0.1242423 -1.966384 -0.08786177 0.1389961 -1.966384 -0.06193494 0.1484079 -1.966384 -0.03362798 0.1521172 -1.966384 -0.004028558 0.1499805 -1.966384 0.0257256 0.1420803 -1.966384 0.05449128 0.05534839 -1.969165 -0.1443188 0.08244037 -1.969165 -0.130748 0.1063642 -1.969165 -0.1121525 0.1262006 -1.969165 -0.08924674 0.1411867 -1.969165 -0.06291127 0.1507472 -1.969165 -0.03415799 0.1545152 -1.969165 -0.004092216 0.1523447 -1.969165 0.02613115 0.1443195 -1.969165 0.05535006 0.1307487 -1.969165 0.08244204 0.05593967 -1.972444 -0.1458609 0.08332109 -1.972444 -0.1321449 0.1075 -1.972444 -0.1133508 0.1275486 -1.972444 -0.09020042 0.1426959 -1.972444 -0.06358361 0.1523585 -1.972444 -0.03452324 0.156166 -1.972444 -0.004135847 0.1539731 -1.972444 0.0264101 0.1458625 -1.972444 0.05594158 0.1321458 -1.972444 0.083323 0.1133513 -1.972444 0.1075026 0.05622816 -1.976026 -0.1466133 0.08375072 -1.976026 -0.1328263 0.1080551 -1.976026 -0.1139354 0.1282067 -1.976026 -0.09066581 0.1434311 -1.976026 -0.06391143 0.1531443 -1.976026 -0.0347011 0.1569719 -1.976026 -0.004157304 0.154767 -1.976026 0.02654647 0.146614 -1.976026 0.05623006 0.1328272 -1.976026 0.08375287 0.1139359 -1.976026 0.108057 0.09066629 -1.976026 0.1282088 0.1082344 -1.964271 0.1026496 0.08786249 -1.966384 0.1242439 0.06291198 -1.969165 0.1411888 0.08612871 -1.964271 0.121793 0.0619359 -1.966384 0.138998 0.06071376 -1.964271 0.1362559 -0.002222537 -1.288012 -0.08385157 -0.002119541 -1.287501 -0.07997059 0.01955699 -1.288012 -0.08156919 0.018651 -1.287501 -0.07779407 0.04000186 -1.288012 -0.07372808 0.03815078 -1.287501 -0.07031559 0.05772209 -1.288012 -0.0608623 0.05504989 -1.287501 -0.05804538 0.07150745 -1.288012 -0.04384899 0.0681982 -1.287501 -0.04181933 0.08042001 -1.288012 -0.0238471 0.07669878 -1.287501 -0.02274322 0.08385276 -1.288012 -0.002220153 0.07997179 -1.287501 -0.002117156 0.08157014 -1.288012 0.01955842 0.07779502 -1.287501 0.01865315 0.07031631 -1.287501 0.03815269 0.07372903 -1.288012 0.04000401 0.05804681 -1.287501 0.05505228 0.06086349 -1.288012 0.05772376 0.04182004 -1.287501 0.06819987 0.04384994 -1.288012 0.07150959 0.02274417 -1.287501 0.07669997 0.02384805 -1.288012 0.08042216 0.00211811 -1.287501 0.07997345 0.002221107 -1.288012 0.08385419 0.02487659 -1.28951 0.08389067 0.002316474 -1.28951 0.08747076 0.02575969 -1.291894 0.086869 0.002398967 -1.291894 0.09057641 0.02643775 -1.295001 0.08915424 0.002462387 -1.295001 0.09295916 0.02686357 -1.298618 0.09059095 0.002501487 -1.298618 0.09445738 0.02516937 -1.3025 0.09160661 0.002515316 -1.3025 0.09496808 0.04636001 -1.3025 0.08292102 0.0493946 -1.298618 0.08055138 0.04861164 -1.295001 0.07927393 0.06747245 -1.295001 0.06399106 0.06574296 -1.291894 0.06235098 0.07963991 -1.291894 0.04321074 0.07690906 -1.28951 0.04172945 0.08508777 -1.28951 0.02040195 0.064857 -1.3025 0.06941652 0.06855964 -1.298618 0.06502246 0.08173465 -1.295001 0.04434752 0.08810901 -1.291894 0.02112603 0.0874691 -1.28951 -0.002315759 0.07958507 -1.3025 0.05187821 0.08305168 -1.298618 0.04506206 0.09042692 -1.295001 0.02168202 0.09057426 -1.291894 -0.002398014 0.08388853 -1.28951 -0.0248754 0.08968734 -1.3025 0.03132462 0.09188413 -1.298618 0.02203154 0.09295749 -1.295001 -0.002460956 0.08686685 -1.291894 -0.02575874 0.07459211 -1.28951 -0.04574012 0.09457683 -1.3025 0.008950948 0.09445524 -1.298618 -0.002500772 0.08915281 -1.295001 -0.02643656 0.07723999 -1.291894 -0.04736399 0.06021118 -1.28951 -0.06348729 0.09397029 -1.3025 -0.01394295 0.09058952 -1.298618 -0.02686238 0.07927179 -1.295001 -0.04860997 0.06234931 -1.291894 -0.0657413 0.04172706 -1.28951 -0.07690763 0.08790254 -1.3025 -0.03602671 0.08054971 -1.298618 -0.04939365 0.06398963 -1.295001 -0.06747102 0.04320859 -1.291894 -0.07963848 0.02040004 -1.28951 -0.08508706 0.07672643 -1.3025 -0.0560162 0.06502103 -1.298618 -0.06855821 0.0443449 -1.295001 -0.0817337 0.02112388 -1.291894 -0.0881083 -0.002317905 -1.28951 -0.0874679 0.06109094 -1.3025 -0.07275056 0.04506015 -1.298618 -0.08305096 0.0216794 -1.295001 -0.09042644 -0.002462863 -1.295001 -0.0929563 -0.002400398 -1.291894 -0.09057354 0.0419054 -1.3025 -0.08525657 0.02202892 -1.298618 -0.09188342 -0.002502918 -1.298618 -0.09445428 0.02028369 -1.3025 -0.09280776 -0.002516746 -1.3025 -0.09496521 0.063488 -1.28951 0.06021308 0.04574108 -1.28951 0.07459354 0.04736471 -1.291894 0.07724189 0.06393527 -2.027501 -0.03920555 0.06393527 -2.069921 -0.03920555 0.05160951 -2.027501 -0.05441761 0.05160951 -2.069921 -0.05441761 0.03576564 -2.027501 -0.06592082 0.03576564 -2.069921 -0.06592082 0.01748561 -2.027501 -0.07293176 0.01748561 -2.069921 -0.07293176 -0.00198698 -2.027501 -0.07497239 -0.00198698 -2.069921 -0.07497239 -0.003759384 -2.010047 -0.1418838 -0.02976703 -2.010047 -0.1387772 -0.03446722 -1.983233 -0.1521036 -0.05476093 -2.010047 -0.1309447 -0.06347942 -1.983233 -0.1424567 -0.07788991 -2.010047 -0.1186532 -0.09005212 -1.983233 -0.1273353 -0.09836626 -2.010047 -0.1023211 -0.1131639 -1.983233 -0.1073207 -0.1154928 -2.010047 -0.08250427 -0.1319265 -1.983233 -0.08318138 -0.1286873 -2.010047 -0.05987787 -0.1456203 -1.983233 -0.05584573 -0.1374983 -2.010047 -0.03521227 -0.1537175 -1.983233 -0.02636384 -0.1416277 -2.010047 -0.009347438 -0.1559071 -1.983233 0.004131317 -0.1409339 -2.010047 0.01683568 -0.1521062 -1.983233 0.03446817 -0.1354408 -2.010047 0.04244542 -0.1424593 -1.983233 0.06348013 -0.1253356 -2.010047 0.06660985 -0.1273374 -1.983233 0.0900526 -0.1109623 -2.010047 0.08850598 -0.1073226 -1.983233 0.1131644 -0.09281063 -2.010047 0.1073882 -0.08318328 -1.983233 0.1319277 -0.07149839 -2.010047 0.1226136 -0.05584716 -1.983233 0.1456208 -0.04775047 -2.010047 0.1336636 -0.02636528 -1.983233 0.1537179 -0.02237749 -2.010047 0.1401617 0.003757953 -2.010047 0.1418869 0.003265857 -2.033925 0.123305 -0.01944684 -2.033925 0.1218056 -0.0414977 -2.033925 0.1161584 -0.06213474 -2.033925 0.1065557 -0.08065557 -2.033925 0.09332442 -0.09643077 -2.033925 0.07691526 -0.1089215 -2.033925 0.0578866 -0.1224427 -2.027501 0.04075837 -0.1051063 -2.044481 0.04029893 -0.08900594 -2.054099 0.04730272 -0.08546161 -2.058723 0.03977847 -0.06393671 -2.069921 0.03920841 -0.07879877 -2.054099 0.0628519 -0.05161094 -2.069921 0.05442023 -0.06590843 -2.054099 0.0762608 -0.03576707 -2.069921 0.06592369 -0.05077362 -2.054099 0.08707284 -0.03391027 -2.054099 0.09491968 0.00266838 -2.054099 0.1007595 -0.01589059 -2.054099 0.09953427 0.001985549 -2.069921 0.07497501 -0.01748704 -2.069921 0.07293438 -0.1280441 -2.027501 0.01606035 -0.128715 -2.027501 -0.009255886 -0.1244292 -2.027501 -0.03421545 -0.1118335 -2.033925 -0.0520358 -0.1070919 -2.044481 -0.03467464 -0.09138536 -2.054099 -0.04252076 -0.08744812 -2.058723 -0.03519487 -0.06592321 -2.069921 -0.0357654 -0.08201551 -2.054099 -0.05858874 -0.05441951 -2.069921 -0.0516088 -0.06985378 -2.054099 -0.07266139 -0.03920745 -2.069921 -0.0639348 -0.05531215 -2.054099 -0.08425974 -0.03888797 -2.054099 -0.09298825 -0.0475893 -2.033925 -0.1137957 -0.02586889 -2.033925 -0.1206023 -0.02132368 -2.069921 -0.0719037 -0.02113819 -2.054099 -0.09855079 -0.003267288 -2.033925 -0.1233019 -0.002670288 -2.054099 -0.1007566 -0.06768846 -2.033925 -0.1031138 -0.08548355 -2.033925 -0.08892035 -0.1003675 -2.033925 -0.0716989 0.02214908 -1.6325 -0.09238052 0.02028322 -1.962501 -0.092808 -0.002516269 -1.962501 -0.09496545 0.04530429 -1.6325 -0.0834999 0.0419054 -1.962501 -0.08525657 0.06109046 -1.962501 -0.07275056 0.06537246 -1.632501 -0.06892919 0.07672595 -1.962501 -0.0560162 0.08098506 -1.632501 -0.04966068 0.08790254 -1.962501 -0.03602671 0.09107923 -1.632501 -0.02700781 0.09397029 -1.962501 -0.01394295 0.09496641 -1.632501 -0.002514362 0.09457683 -1.962501 0.008950948 0.09238147 -1.632501 0.02215051 0.08968687 -1.962501 0.03132462 0.08350086 -1.632501 0.04530596 0.07958507 -1.962501 0.05187821 0.06893014 -1.632501 0.06537413 0.064857 -1.962501 0.06941652 0.04966115 -1.6325 0.08098721 0.04636001 -1.962501 0.08292102 0.02700853 -1.6325 0.09108114 0.02516889 -1.962501 0.09160661 0.002514839 -1.962501 0.09496808 -0.01865243 -1.287501 0.07779669 -0.02274513 -1.287501 -0.07669734 -0.04182147 -1.287501 -0.06819701 -0.03815174 -1.287501 0.07031846 -0.05804681 -1.287501 -0.05504918 -0.05505132 -1.287501 0.05804824 -0.07031726 -1.287501 -0.03814983 -0.06819868 -1.287501 0.04182219 -0.07779598 -1.287501 -0.01865053 -0.07669878 -1.287501 0.02274584 -0.07997226 -1.287501 0.002120018 -0.02028465 -1.962501 0.09281063 -0.02214908 -1.6325 0.09238338 -0.04190587 -1.962501 0.08525943 -0.04530477 -1.6325 0.083503 -0.06109189 -1.962501 0.07275319 -0.06537294 -1.6325 0.06893205 -0.07672739 -1.962501 0.05601906 -0.08098649 -1.6325 0.04966354 -0.08790397 -1.962501 0.03602933 -0.09108018 -1.6325 0.02701067 -0.09397125 -1.962501 0.01394581 -0.09496736 -1.6325 0.002517223 -0.09457826 -1.962501 -0.008948087 -0.0923829 -1.6325 -0.02214765 -0.0896883 -1.962501 -0.031322 -0.08350229 -1.6325 -0.0453031 -0.07958555 -1.962501 -0.05187535 -0.06893062 -1.6325 -0.06537127 -0.06485843 -1.962501 -0.06941413 -0.04966259 -1.6325 -0.08098411 -0.04636144 -1.962501 -0.08291816 -0.02700948 -1.6325 -0.09107828 -0.02517032 -1.962501 -0.09160375 -0.02517032 -1.3025 -0.09160375 -0.02028465 -1.3025 0.09281063 -0.04190587 -1.3025 0.08525943 -0.06109189 -1.3025 0.07275319 -0.07672739 -1.3025 0.05601906 -0.08790349 -1.3025 0.03602933 -0.09397125 -1.3025 0.01394605 -0.09457778 -1.3025 -0.008948087 -0.0896883 -1.3025 -0.031322 -0.07958507 -1.3025 -0.05187535 -0.06485843 -1.3025 -0.06941413 -0.04636096 -1.3025 -0.08291816 -0.02585315 -1.962501 0.1397299 -0.0211811 -1.962501 0.09261012 -0.05434036 -1.962501 0.1313014 -0.04354619 -1.962501 0.08443331 -0.08045148 -1.962501 0.1171345 -0.06317567 -1.962501 0.07095122 -0.1030468 -1.962501 0.09784817 -0.07883596 -1.962501 0.05301117 -0.1211385 -1.962501 0.0742855 -0.08954191 -1.962501 0.03174042 -0.1339354 -1.962501 0.04747653 -0.1408791 -1.962501 0.01859211 -0.09462165 -1.962501 0.008475303 -0.1416659 -1.962501 -0.01110434 -0.09375667 -1.962501 -0.01532244 -0.1362614 -1.962501 -0.04031562 -0.08699989 -1.962501 -0.03815698 -0.1249017 -1.962501 -0.06776475 -0.0747776 -1.962501 -0.05859422 -0.1080827 -1.962501 -0.09225249 -0.05785608 -1.962501 -0.07534956 -0.08654022 -1.962501 -0.1127076 -0.0612154 -1.962501 -0.1282372 -0.03729915 -1.962501 -0.08737039 -0.03321552 -1.962501 -0.1381621 -0.01439905 -1.962501 -0.09390115 0.009406089 -1.962501 -0.09453177 0.03261947 -1.962501 -0.08922243 0.05378389 -1.962501 -0.07830691 0.07156944 -1.962501 -0.06247115 0.08485651 -1.962501 -0.04270982 0.09281253 -1.962501 -0.02026486 0.09493637 -1.962501 0.003453493 0.09109544 -1.962501 0.02695512 0.08153057 -1.962501 0.04876303 0.06684303 -1.962501 0.06750702 0.04795455 -1.962501 0.08200931 0.02605295 -1.962501 0.0913589 0.02237606 -2.010047 -0.1401588 0.01944541 -2.033925 -0.1218028 0.01589012 -2.054099 -0.09953165 0.03390836 -2.054099 -0.09491705 0.05077219 -2.054099 -0.08706998 0.065907 -2.054099 -0.07625794 0.08065462 -2.033925 -0.09332156 0.09642934 -2.033925 -0.0769124 0.1109609 -2.010047 -0.08850336 0.1253347 -2.010047 -0.06660747 0.1354398 -2.010047 -0.04244303 0.1409325 -2.010047 -0.01683306 0.1416263 -2.010047 0.009349822 0.1374969 -2.010047 0.03521466 0.1286854 -2.010047 0.05988025 0.1154913 -2.010047 0.08250665 0.09836483 -2.010047 0.1023235 0.07788801 -2.010047 0.1186561 0.0547595 -2.010047 0.130948 0.0297656 -2.010047 0.1387803 0.02586746 -2.033925 0.1206054 0.02113771 -2.054099 0.09855318 0.02132225 -2.069921 0.07190632 0.03888654 -2.054099 0.09299135 0.03920602 -2.069921 0.06393742 0.05531072 -2.054099 0.0842626 0.06985187 -2.054099 0.07266426 0.06768798 -2.033925 0.1031162 0.08548212 -2.033925 0.08892321 0.07879734 -2.054099 -0.06284904 0.1089196 -2.033925 -0.05788397 0.1224412 -2.027501 -0.04075574 0.1280431 -2.027501 -0.01605796 0.1287136 -2.027501 0.00925827 0.08900451 -2.054099 -0.04729962 0.1051049 -2.044481 -0.04029631 0.08546018 -2.058723 -0.03977584 0.1244273 -2.027501 0.03421807 0.1118321 -2.033925 0.05203819 0.1070914 -2.044481 0.03467726 0.09138393 -2.054099 0.04252386 0.08744621 -2.058723 0.03519797 0.0659213 -2.069921 0.03576803 0.08201408 -2.054099 0.0585916 0.05441856 -2.069921 0.05161118 0.0928092 -2.010047 -0.1073856 0.06213331 -2.033925 -0.106553 0.07149696 -2.010047 -0.1226105 0.0414958 -2.033925 -0.1161558 0.04774904 -2.010047 -0.1336605 0.1003665 -2.033925 0.07170152 0.04758787 -2.033925 0.1137986 -0.02132368 -2.027501 -0.0719037 -0.03920745 -2.027501 -0.0639348 -0.05441951 -2.027501 -0.0516088 -0.06592321 -2.027501 -0.0357654 -0.06393671 -2.027501 0.03920841 -0.05161094 -2.027501 0.05442023 -0.03576707 -2.027501 0.06592369 -0.01748704 -2.027501 0.07293438 0.001985549 -2.027501 0.07497501 0.02132225 -2.027501 0.07190632 0.03920602 -2.027501 0.06393742 0.05441856 -2.027501 0.05161118 0.06592178 -2.027501 0.03576827 0.06592178 -2.069921 0.03576827 -0.02203035 -1.298618 0.09188628 -0.04506111 -1.298618 0.08305382 -0.06502103 -1.298618 0.06856107 -0.08055067 -1.298618 0.04939651 -0.09059 -1.298618 0.02686548 -0.09445619 -1.298618 0.002503633 -0.09188508 -1.298618 -0.02202868 -0.08305263 -1.298618 -0.04505944 -0.06855964 -1.298618 -0.0650196 -0.04939556 -1.298618 -0.08054876 -0.026865 -1.298618 -0.09058809 -0.02168083 -1.295001 0.0904293 -0.02112531 -1.291894 0.08811092 -0.020401 -1.28951 0.08508992 -0.01955699 -1.288012 0.08157205 -0.04000329 -1.288012 0.07373094 -0.05772209 -1.288012 0.0608654 -0.0715084 -1.288012 0.04385161 -0.08042097 -1.288012 0.02384996 -0.08385372 -1.288012 0.002222776 -0.08157062 -1.288012 -0.01955556 -0.07372999 -1.288012 -0.04000115 -0.06086444 -1.288012 -0.05772089 -0.04385089 -1.288012 -0.07150673 -0.02384948 -1.288012 -0.0804193 -0.02487754 -1.28951 -0.08388781 -0.02576112 -1.291894 -0.08686637 -0.02643823 -1.295001 -0.08915138 -0.04172801 -1.28951 0.07691049 -0.06021165 -1.28951 0.06348991 -0.07459211 -1.28951 0.04574298 -0.08388948 -1.28951 0.0248785 -0.08747005 -1.28951 0.00231862 -0.08508872 -1.28951 -0.02039909 -0.07690954 -1.28951 -0.04172635 -0.06348896 -1.28951 -0.06021022 -0.04574203 -1.28951 -0.07459068 -0.04320955 -1.291894 0.0796411 -0.06235027 -1.291894 0.06574416 -0.07724094 -1.291894 0.04736685 -0.0868678 -1.291894 0.0257616 -0.09057521 -1.291894 0.002400875 -0.08810997 -1.291894 -0.0211234 -0.07963991 -1.291894 -0.04320812 -0.06574296 -1.291894 -0.06234788 -0.04736566 -1.291894 -0.07723879 -0.04434633 -1.295001 0.08173656 -0.06399059 -1.295001 0.06747388 -0.07927274 -1.295001 0.04861283 -0.08915376 -1.295001 0.02643942 -0.09295845 -1.295001 0.002464056 -0.09042787 -1.295001 -0.02167916 -0.08173561 -1.295001 -0.0443449 -0.06747245 -1.295001 -0.06398844 -0.04861164 -1.295001 -0.07927107 -0.02653121 -1.979695 0.1546814 -0.02654552 -1.976026 0.1547687 -0.02640962 -1.972444 0.1539747 -0.02613067 -1.969165 0.1523468 -0.02572488 -1.966384 0.1499826 -0.02521753 -1.964271 0.1470239 -0.02463865 -1.962951 0.1436479 -0.05218935 -1.962951 0.1360809 -0.05341529 -1.964271 0.1392793 -0.07956075 -1.964271 0.1261825 -0.08116245 -1.966384 0.1287219 -0.1047148 -1.966384 0.1104145 -0.1063656 -1.969165 0.1121551 -0.1262016 -1.969165 0.08924937 -0.1275506 -1.972444 0.0902028 -0.1426973 -1.972444 0.06358599 -0.1434326 -1.976026 0.06391406 -0.1531453 -1.976026 0.03470373 -0.153059 -1.979695 0.03468418 -0.1568846 -1.979695 0.004157543 -0.1546807 -1.979695 -0.02652883 -0.146533 -1.979695 -0.05619573 -0.1327538 -1.979695 -0.0837028 -0.1138734 -1.979695 -0.1079933 -0.0906167 -1.979695 -0.1281332 -0.06387662 -1.979695 -0.1433496 -0.03468322 -1.979695 -0.1530568 -0.03470325 -1.976026 -0.1531431 -0.03452444 -1.972444 -0.1523573 -0.03415966 -1.969165 -0.1507468 -0.03362941 -1.966384 -0.1484072 -0.03296661 -1.964271 -0.1454794 -0.03220939 -1.962951 -0.1421387 -0.05932092 -1.962951 -0.1331238 -0.08415269 -1.962951 -0.118993 -0.10575 -1.962951 -0.1002898 -0.1232838 -1.962951 -0.07773208 -0.1360807 -1.962951 -0.05218696 -0.1436471 -1.962951 -0.02463626 -0.1456937 -1.962951 0.003861188 -0.1421413 -1.962951 0.03221011 -0.1331262 -1.962951 0.0593214 -0.1189956 -1.962951 0.08415317 -0.1002912 -1.962951 0.105751 -0.07773399 -1.962951 0.1232848 -0.1433515 -1.979695 0.06387782 -0.1282081 -1.976026 0.0906682 -0.1075019 -1.972444 0.1133532 -0.0824418 -1.969165 0.1307506 -0.05449104 -1.966384 0.1420822 -0.1281356 -1.979695 0.09061694 -0.1080565 -1.976026 0.113938 -0.083323 -1.972444 0.132148 -0.05534982 -1.969165 0.1443219 -0.1079955 -1.979695 0.1138737 -0.08375263 -1.976026 0.1328294 -0.0559411 -1.972444 0.145864 -0.08370494 -1.979695 0.1327543 -0.05622959 -1.976026 0.1466164 -0.05619764 -1.979695 0.1465334 -0.1026487 -1.964271 0.1082363 -0.1242432 -1.966384 0.08786439 -0.1411881 -1.969165 0.06291389 -0.1523599 -1.972444 0.03452563 -0.1569728 -1.976026 0.004159927 -0.1217927 -1.964271 0.08613109 -0.138997 -1.966384 0.06193757 -0.1507487 -1.969165 0.03416061 -0.1561675 -1.972444 0.004138708 -0.1547679 -1.976026 -0.02654385 -0.1362552 -1.964271 0.06071567 -0.1484093 -1.966384 0.0336306 -0.1545166 -1.969165 0.004094839 -0.1539745 -1.972444 -0.02640771 -0.1466155 -1.976026 -0.05622744 -0.145482 -1.964271 0.03296732 -0.1521186 -1.966384 0.004031181 -0.1523461 -1.969165 -0.02612853 -0.145863 -1.972444 -0.05593895 -0.1328282 -1.976026 -0.08375 -0.1491179 -1.964271 0.003951787 -0.1499819 -1.966384 -0.02572298 -0.1443209 -1.969165 -0.05534744 -0.1321473 -1.972444 -0.08332061 -0.1139373 -1.976026 -0.1080543 -0.1470232 -1.964271 -0.02521562 -0.1420817 -1.966384 -0.05448865 -0.1307501 -1.969165 -0.08243942 -0.1133527 -1.972444 -0.1075 -0.09066772 -1.976026 -0.1282057 -0.1392788 -1.964271 -0.05341362 -0.1287207 -1.966384 -0.08116006 -0.1121544 -1.969165 -0.1063632 -0.09020233 -1.972444 -0.1275479 -0.06391334 -1.976026 -0.1434307 -0.1261816 -1.964271 -0.07955908 -0.110414 -1.966384 -0.1047127 -0.08924865 -1.969165 -0.1261994 -0.06358528 -1.972444 -0.1426947 -0.1082358 -1.964271 -0.102647 -0.08786392 -1.966384 -0.1242411 -0.06291294 -1.969165 -0.1411859 -0.08613014 -1.964271 -0.1217901 -0.06193637 -1.966384 -0.1389951 -0.06071519 -1.964271 -0.1362528 4.536811 1.799998 1.099395 4.536811 1.599999 1.099395 4.554438 1.799998 1.084772 4.554438 1.599999 1.084772 4.568051 1.599999 1.066357 4.568051 1.799998 1.066357 4.576863 1.599999 1.045218 4.576863 1.799998 1.045218 4.58036 1.599999 1.022584 4.58036 1.799998 1.022584 4.57834 1.599999 0.9997715 4.57834 1.799998 0.9997715 4.570918 1.599999 0.978105 4.570918 1.799998 0.978105 4.558528 1.599999 0.9588446 4.558528 1.799998 0.9588446 4.541886 1.599999 0.9431089 4.541886 1.799998 0.9431089 4.521965 1.599999 0.9318135 4.521966 1.799998 0.9318135 4.499915 1.599999 0.9256153 4.499915 1.799998 0.9256153 4.477025 1.599999 0.9248723 4.477025 1.799998 0.9248723 4.454625 1.599999 0.9296273 4.454625 1.799998 0.9296273 4.43401 1.799998 0.9396068 4.43401 1.599999 0.9396068 1.088773 1.8 3.317735 1.088773 1.600001 3.317735 1.106399 1.8 3.303112 1.106399 1.600001 3.303112 1.120013 1.600001 3.284697 1.120013 1.8 3.284697 1.128825 1.600001 3.263558 1.128825 1.8 3.263558 1.132321 1.600001 3.240924 1.132322 1.8 3.240924 1.1303 1.600001 3.218111 1.1303 1.8 3.218111 1.122879 1.600001 3.196446 1.122879 1.8 3.196446 1.110487 1.600001 3.177186 1.110488 1.8 3.177186 1.093847 1.600001 3.161451 1.093847 1.8 3.161451 1.073924 1.600001 3.150155 1.073924 1.8 3.150155 1.051877 1.600001 3.143955 1.051877 1.8 3.143955 1.028987 1.600001 3.143212 1.028987 1.8 3.143212 1.006584 1.600001 3.147968 1.006585 1.8 3.147968 0.9859715 1.8 3.157948 0.9859715 1.600001 3.157948 4.621186 1.799998 1.166352 4.644622 1.799998 1.140545 4.593623 1.799998 1.187698 4.663223 1.799998 1.111058 4.515328 1.799998 1.109667 4.676421 1.799998 1.078791 4.683814 1.799998 1.044721 4.685179 1.799998 1.009885 4.680476 1.799998 0.9753417 4.568944 1.799998 1.064749 4.555064 1.799998 1.084103 4.669842 1.799998 0.9421405 4.58041 1.799998 1.018911 4.577572 1.799998 1.042554 4.653607 1.799998 0.9112901 4.568374 1.799998 0.9732186 4.577279 1.799998 0.9953033 4.554257 1.799998 0.9540399 4.632263 1.799998 0.8837251 4.535816 1.799998 0.9389747 4.606453 1.799998 0.8602882 4.514207 1.799998 0.9289694 4.490787 1.799998 0.9246532 4.57697 1.799998 0.8416872 4.467029 1.799998 0.9262971 4.444428 1.799998 0.9337956 4.544702 1.799998 0.82849 4.424403 1.799998 0.9466785 4.510631 1.799998 0.8210976 4.475797 1.799998 0.8197315 4.377198 1.799998 0.8513043 4.441253 1.799998 0.8244364 4.40805 1.799998 0.8350694 0.9291601 1.8 3.069644 1.018991 1.8 3.144637 4.408208 1.799998 0.9641398 0.901597 1.8 3.090991 0.8781595 1.8 3.116798 0.8595591 1.8 3.146285 0.9963904 1.8 3.152135 0.8463621 1.8 3.178552 0.8389683 1.8 3.212621 0.9763632 1.8 3.16502 0.8376036 1.8 3.247457 0.9601708 1.8 3.18248 0.9488278 1.8 3.203418 0.8423081 1.8 3.282 0.9430494 1.8 3.22652 0.9431963 1.8 3.250333 0.8529396 1.8 3.315202 0.9492617 1.8 3.273361 0.869175 1.8 3.346054 0.9608631 1.8 3.294157 0.8905201 1.8 3.373616 0.977272 1.8 3.311415 0.9974566 1.8 3.324049 0.9163284 1.8 3.397053 1.02015 1.8 3.331268 1.043925 1.8 3.332615 0.9458151 1.8 3.415653 1.067289 1.8 3.328008 0.9780827 1.8 3.428851 1.012153 1.8 3.436245 1.107026 1.8 3.302442 1.046988 1.8 3.43761 1.145584 1.8 3.406039 1.081532 1.8 3.432906 1.114733 1.8 3.422274 4.491965 1.799998 1.114274 4.396867 1.799998 0.9850775 1.042748 1.8 3.142993 4.391086 1.799998 1.00818 1.066167 1.8 3.147311 4.391236 1.799998 1.031992 1.087777 1.8 3.157316 1.106219 1.8 3.172381 4.397302 1.799998 1.05502 1.120336 1.8 3.191559 4.408902 1.799998 1.075816 4.425311 1.799998 1.093074 1.129239 1.8 3.213645 4.445497 1.799998 1.105709 1.13237 1.8 3.237252 1.129533 1.8 3.260895 4.468188 1.799998 1.112928 1.120903 1.8 3.28309 0.9291601 1.600001 3.069644 1.007455 1.600001 3.147675 4.377198 1.599999 0.8513043 4.415757 1.599999 0.9548992 4.475797 1.599999 0.8197315 4.510631 1.599999 0.8210976 4.544702 1.599999 0.82849 4.57697 1.599999 0.8416872 4.455493 1.599999 0.9293348 4.478856 1.599999 0.9247283 0.901597 1.600001 3.090991 0.8781595 1.600001 3.116798 0.8595591 1.600001 3.146285 0.8463621 1.600001 3.178552 0.8389683 1.600001 3.212621 0.8376026 1.600001 3.247457 0.8423081 1.600001 3.282 0.9538403 1.600001 3.192592 0.9677172 1.600001 3.173241 0.8529396 1.600001 3.315202 0.9423742 1.600001 3.238431 0.9452114 1.600001 3.214788 0.869175 1.600001 3.346054 0.9544087 1.600001 3.284124 0.9455052 1.600001 3.262038 0.9685249 1.600001 3.303302 0.8905201 1.600001 3.373616 0.9869671 1.600001 3.318367 0.9163284 1.600001 3.397053 1.008577 1.600001 3.328372 1.031996 1.600001 3.332689 0.9458151 1.600001 3.415653 1.055752 1.600001 3.331046 1.078354 1.600001 3.323547 0.9780817 1.600001 3.428851 1.09838 1.600001 3.310662 1.012153 1.600001 3.436245 1.046988 1.600001 3.43761 1.145584 1.600001 3.406039 1.081532 1.600001 3.432906 1.114733 1.600001 3.422274 1.114573 1.600001 3.293203 4.593623 1.599999 1.187698 4.503793 1.599999 1.112705 4.526393 1.599999 1.105206 4.663223 1.599999 1.111058 4.676421 1.599999 1.078791 4.621186 1.599999 1.166352 4.644622 1.599999 1.140545 4.683814 1.599999 1.044721 4.546422 1.599999 1.092321 4.685179 1.599999 1.009885 4.562613 1.599999 1.074862 4.573955 1.599999 1.053924 4.680475 1.599999 0.9753417 4.579732 1.599999 1.030824 4.579585 1.599999 1.00701 4.669842 1.599999 0.9421405 4.57352 1.599999 0.983982 4.653607 1.599999 0.9112901 4.561919 1.599999 0.9631857 4.632262 1.599999 0.8837251 4.54551 1.599999 0.9459282 4.525325 1.599999 0.9332926 4.606453 1.599999 0.8602882 4.502633 1.599999 0.9260743 4.441253 1.599999 0.8244364 4.40805 1.599999 0.8350694 4.401881 1.599999 0.9742512 1.030818 1.600001 3.143068 4.393249 1.599999 0.9964475 1.054593 1.600001 3.144415 4.390411 1.599999 1.020091 1.077287 1.600001 3.151633 1.097471 1.600001 3.164268 4.393546 1.599999 1.043696 1.11388 1.600001 3.181526 4.402448 1.599999 1.065783 4.416564 1.599999 1.084962 1.125482 1.600001 3.202322 4.435005 1.599999 1.100027 1.131547 1.600001 3.22535 1.131695 1.600001 3.249163 4.456614 1.599999 1.110032 1.125916 1.600001 3.272264 4.480035 1.599999 1.114349 0.9683447 1.8 3.172571 0.9683447 1.600001 3.172571 0.95473 1.600001 3.190986 0.95473 1.8 3.190986 0.945919 1.600001 3.212125 0.945919 1.8 3.212125 0.9424219 1.600001 3.234758 0.9424219 1.8 3.234758 0.9444428 1.600001 3.257571 0.9444437 1.8 3.257571 0.9518652 1.600001 3.279237 0.9518652 1.8 3.279237 0.9642563 1.600001 3.298497 0.9642563 1.8 3.298497 0.980897 1.600001 3.314232 0.980897 1.8 3.314232 1.000819 1.600001 3.325528 1.000819 1.8 3.325528 1.022866 1.600001 3.331727 1.022866 1.8 3.331727 1.045756 1.600001 3.332471 1.045756 1.8 3.332471 1.068159 1.600001 3.327714 1.068159 1.8 3.327714 4.416385 1.799998 0.9542297 4.416385 1.599999 0.9542297 4.402771 1.599999 0.9726454 4.402771 1.799998 0.9726454 4.393958 1.599999 0.9937846 4.393958 1.799998 0.9937846 4.390462 1.599999 1.016418 4.390462 1.799998 1.016418 4.392482 1.599999 1.039231 4.392482 1.799998 1.039231 4.399903 1.599999 1.060897 4.399903 1.799998 1.060897 4.412297 1.599999 1.080156 4.412297 1.799998 1.080156 4.428935 1.599999 1.095893 4.428935 1.799998 1.095893 4.44886 1.599999 1.107187 4.44886 1.799998 1.107187 4.470906 1.599999 1.113387 4.470906 1.799998 1.113387 4.493796 1.599999 1.11413 4.493796 1.799998 1.11413 4.516196 1.599999 1.109375 4.516197 1.799998 1.109375 4.536809 -1.599703 1.099395 4.536809 -1.799703 1.099395 4.554437 -1.599703 1.084772 4.554437 -1.799703 1.084772 4.56805 -1.799703 1.066357 4.56805 -1.599703 1.066357 4.576861 -1.799703 1.045218 4.576861 -1.599703 1.045218 4.580359 -1.799703 1.022584 4.580359 -1.599703 1.022584 4.578338 -1.799703 0.9997715 4.578338 -1.599703 0.9997715 4.570917 -1.799703 0.978105 4.570917 -1.599703 0.978105 4.558526 -1.799703 0.9588446 4.558526 -1.599703 0.9588446 4.541885 -1.799703 0.9431089 4.541885 -1.599703 0.9431089 4.521964 -1.799703 0.931813 4.521964 -1.599703 0.931813 4.499914 -1.799703 0.9256153 4.499914 -1.599703 0.9256153 4.477024 -1.799703 0.9248723 4.477024 -1.599703 0.9248723 4.454623 -1.799703 0.9296273 4.454623 -1.599703 0.9296273 4.434009 -1.599703 0.9396068 4.434009 -1.799703 0.9396068 1.088771 -1.599702 3.317736 1.088771 -1.799701 3.317736 1.106398 -1.599702 3.303113 1.106398 -1.799701 3.303113 1.120012 -1.799701 3.284698 1.120012 -1.599702 3.284698 1.128824 -1.799701 3.263558 1.128824 -1.599702 3.263558 1.132321 -1.799701 3.240925 1.132321 -1.599702 3.240925 1.1303 -1.799701 3.218112 1.1303 -1.599702 3.218112 1.122877 -1.799701 3.196447 1.122878 -1.599702 3.196447 1.110486 -1.799701 3.177186 1.110487 -1.599702 3.177186 1.093845 -1.799701 3.161451 1.093845 -1.599702 3.161451 1.073923 -1.799701 3.150156 1.073924 -1.599702 3.150156 1.051876 -1.799701 3.143956 1.051876 -1.599701 3.143956 1.028987 -1.799701 3.143213 1.028987 -1.599701 3.143213 1.006584 -1.799701 3.147969 1.006584 -1.599701 3.147969 0.9859705 -1.599701 3.157948 0.9859705 -1.799701 3.157948 4.621184 -1.599703 1.166352 4.64462 -1.599703 1.140545 4.593622 -1.599703 1.187698 4.663222 -1.599703 1.111058 4.515327 -1.599703 1.109667 4.676419 -1.599703 1.078791 4.683812 -1.599703 1.044721 4.685178 -1.599703 1.009885 4.680474 -1.599703 0.9753417 4.568943 -1.599703 1.064749 4.555063 -1.599703 1.084103 4.669842 -1.599703 0.9421405 4.580409 -1.599703 1.018911 4.577571 -1.599703 1.042554 4.653605 -1.599703 0.9112901 4.568372 -1.599703 0.9732186 4.577277 -1.599703 0.9953033 4.554256 -1.599703 0.9540399 4.632262 -1.599703 0.8837251 4.535815 -1.599703 0.9389747 4.606452 -1.599703 0.8602882 4.514205 -1.599703 0.9289694 4.490787 -1.599703 0.9246532 4.576968 -1.599703 0.8416872 4.467027 -1.599703 0.9262971 4.444427 -1.599703 0.9337956 4.544701 -1.599703 0.82849 4.424401 -1.599703 0.9466785 4.51063 -1.599703 0.8210976 4.475795 -1.599703 0.8197315 4.377197 -1.599703 0.8513043 4.441251 -1.599703 0.8244364 4.408048 -1.599703 0.8350694 0.9291592 -1.599701 3.069645 1.01899 -1.599701 3.144637 4.408206 -1.599703 0.9641398 0.9015951 -1.599701 3.090991 0.8781576 -1.599701 3.116799 0.8595581 -1.599701 3.146285 0.9963894 -1.599701 3.152136 0.8463612 -1.599701 3.178553 0.8389673 -1.599701 3.212622 0.9763622 -1.599701 3.16502 0.8376017 -1.599701 3.247458 0.9601688 -1.599701 3.18248 0.9488268 -1.599701 3.203419 0.8423061 -1.599701 3.282001 0.9430475 -1.599701 3.226521 0.9431963 -1.599701 3.250333 0.8529387 -1.599702 3.315203 0.9492607 -1.599701 3.273362 0.8691731 -1.599702 3.346054 0.9608622 -1.599701 3.294157 0.8905192 -1.599702 3.373617 0.9772711 -1.599701 3.311415 0.9974566 -1.599701 3.32405 0.9163275 -1.599702 3.397054 1.02015 -1.599701 3.331269 1.043924 -1.599701 3.332616 0.9458132 -1.599701 3.415654 1.067287 -1.599701 3.328008 0.9780817 -1.599701 3.428851 1.012151 -1.599701 3.436245 1.107026 -1.599702 3.302443 1.046987 -1.599701 3.437611 1.145582 -1.599702 3.406039 1.08153 -1.599701 3.432907 1.114731 -1.599701 3.422275 4.491965 -1.599703 1.114274 4.396865 -1.599703 0.9850775 1.042747 -1.599701 3.142994 4.391085 -1.599703 1.00818 1.066166 -1.599701 3.147312 4.391234 -1.599703 1.031992 1.087775 -1.599702 3.157316 1.106217 -1.599702 3.172381 4.3973 -1.599703 1.05502 1.120335 -1.599702 3.19156 4.408901 -1.599703 1.075816 4.425312 -1.599703 1.093075 1.129238 -1.599702 3.213645 4.445495 -1.599703 1.105709 1.132369 -1.599702 3.237253 1.129531 -1.599702 3.260896 4.468188 -1.599703 1.112928 1.120902 -1.599702 3.283091 0.9291592 -1.799701 3.069645 1.007454 -1.799701 3.147675 4.377197 -1.799703 0.8513043 4.415756 -1.799703 0.9548992 4.475795 -1.799703 0.8197315 4.51063 -1.799703 0.8210976 4.5447 -1.799703 0.82849 4.576968 -1.799703 0.8416872 4.455491 -1.799703 0.9293348 4.478854 -1.799703 0.9247283 0.9015951 -1.799701 3.090991 0.8781576 -1.799701 3.116799 0.8595581 -1.799701 3.146285 0.8463612 -1.799701 3.178553 0.8389673 -1.799701 3.212622 0.8376017 -1.799701 3.247458 0.8423061 -1.799701 3.282001 0.9538393 -1.799701 3.192593 0.9677162 -1.799701 3.173241 0.8529387 -1.799701 3.315203 0.9423723 -1.799701 3.238432 0.9452105 -1.799701 3.214788 0.8691731 -1.799701 3.346054 0.9544077 -1.799701 3.284125 0.9455042 -1.799701 3.262038 0.968524 -1.799701 3.303303 0.8905192 -1.799701 3.373617 0.9869661 -1.799701 3.318368 0.9163275 -1.799701 3.397054 1.008575 -1.799701 3.328373 1.031995 -1.799701 3.33269 0.9458132 -1.799701 3.415654 1.055752 -1.799701 3.331047 1.078353 -1.799701 3.323548 0.9780817 -1.799701 3.428851 1.09838 -1.799701 3.310663 1.012151 -1.799701 3.436245 1.046987 -1.799701 3.437611 1.145582 -1.799701 3.406039 1.08153 -1.799701 3.432907 1.114731 -1.799701 3.422275 1.114573 -1.799701 3.293204 4.593622 -1.799703 1.187698 4.503791 -1.799703 1.112705 4.526391 -1.799703 1.105206 4.663222 -1.799703 1.111058 4.676419 -1.799703 1.078791 4.621184 -1.799703 1.166352 4.64462 -1.799703 1.140545 4.683812 -1.799703 1.044721 4.546421 -1.799703 1.092321 4.685178 -1.799703 1.009885 4.562612 -1.799703 1.074862 4.573953 -1.799703 1.053924 4.680474 -1.799703 0.9753417 4.57973 -1.799703 1.030824 4.579583 -1.799703 1.00701 4.669841 -1.799703 0.9421405 4.573519 -1.799703 0.983982 4.653605 -1.799703 0.9112901 4.561917 -1.799703 0.9631857 4.632261 -1.799703 0.8837251 4.545508 -1.799703 0.9459282 4.525323 -1.799703 0.9332926 4.606452 -1.799703 0.8602882 4.502631 -1.799703 0.9260743 4.441251 -1.799703 0.8244364 4.408048 -1.799703 0.8350694 4.401879 -1.799703 0.9742512 1.030817 -1.799701 3.143069 4.393249 -1.799703 0.9964475 1.054592 -1.799701 3.144416 4.39041 -1.799703 1.020091 1.077285 -1.799701 3.151634 1.09747 -1.799701 3.164269 4.393544 -1.799703 1.043696 1.113879 -1.799701 3.181527 4.402446 -1.799703 1.065783 4.416563 -1.799703 1.084962 1.125481 -1.799701 3.202322 4.435005 -1.799703 1.100027 1.131546 -1.799701 3.225351 1.131694 -1.799701 3.249163 4.456613 -1.799703 1.110032 1.125915 -1.799701 3.272265 4.480033 -1.799703 1.114349 0.9683447 -1.599701 3.172571 0.9683447 -1.799701 3.172571 0.95473 -1.799701 3.190987 0.95473 -1.599701 3.190987 0.9459181 -1.799701 3.212126 0.9459181 -1.599701 3.212126 0.942421 -1.799701 3.234759 0.942421 -1.599701 3.234759 0.9444428 -1.799701 3.257572 0.9444428 -1.599701 3.257572 0.9518633 -1.799701 3.279237 0.9518633 -1.599701 3.279237 0.9642553 -1.799701 3.298497 0.9642553 -1.599701 3.298497 0.9808951 -1.799701 3.314233 0.980896 -1.599701 3.314233 1.000818 -1.799701 3.325529 1.000818 -1.599701 3.325529 1.022865 -1.799701 3.331728 1.022866 -1.599701 3.331728 1.045755 -1.799701 3.332471 1.045755 -1.599701 3.332471 1.068158 -1.799701 3.327715 1.068158 -1.599701 3.327715 4.416383 -1.599703 0.95423 4.416383 -1.799703 0.95423 4.40277 -1.799703 0.9726454 4.40277 -1.599703 0.9726454 4.393956 -1.799703 0.9937846 4.393957 -1.599703 0.9937846 4.39046 -1.799703 1.016418 4.39046 -1.599703 1.016418 4.392481 -1.799703 1.039231 4.392481 -1.599703 1.039231 4.399901 -1.799703 1.060897 4.399901 -1.599703 1.060897 4.412296 -1.799703 1.080156 4.412296 -1.599703 1.080156 4.428934 -1.799703 1.095893 4.428934 -1.599703 1.095893 4.44886 -1.799703 1.107187 4.44886 -1.599703 1.107187 4.470905 -1.799703 1.113387 4.470905 -1.599703 1.113387 4.493795 -1.799703 1.11413 4.493795 -1.599703 1.11413 4.516196 -1.799703 1.109375 4.516197 -1.599703 1.109375</float_array>
          <technique_common>
            <accessor source="#wheel_loader_v1_062-mesh-positions-array" count="6281" stride="3">
              <param name="X" type="float"/>
              <param name="Y" type="float"/>
              <param name="Z" type="float"/>
            </accessor>
          </technique_common>
        </source>
        <source id="wheel_loader_v1_062-mesh-normals">
          <float_array id="wheel_loader_v1_062-mesh-normals-array" count="48237">-0.9821581 0 0.1880573 -0.9821581 0 0.1880573 -0.9986227 0 -0.05246812 -0.9570499 0 -0.2899236 -0.9570565 3.9038e-6 -0.2899017 -0.8598556 3.25332e-6 -0.5105373 -0.8598465 0 -0.5105527 -0.712686 0 -0.7014833 -0.7126854 0 -0.7014839 -0.5241021 0 -0.8516556 -0.3050706 0 -0.9523298 -0.3050689 0 -0.9523304 -0.06827116 0 -0.9976669 0.1724394 0 -0.9850201 0.4031593 0 -0.9151298 0.6104682 0 -0.7920409 0.7822667 0 -0.6229437 0.7822664 0 -0.622944 0.9086201 0 -0.4176238 0.9086198 0 -0.4176245 0.9086201 0 -0.4176239 0.9086198 0 -0.4176247 -0.9821627 0 0.1880334 -0.9821661 3.30977e-6 0.1880156 -0.9821631 4.315e-7 0.188031 -0.9821665 3.74127e-6 0.1880133 -0.9986226 3.74126e-6 -0.05246865 -0.9986226 3.74126e-6 -0.05246859 -0.9570539 3.57859e-6 -0.2899103 -0.9570481 0 -0.2899294 -0.859861 0 -0.5105282 -0.7126802 0 -0.7014892 -0.5241189 0 -0.8516451 -0.3050473 0 -0.9523372 -0.3050535 1.16913e-6 -0.9523352 -0.0682829 2.60518e-7 -0.997666 -0.06828153 0 -0.9976661 0.1724495 0 -0.9850184 0.4031691 0 -0.9151256 0.6104588 0 -0.792048 0.6104586 0 -0.7920482 0.7822644 0 -0.6229466 0.9086261 0 -0.4176105 -0.9703109 0 0.2418613 -0.9703109 0 0.2418614 -0.9636343 0 0.2672248 -0.963625 3.68396e-6 0.2672582 -0.9562498 3.68364e-6 0.2925517 -0.95626 0 0.292518 -0.9821643 0 0.1880248 -0.9821643 0 0.1880248 -0.9986227 0 -0.05246818 -0.9570574 0 -0.2898988 -0.8598319 0 -0.5105773 -0.7127478 0 -0.7014204 -0.7127472 0 -0.7014212 -0.5240774 0 -0.8516706 -0.5240719 0 -0.8516741 -0.3050628 0 -0.9523323 -0.06833475 0 -0.9976624 0.1724631 0 -0.985016 0.4032068 0 -0.9151089 0.4032137 0 -0.9151059 0.6104652 0 -0.7920432 0.9086286 0 -0.4176052 0.9086286 0 -0.4176051 -0.9567904 1.87383e-6 -0.2907786 -0.9567992 0 -0.2907496 -0.9567907 1.81118e-6 -0.2907776 -0.9567995 0 -0.2907486 -0.8594679 0 -0.5111897 -0.8594601 0 -0.5112029 -0.7121585 0 -0.7020189 -0.7121732 0 -0.7020038 -0.5235906 0 -0.85197 -0.5236056 0 -0.8519609 -0.304581 0 -0.9524865 -0.06778371 0 -0.9977 -0.06781351 0 -0.997698 0.1727414 0 -0.9849673 0.4034905 0 -0.9149839 0.4035155 0 -0.9149728 0.6106231 0 -0.7919215 0.6106047 0 -0.7919356 0.7823563 0 -0.6228311 0.7823644 0 -0.6228209 0.9086283 0 -0.4176058 0.9086282 0 -0.4176062 -0.982158 0 0.1880578 -0.9821581 0 0.1880574 -0.982158 0 0.1880579 -0.9986227 0 -0.05246764 -0.9570555 0 -0.2899051 -0.9570565 0 -0.2899016 -0.8598459 0 -0.5105537 -0.7126951 0 -0.701474 -0.7126957 0 -0.7014734 -0.5240922 0 -0.8516616 -0.5240928 0 -0.8516613 -0.06827259 0 -0.9976667 -0.06827241 0 -0.9976667 0.1724359 0 -0.9850208 0.1724354 0 -0.9850209 0.4031584 0 -0.9151303 0.6104782 0 -0.7920331 0.6104769 0 -0.792034 0.782256 0 -0.6229573 0.7822557 0 -0.6229576 0.9086275 0 -0.4176077 0.9086204 -3.45365e-6 -0.4176232 0.9086266 -4.5026e-7 -0.4176096 0.9086194 -3.90391e-6 -0.4176251 -0.9821627 0 0.1880335 -0.9821627 0 0.1880332 -0.9821627 0 0.1880335 -0.9821628 0 0.1880332 -0.9986227 0 -0.05246859 -0.9986227 0 -0.05246871 -0.9570481 0 -0.2899291 -0.957048 0 -0.2899297 -0.8598612 0 -0.5105279 -0.8598608 0 -0.5105288 -0.7126803 0 -0.701489 -0.5241189 0 -0.8516452 -0.3050534 0 -0.9523352 -0.3050532 0 -0.9523354 -0.06828135 0 -0.9976661 0.1724491 0 -0.9850185 0.4031696 0 -0.9151253 0.4031605 1.75528e-6 -0.9151294 0.6104582 1.50463e-6 -0.7920486 0.6104649 0 -0.7920433 0.7822641 0 -0.6229469 0.7822647 0 -0.6229463 0.9086263 0 -0.4176102 0.9086259 0 -0.4176111 0.9086263 0 -0.4176104 0.9086258 0 -0.4176113 -0.9821643 0 0.1880251 -0.9821643 0 0.1880248 -0.9821642 0 0.1880251 -0.9986227 0 -0.05246824 -0.9986227 0 -0.05246829 -0.8598502 0 -0.5105465 -0.8598497 0 -0.5105475 -0.7127263 0 -0.7014423 -0.7127256 0 -0.701443 -0.5240769 0 -0.851671 -0.5240707 0 -0.8516748 -0.3050681 0 -0.9523307 -0.3050628 -9.75963e-7 -0.9523323 -0.06833457 -2.43996e-7 -0.9976624 -0.06833475 -2.43997e-7 -0.9976624 0.1724627 6.50665e-7 -0.9850161 0.1724631 6.50667e-7 -0.985016 0.4032068 1.30123e-6 -0.9151089 0.4032142 1.95184e-6 -0.9151057 0.6104652 2.6026e-6 -0.7920432 0.6104645 2.60259e-6 -0.7920436 0.7822644 2.60255e-6 -0.6229466 0.7822638 2.60255e-6 -0.6229474 0.9086284 3.90412e-6 -0.4176057 0.9086287 2.75283e-6 -0.4176052 0.9086284 3.75403e-6 -0.4176056 0.9086286 2.60274e-6 -0.4176052 -0.9703118 0 0.2418576 -0.9703109 0 0.2418611 -0.9703118 0 0.2418578 -0.9562599 0 0.2925185 -0.948229 0 0.3175876 -0.9482288 0 0.3175881 -0.9395602 0 0.3423836 -0.9395601 0 0.3423842 -0.9302519 0 0.3669217 -0.930252 0 0.3669213 -0.9302518 0 0.3669217 -0.930252 0 0.3669213 -0.97341 0 0.2290701 -0.97341 0 0.2290701 -0.97341 0 0.2290701 -0.9897403 0 0.1428787 -0.9897403 0 0.1428787 -0.999483 0 -0.03215277 -0.9994831 0 -0.03215271 -0.999483 0 -0.03215271 -0.9994831 0 -0.03215277 -0.9785086 0 -0.206206 -0.9785087 0 -0.2062056 -0.9785087 0 -0.2062057 -0.9785086 0 -0.206206 -0.927481 2.80843e-6 -0.3738704 -0.9274774 0 -0.3738794 -0.9274781 5.9185e-7 -0.3738775 -0.9274817 3.40028e-6 -0.3738685 -0.8479278 5.54859e-7 -0.5301117 -0.8479336 3.18776e-6 -0.5301024 -0.8479324 2.63289e-6 -0.5301044 -0.8479266 0 -0.5301137 -0.7423461 0 -0.6700168 -0.7423471 0 -0.6700155 -0.7423469 0 -0.6700158 -0.7423458 0 -0.670017 -0.6139329 0 -0.7893582 -0.6139336 0 -0.7893577 -0.6139335 0 -0.7893579 -0.6139328 0 -0.7893583 -0.4666758 0 -0.8844285 -0.4666759 0 -0.8844285 -0.4666759 0 -0.8844285 -0.4666759 0 -0.8844285 -0.3050678 0 -0.9523307 -0.3050686 0 -0.9523305 -0.3050684 0 -0.9523305 -0.3050676 0 -0.9523307 -0.134077 0 -0.9909709 -0.1340779 0 -0.9909709 -0.1340777 0 -0.9909709 -0.1340768 0 -0.990971 0.04102736 0 -0.999158 0.04102742 0 -0.999158 0.04102742 0 -0.999158 0.04102736 0 -0.9991581 0.2148703 0 -0.9766426 0.2148707 0 -0.9766426 0.2148706 0 -0.9766426 0.2148702 0 -0.9766427 0.3821064 0 -0.9241184 0.3821054 0 -0.9241189 0.3821055 0 -0.9241188 0.3821066 0 -0.9241182 0.5376034 -1.66752e-6 -0.8431978 0.537598 0 -0.8432013 0.5375992 -3.51411e-7 -0.8432006 0.5376046 -2.01894e-6 -0.8431972 0.6765772 -4.43887e-7 -0.7363718 0.6765838 -2.55017e-6 -0.7363657 0.6765824 -2.10628e-6 -0.736367 0.6765757 0 -0.7363731 0.7947739 0 -0.6069056 0.7947745 0 -0.6069049 0.7947744 0 -0.6069051 0.7947738 0 -0.6069058 0.8885385 0 -0.4588021 0.8885388 0 -0.4588016 0.8915137 0 -0.4529941 0.8915134 0 -0.4529944 0.89445 0 -0.4471682 0.8944499 0 -0.4471682 0.9161598 0 -0.4008135 0.9161478 -6.09011e-6 -0.4008407 0.916158 -8.98115e-7 -0.4008175 0.916146 -6.98822e-6 -0.4008448 0.9523301 -8.15319e-6 -0.3050697 0.9523396 -1.0478e-6 -0.3050398 0.9523315 -7.1054e-6 -0.3050653 0.952341 0 -0.3050354 0.9785307 0 -0.2061012 0.9785308 0 -0.2061007 0.9785308 0 -0.2061011 0.9785309 0 -0.2061007 0.9877931 0 -0.1557718 0.9877932 -2.1026e-7 -0.1557719 0.9887868 -1.03393e-6 -0.1493349 0.9887885 -3.9475e-6 -0.1493234 0.989741 -2.21663e-6 -0.1428729 0.9897379 3.40032e-6 -0.1428954 0.9994831 3.40016e-6 0.03215193 0.9994831 3.40016e-6 0.03215187 0.9994831 3.40016e-6 0.03215187 0.9994831 3.40016e-6 0.03215193 0.9785119 -5.02515e-6 0.2061905 0.9785188 3.40037e-6 0.2061578 0.9785174 1.62482e-6 0.2061647 0.9785104 -6.80069e-6 0.2061973 0.9274715 -1.1837e-6 0.3738938 0.9274641 -6.80039e-6 0.3739125 0.9274657 -5.6167e-6 0.3739086 0.9274731 0 0.3738898 0.8479629 0 0.5300557 0.8479632 0 0.5300552 0.8479632 0 0.5300554 0.8479628 0 0.5300558 0.7422872 0 0.6700819 0.7422829 0 0.6700867 0.7422838 0 0.6700857 0.7422882 0 0.6700809 0.6139946 0 0.7893103 0.6139952 0 0.7893097 0.6139951 0 0.78931 0.6139944 0 0.7893104 0.4665938 -2.80841e-6 0.8844718 0.4665885 0 0.8844745 0.4665896 -5.91845e-7 0.8844739 0.4665949 -3.40024e-6 0.8844712 0.3050649 -3.69904e-7 0.9523316 0.305058 -2.12516e-6 0.9523338 0.3050594 -1.75527e-6 0.9523334 0.3050664 0 0.9523312 0.1341626 0 0.9909594 0.1341624 0 0.9909595 0.1341624 0 0.9909594 0.1341626 0 0.9909594 -0.04099458 0 0.9991595 -0.04099452 0 0.9991594 -0.04099458 0 0.9991595 -0.04099464 0 0.9991595 -0.2148648 0 0.9766438 -0.2148645 0 0.9766439 -0.2148646 0 0.9766439 -0.2148649 0 0.9766438 -0.3821243 0 0.924111 -0.3821237 0 0.9241112 -0.3821238 0 0.9241111 -0.3821244 0 0.924111 -0.5376117 0 0.8431926 -0.5376147 0 0.8431907 -0.5376141 0 0.8431912 -0.5376111 0 0.8431931 -0.6766139 0 0.736338 -0.6766086 0 0.7363429 -0.6766098 0 0.7363418 -0.6766151 0 0.736337 -0.7947597 0 0.6069244 -0.7947599 0 0.6069239 -0.7947599 0 0.6069241 -0.7947595 0 0.6069245 -0.8885411 0 0.4587973 -0.8885413 0 0.4587967 -0.8885412 0 0.4587969 -0.8885409 0 0.4587974 -0.9253327 0 0.3791562 -0.9253327 0 0.3791562 -0.9253327 0 0.3791561 -0.9253327 0 0.3791561 0.9821596 3.90382e-6 -0.1880499 0.9821596 3.90382e-6 -0.1880497 0.9821596 3.90382e-6 -0.1880499 0.9821596 3.90382e-6 -0.1880496 0.9986227 3.90388e-6 0.05246812 0.9986227 3.90388e-6 0.05246818 0.9570487 2.60277e-6 0.2899277 0.9570484 3.90415e-6 0.2899282 0.8598682 2.60244e-6 0.5105162 0.8598591 0 0.5105316 0.7127062 0 0.7014628 0.7127054 0 0.7014634 0.5241526 0 0.8516244 0.5241265 0 0.8516405 0.3049865 0 0.9523568 0.3049873 0 0.9523565 0.06833171 0 0.9976627 0.06833189 0 0.9976627 -0.1724425 0 0.9850196 -0.1724429 0 0.9850195 -0.4031604 0 0.9151293 -0.4031619 0 0.9151288 -0.6104746 0 0.7920359 -0.6104753 0 0.7920354 -0.782284 0 0.622922 -0.7822846 0 0.6229211 -0.9086115 0 0.4176423 -0.9086111 0 0.4176433 -0.9086115 0 0.4176424 -0.9086111 0 0.4176434 0.9821589 0 -0.1880533 0.9821588 0 -0.1880536 0.9821588 0 -0.1880533 0.9821588 0 -0.1880536 0.9986227 0 0.05246824 0.9986227 0 0.05246806 0.957048 0 0.2899297 0.9570481 0 0.2899291 0.8598488 0 0.5105488 0.8598403 -3.25322e-6 0.5105631 0.7127057 -2.7653e-6 0.7014633 0.7127172 0 0.7014515 0.5240926 0 0.8516613 0.5240916 0 0.8516619 0.3050689 0 0.9523304 0.3050687 0 0.9523305 0.06829047 0 0.9976655 0.06829029 0 0.9976656 -0.1724596 0 0.9850166 -0.1724591 0 0.9850167 -0.4031696 0 0.9151253 -0.4031691 0 0.9151255 -0.6104586 0 0.7920482 -0.6104584 0 0.7920483 -0.7822851 0 0.6229207 -0.7822844 0 0.6229217 -0.9086121 0 0.4176411 -0.9086123 0 0.4176406 -0.9086122 0 0.4176411 -0.9086123 0 0.4176406 0.9821581 -3.90398e-6 -0.1880576 0.9821615 -4.50259e-7 -0.1880396 0.9821584 -3.45372e-6 -0.1880553 0.9821619 0 -0.1880372 0.9986239 0 0.05244463 0.9986238 0 0.05244523 0.9570463 0 0.2899352 0.9570406 -2.60263e-6 0.2899543 0.8598556 -3.25332e-6 0.5105373 0.8598641 0 0.5105229 0.7126854 0 0.7014839 0.7126847 0 0.7014846 0.5241323 0 0.8516369 0.5241317 0 0.8516373 0.30505 0 0.9523364 0.3050492 0 0.9523366 0.06825041 0 0.9976683 0.0682488 -2.43988e-7 0.9976684 -0.1724522 6.50654e-7 0.9850179 -0.1724733 0 0.9850143 -0.4031419 0 0.9151375 -0.4031338 1.62663e-6 0.9151411 -0.6104414 1.95194e-6 0.7920614 -0.6104521 0 0.7920532 -0.7822719 0 0.6229373 -0.7822725 0 0.6229365 -0.9086261 0 0.4176105 -0.9086276 0 0.4176075 -0.9086264 0 0.4176102 -0.9086278 0 0.4176071 9.95364e-7 -1 -8.74562e-7 0 -1 1.61915e-7 3.431e-7 -1 -1.75807e-7 0 -1 3.71183e-6 0 -1 -1.74036e-7 2.76721e-7 -1 0 -1.8173e-6 -1 1.77053e-6 -3.51985e-6 -1 1.3835e-7 0 -1 0 6.84067e-7 -1 -1.05353e-6 -1.44746e-6 -1 2.08715e-7 2.81715e-6 -1 -5.48535e-7 1.98485e-6 -1 -2.82823e-7 1.36993e-6 -1 0 0 -1 0 0 -1 -3.23688e-6 0 -1 0 0 -1 3.65275e-7 0 -1 2.13978e-6 0 -1 0 0 -1 1.85456e-6 0 -1 -2.48832e-6 0 -1 -3.30041e-7 0 -1 -9.45611e-7 -1.58922e-6 -1 1.02013e-6 -2.79338e-6 -1 1.3135e-6 -1.84644e-6 -1 2.11386e-6 -1.72067e-6 -1 1.28663e-6 0 -1 8.91346e-7 0 -1 1.37151e-7 0 -1 3.52009e-6 0 -1 6.55971e-7 0 -1 2.78961e-7 0 -1 0 0 -1 7.97213e-7 0 -1 0 0 -1 6.66393e-7 0 -1 2.73402e-7 0 -1 0 2.68698e-7 -1 9.03752e-7 0 -1 -4.83183e-7 -2.86133e-7 -1 -2.35264e-6 -1.78049e-7 -1 1.41654e-6 0 -1 -4.68785e-7 5.32057e-7 -1 1.00582e-6 6.67754e-7 -1 7.08384e-6 4.35913e-7 -1 4.15019e-7 0 -1 -2.7835e-5 -9.48129e-7 -1 4.26742e-6 -9.51223e-7 -1 4.05529e-7 -7.98688e-6 -1 -5.22787e-6 0 -1 1.06092e-6 0 -1 2.31562e-6 -2.14663e-6 -1 0 -2.35248e-6 -1 -1.59724e-6 -1.00249e-6 -1 1.21526e-6 0 -1 -1.3375e-6 -2.66755e-7 -1 1.97682e-6 -1.46023e-7 -1 0 -1.76886e-7 -1 -6.04692e-7 -2.15374e-7 -1 3.78201e-6 -1.98496e-6 -1 5.68935e-7 -4.9511e-7 -1 7.015e-6 -2.74648e-6 -1 9.46264e-7 0 -1 -1.22603e-7 -7.26666e-7 -1 1.09355e-6 -1.21477e-6 -1 5.27902e-7 -2.87435e-6 -1 -4.37189e-7 -1.36066e-6 -1 -5.31505e-7 -2.27093e-6 -1 1.08711e-6 0 -1 0 -1.51116e-6 -1 6.32686e-7 -5.30117e-7 -1 2.05991e-7 -3.8404e-6 -1 5.44717e-7 0 -1 -1.09175e-6 0 -1 -1.79088e-7 0 -1 1.29361e-7 0 -1 -1.25299e-6 0 -1 7.82191e-7 0 -1 -1.12181e-6 0 -1 6.80604e-7 0 -1 1.46868e-7 0 -1 1.00196e-6 0 -1 -4.93646e-6 0 -1 -5.96009e-7 0 -1 -1.8248e-5 0 -1 5.76852e-7 0 -1 1.96563e-6 -9.03594e-7 -1 -2.02699e-6 2.16942e-7 -1 2.93484e-6 -4.44406e-7 -1 5.11893e-7 1.94614e-5 -1 0 -6.92285e-7 -1 -5.0092e-7 0 -1 0 1.49737e-7 -1 -1.5209e-6 -9.25819e-7 -1 5.77847e-7 0 -1 1.71086e-5 0 -1 -4.55672e-7 0 -1 -3.48079e-7 0 -1 0 2.49129e-7 -1 0 0 -1 3.16612e-7 0 -1 -1.99945e-6 1.26005e-7 -1 0 -4.58919e-6 -1 2.36165e-6 -1.75819e-6 -1 -1.1778e-6 -1.40492e-6 -1 3.64519e-6 -3.02847e-6 -1 -3.35769e-6 0 -1 6.04103e-7 0 -1 -1.61448e-6 0 -1 0 0 -1 0 -1.94614e-5 1 0 4.08629e-7 1 -1.84693e-7 -2.3766e-7 1 0 8.20392e-7 1 -4.40847e-6 7.64057e-7 1 -3.83131e-7 0 1 -5.17127e-7 0 1 3.40294e-7 0 1 -2.13992e-5 0 1 5.57917e-7 0 1 0 0 1 -8.77051e-7 0 1 1.41726e-6 0 1 -1.1745e-6 0 1 -3.70912e-6 5.0005e-6 1 -1.56881e-6 1.47067e-6 1 0 0 1 0 0 1 -6.47533e-6 2.34372e-6 1 0 1.98485e-6 1 -5.65687e-7 1.36998e-6 1 0 2.81715e-6 1 0 1.34644e-6 1 1.43911e-7 6.84056e-7 1 3.00994e-7 9.13805e-7 1 2.84774e-7 0 1 0 4.94046e-7 1 7.90564e-7 -1.30906e-7 1 2.69055e-6 0 1 -1.85871e-6 0 1 4.68729e-7 0 1 6.77083e-7 -1.08033e-6 1 -1.07626e-6 -2.856e-7 1 -1.09368e-6 0 1 2.78319e-5 -2.42997e-7 1 1.76943e-7 -2.61995e-7 1 0 -9.45998e-7 1 -1.32531e-6 1.83994e-6 1 0 0 1 0 0 1 0 -2.08679e-7 1 0 -1.66615e-7 1 1.13888e-6 -2.38832e-7 1 1.52664e-7 1.44274e-6 1 9.21046e-6 4.73561e-6 1 -8.28202e-7 0 1 3.23811e-6 0 1 2.45195e-7 0 1 7.16933e-7 0 1 -5.15585e-7 0 1 8.01946e-7 0 1 -1.46123e-6 0 1 -5.27469e-6 1.5161e-6 1 1.7226e-6 2.0035e-6 1 -2.04953e-6 1.61386e-6 1 4.37058e-7 2.22788e-6 1 -2.90364e-6 0 1 3.83665e-7 0 1 -3.45904e-6 0 1 -1.75775e-6 0 1 1.09173e-6 0 1 -5.87225e-7 0 1 -4.3781e-6 0 1 -6.54327e-7 0 1 3.26995e-7 -1.3606e-6 1 1.08075e-6 -2.58527e-6 1 2.4842e-7 -2.87429e-6 1 0 -7.26691e-7 1 -1.32017e-6 -8.46354e-7 1 -2.05253e-6 0 1 0 2.24438e-6 1 -1.83162e-7 1.70964e-5 1 1.29946e-6 -1.60188e-5 1 8.69908e-6 9.29945e-7 1 1.48744e-6 4.02376e-7 1 1.71834e-6 0 1 1.34086e-7 0 1 1.03179e-6 -2.1003e-7 1 1.19122e-6 -1.453e-7 1 -2.50426e-6 3.75524e-7 1 0 6.01724e-7 1 -1.50698e-7 -3.71873e-7 1 1.52336e-6 -6.32617e-7 1 3.76256e-6 1.29834e-6 1 4.53112e-7 6.47804e-7 1 0 0 1 2.58822e-7 -1.11187e-6 1 0 1.4704e-7 1 1.47384e-6 -7.64138e-7 1 -1.21722e-6 0 1 1.31905e-6 1.30658e-6 1 -4.00659e-6 -2.41695e-7 1 -1.47547e-6 -1.90389e-7 1 -1.32772e-6 2.51704e-6 1 -2.11426e-6 -3.26622e-7 1 8.16982e-7 0 1 -8.90138e-7 -4.98679e-7 1 6.48945e-7 4.44519e-7 1 0 0 1 1.96978e-7 1.42057e-5 1 -2.54281e-6 0 1 0 0 1 -1.87513e-6 0 1 -1.85101e-6 0 1 0 0 1 -1.7156e-6 0 1 0 -3.63055e-6 1 -1.70636e-6 0 1 0 -2.89579e-6 1 -1.25851e-6 0 1 0 2.06737e-7 1 -8.60769e-7 3.00256e-7 1 -7.13671e-7 0 1 0 3.69604e-6 1 -3.41774e-6 0 1 -6.82611e-7 0 1 -7.32804e-7 0 1 -6.83242e-7 6.71374e-7 1 7.48624e-6 2.46259e-6 1 2.93474e-7 2.08869e-6 1 2.39067e-7 2.66759e-7 1 -4.72945e-6 1.46026e-7 1 7.97055e-7 1.76888e-7 1 -1.13368e-6 2.15359e-7 1 2.49576e-6 1.19917e-7 1 -2.29213e-6 9.64549e-7 1 2.36782e-7 0 1 1.33871e-6 2.52162e-6 1 0 1.96699e-6 1 -1.27527e-6 0.9848628 0 0.1733363 0.9848627 0 0.1733365 0.9848627 0 0.1733364 0.9848627 0 0.1733366 0.9738221 0 -0.2273117 0.9738222 0 -0.2273116 0.9738221 0 -0.2273116 0.9976975 0 -0.0678215 0.9976975 0 -0.0678215 0.9956315 0 0.09336948 0.9956312 0 0.09337359 0.9956315 0 0.0933696 0.9956312 0 0.09337365 0.9538121 0 0.3004044 0.9538205 -1.66706e-6 0.3003774 0.9538124 0 0.3004034 0.9538208 -1.72969e-6 0.3003764 0.8435281 -1.29738e-6 0.5370851 0.8435072 0 0.5371179 0.8435273 -1.25041e-6 0.5370863 0.8435065 0 0.5371192 0.6758487 0 0.7370404 0.4620482 0 0.8868548 0.4620602 -6.25143e-7 0.8868486 0.4620487 0 0.8868547 0.4620606 -6.48631e-7 0.8868483 0.2167037 -4.32439e-7 0.9762375 0.2166783 -3.28246e-7 0.9762431 0.2167027 -4.28524e-7 0.9762377 0.2166773 -3.24331e-7 0.9762433 -0.04322981 0 0.9990652 -0.04322856 0 0.9990653 -0.04322975 0 0.9990652 -0.0432285 0 0.9990653 -0.3004759 0 0.9537895 -0.3004757 0 0.9537896 -0.3004759 0 0.9537894 -0.5369941 0 0.8435861 -0.5369883 8.33586e-7 0.8435897 -0.5369939 0 0.8435862 -0.5369881 8.64905e-7 0.8435899 -0.7370579 1.29739e-6 0.6758296 -0.7370438 0 0.675845 -0.7370574 1.25042e-6 0.6758302 -0.7370433 0 0.6758456 -0.8868613 1.66687e-6 0.4620358 -0.8868771 0 0.4620054 -0.8868765 0 0.4620066 -0.8868608 1.7295e-6 0.462037 -0.9762337 0 0.2167206 -0.9762288 1.72987e-6 0.2167431 -0.976229 1.66724e-6 0.2167423 -0.9762339 0 0.2167197 -0.9990626 1.667e-6 -0.04328888 -0.9990614 0 -0.04331815 -0.9990614 0 -0.04331707 -0.9990627 1.72963e-6 -0.04328775 -0.9848629 1.49479e-6 -0.1733349 -0.9848629 1.76315e-6 -0.1733351 -0.9848629 1.60012e-6 -0.173335 -0.984863 1.86848e-6 -0.1733353 0.9821596 0 -0.1880496 0.9986227 0 0.05246812 0.9570487 0 0.2899277 0.8598865 0 0.5104854 0.5241374 0 0.8516337 0.5241416 0 0.8516312 -0.4031537 0 0.9151324 -0.9253329 0 0.3791559 -0.9253329 0 0.3791559 -0.9253332 0 0.379155 -0.9253332 0 0.379155 -0.8885414 0 0.4587968 -0.7947599 0 0.606924 -0.6766153 0 0.7363368 -0.6766154 0 0.7363367 -0.5376104 0 0.8431934 -0.5376074 0 0.8431953 -0.537608 0 0.8431949 -0.3821243 0 0.924111 -0.214862 0 0.9766444 -0.214862 0 0.9766444 -0.04099464 0 0.9991594 0.3050586 0 0.9523337 0.305059 0 0.9523335 0.3050589 0 0.9523335 0.3050585 0 0.9523336 0.4665948 0 0.8844712 0.4665918 0 0.8844728 0.4665924 0 0.8844724 0.4665955 0 0.8844709 0.7422829 0 0.6700866 0.927464 0 0.3739125 0.9274641 0 0.3739125 0.9785187 0 0.2061578 0.9785188 0 0.2061578 0.9994831 0 0.03215187 0.9994831 0 0.03215187 0.9897418 0 -0.1428683 0.9887884 0 -0.1493235 0.9887885 0 -0.1493234 0.9877931 0 -0.1557722 0.987793 0 -0.1557722 0.9785383 0 -0.2060649 0.9785318 -6.08993e-6 -0.2060961 0.9785374 -8.98116e-7 -0.2060695 0.9785309 -6.98804e-6 -0.2061007 0.9523302 -6.98845e-6 -0.3050692 0.9523397 -8.98118e-7 -0.3050397 0.9523316 -6.09034e-6 -0.3050648 0.9161462 0 -0.4008443 0.9161463 0 -0.4008443 0.8944502 0 -0.4471676 0.8944503 0 -0.4471677 0.8915109 0 -0.4529994 0.8915106 0 -0.4529998 0.8885331 0 -0.4588125 0.8885334 0 -0.458812 0.7947741 0 -0.6069055 0.7947741 0 -0.6069055 0.6765833 0 -0.7363661 0.6765834 0 -0.7363661 0.5375978 0 -0.8432014 0.5375977 0 -0.8432015 0.5375977 0 -0.8432015 0.382106 0 -0.9241186 0.2148736 0 -0.976642 0.2148738 0 -0.9766419 0.2148737 0 -0.9766419 0.2148734 0 -0.9766419 0.04102009 0 -0.9991583 -0.1340789 0 -0.9909707 -0.1340789 0 -0.9909707 -0.3050585 0 -0.9523337 -0.3050585 0 -0.9523336 -0.4666759 0 -0.8844285 -0.6139331 0 -0.7893581 -0.6139331 0 -0.7893581 -0.7423528 2.36963e-6 -0.6700093 -0.7423467 0 -0.6700161 -0.7423479 4.99374e-7 -0.6700146 -0.742354 2.86901e-6 -0.6700078 -0.8479283 5.91851e-7 -0.530111 -0.8479334 3.40027e-6 -0.5301029 -0.8479323 2.80842e-6 -0.5301046 -0.8479273 0 -0.5301127 -0.9274773 0 -0.3738798 -0.9274772 0 -0.3738797 -0.9785087 0 -0.2062059 -0.9785087 0 -0.2062059 -0.9994834 0 -0.03213912 -0.9897403 0 0.1428788 -0.9897403 0 0.1428788 -0.9734101 0 0.2290697 -0.97341 0 0.2290698 -0.97341 0 0.2290703 -0.97341 0 0.2290703 -0.9482399 0 0.317555 0.9821589 0 -0.1880535 0.9986237 0 0.05244731 0.9570481 0 0.2899294 0.8598401 0 0.5105636 0.5240927 0 0.8516613 0.5240928 0 0.8516613 0.3050749 0 0.9523284 0.3050695 -1.15898e-6 0.9523301 0.06828904 -2.60502e-7 0.9976656 -0.4031691 0 0.9151256 -0.7822807 0 0.6229262 -0.908614 0 0.4176371 -0.908614 0 0.417637 0 1 -3.39261e-5 0 1 -1.71072e-5 0 1 -3.42173e-5 0 1 0 0 1 0 0 1 -3.66621e-7 0 1 0 0 1 5.14311e-7 0 1 1.93505e-6 -4.63777e-7 1 6.74203e-7 -1.08328e-6 1 4.94279e-7 6.72987e-7 1 1.24923e-7 -7.267e-7 1 1.09359e-6 -2.87429e-6 1 6.61728e-7 -1.36059e-6 1 0 0 1 2.17409e-6 0 1 -4.24958e-7 0 1 -1.18294e-6 0 1 -3.52029e-6 0 1 5.56154e-7 0 1 -1.3064e-6 0 1 1.93468e-6 0 1 0 0 1 -6.56766e-7 2.22802e-6 1 -2.06807e-6 1.61386e-6 1 -2.20032e-7 2.00356e-6 1 -1.12177e-6 1.5161e-6 1 0 0 1 -1.0805e-6 0 1 -1.9805e-7 0 1 -1.57336e-6 0 1 2.58201e-7 0 1 1.87877e-6 0 1 2.44193e-6 0 1 1.70911e-7 0 1 1.68221e-6 0 1 1.36653e-7 0 1 2.16969e-6 0 1 1.78839e-7 0 1 0 2.22107e-7 1 0 1.4478e-7 1 -3.37929e-7 0 1 1.39217e-7 -1.08033e-6 1 1.25563e-6 0 1 2.00508e-6 9.13801e-7 1 -2.19249e-6 4.94039e-7 1 8.35533e-7 -2.85621e-7 1 1.14737e-6 0 1 -6.94348e-5 6.84056e-7 1 -2.05371e-6 1.34643e-6 1 -2.65514e-6 9.6455e-7 1 1.01722e-6 2.81715e-6 1 1.21299e-7 1.98485e-6 1 4.58988e-6 2.34376e-6 1 0 0 1 0 1.47069e-6 1 2.39853e-6 0 1 7.30614e-7 5.00034e-6 1 3.00459e-6 0 1 1.1483e-6 0 1 -1.02521e-6 0 1 -2.73295e-6 0 1 -2.20025e-7 0 1 1.01272e-6 0 1 -3.4984e-7 0 1 2.62696e-6 0 1 1.75563e-6 0 1 -1.6475e-6 0 1 7.23746e-7 0 1 -2.09904e-7 0 1 -7.04035e-6 0 1 -1.81312e-5 0 1 1.11567e-6 0 1 -2.57815e-6 0 1 -1.32867e-6 8.20397e-7 1 0 0 1 0 -2.37663e-7 1 9.48534e-7 -1.94629e-5 1 4.33934e-6 4.08635e-7 1 1.2467e-7 7.64061e-7 1 0 -2.1003e-7 1 0 -1.45299e-7 1 0 0 1 0 0 1 0 6.7141e-7 1 -3.01801e-6 2.46259e-6 1 3.23578e-6 2.08869e-6 1 2.69156e-6 2.6676e-7 1 4.3921e-7 1.46023e-7 1 0 1.76888e-7 1 -2.69625e-6 2.15364e-7 1 7.56636e-6 1.19916e-7 1 -9.47707e-7 0 1 -7.59016e-7 2.52157e-6 1 -2.11401e-6 1.96694e-6 1 -1.59406e-6 1.89493e-6 1 0 3.06986e-6 1 0 -3.73265e-7 1 0 0 1 7.09493e-7 0 1 2.56711e-6 -1.79286e-7 1 0 3.91363e-6 1 4.54231e-7 1.63426e-6 1 -1.13998e-6 1.51922e-6 1 -1.4693e-6 3.41177e-6 1 -2.30545e-6 0 1 -3.1639e-7 0 1 0 0 1 1.61622e-6 0 1 1.27527e-6 0 1 -3.54836e-6 -1.3091e-7 1 -3.08363e-6 0.9821586 -3.45372e-6 -0.188055 0.9821615 -4.5026e-7 -0.1880396 0.9821581 -3.90398e-6 -0.1880573 0.9986238 -3.90372e-6 0.05244535 0.9986249 0 0.05242443 0.9570406 0 0.2899543 0.8598556 0 0.5105373 0.7126951 0 0.701474 0.7126857 -2.60256e-6 0.7014835 0.524123 -1.95188e-6 0.8516426 -0.1724623 0 0.9850162 -0.7822627 3.2531e-6 0.6229487 -0.9086257 3.25331e-6 0.4176116 -0.9086208 3.75219e-7 0.4176224 -0.908625 2.87809e-6 0.417613 -0.9086201 0 0.4176238 0 -1 2.0581e-7 0 -1 5.98699e-7 0 -1 3.42173e-5 0 -1 2.65711e-7 0 -1 0 -3.75509e-7 -1 9.64713e-7 3.71871e-7 -1 0 -6.68185e-7 -1 -2.64958e-7 6.32612e-7 -1 0 -1.29834e-6 -1 0 -3.69602e-6 -1 0 0 -1 0 0 -1 0 -3.00264e-7 -1 -1.53707e-6 -3.28654e-7 -1 -1.71864e-6 0 -1 0 -2.06733e-7 -1 -1.99814e-6 2.89577e-6 -1 -1.78877e-6 8.4635e-7 -1 0 -2.24444e-6 -1 1.30049e-6 -6.47863e-7 -1 1.33688e-5 7.267e-7 -1 -1.09359e-6 2.58529e-6 -1 -4.76243e-7 -1.70977e-5 -1 0 1.6019e-5 -1 -3.67978e-6 -9.29885e-7 -1 0 -4.0239e-7 -1 0 1.11187e-6 -1 1.56002e-6 -1.47037e-7 -1 -1.92502e-6 7.64145e-7 -1 2.90154e-6 0 -1 -3.21114e-6 -1.30657e-6 -1 1.04478e-6 2.41701e-7 -1 0 1.90395e-7 -1 3.62888e-6 -2.51702e-6 -1 4.59401e-7 3.26616e-7 -1 1.97793e-6 0 -1 -1.27788e-6 4.98691e-7 -1 0 2.38833e-7 -1 1.25089e-7 0 -1 5.88146e-7 -4.73563e-6 -1 2.89589e-7 2.87429e-6 -1 -5.97088e-7 1.36059e-6 -1 0 0 -1 -2.17409e-6 0 -1 4.24958e-7 0 -1 1.18294e-6 0 -1 3.52029e-6 0 -1 -5.56154e-7 0 -1 1.3064e-6 0 -1 -9.66296e-7 0 -1 1.02083e-6 0 -1 1.07268e-6 -2.22802e-6 -1 1.03465e-6 -1.61386e-6 -1 1.22224e-6 -2.00356e-6 -1 1.12177e-6 -1.5161e-6 -1 0 0 -1 1.0805e-6 0 -1 1.9805e-7 0 -1 1.57336e-6 0 -1 -2.58201e-7 0 -1 -1.87877e-6 0 -1 -2.44193e-6 0 -1 -5.7409e-7 0 -1 -1.68221e-6 0 -1 -1.30773e-7 0 -1 -2.16969e-6 0 -1 -1.43871e-7 2.61995e-7 -1 -1.66498e-7 -3.63746e-7 -1 2.42101e-6 1.66614e-7 -1 0 -1.44274e-6 -1 1.08154e-5 0 -1 0 1.08033e-6 -1 -1.25563e-6 0 -1 -1.94872e-6 -9.13801e-7 -1 0 -4.94039e-7 -1 -1.60012e-6 2.85621e-7 -1 -1.14737e-6 -6.84056e-7 -1 0 -1.34643e-6 -1 2.65514e-6 -9.64544e-7 -1 6.27496e-7 -2.81715e-6 -1 -1.21299e-7 -1.98485e-6 -1 -4.58988e-6 -1.36998e-6 -1 0 -2.34376e-6 -1 0 0 -1 0 -1.47069e-6 -1 -2.39853e-6 0 -1 -7.30618e-7 -5.00033e-6 -1 -3.00458e-6 0 -1 -1.3612e-6 0 -1 1.12174e-6 0 -1 2.20025e-7 0 -1 1.45182e-6 0 -1 7.96689e-7 0 -1 -1.75563e-6 0 -1 1.6475e-6 0 -1 -7.23746e-7 0 -1 2.0991e-7 0 -1 7.04035e-6 0 -1 1.08092e-6 0 -1 -1.05837e-6 0 -1 2.10459e-7 0 -1 2.39161e-6 -8.20397e-7 -1 0 0 -1 0 2.37662e-7 -1 -9.48538e-7 1.94629e-5 -1 -4.33934e-6 -4.08637e-7 -1 -1.2467e-7 -7.6406e-7 -1 0 2.1003e-7 -1 0 1.45299e-7 -1 -2.10357e-6 0 -1 -5.06797e-6 0 -1 0 -6.7141e-7 -1 4.01544e-6 -2.46259e-6 -1 -1.61789e-6 -2.08869e-6 -1 -1.33335e-6 -2.66759e-7 -1 3.2468e-6 -1.46026e-7 -1 0 -1.76888e-7 -1 -4.36755e-7 -2.15359e-7 -1 0 -1.19916e-7 -1 9.76564e-7 0 -1 7.45154e-7 -2.52157e-6 -1 2.11401e-6 -1.96694e-6 -1 1.59406e-6 0 -1 0 3.63055e-6 -1 1.6833e-6 0 -1 0 0 -1 -6.28799e-7 0 -1 0 0 -1 -2.31528e-6 0 -1 0 0 -1 2.14913e-6 -1.42058e-5 -1 2.17933e-6 -1.83994e-6 -1 -4.38553e-7 9.45998e-7 -1 8.13095e-7 0 -1 8.44847e-7 1.3091e-7 -1 -1.94132e-6 -0.1225938 -0.9923835 0.0120747 -0.1182605 -0.9929081 0.0121681 -0.1209659 -0.9925827 0.01212173 -0.1166709 -0.9930949 0.01226496 -0.1236068 -0.991623 0.03748887 -0.1070507 -0.9936441 0.03480744 -0.1188069 -0.9908852 0.06349372 -0.09426695 -0.9940588 0.05441492 -0.1080533 -0.990184 0.08865803 -0.07878071 -0.9943647 0.07093954 -0.09142506 -0.9895545 0.1114603 -0.06106197 -0.9945891 0.08404731 -0.06954824 -0.989055 0.1301276 -0.04164719 -0.9947407 0.09357565 -0.0435 -0.988703 0.1434372 -0.02111023 -0.9948335 0.09930086 -0.01480549 -0.9885258 0.1503253 3.52607e-6 -0.994865 0.1012123 0.01480865 -0.9885293 0.1503017 0.02111154 -0.9948298 0.09933871 0.04351186 -0.9887095 0.1433882 0.04165673 -0.9947403 0.09357696 0.06955879 -0.9890617 0.1300718 0.06106835 -0.9945871 0.08406668 0.09146559 -0.9895553 0.1114197 0.0788052 -0.9943615 0.07095825 0.108073 -0.9901806 0.08867168 0.09428566 -0.9940572 0.05441153 0.1188146 -0.9908831 0.0635122 0.1070513 -0.9936452 0.03477501 0.123605 -0.9916228 0.03749769 0.1210208 -0.9925769 0.01205044 0.1166825 -0.9930937 0.01225674 0.1182461 -0.9929098 0.01217132 0.122577 -0.9923856 0.01206833 0.3593009 -0.9325505 0.03539061 0.3594109 -0.9325085 0.03537988 0.359311 -0.9325466 0.0353896 0.3594199 -0.9325051 0.03537905 0.5747671 -0.8163589 0.05657857 0.5745792 -0.8164903 0.05659055 0.5747503 -0.8163706 0.05657964 0.574564 -0.8165009 0.05659151 0.7550002 -0.6514943 0.07436287 0.7552533 -0.6512038 0.07433819 0.7550222 -0.6514691 0.07436072 0.7552736 -0.6511805 0.07433623 0.8897405 -0.4479878 0.08757197 0.88967 -0.4481273 0.08757418 0.8897346 -0.4479996 0.08757215 0.8896644 -0.4481385 0.08757436 0.9711276 -0.2185712 0.09559178 0.9710794 -0.2187724 0.09562194 0.9711236 -0.2185879 0.09559428 0.9710755 -0.2187886 0.09562438 0.9948949 0.02425533 0.0979588 0.994893 0.0243119 0.09796434 0.9948931 0.02430725 0.09796386 0.9595897 0.2650694 0.09447783 0.9595901 0.2650671 0.09447848 0.9595897 0.2650692 0.09447789 0.9595902 0.2650669 0.09447848 0.9948951 0.02425074 0.09795832 0.9566753 0.02426385 0.2901443 0.9566757 0.02424871 0.2901442 0.9566806 0.0240786 0.2901421 0.9338378 -0.2184813 0.2832193 0.9338578 -0.2184062 0.2832111 0.9338561 -0.2184122 0.2832117 0.8606148 -0.2183932 0.4600507 0.8606073 -0.2184507 0.4600373 0.8605247 -0.2190867 0.4598896 0.7883471 -0.4483011 0.4213492 0.7884659 -0.4480033 0.4214436 0.7884563 -0.4480273 0.421436 0.6911277 -0.4479013 0.5672098 0.6911351 -0.4478986 0.567203 0.691215 -0.4478689 0.567129 0.5867046 -0.6511167 0.4814821 0.5866388 -0.65126 0.4813684 0.5866441 -0.6512485 0.4813776 0.4814097 -0.6512399 0.5866271 0.4814031 -0.6512562 0.5866144 0.4813342 -0.6514273 0.586481 0.3663964 -0.8163468 0.4464658 0.3663666 -0.8163737 0.446441 0.366369 -0.8163715 0.446443 0.2722742 -0.8163614 0.5093337 0.2722803 -0.8163551 0.5093405 0.272343 -0.8162916 0.5094088 0.1701757 -0.9325938 0.318291 0.1701934 -0.9325577 0.3183875 0.1701919 -0.9325606 0.3183795 0.1048138 -0.932572 0.3454326 0.1048135 -0.9325687 0.3454418 0.1048104 -0.9325355 0.3455318 0.9227343 0.2650526 0.2798364 0.9227251 0.2650853 0.2798363 0.9226189 0.2654567 0.2798343 0.9226092 0.2654904 0.2798341 0.8502792 0.2654926 0.4544656 0.8502913 0.2654559 0.4544646 0.8504279 0.2650378 0.4544526 0.8504404 0.2649999 0.4544516 0.7453559 0.2649846 0.6117416 0.7453572 0.2650027 0.6117321 0.7453725 0.265209 0.6116242 0.7453739 0.2652277 0.6116144 0.6117039 0.2651806 0.7453172 0.6117045 0.265186 0.7453147 0.6117113 0.2652473 0.7452873 0.611712 0.2652528 0.7452848 0.4545699 0.2652221 0.8503078 0.4545612 0.2652608 0.8503004 0.454463 0.2656999 0.8502159 0.4544541 0.2657399 0.8502082 0.2798592 0.2657541 0.9225257 0.2799797 0.265245 0.9226356 0.2798773 0.2656491 0.9225504 0.2799304 0.2653645 0.9226163 0.09451985 0.2650615 0.9595876 0.0945748 0.2647081 0.9596799 0.09456205 0.2646594 0.9596945 0.09456557 0.2646258 0.9597034 -0.09451371 0.2646518 0.9597014 -0.09451586 0.2646386 0.9597048 -0.09448987 0.2647967 0.9596637 -0.09448778 0.2648095 0.9596604 -0.2798601 0.2648178 0.9227945 -0.2798613 0.2648023 0.9227986 -0.2798474 0.2649883 0.9227495 -0.2798462 0.2650033 0.9227456 -0.4545373 0.2649987 0.850395 -0.4545354 0.2649976 0.8503964 -0.4545594 0.2650105 0.8503795 -0.4545614 0.2650116 0.8503782 -0.6116721 0.2650064 0.7454053 -0.6116729 0.2650062 0.7454047 -0.611663 0.2650093 0.7454116 -0.6116622 0.2650095 0.7454122 -0.745355 0.2650065 0.6117333 -0.7453523 0.2650211 0.6117303 -0.7453852 0.2648458 0.6117661 -0.7453878 0.2648317 0.611769 -0.8504425 0.2648174 0.454554 -0.8504533 0.264787 0.4545515 -0.8503232 0.2651528 0.4545817 -0.8503127 0.2651823 0.4545841 -0.9226872 0.2651048 0.2799429 -0.9226884 0.2650996 0.2799436 -0.9226727 0.2651625 0.2799356 -0.9226714 0.2651676 0.279935 -0.9595338 0.26525 0.09453713 -0.9595329 0.265253 0.09453868 -0.9595446 0.2652172 0.0945205 -0.9595456 0.2652143 0.09451907 -0.9949034 0.02371758 0.09800428 -0.994899 0.02383869 0.09801894 -0.994903 0.02372753 0.09800547 -0.9948987 0.02384859 0.09802013 -0.9711825 -0.2182877 0.0956822 -0.9711638 -0.218378 0.09566712 -0.971181 -0.218295 0.09568101 -0.9711621 -0.2183854 0.09566587 -0.8897113 -0.4480314 0.08764606 -0.8897 -0.4480571 0.08762878 -0.8897104 -0.4480335 0.08764463 -0.8896991 -0.4480593 0.08762729 -0.7550523 -0.6514334 0.07436805 -0.7550264 -0.6514635 0.07436782 -0.7550503 -0.6514359 0.07436805 -0.7550241 -0.6514661 0.07436782 -0.5747575 -0.8163628 0.05661743 -0.5748178 -0.81632 0.05662506 -0.5747624 -0.8163595 0.05661803 -0.5748232 -0.8163161 0.05662572 -0.3592898 -0.9325543 0.0354011 -0.3593076 -0.9325479 0.03539383 -0.3592913 -0.9325539 0.0354005 -0.3593093 -0.9325473 0.03539317 -0.3454687 -0.9325618 0.1047852 -0.3454729 -0.9325599 0.1047884 -0.345519 -0.9325389 0.1048243 -0.3455237 -0.9325367 0.1048279 -0.3184322 -0.932539 0.1702115 -0.3184266 -0.9325408 0.1702123 -0.3183646 -0.9325605 0.1702206 -0.3183583 -0.9325625 0.1702214 -0.2790575 -0.9325726 0.2289881 -0.2790565 -0.932572 0.2289913 -0.2790457 -0.9325663 0.2290275 -0.2790446 -0.9325658 0.2290312 -0.228971 -0.9325725 0.2790715 -0.2289784 -0.9325703 0.2790728 -0.229061 -0.9325457 0.2790873 -0.2290693 -0.9325432 0.2790887 -0.1702151 -0.9325241 0.3184738 -0.1702154 -0.9325239 0.3184743 -0.1702179 -0.9325217 0.3184797 -0.1702182 -0.9325215 0.3184803 -0.1048245 -0.9325287 0.3455463 -0.1048197 -0.932532 0.3455386 -0.1047657 -0.9325696 0.3454536 -0.1047602 -0.9325733 0.345445 -0.03536087 -0.9325701 0.3592529 -0.03536278 -0.9325673 0.3592603 -0.03538346 -0.9325354 0.3593409 -0.03538554 -0.9325322 0.3593491 0.03539198 -0.9325155 0.3593918 0.03539264 -0.9325197 0.3593809 0.03539973 -0.9325659 0.3592602 0.03540045 -0.9325706 0.3592479 0.1048101 -0.9325327 0.3455399 -0.5526207 -0.8163982 0.1676443 -0.5526245 -0.8163946 0.1676484 -0.5526676 -0.816356 0.1676942 -0.5526719 -0.8163522 0.1676988 -0.5093492 -0.8163512 0.2722763 -0.5093474 -0.816352 0.2722768 -0.5093281 -0.8163622 0.2722829 -0.5093261 -0.8163631 0.2722835 -0.4464193 -0.8163779 0.3663838 -0.4464182 -0.8163794 0.3663817 -0.4464061 -0.8163967 0.3663581 -0.4464049 -0.8163983 0.3663558 -0.3663536 -0.8163487 0.4464972 -0.3663477 -0.8163592 0.446483 -0.3662812 -0.8164769 0.4463224 -0.3662746 -0.8164885 0.4463066 -0.2721308 -0.8164777 0.5092239 -0.2721377 -0.8164719 0.5092298 -0.2722151 -0.8164048 0.5092959 -0.2722226 -0.8163982 0.5093024 -0.1676285 -0.8163872 0.5526418 -0.1676324 -0.8163774 0.5526549 -0.1676763 -0.8162676 0.5528038 -0.1676806 -0.8162568 0.5528184 -0.05662018 -0.8162698 0.5748894 -0.05661582 -0.8162853 0.5748678 -0.05656683 -0.81646 0.5746244 -0.056562 -0.8164772 0.5746005 0.0566225 -0.8164362 0.5746529 0.05662155 -0.8164318 0.5746592 0.05661135 -0.8163819 0.5747312 0.05661034 -0.8163769 0.5747383 0.1676974 -0.8163796 0.552632 0.1676979 -0.8163689 0.5526475 0.1677041 -0.8162488 0.5528232 0.1677047 -0.8162369 0.5528404 0.2723485 -0.816286 0.5094149 -0.7260369 -0.6514189 0.2202815 -0.7260387 -0.6514167 0.220282 -0.7260593 -0.6513922 0.220287 -0.7260612 -0.6513898 0.2202874 -0.6690921 -0.6514483 0.3576743 -0.6691021 -0.6514348 0.3576802 -0.6692157 -0.6512819 0.357746 -0.6692265 -0.6512674 0.3577523 -0.5865951 -0.6513102 0.4813535 -0.586582 -0.6513237 0.4813511 -0.5864325 -0.6514788 0.4813235 -0.5864183 -0.6514935 0.4813209 -0.4812132 -0.6515009 0.5864984 -0.4812282 -0.651484 0.5865051 -0.4813995 -0.6512898 0.58658 -0.4814159 -0.6512713 0.5865872 -0.3576991 -0.6512191 0.669302 -0.3576965 -0.6512289 0.6692937 -0.3576678 -0.6513412 0.6691998 -0.3576651 -0.6513519 0.6691909 -0.2202324 -0.6513882 0.7260794 -0.2202318 -0.6513842 0.726083 -0.2202246 -0.6513397 0.7261251 -0.220224 -0.6513355 0.7261292 -0.07437062 -0.6513639 0.7551121 -0.07437151 -0.6513679 0.7551086 -0.07438111 -0.6514134 0.7550683 -0.074382 -0.6514177 0.7550645 0.07443463 -0.6513932 0.7550805 0.07443183 -0.6513817 0.7550906 0.07440006 -0.6512511 0.7552064 0.07439708 -0.6512387 0.7552174 0.2203483 -0.6512312 0.7261849 0.2203462 -0.6512349 0.7261824 0.2203215 -0.6512756 0.7261533 0.2203192 -0.6512795 0.7261505 0.3577156 -0.6513162 0.6691986 0.3577119 -0.6513221 0.6691949 0.3576698 -0.6513899 0.6691513 0.3576658 -0.6513964 0.6691472 0.4813281 -0.6514424 0.5864692 -0.8555091 -0.4480353 0.2595547 -0.8555088 -0.4480358 0.2595546 -0.8555058 -0.4480422 0.2595538 -0.8555054 -0.4480428 0.2595537 -0.7884188 -0.4480658 0.4214652 -0.7884129 -0.4480766 0.4214649 -0.7883452 -0.4481984 0.4214621 -0.7883388 -0.4482096 0.4214618 -0.6910333 -0.4482522 0.5670476 -0.691034 -0.4482436 0.5670535 -0.6910418 -0.4481465 0.5671207 -0.6910426 -0.4481375 0.5671269 -0.5671125 -0.4480651 0.6911014 -0.5671054 -0.4480834 0.6910954 -0.567025 -0.448292 0.691026 -0.5670176 -0.4483114 0.6910196 -0.4213074 -0.4483655 0.7883328 -0.4213091 -0.4483639 0.7883328 -0.4213285 -0.4483449 0.7883332 -0.4213303 -0.4483432 0.7883332 -0.2594411 -0.4483351 0.8553864 -0.2594404 -0.4483423 0.855383 -0.2594312 -0.4484239 0.8553431 -0.2594304 -0.4484314 0.8553393 -0.08753973 -0.4484256 0.8895231 -0.087547 -0.4483848 0.8895429 -0.08750534 -0.4483364 0.8895714 -0.08763802 -0.447875 0.8897907 0.08767235 -0.4478634 0.8897933 0.08767378 -0.4478732 0.8897882 0.08769035 -0.447986 0.8897297 0.0876919 -0.4479964 0.8897243 0.2595454 -0.4479318 0.8555662 0.2594842 -0.4482504 0.8554177 0.2595765 -0.4481714 0.8554311 0.2595792 -0.4481918 0.8554196 0.4214235 -0.4481543 0.7883907 0.4214264 -0.4481391 0.7883979 0.4214589 -0.4479651 0.7884793 0.421462 -0.4479491 0.7884869 0.5672059 -0.4479669 0.6910883 0.5672112 -0.447956 0.6910911 0.5672712 -0.4478316 0.6911226 0.5672767 -0.4478201 0.6911255 0.691222 -0.4478662 0.5671225 -0.9566611 0.02392071 0.2902197 -0.9566522 0.02375006 0.2902628 -0.9566529 0.02376401 0.2902592 -0.9338655 -0.2182338 0.2833182 -0.9338636 -0.2182447 0.2833166 -0.9338405 -0.2183675 0.2832975 -0.9338384 -0.2183787 0.2832958 -0.8606435 -0.21826 0.4600605 -0.860642 -0.2182633 0.4600614 -0.8606263 -0.2183012 0.4600727 -0.8606249 -0.2183046 0.4600737 -0.7543678 -0.2182889 0.6190953 -0.7543664 -0.2182892 0.6190971 -0.7543492 -0.218292 0.6191172 -0.7543476 -0.2182922 0.619119 -0.6190453 -0.2183392 0.7543945 -0.6190468 -0.2183356 0.7543942 -0.6190642 -0.2182947 0.7543919 -0.6190658 -0.218291 0.7543916 -0.4600281 -0.2182021 0.8606753 -0.4600248 -0.2182176 0.8606733 -0.459987 -0.2183935 0.8606488 -0.4599836 -0.2184094 0.8606466 -0.2832494 -0.2183635 0.9338561 -0.28325 -0.2183603 0.9338566 -0.283257 -0.2183245 0.933863 -0.2832576 -0.2183212 0.9338635 -0.09564775 -0.2183026 0.9711826 -0.09564143 -0.218343 0.9711741 -0.09556931 -0.2188019 0.9710779 -0.09556275 -0.2188434 0.9710692 0.09573376 -0.218846 0.9710518 0.09573054 -0.2188237 0.9710571 0.09569394 -0.2185704 0.9711177 0.0956906 -0.2185475 0.9711233 0.2832534 -0.2185351 0.9338147 0.2832538 -0.2185696 0.9338065 0.2832587 -0.2189611 0.9337134 0.2832592 -0.2189965 0.9337049 0.4599858 -0.2189663 0.8605038 0.4599882 -0.218957 0.860505 0.4600147 -0.2188507 0.8605177 0.4600172 -0.2188411 0.860519 0.6190654 -0.2188214 0.7542382 0.6190881 -0.218483 0.7543178 0.6191151 -0.2186641 0.754243 0.6191192 -0.2186511 0.7542435 0.7542744 -0.2186766 0.6190726 0.7542698 -0.2187111 0.6190659 0.7542602 -0.2187768 0.6190545 0.7542138 -0.2191389 0.618983 0.8605173 -0.2191426 0.4598765 -0.8816478 0.02401888 0.4712965 -0.8816359 0.02384835 0.4713273 -0.8816369 0.0238623 0.4713249 -0.9566618 0.02393466 0.2902162 -0.8816488 0.02403283 0.471294 -0.7728146 0.02409392 0.6341743 -0.7727695 0.02402621 0.634232 -0.7727732 0.02403175 0.6342273 -0.7728183 0.02409946 0.6341696 -0.6341366 0.02413713 0.7728444 -0.6341841 0.02418893 0.7728037 -0.6341802 0.0241847 0.772807 -0.6341327 0.0241329 0.7728477 -0.4712639 0.02401131 0.8816654 -0.4712671 0.02412992 0.8816605 -0.4712668 0.02412021 0.8816609 -0.4712637 0.02400165 0.8816659 -0.2901634 0.02421045 0.9566708 -0.2901368 0.02397233 0.956685 -0.2901389 0.02399182 0.9566838 -0.2901656 0.02422988 0.9566696 -0.09797722 0.02441871 0.9948891 -0.09795576 0.02424448 0.9948954 -0.09795749 0.02425873 0.9948949 -0.09797894 0.02443289 0.9948886 0.09795904 0.02424722 0.9948951 0.09798139 0.02442795 0.9948884 0.0981096 0.02391105 0.9948884 0.09808498 0.02372997 0.9948951 0.2901746 0.02387386 0.9566759 0.290216 0.02373069 0.956667 0.2902126 0.02374237 0.9566677 0.2901713 0.02388554 0.9566766 0.471316 0.02420526 0.8816323 0.4713459 0.02388334 0.8816251 0.4713433 0.02390968 0.8816257 0.4713135 0.02423155 0.8816329 0.1701741 -0.9325972 0.318282 0.2289734 -0.9325806 0.2790426 0.228968 -0.9325851 0.2790318 0.2289079 -0.9326354 0.2789127 0.366399 -0.8163443 0.446468 0.446469 -0.8163694 0.3663423 0.4464626 -0.8163754 0.3663365 0.4463905 -0.8164442 0.3662711 0.5867103 -0.6511041 0.481492 0.669362 -0.6511251 0.3577581 0.6693474 -0.6511469 0.3577455 0.6691817 -0.6513956 0.3576028 0.7883369 -0.4483265 0.4213412 0.8553615 -0.4483978 0.2594155 0.8553739 -0.4483699 0.2594225 0.8555164 -0.4480515 0.2595025 0.9338361 -0.2184875 0.2832199 0.6343056 0.02429264 0.7727006 0.6342283 0.02423632 0.7727659 0.6342336 0.02421349 0.7727622 0.6342989 0.02393513 0.7727174 0.2291108 -0.9325196 0.2791336 0.2789422 -0.9326167 0.2289488 0.2789508 -0.9326122 0.2289563 0.2790463 -0.9325633 0.2290388 0.4463834 -0.8164509 0.3662647 0.5092688 -0.8164474 0.2721378 0.509277 -0.8164398 0.2721453 0.509369 -0.8163537 0.2722314 0.6691659 -0.6514193 0.3575892 0.726053 -0.6514334 0.2201858 0.7260485 -0.6514375 0.220188 0.7259978 -0.6514856 0.2202128 0.8555297 -0.448022 0.2595099 0.7727584 0.02439379 0.6342315 0.7728323 0.02395939 0.6341578 0.7728263 0.02399492 0.6341639 0.7727524 0.0244292 0.6342375 0.279056 -0.9325584 0.2290472 0.318387 -0.9325741 0.1701037 0.318397 -0.9325683 0.1701167 0.3185078 -0.9325042 0.1702606 0.509378 -0.8163452 0.2722398 0.5527111 -0.8163359 0.1676495 0.5527088 -0.8163379 0.1676473 0.5526824 -0.8163608 0.167622 0.725993 -0.6514902 0.2202152 0.881695 0.02408766 0.4712047 0.8816767 0.02435088 0.4712256 0.8816782 0.02432936 0.4712238 0.8816965 0.02406615 0.471203 0.3185191 -0.9324977 0.1702752 0.3456107 -0.9325048 0.104824 0.3456022 -0.9325084 0.1048208 0.3455079 -0.9325472 0.1047854 0.5526798 -0.8163631 0.1676195 0.3454983 -0.9325513 0.1047818 0.9566811 0.02406346 0.2901419 -0.1302767 -0.9913293 0.01715975 -0.1302772 -0.9913292 0.01715952 -0.1302807 -0.9913287 0.01715785 -0.1302812 -0.9913286 0.01715761 -0.1214021 -0.9913291 0.05028063 -0.1214019 -0.991329 0.05028384 -0.1214006 -0.991328 0.05030691 -0.1214004 -0.9913278 0.05031067 -0.1042419 -0.9913292 0.08000028 -0.1042468 -0.9913287 0.08000051 -0.1042824 -0.9913248 0.08000224 -0.1042882 -0.9913241 0.08000254 -0.08002197 -0.9913191 0.1043217 -0.08001923 -0.99132 0.1043152 -0.07999944 -0.9913265 0.1042683 -0.07999622 -0.9913275 0.1042608 -0.05029475 -0.9913256 0.1214261 -0.05029267 -0.9913259 0.1214238 -0.05027741 -0.9913287 0.1214068 -0.05027496 -0.9913291 0.1214041 -0.01714396 -0.9913328 0.1302514 -0.01714533 -0.9913318 0.1302587 -0.01715564 -0.9913247 0.1303114 -0.01715731 -0.9913236 0.13032 0.01715975 -0.991322 0.130332 0.0171597 -0.9913232 0.1303231 0.01715964 -0.9913316 0.1302586 0.01715964 -0.991333 0.1302481 0.05028492 -0.9913262 0.1214242 0.05028319 -0.9913261 0.1214262 0.05029559 -0.9913272 0.1214115 0.05029708 -0.9913274 0.1214098 0.08000648 -0.9913278 0.10425 0.08000892 -0.9913276 0.1042511 0.0799914 -0.9913299 0.1042436 0.07998931 -0.99133 0.1042427 0.1042501 -0.9913306 0.07997286 0.1042521 -0.99133 0.07997709 0.1042373 -0.991334 0.07994675 0.1042355 -0.9913345 0.07994323 0.1213855 -0.9913313 0.05027616 0.1213871 -0.9913312 0.05027621 0.1213756 -0.9913326 0.05027562 0.1213743 -0.9913328 0.05027556 0.1302554 -0.9913323 0.0171436 0.1302522 -0.9913327 0.01714378 0.1302747 -0.9913297 0.01714229 0.1302773 -0.9913294 0.01714211 0.382384 -0.9226322 0.05032134 0.3823837 -0.9226327 0.0503171 0.382384 -0.9226322 0.0503208 0.3823836 -0.9226327 0.05031663 0.6068262 -0.7908132 0.07985311 0.6066716 -0.7909307 0.07986426 0.6068068 -0.7908279 0.07985454 0.6066546 -0.7909436 0.07986551 0.7890155 -0.6055292 0.1038691 0.7891547 -0.6053501 0.1038568 0.7890323 -0.6055077 0.1038677 0.7891697 -0.6053308 0.1038554 0.9171075 -0.3799339 0.1206816 0.9171489 -0.3798386 0.1206679 0.9171123 -0.3799229 0.12068 0.9171533 -0.3798282 0.1206665 0.9740521 -0.1865438 0.1281557 0.9843376 -0.129648 0.1194614 0.9323051 -0.0762003 0.3535544 0.8986558 -0.232336 0.3720725 0.8986557 -0.232336 0.3720725 0.8986558 -0.232336 0.3720724 0.8546153 -0.3799268 0.3539608 0.8545997 -0.3799675 0.3539552 0.8546015 -0.379963 0.3539558 0.7338627 -0.379988 0.563076 0.733868 -0.3799617 0.5630871 0.7339077 -0.3797597 0.5631714 0.6314854 -0.6053803 0.4845008 0.6315035 -0.6053285 0.4845418 0.6315016 -0.6053342 0.4845374 0.4845837 -0.6053362 0.631464 0.4845727 -0.6053613 0.6314484 0.4844917 -0.6055451 0.6313344 0.3725811 -0.7908666 0.4855034 0.3726152 -0.7908011 0.4855839 0.3724882 -0.7910118 0.485338 0.2343701 -0.790568 0.5657499 0.2342339 -0.7907855 0.5655023 0.2342128 -0.7908774 0.5653827 0.147583 -0.9226505 0.3562801 0.147611 -0.9226318 0.3563166 0.1476078 -0.922634 0.3563125 0.05034416 -0.9226238 0.3824015 0.05034583 -0.9226244 0.3824 0.05035656 -0.9226278 0.3823904 0.8226305 -0.03233283 0.5676565 0.8226304 -0.03233289 0.5676566 0.8226304 -0.03233283 0.5676565 0.7641808 -0.2687438 0.5863484 0.7337776 -0.3800407 0.5631515 0.5632268 -0.3797493 0.7338706 0.5632274 -0.3797231 0.7338836 0.5632323 -0.379523 0.7339836 0.4844816 -0.6055677 0.6313203 0.3045473 -0.6056458 0.735149 0.3045521 -0.6056388 0.7351529 0.3045867 -0.605587 0.7351812 0.2342101 -0.7908889 0.5653676 0.07989233 -0.7909154 0.606688 0.07989108 -0.790908 0.6066977 0.07988238 -0.7908566 0.6067658 0.05035793 -0.9226281 0.3823891 -0.05033093 -0.9226318 0.3823838 -0.05032694 -0.922635 0.3823769 -0.05030083 -0.9226554 0.382331 0.6632003 0.001552164 0.7484405 0.6631934 0.00121814 0.7484472 0.6631442 0.002283334 0.7484883 0.5816642 -0.295348 0.7579159 0.5632852 -0.3791893 0.7341154 0.3540817 -0.3794952 0.8547571 0.3540809 -0.3794991 0.8547556 0.3540753 -0.3795295 0.8547444 0.304591 -0.6055805 0.7351847 0.1038567 -0.6055252 0.7890204 0.1038603 -0.6055498 0.7890011 0.1038866 -0.6057302 0.7888591 0.07988131 -0.7908502 0.6067743 -0.07984578 -0.7908253 0.6068114 -0.07984834 -0.7908216 0.6068158 -0.07986629 -0.7907958 0.6068472 -0.05029743 -0.922658 0.382325 -0.1475729 -0.9226537 0.3562755 -0.1475746 -0.9226534 0.3562757 -0.1475857 -0.9226511 0.3562773 0.4646081 0.02677488 0.8851115 0.3635817 -0.3124017 0.8776181 0.3540747 -0.3795333 0.854743 0.120744 -0.3791809 0.9174109 0.1208041 -0.3796305 0.9172171 0.1207981 -0.3797296 0.9171769 0.1038898 -0.6057524 0.7888416 -0.1038172 -0.6056708 0.7889139 -0.1038177 -0.6056711 0.7889135 -0.1038216 -0.6056731 0.7889114 -0.07986849 -0.7907925 0.6068512 -0.2342331 -0.7907802 0.5655101 -0.2342315 -0.7907883 0.5654994 -0.2342202 -0.7908452 0.5654246 -0.1475872 -0.9226508 0.3562775 -0.2347549 -0.9226523 0.3059461 -0.2347533 -0.9226521 0.3059477 -0.2347427 -0.9226514 0.3059583 0.2390588 0.04188632 0.9701012 0.2390589 0.04188632 0.9701013 0.1236845 -0.3209614 0.9389814 0.1207973 -0.3797417 0.9171719 -0.120692 -0.3797354 0.9171885 -0.1206894 -0.3797608 0.9171783 -0.1206695 -0.3799548 0.9171005 -0.1038221 -0.6056734 0.788911 -0.3045166 -0.6055842 0.7352125 -0.3046159 -0.6053079 0.7353989 -0.3045724 -0.6055048 0.7352548 -0.2342187 -0.7908523 0.5654152 -0.3725633 -0.7908174 0.485597 -0.3725566 -0.7908269 0.4855869 -0.3725104 -0.7908918 0.4855165 -0.2347413 -0.9226512 0.3059597 -0.305929 -0.9226551 0.2347661 -0.30593 -0.9226542 0.2347682 -0.3059366 -0.9226485 0.234782 0 0.04662358 0.9989126 -0.1235651 -0.3206302 0.9391102 -0.120667 -0.3799787 0.917091 -0.3539959 -0.3799708 0.8545812 -0.3539878 -0.380003 0.8545703 -0.3539258 -0.3802495 0.8544864 -0.3045784 -0.6054962 0.7352594 -0.484427 -0.6054935 0.6314334 -0.4844309 -0.6054885 0.6314353 -0.4844589 -0.6054522 0.6314486 -0.3725046 -0.7909 0.4855077 -0.4855093 -0.7908606 0.372586 -0.4855152 -0.7908563 0.3725875 -0.4855564 -0.7908261 0.3725977 -0.3059375 -0.9226478 0.2347839 -0.3562877 -0.9226454 0.1475961 -0.3562869 -0.9226458 0.147596 -0.3562816 -0.922648 0.1475949 -0.2390929 0.04214942 0.9700815 -0.3635597 -0.3119196 0.8777987 -0.3539182 -0.3802796 0.8544762 -0.5629718 -0.3802453 0.7338095 -0.5631277 -0.3798782 0.7338801 -0.5630924 -0.3800086 0.7338395 -0.4844624 -0.6054477 0.6314502 -0.6314431 -0.6054204 0.4845058 -0.6314388 -0.6054261 0.4845042 -0.6314076 -0.6054677 0.4844927 -0.4855617 -0.7908223 0.372599 -0.5654333 -0.7908338 0.234237 -0.5654285 -0.7908384 0.2342333 -0.5653952 -0.7908698 0.2342077 -0.3562809 -0.9226483 0.1475948 -0.3822875 -0.9226702 0.05035901 -0.382307 -0.9226623 0.05035769 -0.3824353 -0.9226095 0.05034911 -0.4645265 0.02735614 0.8851367 -0.5816804 -0.2949565 0.7580559 -0.5632476 -0.3796457 0.7339083 -0.7339087 -0.3796993 0.5632109 -0.7339046 -0.379718 0.5632037 -0.7338727 -0.3798612 0.5631486 -0.6314038 -0.6054729 0.4844914 -0.7353376 -0.6053776 0.3046255 -0.7353256 -0.6053941 0.3046215 -0.7352382 -0.6055149 0.3045926 -0.565391 -0.7908738 0.2342045 -0.6067912 -0.7908368 0.07988631 -0.6067799 -0.7908454 0.07988619 -0.6067011 -0.7909058 0.07988542 -0.382452 -0.9226027 0.05034798 -0.6631126 0.001311361 0.7485186 -0.66312 0.001547574 0.7485116 -0.6631208 0.002267718 0.7485091 -0.7641195 -0.268845 0.586382 -0.7338688 -0.3798787 0.563142 -0.8545685 -0.3799303 0.3540705 -0.8545784 -0.3799091 0.354069 -0.8546553 -0.3797467 0.3540574 -0.7352274 -0.6055298 0.304589 -0.7890103 -0.6055338 0.1038834 -0.7890075 -0.6055379 0.1038809 -0.7890329 -0.6055008 0.103904 -0.789036 -0.6054964 0.1039068 -0.8225376 -0.03218972 0.5677993 -0.8984541 -0.232894 0.3722105 -0.8546648 -0.3797269 0.354056 -0.9171418 -0.3798111 0.1208078 -0.9171499 -0.37979 0.1208133 -0.9170762 -0.3799837 0.1207632 -0.9170676 -0.3800062 0.1207574 -0.932294 -0.0762211 0.3535792 -0.9740463 -0.1864662 0.1283125 -0.9843277 -0.1295906 0.1196047 -0.6066913 -0.7909135 0.0798853 0.1475791 -0.922653 0.3562752 0.2347565 -0.9226654 0.3059051 0.2347601 -0.922663 0.3059096 0.2347871 -0.9226446 0.3059444 0.2347912 -0.9226418 0.3059497 0.3060095 -0.9226227 0.2347884 0.3060097 -0.9226234 0.2347855 0.306011 -0.9226285 0.2347636 0.3060113 -0.9226292 0.2347604 0.3563153 -0.9226377 0.1475775 0.3563169 -0.9226367 0.1475799 0.3563289 -0.9226292 0.1475976 0.3563307 -0.9226282 0.1476004 0.3725767 -0.790875 0.4854931 0.485316 -0.7911128 0.3723025 0.4854873 -0.7909148 0.3724994 0.4854774 -0.7909502 0.3724374 0.6314831 -0.6053866 0.4844958 0.7353388 -0.6054043 0.3045696 0.7353277 -0.6054211 0.304563 0.7354202 -0.6052899 0.3046003 0.8546172 -0.379922 0.3539615 0.485476 -0.7909553 0.3724285 0.565459 -0.7908279 0.2341953 0.5654447 -0.7908402 0.2341884 0.5653452 -0.7909253 0.2341409 0.5653327 -0.790936 0.234135 0.735226 -0.6055752 0.304502 0.6086835 -1.34577e-5 -0.7934131 0.6086776 -9.75323e-6 -0.7934177 0.6086679 -3.70437e-6 -0.7934252 0.6086619 0 -0.7934299 0.7933266 0 -0.6087963 0.7933326 -4.93912e-6 -0.6087885 0.7933423 -1.30025e-5 -0.6087759 0.7933483 -1.79417e-5 -0.6087681 0.923868 -2.24275e-5 -0.3827112 0.9238632 -1.62534e-5 -0.3827229 0.9238555 -6.17394e-6 -0.3827418 0.9238507 0 -0.3827534 0.9914433 0 -0.1305384 0.9914433 0 -0.1305381 0.9914435 0 -0.1305376 0.9914434 0 -0.1305373 -0.883128 0.4619477 -0.08178883 -0.8839629 0.4598653 -0.08446043 -0.8832178 0.4617345 -0.08202171 -0.8847802 0.4577947 -0.08710885 -0.85103 0.4659837 -0.2420894 -0.8524978 0.4543063 -0.2585603 -0.7903798 0.4694554 -0.393588 -0.7869899 0.4513607 -0.4206193 -0.7033996 0.4724338 -0.5310699 -0.690801 0.4487941 -0.5669021 -0.5929304 0.4747681 -0.6504066 -0.5675886 0.4468287 -0.691511 -0.4628544 0.4766693 -0.7473636 -0.4220955 0.4452612 -0.7896695 -0.3173103 0.4779353 -0.8190801 -0.2600979 0.4442585 -0.8573117 -0.161335 0.4787405 -0.8630056 -0.08781385 0.44375 -0.8918379 0 0.4789966 -0.8778168 0.08779972 0.4437578 -0.8918354 0.1612358 0.4787287 -0.8630306 0.2600462 0.4442347 -0.8573398 0.3172805 0.4779288 -0.8190953 0.4220337 0.4452553 -0.7897059 0.4627715 0.476635 -0.7474367 0.5675464 0.4467816 -0.691576 0.5929076 0.474778 -0.6504202 0.6907531 0.4488027 -0.5669535 0.7033284 0.4723945 -0.5311993 0.7869932 0.4513046 -0.4206732 0.7903774 0.4694563 -0.3935917 0.8524772 0.454302 -0.2586354 0.8510105 0.465997 -0.2421321 0.8839524 0.459869 -0.08455085 0.8831898 0.4617773 -0.0820834 0.8847663 0.4578071 -0.08718508 0.8831209 0.4619428 -0.08189344 0.7869702 0.6126591 -0.07298582 0.7869867 0.6126412 -0.07295733 0.7869921 0.6126354 -0.07294803 0.7870103 0.6126157 -0.07291674 0.7601993 0.6126281 -0.2162958 0.760176 0.6126488 -0.2163197 0.7601682 0.6126555 -0.2163274 0.7601425 0.6126782 -0.2163535 0.7074804 0.612662 -0.3523021 0.7074903 0.6126535 -0.3522968 0.7074936 0.6126508 -0.3522952 0.7075045 0.6126415 -0.3522895 0.6306844 0.6126533 -0.476333 0.6306878 0.6126509 -0.4763316 0.630689 0.6126502 -0.4763312 0.6306927 0.6126474 -0.4763296 0.5324448 0.6126458 -0.5840957 0.5324402 0.6126483 -0.5840973 0.5324387 0.612649 -0.5840978 0.5324336 0.6126518 -0.5840996 0.4160485 0.6126519 -0.6719831 0.4160397 0.6126567 -0.6719843 0.4160367 0.6126583 -0.6719847 0.416027 0.6126635 -0.671986 0.3153273 0.6138095 -0.7237449 0.2518723 0.6915081 -0.6770354 0.3049052 0.7453029 -0.592922 0.2039579 0.7927054 -0.5744732 0.3045921 0.8450306 -0.4394852 0.2783321 0.8487876 -0.4495453 0.3126519 0.8580261 -0.4074802 0.3557305 0.8492064 -0.3902621 0.4115402 0.8549246 -0.3158144 0.4150995 0.8538277 -0.3141193 0.4120333 0.8547734 -0.3155808 0.4156529 0.8536526 -0.3138629 0.4718589 0.8497785 -0.2350019 0.5981993 0.7439208 -0.2978918 0.5982117 0.7439147 -0.2978822 0.5981781 0.7439312 -0.2979082 0.59823 0.7439056 -0.297868 0.6654442 0.7438969 -0.06165611 0.6654317 0.7439066 -0.06167328 0.6654233 0.7439132 -0.06168478 0.6654089 0.7439245 -0.06170451 0.6427531 0.7439118 -0.1829313 0.6427569 0.7439098 -0.1829254 0.6427595 0.7439087 -0.1829214 0.6427639 0.7439065 -0.1829146 0.5222507 0.8514159 -0.04842734 0.5112313 0.8567997 -0.06735765 0.5089104 0.8485501 -0.1448211 0.4748061 0.8578303 -0.1966883 0.292539 0.5865992 -0.755197 0.1486895 0.5906802 -0.7930878 0.1559559 0.5982519 -0.7859851 0.1563308 0.5987706 -0.7855154 0.1482499 0.5903161 -0.7934412 0 0.5945011 -0.8040948 -7.43362e-6 0.5945127 -0.8040864 -5.96597e-6 0.5945104 -0.8040881 -1.35535e-5 0.5945221 -0.8040794 -0.1483196 0.5903349 -0.7934143 -0.1564325 0.5987917 -0.7854791 -0.2925592 0.5866329 -0.7551629 -0.3153119 0.6138064 -0.7237542 -0.2518614 0.6915013 -0.6770464 -0.3049206 0.7453048 -0.5929117 -0.2040244 0.7926886 -0.5744727 -0.3046418 0.8450286 -0.4394544 -0.2783587 0.8487832 -0.4495369 -0.312671 0.8580262 -0.4074653 -0.3557693 0.8492006 -0.3902391 -0.4121033 0.8547545 -0.3155407 -0.4151015 0.8538289 -0.3141134 -0.4115962 0.8549167 -0.3157626 -0.4156591 0.8536577 -0.3138408 -0.471877 0.8497881 -0.2349309 -0.5982396 0.7439059 -0.2978481 -0.5982425 0.7439024 -0.2978508 -0.5982344 0.7439119 -0.2978434 -0.6427828 0.7439027 -0.1828638 -0.6427804 0.7439081 -0.1828503 -0.6427788 0.7439117 -0.1828413 -0.7601807 0.6126655 -0.2162551 -0.7601797 0.6126672 -0.216254 -0.7601842 0.6126599 -0.2162591 -0.7869827 0.6126542 -0.07289105 -0.786981 0.6126569 -0.07288736 -0.7869805 0.6126579 -0.0728861 -0.4748209 0.8578308 -0.1966502 -0.5089472 0.8485386 -0.1447589 -0.642776 0.7439179 -0.1828257 -0.6654223 0.7439187 -0.06163042 -0.6654263 0.7439135 -0.06164836 -0.6654291 0.7439101 -0.0616604 -0.7869785 0.6126608 -0.07288199 -0.5112448 0.8567962 -0.06729936 -0.5222517 0.8514166 -0.04840457 -0.6654338 0.7439042 -0.06168103 -0.7601765 0.6126724 -0.2162504 -0.7074948 0.6126741 -0.3522523 -0.707492 0.6126565 -0.3522884 -0.7074912 0.6126513 -0.352299 -0.5982471 0.7438972 -0.2978549 -0.5333222 0.7439131 -0.4026919 -0.5333299 0.7439107 -0.4026863 -0.5333343 0.7439092 -0.4026831 -0.7074887 0.6126353 -0.3523319 -0.6307665 0.6126422 -0.4762384 -0.6307743 0.6126382 -0.4762336 -0.6307765 0.612637 -0.4762321 -0.5333409 0.743907 -0.4026784 -0.4502288 0.7439057 -0.4938609 -0.4502232 0.7439026 -0.4938706 -0.4502199 0.7439008 -0.4938762 -0.6307835 0.6126332 -0.4762276 -0.5324468 0.6126452 -0.5840945 -0.5324571 0.612643 -0.5840875 -0.5324601 0.6126422 -0.5840854 -0.4502152 0.7438981 -0.4938846 -0.3518249 0.7439028 -0.5681794 -0.3518287 0.7439044 -0.568175 -0.3518308 0.7439053 -0.5681725 -0.5324695 0.6126402 -0.5840791 -0.4160891 0.6126409 -0.6719681 -0.4161118 0.6126523 -0.6719436 -0.4161185 0.6126556 -0.6719363 -0.3518341 0.7439067 -0.5681686 -0.4161391 0.612666 -0.6719141 0.3517853 0.7439068 -0.5681989 0.3517794 0.7439091 -0.5681996 0.3517954 0.7439029 -0.5681976 0.3517706 0.7439124 -0.5682006 0.4501889 0.7439069 -0.4938954 0.4501863 0.7439072 -0.4938971 0.4501931 0.7439065 -0.4938921 0.4501827 0.7439075 -0.4939 0.533299 0.7439136 -0.4027217 0.5332885 0.743917 -0.4027295 0.5333172 0.7439078 -0.4027084 0.5332727 0.743922 -0.4027411 -0.9926977 7.54598e-4 0.1206265 -0.9902734 -6.48629e-4 0.1391346 -0.992698 -7.39319e-7 0.1206265 -0.9350066 -6.42289e-4 0.3546301 -0.9238588 -7.68368e-7 0.3827335 -0.9238581 0.001282095 0.3827332 -0.9238589 -7.67872e-7 0.3827335 -0.9238581 -0.001283645 0.3827331 -0.82295 0.001163303 0.5681127 -0.7933475 -0.001747429 0.6087667 -0.7933489 -5.12117e-7 0.6087674 -0.7933489 -5.11071e-7 0.6087674 -0.6631137 0.001575291 0.7485171 -0.6087681 -0.002096116 0.7933456 -0.6087693 -4.55982e-7 0.7933474 -0.6087693 -4.5446e-7 0.7933474 -0.4646524 0.001868605 0.8854913 -0.3826448 -0.002327799 0.9238927 -0.3826459 0 0.9238951 -0.3826459 0 0.9238951 -0.239309 0.002043068 0.9709413 -0.1304799 -0.002447545 0.9914479 -0.1304802 0 0.9914509 -0.1304802 0 0.991451 0 0.002098023 0.9999979 0.130547 -0.002450168 0.9914391 0.1305474 0 0.9914422 0.1305474 0 0.9914422 0.2393983 0.002040088 0.9709194 0.3827662 -0.002332985 0.9238423 0.3827756 -5.8323e-7 0.9238414 0.3827757 -5.72687e-7 0.9238414 0.4647697 0.001861929 0.8854297 0.6087774 -0.002100348 0.7933384 0.6087788 0 0.79334 0.6087788 0 0.79334 0.6631624 0.001573681 0.748474 0.793368 -0.001747846 0.60874 0.793369 -1.13717e-6 0.6087411 0.793369 -1.13926e-6 0.6087411 0.8230096 0.001166105 0.5680263 0.9238988 -0.001280486 0.3826347 0.9238996 6.82536e-7 0.382635 0.9238996 6.83023e-7 0.382635 0.9350284 6.39611e-4 0.3545725 0.9927113 -7.57638e-4 0.1205148 0.9902777 6.51054e-4 0.1391032 0.9927166 -7.39403e-7 0.1204738 -0.8229497 -0.001164793 0.568113 -0.7933478 0.001746416 0.6087661 -0.6631137 -0.001576006 0.7485171 -0.6087679 0.002095162 0.7933457 -0.4646609 -0.001869142 0.8854867 -0.382645 0.00232774 0.9238926 -0.239309 -0.002043068 0.9709413 -0.1304798 0.002447545 0.991448 0 -0.002098023 0.9999979 0.1305469 0.002450168 0.9914391 0.239408 -0.002040505 0.970917 0.382783 0.002331852 0.9238354 0.4647273 -0.001862406 0.8854519 0.6087777 0.002100348 0.7933382 0.6631832 -0.001575231 0.7484555 0.7933676 0.001745581 0.6087403 0.8229803 -0.00116527 0.5680689 0.9238988 0.001281857 0.3826347 0.9350283 -6.38748e-4 0.3545728 -0.9350064 6.41395e-4 0.3546301 -1.60739e-6 -1 -7.60064e-7 -1.10762e-6 -1 -5.36572e-7 -1.10771e-6 -1 -6.44079e-6 -7.57092e-7 -1 -5.5073e-6 -7.57012e-7 -1 0 -8.03695e-7 -1 -2.5246e-6 -8.03715e-7 -1 -3.79919e-7 -9.13041e-7 -1 -4.61684e-6 -9.13082e-7 -1 1.80624e-7 -1.13299e-6 -1 3.73692e-6 -1.13302e-6 -1 3.34455e-6 -1.35463e-6 -1 5.24601e-6 -1.35442e-6 -1 2.16999e-5 0 -1 1.0745e-5 -1.60742e-6 -1 0 -1.82608e-6 -1 -8.83071e-7 -1.82607e-6 -1 2.44492e-6 -1.99505e-6 -1 2.00648e-6 -1.99496e-6 -1 8.47667e-6 -1.61627e-6 -1 0 -1.61649e-6 -1 -2.99954e-6 -2.87846e-6 -1 -2.99958e-6 -2.87972e-6 -1 -6.6011e-5 0.992707 -7.39372e-7 -0.1205521 0.99027 -6.51453e-4 -0.1391584 0.9350007 6.38791e-4 -0.3546455 0.9238761 -0.001280844 -0.3826897 0.9238768 -5.12412e-7 -0.3826902 0.9238768 -5.12015e-7 -0.3826901 0.8229404 0.001167714 -0.5681267 0.7933045 -0.001747131 -0.6088227 0.7933058 6.26758e-7 -0.6088235 0.7933058 6.25646e-7 -0.6088235 0.6631239 0.001572072 -0.748508 0.6087405 -0.002102017 -0.7933667 0.6087418 2.85364e-7 -0.7933685 0.6087418 2.83717e-7 -0.7933685 0.4647031 0.001861155 -0.8854647 0.3826659 -0.00233525 -0.9238839 0.3826565 -2.38543e-7 -0.9238907 0.3826564 -2.50958e-7 -0.9238907 0.2392994 0.002037644 -0.9709438 0.1304611 -0.002452135 -0.9914505 0.1304615 0 -0.9914534 0.1304615 0 -0.9914534 -9.46454e-5 0.002095162 -0.9999979 -0.1305371 -0.00244981 -0.9914404 -0.1305375 0 -0.9914435 -0.1305375 0 -0.9914434 -0.239309 0.00203824 -0.9709413 -0.3827148 -0.002334237 -0.9238636 -0.3827161 3.41934e-7 -0.9238661 -0.3827161 3.43765e-7 -0.9238661 -0.464802 0.001865506 -0.8854127 -0.6088083 -0.002097249 -0.7933146 -0.6088077 4.62658e-7 -0.7933179 -0.6088077 4.51078e-7 -0.793318 -0.6631338 0.001572251 -0.7484993 -0.7933558 -0.001748859 -0.6087559 -0.7933567 6.81775e-7 -0.608757 -0.7933567 6.82771e-7 -0.608757 -0.8229701 0.001163244 -0.5680836 -0.9239075 -0.001285374 -0.3826139 -0.9239082 -6.8276e-7 -0.3826143 -0.9239082 -6.83102e-7 -0.3826144 -0.9350421 6.36632e-4 -0.3545364 -0.9927062 -7.60098e-4 -0.1205559 -0.9902702 6.50477e-4 -0.1391568 -0.9927068 -7.39387e-7 -0.1205543 0.9927062 7.58681e-4 -0.1205557 0.9350007 -6.40762e-4 -0.3546455 0.9238759 0.00127983 -0.38269 0.8229599 -0.001168727 -0.5680983 0.7933047 0.001748383 -0.6088225 0.6631239 -0.00157088 -0.748508 0.6631262 0.001509487 -0.7485061 0.6631225 0.001200616 -0.74851 0.6087405 0.002102613 -0.7933667 0.4647065 -0.001860976 -0.8854628 0.3826449 0.002334773 -0.9238926 0.2393091 -0.002037644 -0.9709414 0.1304611 0.002452373 -0.9914505 -9.46415e-5 -0.002095162 -0.9999979 -0.130537 0.002449989 -0.9914404 -0.2393091 -0.002037882 -0.9709414 -0.3827154 0.002334892 -0.9238635 -0.4648016 -0.00186491 -0.885413 -0.6088044 0.002098143 -0.7933176 -0.6631374 -0.001571357 -0.748496 -0.6631448 0.00137335 -0.7484899 -0.6631498 0.001668334 -0.7484849 -0.7933554 0.00175023 -0.6087564 -0.8229896 -0.001164257 -0.5680552 -0.9239073 0.001284062 -0.3826141 -0.935042 -6.3734e-4 -0.3545363 0 -1 -2.54159e-6 0 -1 -1.16655e-6 0 -1 -3.34635e-6 0 -1 1.33798e-6 0 -1 1.45364e-6 0 -1 7.72663e-7 0 -1 4.127e-6 0 -1 -2.33613e-6 0 -1 4.1267e-6 -8.59185e-7 -1 -2.39924e-6 -1.9946e-6 -1 0 -1.58229e-6 -1 0 -1.12649e-6 -1 1.07602e-6 0 -1 3.0668e-6 0 -1 2.20536e-6 0 -1 1.98016e-6 0 -1 1.24885e-6 0 -1 6.79858e-7 -1.65949e-6 -1 2.99591e-6 -1.73638e-6 -1 -1.57567e-6 -1.89344e-6 -1 3.26082e-6 -1.31757e-6 -1 -3.47088e-6 1.13193e-6 -1 -1.68572e-6 1.18578e-6 -1 1.33839e-6 2.37649e-6 -1 4.68135e-6 2.32401e-6 -1 -4.66343e-6 2.48818e-6 -1 7.72552e-7 1.98562e-6 -1 -9.87977e-7 1.70314e-6 -1 -7.61387e-6 1.70672e-6 -1 -2.34643e-6 1.81086e-6 -1 -3.58443e-6 2.32394e-6 -1 9.69079e-7 2.37648e-6 -1 4.52127e-6 1.13192e-6 -1 9.33238e-7 1.18588e-6 -1 2.67711e-6 0 -1 -2.79519e-6 0 -1 -1.07818e-6 0 -1 -3.87246e-6 0 -1 -5.25113e-7 -1.12636e-6 -1 2.29491e-6 0 -1 -2.67707e-6 -1.58203e-6 -1 2.66237e-6 -1.99439e-6 -1 4.74287e-6 -8.58998e-7 -1 -1.36298e-6 0 -1 -3.78321e-6 0 -1 -2.25588e-6 0 -1 5.59063e-6 0 -1 0 0 -1 3.71747e-6 -0.8847726 0.4577994 0.08716177 -0.8839536 0.4598712 0.08452588 -0.8831838 0.461781 0.0821262 -0.8831171 0.4619546 0.08186715 -0.7869797 0.6126523 0.07294094 -0.786981 0.6126511 0.07293671 -0.7869759 0.6126556 0.07295387 -0.7869851 0.6126474 0.07292246 -0.665445 0.7438955 0.06166446 -0.6654413 0.7438985 0.06166696 -0.6654505 0.743891 0.06166076 -0.665435 0.7439038 0.06167125 -0.5222381 0.8514252 0.04840207 -0.5112325 0.8568022 0.06731623 -0.5089232 0.8485424 0.1448209 -0.4747966 0.8578317 0.196706 -0.4718502 0.8497881 0.2349843 -0.415614 0.8536642 0.3138829 -0.4120742 0.854741 0.3156148 -0.4150705 0.853823 0.31417 -0.5332953 0.7439063 0.40274 -0.5332903 0.7439093 0.4027413 -0.5333039 0.7439014 0.4027379 -0.450196 0.7439077 0.4938876 -0.4501951 0.7439105 0.4938842 -0.4501945 0.7439123 0.4938818 -0.5324364 0.6126349 0.5841147 -0.5324308 0.6126383 0.5841162 -0.5324555 0.6126233 0.5841094 -0.4160498 0.6126155 0.6720156 -0.4160274 0.6126316 0.6720147 -0.4160201 0.6126369 0.6720145 -0.4627525 0.4766516 0.7474379 -0.4220834 0.4453114 0.7896478 -0.3173297 0.4779885 0.8190414 -0.2600274 0.4442555 0.8573347 -0.1612675 0.4787461 0.8630151 -0.08782804 0.4437825 0.8918204 3.7247e-5 0.4790431 0.8777914 0.08787953 0.4437918 0.8918106 0.1613585 0.4787691 0.8629854 0.2601454 0.4442706 0.8572911 0.3173406 0.4779305 0.8190711 0.4221071 0.4452555 0.7896666 0.4628462 0.4766509 0.7473804 0.5675706 0.446808 0.6915391 0.5929169 0.4747723 0.6504158 0.69079 0.448789 0.5669195 0.7033824 0.4724372 0.5310898 0.7870206 0.4513503 0.4205731 0.7904002 0.4694441 0.3935608 0.852496 0.4542978 0.2585809 0.8510274 0.4660049 0.2420575 0.8847637 0.4578273 0.08710592 0.8831775 0.4617997 0.08208882 0.8839546 0.4598778 0.08447903 0.8831284 0.4619398 0.08182942 0.7869896 0.6126435 0.07290697 0.7869871 0.6126474 0.07290083 0.7869971 0.6126317 0.07292586 0.7869789 0.6126605 0.07288002 0.6654325 0.7439084 0.06164413 0.6654371 0.7439034 0.06165444 0.6654256 0.7439157 0.06162869 0.6654449 0.7438949 0.06167221 0.5222653 0.8514084 0.04840338 0.5112519 0.8567901 0.0673235 0.5089331 0.848541 0.1447941 0.474835 0.8578166 0.1966787 0.471896 0.8497878 0.2348937 0.4150841 0.853833 0.3141247 0.4120808 0.8547658 0.3155391 0.4156395 0.853663 0.3138526 0.5332827 0.7439323 0.4027089 0.5332817 0.743927 0.4027198 0.5332845 0.7439411 0.4026902 0.5332801 0.7439193 0.402736 0.6307505 0.6126165 0.4762928 0.6307507 0.6126236 0.4762836 0.6307501 0.6125926 0.476324 0.630751 0.6126453 0.4762551 -0.4115655 0.8549171 0.3158018 -0.3557302 0.8492079 0.390259 -0.4501935 0.7439155 0.493878 -0.3517349 0.7439154 0.5682187 -0.3517649 0.7439034 0.5682158 -0.351785 0.7438954 0.5682139 -0.4159955 0.6126546 0.6720136 -0.3153082 0.6137759 0.7237817 -0.2925755 0.5866621 0.7551339 -0.156391 0.5988392 0.7854512 -0.148256 0.5903271 0.7934319 6.38676e-5 0.5945433 0.8040636 5.64338e-5 0.5945494 0.8040592 9.48769e-5 0.5945182 0.8040822 2.62062e-5 0.5945739 0.804041 0.1483429 0.5903856 0.7933722 0.1488026 0.5907739 0.792997 0.1559732 0.5983168 0.7859323 -0.3125991 0.8580415 0.4074882 -0.2783157 0.8488067 0.4495192 -0.3518195 0.7438815 0.5682106 -0.3048455 0.7452874 0.5929722 -0.2518323 0.6915106 0.6770478 -0.3045819 0.845048 0.4394586 -0.2038959 0.7927017 0.5745002 0.1564136 0.5988286 0.7854548 0.2925676 0.5866546 0.7551429 0.3152835 0.6137602 0.7238057 0.2517527 0.6915254 0.6770623 0.3048726 0.7453289 0.5929061 0.2040664 0.7926746 0.5744772 0.3046469 0.845023 0.4394617 0.2783225 0.8487831 0.4495597 0.3126711 0.858036 0.4074447 0.3557845 0.8492079 0.3902093 0.4115799 0.8549211 0.3157721 -0.5675133 0.4468102 0.6915847 -0.5928632 0.4747882 0.6504533 -0.5324135 0.6126489 0.584121 -0.6307024 0.6126538 0.4763087 -0.6307091 0.6126498 0.4763048 -0.6307111 0.6126486 0.4763037 -0.5332828 0.7439137 0.4027432 -0.5982007 0.7439165 0.2978996 -0.5982136 0.7439077 0.297896 -0.598221 0.7439025 0.297894 -0.6907615 0.4488009 0.5669448 -0.7033396 0.4724266 0.5311559 -0.6307173 0.612645 0.4763002 -0.7074953 0.612639 0.3523121 -0.707492 0.6126427 0.3523125 -0.707491 0.6126438 0.3523125 -0.5982321 0.7438948 0.2978908 -0.6427643 0.743907 0.1829114 -0.6427624 0.7439079 0.1829139 -0.6427614 0.7439085 0.1829154 -0.7869822 0.4513368 0.4206592 -0.7903608 0.4694834 0.3935927 -0.707488 0.6126472 0.3523128 -0.7601742 0.6126484 0.2163267 -0.7601777 0.6126452 0.2163233 -0.7601788 0.6126442 0.2163223 -0.6427597 0.7439093 0.1829176 -0.8524661 0.4543279 0.258627 -0.8509953 0.4660072 0.2421659 -0.760182 0.6126413 0.2163192 0.4161434 0.6126325 0.6719421 0.4161478 0.6126357 0.6719364 0.4161296 0.6126227 0.6719595 0.351848 0.7439389 0.5681179 0.351832 0.7439189 0.568154 0.3518214 0.7439054 0.5681782 0.3518031 0.7438824 0.5682197 0.4502248 0.7438889 0.4938897 0.4502335 0.7438994 0.493866 0.4502393 0.7439064 0.4938501 0.4502493 0.7439185 0.4938227 0.5324518 0.6126443 0.5840908 0.5324524 0.6126441 0.5840905 0.53245 0.6126452 0.5840915 0.4161629 0.6126464 0.6719173 0.5324543 0.6126431 0.5840898 0.5982433 0.7439227 0.2977989 0.5982415 0.7439277 0.2977895 0.5982403 0.7439312 0.2977833 0.5982383 0.7439371 0.2977725 0.6427467 0.7439349 0.1828597 0.6427498 0.7439308 0.1828653 0.6427519 0.7439281 0.1828692 0.6427555 0.7439233 0.1828757 0.7075267 0.6126075 0.3523038 0.7075299 0.6126281 0.3522617 0.7075309 0.6126348 0.352248 0.7075344 0.6126574 0.3522017 0.7601938 0.6126592 0.2162271 0.7601982 0.612647 0.216246 0.7601997 0.6126431 0.2162522 0.7602046 0.6126296 0.216273 1 -4.49846e-5 -4.88834e-5 1 -2.79423e-5 -5.63745e-5 1 -3.79467e-5 -5.33018e-5 1 -2.24059e-5 -5.90261e-5 1 -2.0391e-5 -5.59777e-5 0.991449 0 0.1304945 0.9238899 0 0.3826583 0.9238917 0 0.3826544 0.9238944 0 0.3826478 0.923896 0 0.3826438 0.7934247 0 0.6086685 0.7934242 0 0.6086693 0.7934231 0 0.6086705 0.7934225 0 0.6086713 0.6087749 0 0.7933432 0.608781 0 0.7933383 0.6087912 0 0.7933306 0.6087974 0 0.7933259 1 0 -4.42922e-5 1 6.91419e-6 -4.24149e-5 1 -2.09226e-6 -4.5752e-5 1 2.08887e-5 -3.75301e-5 1 3.37395e-5 -3.25899e-5 -1 1.49948e-5 4.8883e-5 -1 3.73247e-6 4.64689e-5 -1 9.89559e-6 4.82815e-5 -1 0 4.57496e-5 -1 0 4.429e-5 -0.6087288 0 0.7933785 -0.6087482 0 0.7933635 -0.6087362 0 0.7933729 -0.6087557 0 0.7933578 -0.7933347 0 0.6087858 -0.7933347 0 0.6087858 -0.923868 0 0.3827112 -0.9238678 0 0.3827118 -0.9238675 0 0.3827127 -0.9238672 0 0.3827131 -0.991432 0 0.1306239 -0.991432 0 0.1306239 -0.9914427 0 -0.1305431 -0.9914427 0 -0.1305428 -0.9914427 0 -0.1305422 -0.9914428 0 -0.130542 -0.9238848 0 -0.3826711 -0.923885 0 -0.3826705 -0.9238854 0 -0.3826697 -0.9238855 0 -0.3826691 -0.7933984 0 -0.6087027 -0.7934021 0 -0.608698 -0.793408 0 -0.6086902 -0.7934118 0 -0.6086854 -0.6087912 0 -0.7933305 -0.6087962 0 -0.7933267 -0.6088045 0 -0.7933204 -0.6088095 0 -0.7933166 -1 0 4.42914e-5 -1 7.46571e-6 4.2415e-5 -1 0 4.5752e-5 -1 1.97917e-5 3.75308e-5 -1 2.99911e-5 3.25904e-5 0 1 -1.10729e-6 0 1 0 0 1 -7.71779e-7 0 1 -3.54077e-7 0 1 -4.78203e-7 0 1 -1.76334e-6 0 1 6.17518e-7 0 1 -2.6526e-6 0 1 5.61399e-7 0 1 -3.05933e-6 0 1 0 0 1 -8.23054e-7 0 1 0 0 1 -6.71664e-7 0 1 0 0 1 -9.81948e-7 0.9843367 -0.1295803 -0.1195418 0.9740468 -0.1865192 -0.1282319 0.9322803 -0.07619655 -0.3536207 0.8985341 -0.2326254 -0.3721855 0.8225416 -0.03182786 -0.5678138 0.7641134 -0.2688693 -0.5863786 0.6631327 0.002115786 -0.7484989 0.5815892 -0.2954121 -0.7579483 0.4645252 0.02671092 -0.8851571 0.3635238 -0.3123871 -0.8776474 0.2390828 0.0416699 -0.9701046 0.1235848 -0.3208986 -0.9390159 -8.37101e-5 0.04662352 -0.9989125 -0.1236672 -0.3206726 -0.9390823 -0.239097 0.04174202 -0.9700981 -0.3635716 -0.3124088 -0.8776198 -0.4646468 0.02699983 -0.8850845 -0.5816465 -0.2950423 -0.7580485 -0.6631324 0.002346217 -0.7484985 -0.7641697 -0.2689796 -0.586255 -0.822548 -0.03258109 -0.5677618 -0.8983971 -0.2331818 -0.372168 -0.9323247 -0.07604694 -0.3535358 -0.974089 -0.1863175 -0.1282055 -0.9843288 -0.1296426 -0.1195395 0.9171181 -0.379886 -0.1207517 0.9171184 -0.3798848 -0.1207537 0.9171183 -0.3798859 -0.1207519 0.9171184 -0.3798847 -0.1207538 0.7890289 -0.6055091 -0.1038858 0.789121 -0.605382 -0.1039267 0.789039 -0.6054951 -0.1038902 0.7891322 -0.6053666 -0.1039316 0.6067834 -0.7908412 -0.07990092 0.606727 -0.7908824 -0.07992237 0.6067332 -0.7908778 -0.07991999 0.6067906 -0.790836 -0.07989817 0.3823719 -0.9226359 -0.05034828 0.3823763 -0.9226341 -0.05034852 0.3823757 -0.9226342 -0.05034852 0.3823713 -0.9226361 -0.05034828 0.1302528 -0.9913325 -0.01715481 0.1302767 -0.9913293 -0.01715153 0.1302739 -0.9913297 -0.01715195 0.1302493 -0.9913328 -0.01715528 0.121357 -0.9913349 -0.05027633 0.1213608 -0.9913344 -0.05027681 0.121388 -0.9913309 -0.05028027 0.1213924 -0.9913303 -0.05028086 0.1042455 -0.9913291 -0.07999676 0.104246 -0.9913288 -0.08000028 0.1042493 -0.9913263 -0.08002591 0.1042499 -0.991326 -0.08003008 0.07999336 -0.9913257 -0.1042809 0.07998961 -0.9913263 -0.1042775 0.07996231 -0.9913311 -0.1042531 0.07995784 -0.9913319 -0.1042492 0.0502541 -0.9913294 -0.1214114 0.05026024 -0.9913286 -0.121415 0.05030494 -0.9913231 -0.1214412 0.05031222 -0.9913223 -0.1214455 0.01716613 -0.9913151 -0.1303828 0.01716274 -0.9913169 -0.1303694 0.01713812 -0.9913303 -0.1302714 0.01713413 -0.9913324 -0.1302555 -0.01715975 -0.9913301 -0.1302697 -0.01715946 -0.9913305 -0.1302675 -0.01715725 -0.9913325 -0.1302515 -0.01715689 -0.9913329 -0.1302489 -0.05029129 -0.9913319 -0.1213749 -0.05029529 -0.9913321 -0.1213726 -0.05026686 -0.9913315 -0.1213892 -0.05026346 -0.9913314 -0.1213912 -0.07997626 -0.9913345 -0.1042106 -0.07997387 -0.9913349 -0.1042084 -0.07999062 -0.9913319 -0.1042238 -0.07999259 -0.9913315 -0.1042256 -0.104238 -0.9913285 -0.08001458 -0.1042309 -0.9913291 -0.08001554 -0.1042824 -0.9913244 -0.08000862 -0.1042884 -0.9913237 -0.08000779 -0.121441 -0.9913237 -0.05029481 -0.1214453 -0.9913231 -0.05029678 -0.121414 -0.9913276 -0.05028235 -0.1214104 -0.9913282 -0.05028069 -0.1302842 -0.9913284 -0.01715117 -0.1302851 -0.9913283 -0.01714926 -0.1302784 -0.991329 -0.01716309 -0.1302776 -0.991329 -0.01716476 -0.3823496 -0.9226457 -0.05033612 -0.3824717 -0.9225949 -0.05034011 -0.3823657 -0.922639 -0.05033665 -0.3824855 -0.9225892 -0.05034053 -0.6066855 -0.7909229 -0.07983601 -0.6067047 -0.790908 -0.07983666 -0.6066879 -0.790921 -0.07983607 -0.6067067 -0.7909065 -0.07983672 -0.7891481 -0.6053579 -0.1038612 -0.789062 -0.6054689 -0.1038687 -0.7891378 -0.6053712 -0.1038621 -0.7890527 -0.6054809 -0.1038695 -0.9169949 -0.3802011 -0.1206962 -0.9170466 -0.3800776 -0.1206923 -0.9170009 -0.3801869 -0.1206957 -0.9170522 -0.3800643 -0.1206919 0.3563454 -0.9226167 -0.1476362 0.3563435 -0.9226177 -0.1476348 0.3563284 -0.9226255 -0.1476229 0.3563261 -0.9226266 -0.1476211 0.3059421 -0.9226513 -0.234764 0.3059468 -0.9226487 -0.2347679 0.3059828 -0.922629 -0.2347986 0.3059883 -0.922626 -0.2348033 0.2348279 -0.9226116 -0.3060126 0.2348257 -0.9226142 -0.3060068 0.2348088 -0.9226333 -0.3059619 0.2348062 -0.9226362 -0.3059551 0.1475497 -0.9226185 -0.3563766 0.1475507 -0.9226209 -0.35637 0.1475585 -0.9226391 -0.3563194 0.1475597 -0.9226419 -0.3563117 0.05035549 -0.9226359 -0.3823706 0.05035543 -0.9226348 -0.3823733 0.05035465 -0.9226264 -0.3823938 0.05035454 -0.9226251 -0.3823969 -0.05039018 -0.9226413 -0.3823531 -0.05038994 -0.9226359 -0.3823662 -0.05038785 -0.9225946 -0.3824663 -0.05038756 -0.9225882 -0.3824815 -0.1476227 -0.9225844 -0.3564349 -0.1476219 -0.9225873 -0.3564273 -0.1476161 -0.9226108 -0.356369 -0.1476152 -0.9226143 -0.3563601 -0.234821 -0.9226258 -0.3059754 -0.2348191 -0.9226256 -0.3059774 -0.2348049 -0.9226241 -0.3059926 -0.2348028 -0.9226239 -0.3059949 -0.3060095 -0.9226227 -0.2347884 -0.3060097 -0.9226234 -0.2347855 -0.306011 -0.9226285 -0.2347636 -0.3060113 -0.9226292 -0.2347604 -0.3563293 -0.9226293 -0.1475963 -0.3563241 -0.9226319 -0.1475928 -0.3562851 -0.9226513 -0.1475657 -0.3562791 -0.9226542 -0.1475616 0.5654166 -0.7908553 -0.234205 0.5654025 -0.7908672 -0.2341994 0.5652896 -0.7909611 -0.2341545 0.5652734 -0.7909746 -0.234148 0.4854156 -0.7909384 -0.3725429 0.4854178 -0.7909383 -0.3725407 0.4854342 -0.7909364 -0.372523 0.4854366 -0.7909361 -0.3725205 0.3724801 -0.7909529 -0.4854401 0.3724861 -0.7909508 -0.4854391 0.3725336 -0.7909339 -0.4854302 0.3725404 -0.7909314 -0.4854289 0.2341377 -0.7908986 -0.5653839 0.2341342 -0.7909035 -0.5653786 0.2341062 -0.7909419 -0.5653364 0.2341021 -0.7909474 -0.5653303 0.07985663 -0.7909651 -0.6066277 0.07986098 -0.7909554 -0.6066398 0.07989561 -0.7908776 -0.6067367 0.07990062 -0.7908664 -0.6067506 -0.07991379 -0.790893 -0.6067143 -0.07991528 -0.790907 -0.6066957 -0.0799269 -0.7910185 -0.606549 -0.07992857 -0.7910344 -0.6065279 -0.234119 -0.791093 -0.5651198 -0.234123 -0.7910733 -0.5651457 -0.2341545 -0.7909163 -0.5653522 -0.2341589 -0.7908938 -0.5653818 -0.3725566 -0.7909296 -0.4854195 -0.3725617 -0.7909207 -0.4854301 -0.3726022 -0.7908496 -0.4855146 -0.3726081 -0.7908394 -0.4855268 -0.4855895 -0.7908157 -0.3725768 -0.4855917 -0.7908167 -0.3725717 -0.48561 -0.7908247 -0.3725311 -0.4856126 -0.7908258 -0.3725253 -0.565348 -0.7909672 -0.2339926 -0.5654653 -0.7908084 -0.2342461 -0.5653982 -0.7908768 -0.2341768 -0.5653886 -0.7908867 -0.2341669 0.8545613 -0.3799911 -0.3540223 0.8546571 -0.3797596 -0.3540394 0.8546466 -0.3797849 -0.3540375 0.735203 -0.6055677 -0.3045723 0.7352197 -0.6055457 -0.3045758 0.7353549 -0.6053672 -0.3046044 0.7353733 -0.6053429 -0.3046082 0.6314307 -0.6053652 -0.4845909 0.6314268 -0.6053735 -0.4845857 0.6313953 -0.6054404 -0.4845429 0.6313911 -0.6054496 -0.4845371 0.4845022 -0.6054214 -0.6314449 0.4845095 -0.6054103 -0.6314499 0.4845692 -0.6053203 -0.6314904 0.4845772 -0.605308 -0.6314959 0.3045929 -0.605372 -0.7353557 0.3045847 -0.6053847 -0.7353487 0.3045182 -0.6054876 -0.7352914 0.3045091 -0.6055017 -0.7352837 0.1038557 -0.6054744 -0.7890595 0.1038577 -0.6054597 -0.7890704 0.1038743 -0.605341 -0.7891594 0.1038765 -0.6053247 -0.7891715 -0.1039354 -0.605358 -0.7891383 -0.103933 -0.6053538 -0.7891417 -0.1039144 -0.6053203 -0.78917 -0.1039119 -0.6053157 -0.7891739 -0.3046572 -0.6053237 -0.7353687 -0.3046574 -0.6053178 -0.7353736 -0.3046588 -0.6052691 -0.7354131 -0.304659 -0.6052625 -0.7354184 -0.4845443 -0.6052626 -0.6315647 -0.484529 -0.6053093 -0.6315318 -0.4844049 -0.6056872 -0.6312646 -0.4843879 -0.6057387 -0.6312282 -0.6312734 -0.605749 -0.4843162 -0.631277 -0.6057459 -0.4843153 -0.6313062 -0.6057208 -0.4843086 -0.6313102 -0.6057174 -0.4843077 -0.7351649 -0.605668 -0.304465 -0.7351848 -0.6056359 -0.3044808 -0.7353467 -0.6053747 -0.3046091 -0.7353688 -0.6053391 -0.3046266 0.7338813 -0.3798055 -0.5631751 0.7337715 -0.3800216 -0.5631723 0.7337835 -0.379998 -0.5631726 0.8545501 -0.3800181 -0.3540203 0.7338941 -0.3797804 -0.5631754 0.5631364 -0.3798528 -0.7338864 0.5631572 -0.3797033 -0.7339479 0.5631549 -0.3797196 -0.7339412 0.563134 -0.3798701 -0.7338793 0.3539768 -0.3798769 -0.854631 0.3539959 -0.379792 -0.8546607 0.3539938 -0.3798013 -0.8546574 0.3539745 -0.3798868 -0.8546275 0.1206964 -0.3799408 -0.9171027 0.1207063 -0.3799566 -0.9170948 0.1207053 -0.3799549 -0.9170957 0.1206952 -0.379939 -0.9171037 -0.1207661 -0.3799968 -0.9170703 -0.1207763 -0.3799482 -0.9170891 -0.1207752 -0.3799536 -0.9170871 -0.1207649 -0.3800025 -0.9170681 -0.3540101 -0.3800646 -0.8545338 -0.3540183 -0.3800739 -0.8545261 -0.3540174 -0.3800729 -0.8545269 -0.3540091 -0.3800634 -0.8545345 -0.5631483 -0.379655 -0.7339798 -0.5631134 -0.3801252 -0.733763 -0.5631466 -0.3797684 -0.7339224 -0.5631523 -0.3796002 -0.7340049 -0.733995 -0.3796892 -0.5631052 -0.7340658 -0.3792693 -0.5632959 -0.7340059 -0.3795862 -0.5631604 -0.7339936 -0.3797026 -0.563098 -0.8545111 -0.3802045 -0.3539146 -0.854671 -0.3797037 -0.3540658 -0.8546536 -0.3797583 -0.3540493 -0.8544925 -0.3802627 -0.3538969 0.959519 0.2652971 -0.09455567 0.9595679 0.2651258 -0.09453946 0.9595231 0.2652829 -0.0945543 0.9595719 0.265112 -0.09453815 0.9948947 0.02401429 -0.09801989 0.9948862 0.02426177 -0.09804564 0.994894 0.02403455 -0.09802198 0.9948855 0.02428197 -0.09804773 0.9711164 -0.2185692 -0.09571051 0.971091 -0.2186877 -0.09569859 0.9711143 -0.2185788 -0.09570956 0.9710888 -0.2186976 -0.09569758 0.8897053 -0.4480367 -0.08768028 0.8896543 -0.4481447 -0.08764398 0.8897011 -0.4480454 -0.08767735 0.8896501 -0.4481539 -0.08764088 0.7551101 -0.6513636 -0.07439219 0.7552361 -0.6512119 -0.07444173 0.7551203 -0.6513514 -0.07439619 0.7552472 -0.6511986 -0.07444608 0.5747519 -0.8163647 -0.05664932 0.5746136 -0.8164655 -0.05659961 0.5747406 -0.8163729 -0.05664527 0.5746011 -0.8164746 -0.05659514 0.3593298 -0.9325394 -0.03539103 0.359371 -0.9325227 -0.03541201 0.3593332 -0.932538 -0.03539276 0.3593748 -0.9325212 -0.03541398 0.1209408 -0.9925857 -0.01213252 0.122589 -0.992384 -0.01208651 0.118255 -0.9929081 -0.01222711 0.116644 -0.993098 -0.01226925 0.1235723 -0.9916275 -0.03748196 0.3455083 -0.9325441 -0.1048119 0.345513 -0.9325401 -0.1048328 0.3455126 -0.9325405 -0.1048309 0.3184193 -0.9325455 -0.1702 0.3184147 -0.9325472 -0.1701992 0.3183634 -0.9325664 -0.1701901 0.5094103 -0.8163101 -0.272285 0.5093633 -0.8163434 -0.2722726 0.5093675 -0.8163405 -0.2722737 0.4464703 -0.8163375 -0.3664116 0.4464652 -0.8163413 -0.3664095 0.4464071 -0.8163837 -0.3663856 0.5865103 -0.6513793 -0.4813635 0.5865404 -0.6512901 -0.4814475 0.5865378 -0.6512979 -0.4814402 0.4813615 -0.6512419 -0.5866645 0.4813539 -0.6512584 -0.5866525 0.4812677 -0.6514457 -0.5865151 0.5671142 -0.448201 -0.6910119 0.5671437 -0.4481263 -0.6910362 0.5671411 -0.4481326 -0.6910341 0.4213458 -0.4480935 -0.7884668 0.4213562 -0.448072 -0.7884737 0.4214733 -0.4478256 -0.788551 0.4599499 -0.2185401 -0.8606314 0.4599507 -0.2185057 -0.8606398 0.4599506 -0.2185086 -0.860639 0.2832238 -0.2184756 -0.9338376 0.2832294 -0.218464 -0.9338387 0.2832919 -0.2183316 -0.9338507 0.2901957 0.02395355 -0.9566675 0.2901774 0.02381652 -0.9566765 0.2901789 0.02382773 -0.9566758 0.09795677 0.02375519 -0.9949072 0.09795856 0.02376723 -0.9949067 0.09797841 0.02390223 -0.9949015 0.09447491 0.2655149 -0.9594668 0.09445798 0.2655542 -0.9594575 0.09447354 0.265518 -0.959466 0.09445655 0.2655575 -0.9594568 -0.0943908 0.2651654 -0.9595717 -0.09449058 0.2656015 -0.9594413 -0.09450215 0.2654528 -0.9594812 -0.09456056 0.2658969 -0.9593526 -0.2798892 0.2654465 -0.9226051 -0.2798914 0.2654454 -0.9226047 -0.2799162 0.2654327 -0.9226009 -0.2799184 0.2654317 -0.9226006 -0.4544813 0.2654143 -0.8502953 -0.4546123 0.2649013 -0.8503852 -0.4546512 0.2647533 -0.8504104 -0.454665 0.2647001 -0.8504198 -0.6118546 0.2647356 -0.7453516 -0.6118454 0.2647558 -0.745352 -0.6117449 0.264977 -0.7453559 -0.6117361 0.2649965 -0.7453563 -0.7453978 0.2650251 -0.6116731 -0.7453268 0.2655078 -0.6115503 -0.7454264 0.2649824 -0.6116566 -0.7453232 0.2653251 -0.6116339 -0.8503532 0.2652155 -0.4544891 -0.8503579 0.2652029 -0.4544876 -0.8504099 0.2650644 -0.454471 -0.8504144 0.2650522 -0.4544695 -0.9227341 0.2650567 -0.2798337 -0.9227328 0.2650586 -0.2798361 -0.922719 0.265079 -0.2798621 -0.9227178 0.2650809 -0.2798644 -0.9595658 0.2651529 -0.0944851 -0.9595683 0.2651432 -0.09448653 -0.9595371 0.2652628 -0.09446895 -0.9949084 0.02374804 -0.09794628 -0.994903 0.02389377 -0.09796535 -0.9949035 0.02388179 -0.0979638 -0.9949088 0.02373617 -0.09794473 -0.9711893 -0.2182888 -0.09561055 -0.971221 -0.218157 -0.09559005 -0.9711919 -0.2182782 -0.09560889 -0.9712236 -0.218146 -0.09558832 -0.8897007 -0.4480674 -0.08756965 -0.8896671 -0.4481334 -0.08757257 -0.8896979 -0.4480727 -0.08756989 -0.8896642 -0.448139 -0.08757287 -0.7550266 -0.6514685 -0.07432281 -0.7551037 -0.6513817 -0.07429999 -0.7550328 -0.6514614 -0.07432097 -0.7551103 -0.6513741 -0.07429796 -0.5748131 -0.8163273 -0.05656766 -0.5746423 -0.8164468 -0.05657768 -0.5747992 -0.8163369 -0.0565685 -0.5746269 -0.8164575 -0.05657857 -0.3593142 -0.9325458 -0.03537988 -0.3593246 -0.932542 -0.03537398 -0.359315 -0.9325456 -0.0353794 -0.3593256 -0.9325416 -0.03537344 -0.1225808 -0.9923852 -0.01207071 -0.1210135 -0.9925771 -0.01211059 -0.1182481 -0.99291 -0.01213669 -0.1166718 -0.9930949 -0.01225543 -0.1235953 -0.9916244 -0.03748613 -0.1070624 -0.9936434 -0.03479307 -0.1188303 -0.9908819 -0.06350106 -0.0942977 -0.9940543 -0.05444461 -0.1080925 -0.9901742 -0.08871948 -0.07878583 -0.9943643 -0.07094085 -0.09143579 -0.9895616 -0.1113893 -0.06107699 -0.9945923 -0.08400011 -0.06957215 -0.9890531 -0.1301295 -0.04165399 -0.9947394 -0.09358686 -0.04350286 -0.9887067 -0.1434109 -0.02111232 -0.9948302 -0.09933382 -0.01480835 -0.9885364 -0.1502549 -1.05808e-5 -0.9948567 -0.1012936 0.01480162 -0.9885258 -0.1503256 0.02111011 -0.9948304 -0.09933167 0.04350006 -0.9887081 -0.1434017 0.04164731 -0.9947423 -0.09355932 0.06953918 -0.9890616 -0.1300829 0.06105655 -0.9945877 -0.08406877 0.09143286 -0.989553 -0.1114671 0.07877433 -0.9943683 -0.07089763 0.1080259 -0.9901872 -0.08865535 0.09426856 -0.9940574 -0.05443853 0.1188419 -0.9908803 -0.06350594 0.1070708 -0.9936423 -0.03479832 -0.9595345 0.2652728 -0.09446752 0.2798323 0.2654381 -0.9226249 0.2798827 0.2652099 -0.9226751 0.2798365 0.2654191 -0.922629 0.2798867 0.2651916 -0.9226792 0.2901972 0.02396482 -0.9566668 0.4712251 0.02400219 -0.8816863 0.4712245 0.02401059 -0.8816866 0.4712166 0.02410465 -0.8816881 0.4599498 -0.2185429 -0.8606308 0.6190092 -0.2185303 -0.7543688 0.6190127 -0.2185289 -0.7543662 0.6190518 -0.2185141 -0.7543386 0.5671118 -0.448207 -0.69101 0.6909888 -0.44819 -0.5671509 0.6909905 -0.4481946 -0.5671452 0.6910084 -0.4482446 -0.5670841 0.5865078 -0.6513864 -0.4813567 0.6691808 -0.6513416 -0.3577029 0.6691763 -0.6513474 -0.3577007 0.6691295 -0.6514083 -0.3576774 0.509414 -0.8163074 -0.2722859 0.5527396 -0.8163046 -0.1677073 0.5527313 -0.8163105 -0.1677064 0.5526459 -0.8163703 -0.1676966 0.3455079 -0.9325444 -0.1048102 0.4544435 0.2652083 -0.8503798 0.454482 0.2651544 -0.850376 0.4544467 0.2652038 -0.8503795 0.4544852 0.2651501 -0.8503757 0.471216 0.02411305 -0.8816883 0.6341721 0.02413189 -0.7728154 0.6341739 0.02412909 -0.7728139 0.6341947 0.02409726 -0.7727978 0.6190553 -0.2185127 -0.7543361 0.7542982 -0.2184585 -0.6191204 0.7543029 -0.2184461 -0.6191192 0.7543537 -0.2183091 -0.6191056 0.6910099 -0.4482489 -0.5670787 0.7883611 -0.4482223 -0.4214068 0.7883605 -0.4482232 -0.4214071 0.7883529 -0.4482331 -0.4214105 0.6691254 -0.6514136 -0.3576753 0.7260458 -0.6514087 -0.2202823 0.7260498 -0.6514036 -0.2202842 0.7260924 -0.6513493 -0.2203043 0.5526383 -0.8163756 -0.1676957 0.6116875 0.2651498 -0.7453415 0.611615 0.2652249 -0.7453743 0.6116815 0.265156 -0.7453443 0.6116091 0.265231 -0.745377 0.6341966 0.02409446 -0.7727965 0.7727573 0.02416563 -0.6342415 0.7727582 0.02415597 -0.6342408 0.7727683 0.02404725 -0.6342326 0.7543582 -0.218297 -0.6191044 0.8606484 -0.2182607 -0.4600508 0.8606424 -0.2182833 -0.4600512 0.8605762 -0.2185341 -0.460056 0.7883523 -0.4482339 -0.4214107 0.8553867 -0.4482967 -0.2595067 0.8553953 -0.4482793 -0.2595087 0.8554869 -0.4480917 -0.2595304 0.7260962 -0.6513445 -0.2203061 0.7453043 0.2651543 -0.611731 0.7453187 0.2650879 -0.6117423 0.7453055 0.2651488 -0.611732 0.7453198 0.2650825 -0.6117432 0.7727692 0.02403753 -0.6342318 0.8816357 0.02399951 -0.47132 0.8816364 0.02400815 -0.4713183 0.8816442 0.0241059 -0.4712986 0.8605703 -0.2185562 -0.4600564 0.9338101 -0.2185231 -0.2832781 0.9338096 -0.2185247 -0.2832784 0.9338045 -0.2185426 -0.2832816 0.8554949 -0.4480752 -0.2595323 0.8503927 0.2649953 -0.4545434 0.8502942 0.265324 -0.4545359 0.8503845 0.2650228 -0.4545428 0.8502863 0.2653505 -0.4545353 0.881645 0.0241146 -0.4712969 0.9566559 0.02406722 -0.2902244 0.9566563 0.02406764 -0.2902232 0.9566604 0.02407234 -0.2902093 0.933804 -0.2185443 -0.2832819 0.9226233 0.2653808 -0.2798917 0.9226794 0.2651526 -0.2799232 0.922628 0.2653618 -0.2798944 0.9226839 0.2651342 -0.2799257 0.9566609 0.02407276 -0.2902081 0.3183582 -0.9325684 -0.1701892 0.2790424 -0.9325748 -0.2289972 0.2790455 -0.932573 -0.2290006 0.2790798 -0.9325533 -0.229039 0.4464014 -0.8163878 -0.3663832 0.3663148 -0.8164067 -0.4464233 0.3663223 -0.8163991 -0.4464311 0.3664065 -0.8163138 -0.4465178 0.4812595 -0.6514635 -0.586502 0.3576214 -0.6514801 -0.6690894 0.3576222 -0.6514801 -0.669089 0.3576314 -0.6514812 -0.6690831 0.4214841 -0.4478028 -0.7885582 0.2595241 -0.4477652 -0.8556598 0.2595217 -0.4477858 -0.8556498 0.2594949 -0.4480206 -0.8555349 0.2832975 -0.2183196 -0.9338517 0.09564781 -0.2182986 -0.9711834 0.09564596 -0.2183027 -0.9711827 0.09562468 -0.2183482 -0.9711745 0.09798014 0.02391421 -0.9949011 -0.09800541 0.02391582 -0.9948985 -0.09800601 0.02391147 -0.9948985 -0.0980125 0.02386313 -0.994899 0.2790833 -0.9325513 -0.2290428 0.2290255 -0.9325488 -0.2791061 0.2290251 -0.9325502 -0.2791014 0.229021 -0.9325667 -0.2790499 0.3664148 -0.8163055 -0.4465264 0.2722992 -0.8162748 -0.5094593 0.2722977 -0.8162776 -0.5094556 0.27228 -0.8163095 -0.5094138 0.3576322 -0.6514812 -0.6690826 0.2202072 -0.6514144 -0.7260634 0.2202112 -0.6514105 -0.7260657 0.2202559 -0.6513664 -0.7260918 0.2594925 -0.4480423 -0.8555243 0.08760958 -0.4480063 -0.8897275 0.08760803 -0.44802 -0.8897207 0.08759087 -0.4481767 -0.8896435 0.09562277 -0.2183523 -0.9711739 -0.09565669 -0.2183471 -0.9711717 -0.09566026 -0.2183623 -0.9711679 -0.09570103 -0.2185346 -0.9711252 -0.09801304 0.02385884 -0.9948991 -0.2902307 0.0238505 -0.9566596 -0.2902324 0.02384519 -0.9566591 -0.2902246 0.02411997 -0.9566546 0.2290205 -0.9325684 -0.2790447 0.1701773 -0.9325734 -0.3183496 0.1701729 -0.9325752 -0.3183469 0.1701238 -0.9325943 -0.3183173 0.2722783 -0.8163126 -0.5094097 0.1676459 -0.8163256 -0.5527272 0.1676412 -0.816336 -0.5527133 0.167589 -0.8164533 -0.552556 0.2202601 -0.6513622 -0.7260942 0.07433807 -0.6513558 -0.7551222 0.07433581 -0.6513662 -0.7551134 0.0743103 -0.6514856 -0.7550129 0.08758926 -0.4481912 -0.8896364 -0.08765155 -0.4481551 -0.8896484 -0.08765226 -0.4481461 -0.8896529 -0.08766072 -0.4480429 -0.8897041 -0.09570473 -0.2185502 -0.9711213 -0.2832978 -0.2185478 -0.9337983 -0.2832978 -0.2185469 -0.9337986 -0.283298 -0.2185366 -0.9338008 -0.2902543 0.02378028 -0.9566541 -0.4713704 0.02375078 -0.8816156 -0.4713662 0.02377885 -0.881617 -0.4713193 0.02409446 -0.8816336 0.1701188 -0.9325962 -0.3183143 0.1047528 -0.9326031 -0.3453673 0.1047591 -0.9325963 -0.3453836 0.1048293 -0.9325212 -0.345565 0.1675839 -0.8164647 -0.5525405 0.05656254 -0.8164421 -0.5746502 0.05656796 -0.8164284 -0.5746693 0.05662953 -0.8162727 -0.5748844 0.07430785 -0.651497 -0.7550034 -0.07437819 -0.6514716 -0.7550183 -0.07437908 -0.651477 -0.7550135 -0.07438927 -0.6515392 -0.7549591 -0.0876615 -0.4480332 -0.8897088 -0.2595505 -0.4480235 -0.8555166 -0.259551 -0.4480255 -0.8555153 -0.259557 -0.4480491 -0.8555011 -0.2832981 -0.2185357 -0.9338011 -0.460073 -0.2185219 -0.8605701 -0.4600712 -0.218513 -0.8605734 -0.4600503 -0.2184116 -0.8606103 -0.4713151 0.02412247 -0.881635 -0.6342542 0.02408033 -0.7727494 -0.634252 0.02410066 -0.7727508 -0.6342255 0.02432852 -0.7727654 0.1048364 -0.9325136 -0.3455834 0.03539466 -0.9325048 -0.3594191 0.03539121 -0.932514 -0.3593956 0.0353527 -0.932616 -0.3591346 0.05663555 -0.8162574 -0.5749055 -0.05664402 -0.8162198 -0.5749581 -0.05664557 -0.8162351 -0.5749361 -0.05670434 -0.8162149 -0.5749592 -0.07439023 -0.6515451 -0.7549539 -0.2202442 -0.6515257 -0.7259523 -0.2202465 -0.6515091 -0.7259665 -0.2202728 -0.6513197 -0.7261285 -0.2595575 -0.4480514 -0.8554998 -0.4214371 -0.448035 -0.7884513 -0.4214397 -0.4480279 -0.7884539 -0.4214705 -0.4479475 -0.7884831 -0.4600484 -0.2184024 -0.8606137 -0.6190974 -0.2183886 -0.7543374 -0.6190978 -0.2183972 -0.7543346 -0.6191033 -0.2184955 -0.7543016 -0.6342232 0.02434873 -0.7727666 -0.7727767 0.02427864 -0.6342136 -0.7727781 0.02424949 -0.6342129 -0.7727233 0.02439206 -0.6342743 0.03534883 -0.9326263 -0.3591082 -0.03540563 -0.9325978 -0.3591768 -0.03540551 -0.9325926 -0.3591903 -0.0354039 -0.9325349 -0.3593401 -0.0566644 -0.8164255 -0.5746639 -0.1676193 -0.8164286 -0.5525832 -0.1676197 -0.8164326 -0.5525771 -0.1676241 -0.8164779 -0.552509 -0.2202754 -0.6513017 -0.7261439 -0.3577288 -0.6512792 -0.6692277 -0.3577227 -0.6513061 -0.6692047 -0.357653 -0.6516134 -0.6689427 -0.4214733 -0.4479401 -0.7884858 -0.5671799 -0.4479464 -0.691123 -0.5670673 -0.4483966 -0.6909234 -0.567134 -0.4482297 -0.690977 -0.6191037 -0.2185044 -0.7542987 -0.7543645 -0.2184576 -0.6190401 -0.7543216 -0.2189356 -0.6189236 -0.7543649 -0.2186276 -0.6189796 -0.7727959 0.02389395 -0.6342048 -0.8816902 0.02388113 -0.4712243 -0.8816909 0.02389127 -0.4712224 -0.8816995 0.02400475 -0.4712005 -0.03540378 -0.9325291 -0.3593553 -0.1048272 -0.9325098 -0.345596 -0.1048261 -0.9325143 -0.3455845 -0.1048141 -0.9325633 -0.3454561 -0.1676245 -0.8164823 -0.5525023 -0.2722303 -0.8164606 -0.5091982 -0.2722339 -0.8164545 -0.5092061 -0.2722746 -0.8163854 -0.5092951 -0.3576464 -0.6516427 -0.6689178 -0.4812826 -0.6515811 -0.5863525 -0.481289 -0.6515669 -0.586363 -0.4813629 -0.6514055 -0.5864816 -0.56713 -0.4482538 -0.6909645 -0.6910057 -0.4482566 -0.5670776 -0.691011 -0.4482455 -0.5670801 -0.6910706 -0.4481188 -0.5671075 -0.7543649 -0.2186418 -0.6189746 -0.8606036 -0.2186371 -0.4599556 -0.8606103 -0.2185931 -0.459964 -0.8606864 -0.2180932 -0.4600592 -0.8817002 0.02401483 -0.4711985 -0.9566825 0.02401351 -0.2901417 -0.9566821 0.02400934 -0.290143 -0.9566787 0.02396255 -0.2901581 -0.1048129 -0.9325682 -0.345443 -0.1701934 -0.9325532 -0.3184005 -0.1701965 -0.9325502 -0.3184074 -0.170232 -0.9325177 -0.3184839 -0.2722786 -0.8163787 -0.5093038 -0.366401 -0.8163821 -0.4463976 -0.3664047 -0.8163753 -0.4464067 -0.3664467 -0.8162999 -0.4465104 -0.48137 -0.6513902 -0.5864929 -0.5865567 -0.6513681 -0.481322 -0.5865598 -0.6513631 -0.481325 -0.5865947 -0.6513063 -0.4813594 -0.6910762 -0.4481071 -0.5671101 -0.7883962 -0.4481337 -0.4214353 -0.788397 -0.4481346 -0.4214327 -0.7884063 -0.4481457 -0.4214036 -0.8606933 -0.2180479 -0.4600677 -0.9339119 -0.2181089 -0.2832614 -0.933912 -0.2181076 -0.2832624 -0.9339119 -0.2180923 -0.2832742 -0.9566785 0.02395838 -0.2901594 -0.1702356 -0.9325143 -0.3184916 -0.2290962 -0.9325056 -0.2791922 -0.2290921 -0.9325097 -0.2791818 -0.2290463 -0.9325554 -0.2790668 -0.3664509 -0.8162925 -0.4465206 -0.4465256 -0.8162837 -0.366464 -0.4465203 -0.8162913 -0.3664535 -0.4464599 -0.8163778 -0.3663343 -0.586598 -0.6513008 -0.4813627 -0.6692357 -0.651287 -0.3576996 -0.6692279 -0.6512973 -0.3576952 -0.6691401 -0.6514146 -0.3576461 -0.7884072 -0.4481467 -0.4214009 -0.8554886 -0.4481328 -0.259454 -0.8554893 -0.4481316 -0.2594537 -0.8554977 -0.4481175 -0.2594505 -0.9339119 -0.218091 -0.2832752 -0.2290417 -0.9325601 -0.2790551 -0.2791098 -0.9325498 -0.2290167 -0.2791066 -0.9325504 -0.2290181 -0.2790715 -0.9325572 -0.2290335 -0.4464541 -0.8163864 -0.3663226 -0.5093193 -0.8163782 -0.2722512 -0.5093189 -0.8163802 -0.2722456 -0.5093145 -0.8164041 -0.2721823 -0.6691317 -0.6514257 -0.3576414 -0.7260501 -0.6514158 -0.2202469 -0.7260525 -0.6514137 -0.2202453 -0.7260791 -0.6513904 -0.2202268 -0.8554984 -0.4481161 -0.2594501 -0.2790679 -0.9325579 -0.229035 -0.3183754 -0.9325656 -0.1701719 -0.3183797 -0.9325642 -0.1701718 -0.3184275 -0.932548 -0.1701712 -0.5093141 -0.8164065 -0.2721761 -0.5526033 -0.8164155 -0.1676168 -0.5525992 -0.8164194 -0.167612 -0.5525531 -0.8164618 -0.1675571 -0.7260816 -0.6513882 -0.220225 -0.3184323 -0.9325464 -0.1701712 -0.3455214 -0.9325419 -0.104789 -0.3455202 -0.9325423 -0.104789 -0.3455069 -0.9325471 -0.1047894 -0.5525485 -0.8164659 -0.1675518 -0.3455056 -0.9325476 -0.1047894 -0.1225884 -0.9923841 0.01208275 -0.1182534 -0.9929089 0.01216679 -0.1209444 -0.9925855 0.01211386 -0.1166484 -0.9930976 0.01226133 -0.1235895 -0.9916252 0.0374847 -0.1070761 -0.9936411 0.03481668 -0.1188408 -0.9908805 0.06350469 -0.0942713 -0.9940574 0.05443358 -0.1080412 -0.9901805 0.08871155 -0.07877421 -0.9943656 0.07093536 -0.09141707 -0.9895656 0.1113686 -0.06107205 -0.9945926 0.08399826 -0.06956249 -0.9890483 0.1301717 -0.04166162 -0.9947427 0.09354895 -0.0435186 -0.9886909 0.1435151 -0.02111774 -0.9948278 0.09935688 -0.01480758 -0.988507 0.1504483 2.6453e-6 -0.9948562 0.1012974 0.01481968 -0.9885096 0.1504299 0.02112442 -0.9948328 0.09930503 0.04350554 -0.9887129 0.1433674 0.04165285 -0.9947399 0.09358227 0.06957238 -0.9890478 0.1301702 0.06107544 -0.9945881 0.0840497 0.09140646 -0.9895644 0.1113879 0.07876908 -0.9943667 0.07092493 0.1080446 -0.9901828 0.08868151 0.09427428 -0.9940586 0.05440497 0.1188499 -0.9908765 0.06354987 0.1070825 -0.9936415 0.03478592 0.1235936 -0.9916247 0.03748631 0.1209515 -0.992585 0.01208192 0.116657 -0.9930967 0.01225399 0.1182539 -0.9929082 0.01223009 0.122586 -0.9923846 0.01206916 0.3593648 -0.9325263 0.03537863 0.3592751 -0.932561 0.03537678 0.3593565 -0.9325296 0.03537845 0.3592677 -0.9325638 0.0353766 0.5746303 -0.8164538 0.05659651 0.5747692 -0.8163568 0.0565856 0.5746428 -0.8164452 0.05659556 0.5747804 -0.816349 0.05658471 0.7551513 -0.6513227 0.07433182 0.7550781 -0.6514048 0.07435637 0.755145 -0.6513299 0.07433396 0.7550723 -0.6514114 0.07435834 0.8896711 -0.4481204 0.08759868 0.8897025 -0.4480581 0.0875982 0.8896738 -0.4481152 0.08759862 0.889705 -0.4480531 0.0875982 0.9711238 -0.2185797 0.09561204 0.9711445 -0.218488 0.09561014 0.9711256 -0.2185721 0.09561187 0.9711462 -0.2184807 0.09561002 0.9948976 0.02414244 0.09795928 0.994901 0.02405333 0.09794688 0.9949007 0.0240606 0.09794783 0.9595825 0.265096 0.0944755 0.9595683 0.2651472 0.09447622 0.9595814 0.2651003 0.09447556 0.9595671 0.2651513 0.09447622 0.9948973 0.02414971 0.09796029 0.9566606 0.02423238 0.2901954 0.9566609 0.02422589 0.2901951 0.9566637 0.02415317 0.2901916 0.9338074 -0.2185791 0.2832437 0.9338483 -0.2184061 0.2832422 0.933845 -0.2184201 0.2832424 0.8606477 -0.218422 0.4599754 0.8606447 -0.2184383 0.4599733 0.860611 -0.2186182 0.4599511 0.7884457 -0.4480329 0.4214501 0.7884134 -0.4481665 0.4213685 0.7884159 -0.4481557 0.421375 0.6910502 -0.4481863 0.5670791 0.6910499 -0.4481835 0.5670816 0.691047 -0.4481533 0.5671091 0.5866159 -0.6512397 0.4814236 0.5866051 -0.6513108 0.4813408 0.5866059 -0.651305 0.4813475 0.4814077 -0.6513052 0.5865563 0.481408 -0.6513038 0.5865576 0.4814119 -0.6512892 0.5865706 0.3664263 -0.8163273 0.4464768 0.3665296 -0.8162292 0.4465714 0.3665212 -0.8162372 0.4465637 0.2723429 -0.8162279 0.5095112 0.2723399 -0.8162311 0.5095074 0.2723096 -0.8162651 0.5094691 0.1701561 -0.9325817 0.318337 0.1701894 -0.93256 0.3183828 0.1701867 -0.9325618 0.318379 0.1048103 -0.9325447 0.3455072 0.104812 -0.9325436 0.3455095 0.1046873 -0.9326528 0.3452525 0.9227145 0.26512 0.279838 0.9227188 0.2651017 0.2798414 0.922767 0.2648926 0.2798805 0.9227713 0.2648737 0.2798841 0.850423 0.2649078 0.454538 0.8504204 0.2649194 0.454536 0.8503909 0.265051 0.4545143 0.8503883 0.265063 0.4545123 0.7454186 0.2650883 0.6116204 0.7454156 0.2651026 0.6116177 0.7453822 0.2652664 0.6115874 0.7453792 0.2652812 0.6115847 0.6116216 0.2652689 0.7453533 0.611625 0.2652626 0.7453528 0.611663 0.2651912 0.7453469 0.6116665 0.2651847 0.7453464 0.4545661 0.2651663 0.8503273 0.4545637 0.2651825 0.8503235 0.4545365 0.2653668 0.8502806 0.4545341 0.2653836 0.8502767 0.279888 0.2653533 0.9226324 0.2798941 0.2653407 0.9226341 0.2799636 0.265197 0.9226543 0.2799699 0.2651839 0.9226562 0.09457582 0.2651696 0.9595522 0.09453219 0.2655256 0.9594581 0.09452474 0.2655885 0.9594414 0.09452044 0.2656235 0.9594322 -0.09445196 0.2655785 0.9594514 -0.09445196 0.2655851 0.9594497 -0.09445214 0.2655061 0.9594715 -0.09445214 0.2654997 0.9594731 -0.2798053 0.2654331 0.9226345 -0.2797962 0.2654694 0.9226269 -0.2799052 0.2650342 0.9227189 -0.279914 0.2649992 0.9227262 -0.4544993 0.2649847 0.8504196 -0.4544999 0.2649727 0.8504232 -0.4544944 0.2651168 0.8503811 -0.454494 0.2651284 0.8503777 -0.6116745 0.2650896 0.7453736 -0.6116722 0.2650948 0.7453736 -0.6116995 0.2650333 0.7453731 -0.6117017 0.2650284 0.7453731 -0.7453482 0.2650323 0.6117304 -0.7453523 0.2650071 0.6117363 -0.7453029 0.2653096 0.6116654 -0.7452989 0.265334 0.6116597 -0.8502997 0.2652839 0.4545491 -0.850295 0.2652959 0.4545511 -0.8503518 0.2651522 0.4545286 -0.8503564 0.2651406 0.4545269 -0.9226692 0.2651569 0.2799524 -0.9226623 0.2651785 0.2799549 -0.9227455 0.2649195 0.2799257 -0.9227523 0.2648987 0.2799233 -0.9596255 0.2649148 0.09454756 -0.9596271 0.2649091 0.09454631 -0.9596069 0.2649771 0.09456086 -0.9596053 0.2649827 0.09456205 -0.9948899 0.02414631 0.0980367 -0.9948898 0.02414703 0.09803777 -0.9948899 0.02414637 0.09803682 -0.9948897 0.02414709 0.09803783 -0.9711179 -0.2185695 0.09569418 -0.9711223 -0.2185513 0.09569048 -0.9711183 -0.218568 0.09569388 -0.9711228 -0.2185499 0.09569019 -0.889657 -0.4481368 0.08765727 -0.8896784 -0.4480907 0.08767664 -0.8896588 -0.4481331 0.08765882 -0.8896802 -0.4480867 0.08767825 -0.7551731 -0.6512884 0.07441186 -0.7550742 -0.6514043 0.07440018 -0.7551651 -0.6512978 0.07441091 -0.7550656 -0.6514145 0.07439917 -0.5748159 -0.8163214 0.05662399 -0.574701 -0.816403 0.05661243 -0.5748065 -0.8163281 0.0566231 -0.5746907 -0.8164104 0.05661141 -0.3592656 -0.9325644 0.03538471 -0.3593852 -0.9325171 0.03541463 -0.3592755 -0.9325605 0.03538715 -0.3593963 -0.9325128 0.03541737 -0.3454501 -0.9325646 0.1048222 -0.3454533 -0.9325633 0.1048222 -0.3454892 -0.9325502 0.1048213 -0.3454928 -0.9325488 0.1048212 -0.318409 -0.9325501 0.1701945 -0.3184114 -0.9325491 0.1701956 -0.3184373 -0.9325378 0.1702089 -0.31844 -0.9325367 0.1702103 -0.2791208 -0.9325287 0.2290892 -0.2791193 -0.9325294 0.2290883 -0.2791023 -0.932537 0.2290779 -0.2791005 -0.9325377 0.2290769 -0.2290515 -0.9325329 0.2791378 -0.2290479 -0.9325365 0.2791289 -0.2290078 -0.932576 0.2790298 -0.2290037 -0.9325799 0.2790197 -0.1701592 -0.9325855 0.318324 -0.1701595 -0.9325835 0.3183299 -0.1701624 -0.9325607 0.3183949 -0.1701627 -0.9325584 0.3184015 -0.1047689 -0.9325762 0.3454347 -0.1047745 -0.9325698 0.3454505 -0.1048362 -0.9324983 0.3456249 -0.1048424 -0.932491 0.3456425 -0.03539288 -0.9325045 0.3594198 -0.03539156 -0.9325065 0.3594152 -0.03537678 -0.9325273 0.3593628 -0.03537529 -0.9325293 0.3593574 0.03540539 -0.9325404 0.3593258 0.03540551 -0.932538 0.359332 0.03540652 -0.9325114 0.3594009 0.03540658 -0.9325087 0.3594079 0.1048297 -0.9325324 0.3455347 -0.5526911 -0.8163468 0.1676618 -0.5526846 -0.8163516 0.1676605 -0.5526114 -0.8164044 0.167645 -0.5526041 -0.8164095 0.1676436 -0.5092774 -0.8164101 0.2722334 -0.5092769 -0.8164101 0.2722344 -0.5092712 -0.81641 0.2722458 -0.5092707 -0.81641 0.2722468 -0.4463641 -0.8163948 0.3664136 -0.4463681 -0.8163935 0.3664115 -0.4464145 -0.8163788 0.3663877 -0.4464191 -0.8163773 0.3663854 -0.3663537 -0.8163775 0.4464447 -0.36636 -0.8163744 0.4464452 -0.3664303 -0.8163395 0.4464512 -0.3664372 -0.8163361 0.4464517 -0.2722634 -0.8162738 0.5094799 -0.2722646 -0.8162755 0.5094766 -0.2722789 -0.8162947 0.5094383 -0.2722802 -0.8162965 0.5094345 -0.1676984 -0.8162833 0.5527737 -0.1676883 -0.8162969 0.5527569 -0.167615 -0.8162573 0.5528374 -0.1675634 -0.8164648 0.5525467 -0.05656129 -0.8164818 0.5745941 -0.05656343 -0.8164772 0.5746005 -0.05658817 -0.8164249 0.5746725 -0.05659055 -0.8164197 0.5746795 0.05661106 -0.8163967 0.5747102 0.05661153 -0.8163996 0.574706 0.05661642 -0.8164328 0.5746582 0.0566169 -0.8164362 0.5746535 0.167662 -0.8164387 0.5525555 0.1676646 -0.816428 0.5525705 0.1676933 -0.816307 0.5527404 0.1676961 -0.816295 0.552757 0.272307 -0.8162682 0.5094658 -0.7261387 -0.6513015 0.2202931 -0.7261358 -0.6513054 0.220291 -0.7261027 -0.6513505 0.2202668 -0.7260996 -0.6513548 0.2202646 -0.6691572 -0.6513439 0.3577426 -0.6691603 -0.6513426 0.3577391 -0.6691961 -0.6513281 0.3576986 -0.6691995 -0.6513267 0.3576947 -0.586567 -0.6512826 0.4814251 -0.5865584 -0.6512976 0.4814156 -0.586459 -0.6514676 0.4813063 -0.5864496 -0.6514838 0.481296 -0.4812845 -0.6514343 0.5865139 -0.481284 -0.6514353 0.5865134 -0.4812774 -0.6514458 0.5865071 -0.4812768 -0.6514468 0.5865065 -0.3576005 -0.6514512 0.6691287 -0.3576047 -0.651444 0.6691335 -0.3576531 -0.6513617 0.6691877 -0.3576577 -0.6513539 0.6691929 -0.2202579 -0.6513649 0.7260924 -0.2202604 -0.6513648 0.7260918 -0.2202877 -0.6513641 0.7260841 -0.2202904 -0.651364 0.7260834 -0.07432955 -0.6513586 0.7551206 -0.07432955 -0.651362 0.7551178 -0.07432949 -0.6513996 0.7550852 -0.07432949 -0.6514032 0.7550823 0.07443028 -0.6514236 0.7550547 0.07442808 -0.651401 0.7550743 0.07440286 -0.6511438 0.7552987 0.07440048 -0.6511193 0.7553201 0.2203145 -0.6511954 0.7262274 0.2203121 -0.6514703 0.7259815 0.2203482 -0.6511465 0.7262609 0.2202593 -0.6515378 0.725937 0.3576807 -0.6516001 0.6689408 0.3576832 -0.651575 0.668964 0.3577106 -0.6512885 0.6692283 0.3577132 -0.6512612 0.6692534 0.4814122 -0.6512879 0.5865718 -0.8554591 -0.4481391 0.2595406 -0.8554611 -0.4481361 0.2595386 -0.8554857 -0.4481023 0.2595161 -0.855488 -0.4480991 0.259514 -0.788418 -0.4480656 0.4214669 -0.7884168 -0.4480702 0.421464 -0.7884038 -0.4481236 0.4214318 -0.7884025 -0.4481285 0.4214289 -0.690994 -0.4481599 0.5671684 -0.6909976 -0.4481552 0.5671678 -0.6910382 -0.4481016 0.5671607 -0.6910419 -0.4480966 0.56716 -0.5671145 -0.4481296 0.6910579 -0.5671142 -0.4481234 0.6910622 -0.5671096 -0.4480524 0.6911121 -0.5671092 -0.4480459 0.6911166 -0.4213878 -0.4480873 0.788448 -0.4213864 -0.4480928 0.7884456 -0.4213702 -0.4481548 0.788419 -0.4213687 -0.4481605 0.7884166 -0.259473 -0.4481685 0.8554641 -0.2594774 -0.4481588 0.8554678 -0.259529 -0.4480476 0.8555105 -0.2595337 -0.4480372 0.8555144 -0.08761459 -0.448036 0.889712 -0.08761173 -0.4480552 0.8897026 -0.08757907 -0.4482749 0.8895952 -0.08757603 -0.4482953 0.8895853 0.08766001 -0.4482814 0.889584 0.08766078 -0.4482923 0.8895784 0.08766978 -0.4484168 0.8895148 0.08767068 -0.4484283 0.8895089 0.25948 -0.448455 0.8553118 0.2594795 -0.4484398 0.85532 0.2594729 -0.4482649 0.8554136 0.2594723 -0.4482487 0.8554223 0.4214541 -0.448251 0.7883195 0.4214491 -0.4482607 0.7883167 0.4213919 -0.4483707 0.7882847 0.4213865 -0.4483809 0.7882817 0.5670872 -0.4484269 0.6908875 0.5670896 -0.4484084 0.6908974 0.5671172 -0.4481981 0.6910112 0.5671198 -0.4481787 0.6910218 0.6910468 -0.4481506 0.5671114 -0.9566498 0.02401316 0.2902495 -0.9566582 0.02416354 0.2902088 -0.9566575 0.02415126 0.2902122 -0.9337962 -0.2185512 0.2833022 -0.933797 -0.2185467 0.283303 -0.9338063 -0.2184958 0.283312 -0.9338071 -0.2184911 0.2833127 -0.8605874 -0.2185158 0.4600437 -0.8605896 -0.2185085 0.460043 -0.8606149 -0.2184259 0.460035 -0.8606172 -0.2184184 0.4600342 -0.7543259 -0.2183783 0.619115 -0.7543268 -0.2183732 0.6191157 -0.7543363 -0.2183162 0.6191244 -0.7543371 -0.218311 0.6191251 -0.6191034 -0.2183112 0.7543549 -0.6190964 -0.2183312 0.7543548 -0.6190173 -0.2185579 0.7543541 -0.6190101 -0.2185784 0.7543541 -0.4599592 -0.2185674 0.8606194 -0.4599576 -0.2185595 0.8606224 -0.4599393 -0.2184697 0.8606549 -0.4599376 -0.2184616 0.8606579 -0.2832762 -0.2184164 0.9338356 -0.2832749 -0.2184081 0.9338379 -0.2832599 -0.218314 0.9338645 -0.2832586 -0.2183054 0.9338669 -0.09565591 -0.2183024 0.9711819 -0.09565377 -0.2183065 0.9711811 -0.09562981 -0.2183529 0.971173 -0.09562766 -0.2183572 0.9711723 0.09572827 -0.2183538 0.9711631 0.0957269 -0.2183306 0.9711685 0.09571135 -0.2180662 0.9712294 0.09570991 -0.2180423 0.9712349 0.2832605 -0.2180277 0.9339312 0.283264 -0.2180569 0.9339233 0.283304 -0.2183889 0.9338337 0.2833076 -0.218419 0.9338255 0.4600537 -0.2183848 0.8606153 0.4600532 -0.2183918 0.8606138 0.4600476 -0.2184718 0.8605964 0.4600471 -0.218479 0.8605949 0.6190811 -0.2184681 0.7543277 0.6190832 -0.218482 0.7543219 0.6191069 -0.2186391 0.754257 0.619109 -0.2186533 0.7542512 0.7543355 -0.2186446 0.6190095 0.7543345 -0.2186469 0.6190097 0.754324 -0.2186736 0.619013 0.7543231 -0.218676 0.6190134 0.860608 -0.2186341 0.4599491 -0.8816448 0.02390873 0.4713077 -0.8816518 0.02399474 0.4712901 -0.8816512 0.02398771 0.4712916 -0.9566491 0.02400088 0.2902528 -0.8816441 0.0239017 0.4713091 -0.7727882 0.02396142 0.6342115 -0.7727265 0.02386915 0.6342903 -0.7727315 0.02387666 0.6342839 -0.7727932 0.02396893 0.6342051 -0.6341903 0.0240553 0.7728028 -0.6341596 0.02393025 0.7728318 -0.6341621 0.0239405 0.7728294 -0.6341928 0.02406549 0.7728005 -0.4711824 0.02394551 0.8817107 -0.4712208 0.02407163 0.8816868 -0.4712177 0.02406126 0.8816887 -0.4711792 0.02393519 0.8817127 -0.290178 0.02374684 0.956678 -0.2901947 0.02388399 0.9566696 -0.2901049 0.02355092 0.9567051 -0.2901766 0.02373564 0.9566788 -0.09797447 0.02390366 0.9949018 -0.09796512 0.02372717 0.994907 -0.09796589 0.02374166 0.9949066 -0.09797525 0.02391809 0.9949014 0.09806954 0.02385294 0.9948937 0.09806257 0.02391552 0.9948929 0.09806311 0.0239104 0.9948929 0.09807008 0.02384787 0.9948937 0.290181 0.02426183 0.9566642 0.2902425 0.023826 0.9566565 0.2902375 0.0238617 0.9566571 0.2901759 0.02429735 0.9566648 0.4713116 0.02429574 0.881632 0.4713139 0.02427524 0.8816314 0.4713137 0.02427691 0.8816314 0.4713115 0.02429741 0.881632 0.170153 -0.9325836 0.3183327 0.2290022 -0.9325918 0.2789815 0.229005 -0.9325904 0.2789835 0.2290358 -0.9325761 0.2790064 0.3664169 -0.8163362 0.4464683 0.4464579 -0.8163489 0.3664014 0.4464542 -0.8163536 0.3663952 0.4464135 -0.8164069 0.3663261 0.5866169 -0.6512335 0.4814308 0.6692557 -0.6512557 0.3577192 0.6692473 -0.6512678 0.3577129 0.6691517 -0.6514054 0.3576411 0.7884484 -0.4480215 0.421457 0.8555149 -0.4480558 0.2595002 0.8555134 -0.4480594 0.2594987 0.8554964 -0.4481018 0.2594816 0.933804 -0.2185935 0.2832438 0.6342303 0.02388733 0.7727752 0.6341932 0.02431464 0.7727923 0.6341962 0.02427965 0.7727909 0.6342333 0.02385246 0.7727738 0.2290389 -0.9325746 0.2790087 0.2790796 -0.9325622 0.2290027 0.2790804 -0.932562 0.2290027 0.279089 -0.9325593 0.2290031 0.4464095 -0.8164122 0.3663193 0.5092909 -0.816401 0.272236 0.5092971 -0.8163976 0.2722344 0.5093677 -0.8163594 0.2722171 0.6691426 -0.6514185 0.3576342 0.7260714 -0.6514013 0.2202199 0.7260763 -0.6513949 0.2202228 0.7261322 -0.6513212 0.2202566 0.8554949 -0.4481057 0.2594801 0.7727823 0.0243237 0.634205 0.7728491 0.02385115 0.6341416 0.7728436 0.02388983 0.6341468 0.7727768 0.02436226 0.6342102 0.2790899 -0.9325591 0.2290032 0.3184193 -0.9325455 0.1702 0.3184148 -0.9325477 0.170197 0.3183642 -0.9325709 0.1701639 0.5093745 -0.8163555 0.2722153 0.5526735 -0.8163576 0.1676671 0.5526649 -0.8163647 0.1676613 0.552567 -0.8164445 0.1675957 0.7261374 -0.6513141 0.2202597 0.8817073 0.02414441 0.4711788 0.8816662 0.02429342 0.471248 0.8816695 0.0242812 0.4712423 0.8817105 0.02413225 0.4711731 0.318359 -0.9325733 0.1701605 0.3454502 -0.9325705 0.1047687 0.3454583 -0.932567 0.1047742 0.3455487 -0.9325265 0.1048361 0.5525574 -0.8164523 0.1675893 0.3455578 -0.9325223 0.1048423 0.956664 0.02414667 0.2901913 -0.1302958 -0.9913268 0.01715564 -0.1302948 -0.9913269 0.01715612 -0.1302875 -0.9913278 0.0171594 -0.1302863 -0.991328 0.01715993 -0.1214074 -0.9913274 0.05030137 -0.1214057 -0.9913277 0.05030149 -0.121393 -0.9913291 0.05030244 -0.1213909 -0.9913294 0.05030262 -0.104243 -0.9913308 0.07998025 -0.1042441 -0.9913306 0.07998073 -0.1042519 -0.9913295 0.07998389 -0.1042531 -0.9913294 0.07998442 -0.07999265 -0.9913262 0.1042763 -0.07999211 -0.9913263 0.104277 -0.07998824 -0.991326 0.1042816 -0.07998764 -0.991326 0.1042824 -0.05027812 -0.9913292 0.1214025 -0.05027747 -0.9913292 0.1214029 -0.05027258 -0.991329 0.1214063 -0.0502718 -0.991329 0.1214069 -0.01714313 -0.9913395 0.1302013 -0.01714473 -0.9913372 0.1302176 -0.01715648 -0.9913214 0.1303366 -0.01715832 -0.9913188 0.1303558 0.01715886 -0.9913272 0.1302919 0.0171588 -0.9913271 0.1302924 0.01715856 -0.9913268 0.1302957 0.0171585 -0.9913267 0.1302962 0.0502898 -0.991327 0.1214159 0.05029445 -0.9913258 0.1214234 0.05026119 -0.9913341 0.1213695 0.05025732 -0.991335 0.1213631 0.07996112 -0.9913331 0.104236 0.0799573 -0.9913333 0.1042373 0.07998478 -0.991332 0.1042279 0.07998806 -0.9913318 0.1042268 0.1042375 -0.9913318 0.07997459 0.1042351 -0.9913322 0.07997167 0.1042527 -0.9913288 0.07999253 0.1042547 -0.9913282 0.07999503 0.121401 -0.9913292 0.05028206 0.1213995 -0.9913294 0.0502808 0.1214104 -0.9913277 0.05028998 0.1214116 -0.9913275 0.05029106 0.1302927 -0.9913273 0.01715326 0.1302892 -0.9913277 0.01715421 0.130314 -0.9913245 0.01714724 0.130317 -0.9913241 0.0171464 0.3823828 -0.9226334 0.0503081 0.3822913 -0.9226712 0.05031305 0.3823708 -0.9226384 0.05030876 0.3822809 -0.9226754 0.05031359 0.6067621 -0.7908622 0.07985574 0.6067432 -0.7908764 0.07985794 0.6067597 -0.7908639 0.07985597 0.6067411 -0.7908779 0.07985812 0.7891592 -0.6053431 0.1038637 0.7891609 -0.6053389 0.1038753 0.7891593 -0.6053426 0.103865 0.789161 -0.6053384 0.1038765 0.9171438 -0.3798393 0.1207036 0.917103 -0.379933 0.1207194 0.9171391 -0.3798502 0.1207055 0.9170986 -0.3799432 0.1207212 0.9739949 -0.1868058 0.1282092 0.9843617 -0.129468 0.119458 0.9322731 -0.07653272 0.3535671 0.8985357 -0.2327656 0.3720939 0.8546456 -0.3798695 0.3539493 0.8546342 -0.3799028 0.3539413 0.8546354 -0.3798992 0.3539422 0.7338763 -0.379971 0.5630698 0.7338722 -0.3799758 0.5630719 0.733841 -0.3800125 0.563088 0.6314712 -0.6053916 0.4845051 0.6315007 -0.6053073 0.4845721 0.6314974 -0.6053165 0.4845648 0.484604 -0.6053188 0.6314651 0.4846047 -0.6053119 0.6314712 0.484609 -0.6052619 0.6315158 0.37254 -0.7909371 0.4854199 0.3724979 -0.7909711 0.4853969 0.3725026 -0.7909673 0.4853996 0.2342005 -0.7909961 0.5652215 0.2342016 -0.7909808 0.5652425 0.2342089 -0.7908746 0.565388 0.1476178 -0.9226069 0.3563784 0.1475722 -0.9226976 0.3561624 0.1475775 -0.9226872 0.3561874 0.050327 -0.9226959 0.3822297 0.05032634 -0.9226881 0.3822487 0.05032193 -0.9226366 0.3823735 0.8225799 -0.03201496 0.5677477 0.7641861 -0.2688173 0.5863078 0.7338371 -0.3800169 0.56309 0.5631104 -0.3800632 0.7337975 0.5631111 -0.3800548 0.7338013 0.5631161 -0.3799901 0.7338309 0.4846095 -0.6052557 0.6315213 0.3046606 -0.605306 0.735382 0.3046592 -0.6053044 0.7353839 0.3046494 -0.6052924 0.7353978 0.2342098 -0.7908613 0.5654064 0.07983988 -0.7908926 0.6067245 0.07984268 -0.7909038 0.6067095 0.07986223 -0.7909814 0.6066057 0.05032134 -0.9226299 0.3823899 -0.05031555 -0.9226293 0.3823919 -0.05031597 -0.9226286 0.3823935 -0.05031853 -0.9226239 0.3824044 0.6631311 0.001636564 0.7485015 0.663129 0.001331865 0.748504 0.6631264 0.0024091 0.7485036 0.5817155 -0.2949792 0.7580201 0.5631168 -0.3799822 0.7338345 0.3540269 -0.3799852 0.8545621 0.3540255 -0.3799902 0.8545604 0.3540148 -0.3800287 0.8545477 0.3046481 -0.6052908 0.7353996 0.1039146 -0.6052942 0.7891901 0.1039135 -0.6052965 0.7891883 0.1039059 -0.605314 0.7891759 0.07986468 -0.7909912 0.6065927 -0.07981336 -0.7909856 0.6066068 -0.0798211 -0.7909702 0.6066257 -0.07987493 -0.7908637 0.6067575 -0.05031889 -0.9226233 0.3824058 -0.1475777 -0.9226452 0.356296 -0.147576 -0.9226439 0.3562999 -0.1475654 -0.9226357 0.3563257 0.4645357 0.02719193 0.885137 0.3636437 -0.31195 0.8777531 0.3540135 -0.3800334 0.8545461 0.1207602 -0.3801016 0.9170277 0.120756 -0.3800823 0.9170362 0.1207245 -0.3799335 0.917102 0.1039049 -0.6053161 0.7891744 -0.1038898 -0.6053434 0.7891556 -0.1038838 -0.6053628 0.7891414 -0.1038392 -0.6055051 0.789038 -0.07988172 -0.7908504 0.6067741 -0.2341663 -0.7908428 0.5654501 -0.2341756 -0.7908359 0.5654559 -0.23424 -0.7907881 0.5654962 -0.147564 -0.9226346 0.356329 -0.234753 -0.9226461 0.3059661 -0.2347553 -0.9226459 0.3059651 -0.2347705 -0.9226443 0.3059582 0.239187 0.04210758 0.9700601 0.1236358 -0.3207349 0.9390652 0.1207206 -0.3799152 0.9171101 -0.1206853 -0.3799546 0.9170985 -0.1206852 -0.3799521 0.9170996 -0.1206841 -0.3799325 0.9171079 -0.1038337 -0.6055227 0.7890253 -0.3045279 -0.6055158 0.7352642 -0.3045259 -0.605526 0.7352566 -0.3045116 -0.6056005 0.7352012 -0.2342481 -0.7907821 0.5655013 -0.3726138 -0.7907657 0.4856424 -0.372597 -0.790784 0.4856256 -0.3724803 -0.7909107 0.4855086 -0.2347725 -0.9226441 0.3059573 -0.3059565 -0.9226452 0.2347696 -0.3059517 -0.9226466 0.2347701 -0.3059204 -0.9226561 0.2347736 0 0.04674428 0.998907 -0.1235857 -0.3205859 0.9391227 -0.1206839 -0.37993 0.9171088 -0.3539583 -0.3799074 0.854625 -0.3539642 -0.3798903 0.8546302 -0.3540094 -0.379759 0.8546699 -0.3045098 -0.6056097 0.7351943 -0.4843879 -0.6055505 0.6314087 -0.4844037 -0.6055343 0.6314123 -0.4845185 -0.6054152 0.6314383 -0.3724657 -0.7909268 0.4854939 -0.4854648 -0.79091 0.372539 -0.4854742 -0.7909039 0.3725397 -0.4855399 -0.7908613 0.3725448 -0.3059164 -0.9226573 0.2347741 -0.3562415 -0.9226661 0.1475788 -0.3562498 -0.9226623 0.1475819 -0.3563042 -0.9226379 0.1476025 -0.2390456 0.04193502 0.9701024 -0.3635365 -0.3122705 0.8776835 -0.3540149 -0.3797429 0.8546746 -0.5631066 -0.3797538 0.7339605 -0.5631048 -0.3797692 0.733954 -0.5630904 -0.3798863 0.7339045 -0.4845327 -0.6054005 0.6314415 -0.6314432 -0.6053495 0.4845943 -0.631438 -0.6053645 0.4845821 -0.6314004 -0.605475 0.4844931 -0.4855481 -0.790856 0.3725454 -0.5654038 -0.7908555 0.2342352 -0.5654046 -0.7908554 0.2342337 -0.56541 -0.7908548 0.2342228 -0.3563114 -0.9226348 0.1476052 -0.3823587 -0.9226413 0.05034685 -0.3823567 -0.9226422 0.05034655 -0.3823428 -0.922648 0.05034482 -0.4645402 0.02689498 0.8851436 -0.5815863 -0.295179 0.7580414 -0.5630886 -0.3799006 0.7338984 -0.7338405 -0.3798842 0.5631751 -0.7338445 -0.3798812 0.5631719 -0.7338753 -0.3798583 0.5631473 -0.6313958 -0.6054885 0.4844822 -0.7352657 -0.605488 0.3045796 -0.7352714 -0.6054803 0.3045812 -0.7353131 -0.605424 0.3045926 -0.5654106 -0.7908547 0.2342215 -0.6067733 -0.790848 0.07990992 -0.6067706 -0.7908504 0.07990878 -0.6067515 -0.7908657 0.07990056 -0.382341 -0.9226488 0.05034458 -0.6631118 0.0013839 0.7485192 -0.6631167 0.001696825 0.7485141 -0.6631184 0.002461612 0.7485104 -0.7641331 -0.2687397 0.5864127 -0.7338791 -0.3798553 0.5631442 -0.8546357 -0.3798337 0.3540118 -0.8546255 -0.3798571 0.3540112 -0.8545477 -0.3800364 0.3540066 -0.7353182 -0.605417 0.3045939 -0.7890889 -0.6054276 0.1039043 -0.7890818 -0.6054377 0.1039005 -0.7891473 -0.6053465 0.1039348 -0.7891551 -0.6053354 0.1039389 -0.8225332 -0.03215873 0.5678073 -0.8984469 -0.2328848 0.3722336 -0.8545382 -0.3800584 0.3540061 -0.9170488 -0.3800534 0.1207517 -0.9170498 -0.3800508 0.1207523 -0.917041 -0.3800738 0.120747 -0.91704 -0.3800765 0.1207464 -0.9322928 -0.07622104 0.3535825 -0.9740438 -0.1865168 0.128259 -0.9843541 -0.1294529 0.1195374 -0.6067491 -0.7908678 0.07989948 0.1476239 -0.9225947 0.3564075 0.2348589 -0.9225858 0.3060668 0.2348564 -0.9225888 0.3060598 0.2348367 -0.9226113 0.306007 0.2348337 -0.9226146 0.3059989 0.3060201 -0.922613 0.2348126 0.3060147 -0.9226164 0.234806 0.3059741 -0.9226428 0.2347558 0.3059679 -0.9226468 0.2347481 0.3562993 -0.9226454 0.1475687 0.3563026 -0.9226439 0.1475697 0.356328 -0.9226328 0.1475777 0.3563318 -0.9226312 0.1475789 0.3725454 -0.7909327 0.4854229 0.4854886 -0.7909068 0.3725149 0.4854925 -0.7909052 0.3725131 0.4855239 -0.7908927 0.3724989 0.6314676 -0.6054019 0.484497 0.7353393 -0.6054117 0.3045535 0.735344 -0.605406 0.3045535 0.7353823 -0.6053597 0.304553 0.8546469 -0.3798657 0.3539502 0.4855283 -0.7908909 0.3724968 0.5653962 -0.7908868 0.2341483 0.5653974 -0.7908843 0.2341535 0.5654056 -0.7908677 0.2341897 0.5654066 -0.7908656 0.2341942 0.7353876 -0.6053534 0.3045529 0.6087635 0 -0.7933518 0.6087604 0 -0.7933542 0.6087553 0 -0.7933581 0.6087522 0 -0.7933604 0.7933245 0 -0.6087991 0.7933251 0 -0.6087983 0.793326 0 -0.6087971 0.9238741 0 -0.3826965 0.9238739 0 -0.3826971 0.9238736 0 -0.3826979 0.9238734 0 -0.3826985 0.9914367 0 -0.1305881 0.9914367 0 -0.1305884 0.9914367 0 -0.1305888 0.9914367 0 -0.1305891 -0.8831149 0.4619723 -0.08179116 -0.8839519 0.4598854 -0.08446717 -0.8831635 0.4618347 -0.08204305 -0.8847712 0.4578102 -0.08712005 -0.8510194 0.4660003 -0.2420944 -0.8524876 0.4543138 -0.2585808 -0.7903926 0.4694677 -0.3935477 -0.7870059 0.4513295 -0.4206229 -0.7033863 0.4724098 -0.5311091 -0.6908066 0.448818 -0.5668763 -0.5929534 0.4747934 -0.6503673 -0.5675839 0.4467757 -0.6915491 -0.4628041 0.4766273 -0.7474215 -0.4221017 0.4452636 -0.7896648 -0.3173545 0.4779328 -0.8190644 -0.2601068 0.4442325 -0.8573226 -0.1613445 0.4787188 -0.8630158 -0.08788913 0.4437372 -0.8918368 -9.31246e-6 0.4789982 -0.877816 0.08780264 0.4437557 -0.8918361 0.1612746 0.4787405 -0.8630169 0.2600533 0.4442577 -0.8573258 0.3172871 0.4779457 -0.8190829 0.422066 0.4452669 -0.7896822 0.4627672 0.4766239 -0.7474465 0.5675209 0.4467845 -0.691595 0.5928886 0.47478 -0.6504361 0.6907708 0.4488012 -0.5669333 0.7033498 0.4723975 -0.5311682 0.7869788 0.4513202 -0.4206834 0.7903681 0.4694643 -0.393601 0.8524791 0.4543087 -0.2586178 0.8510183 0.4659605 -0.2421752 0.8839595 0.4598596 -0.0845279 0.8831751 0.4618025 -0.08209848 0.8847824 0.4577758 -0.08718562 0.8831187 0.461955 -0.08184707 0.7869834 0.6126485 -0.0729314 0.786979 0.612653 -0.07294028 0.7869777 0.6126545 -0.07294315 0.7869729 0.6126595 -0.07295292 0.7601661 0.6126617 -0.216318 0.7601728 0.612655 -0.2163128 0.7601751 0.6126528 -0.2163111 0.7601825 0.6126455 -0.2163054 0.7074847 0.6126465 -0.3523206 0.7074809 0.6126475 -0.3523264 0.7074797 0.6126478 -0.3523283 0.7074756 0.6126489 -0.3523347 0.6307036 0.6126506 -0.4763111 0.6307076 0.612647 -0.4763105 0.6307089 0.6126458 -0.4763103 0.6307133 0.6126418 -0.4763096 0.5324277 0.6126431 -0.5841141 0.5324363 0.6126383 -0.5841112 0.5324391 0.6126368 -0.5841103 0.5324485 0.6126316 -0.5841072 0.4160527 0.612634 -0.6719968 0.4160455 0.6126371 -0.6719986 0.4160432 0.612638 -0.6719991 0.4160352 0.6126413 -0.672001 0.3152662 0.6137772 -0.7237988 0.2517678 0.6915137 -0.6770685 0.304845 0.7453092 -0.5929449 0.2039741 0.792686 -0.5744941 0.3045908 0.8450359 -0.4394758 0.2783239 0.8487872 -0.4495512 0.3126412 0.8580277 -0.4074849 0.3557296 0.8492069 -0.3902617 0.4115439 0.8549226 -0.315815 0.4150925 0.8538287 -0.3141254 0.4120613 0.8547607 -0.3155788 0.4156262 0.8536592 -0.3138805 0.4718564 0.8497838 -0.2349873 0.5982097 0.7439074 -0.2979045 0.5982072 0.7439082 -0.2979074 0.5982139 0.743906 -0.2978994 0.5982035 0.7439093 -0.2979118 0.6654328 0.7439046 -0.06168663 0.6654306 0.7439063 -0.06169015 0.6654291 0.7439073 -0.06169253 0.6654266 0.7439093 -0.06169664 0.6427675 0.7439101 -0.1828873 0.6427672 0.7439105 -0.1828868 0.642767 0.7439107 -0.1828866 0.6427667 0.7439112 -0.182886 0.5222491 0.8514177 -0.04841452 0.511241 0.8567969 -0.06732052 0.5089216 0.8485466 -0.1448014 0.4748062 0.8578329 -0.196677 0.2925236 0.5866408 -0.7551706 0.1564214 0.5988174 -0.7854617 0.1482726 0.590305 -0.7934453 -1.31047e-5 0.594505 -0.8040919 -3.1934e-5 0.5945185 -0.8040819 -2.8217e-5 0.5945159 -0.804084 -4.7435e-5 0.5945296 -0.8040738 -0.1483351 0.590343 -0.7934052 -0.156468 0.5988302 -0.7854427 -0.2925813 0.586663 -0.7551311 -0.3153051 0.6137895 -0.7237715 -0.2518116 0.6915154 -0.6770506 -0.3048886 0.745301 -0.5929329 -0.2040486 0.7926638 -0.5744984 -0.3046827 0.8450275 -0.4394282 -0.2783553 0.8487901 -0.4495262 -0.3126764 0.8580287 -0.4074558 -0.3557713 0.8492067 -0.3902241 -0.4120753 0.8547635 -0.3155525 -0.4150742 0.8538322 -0.3141404 -0.4115698 0.8549127 -0.3158081 -0.4156422 0.8536548 -0.3138711 -0.4718871 0.849781 -0.2349359 -0.5982363 0.743904 -0.2978595 -0.598236 0.7439015 -0.2978662 -0.5982368 0.7439082 -0.2978479 -0.6427761 0.7439085 -0.1828634 -0.6427766 0.7439091 -0.1828595 -0.6427768 0.7439095 -0.182857 -0.7601879 0.6126524 -0.2162676 -0.7601884 0.6126523 -0.2162663 -0.7601864 0.6126525 -0.216272 -0.7869845 0.6126517 -0.07289385 -0.7869861 0.6126492 -0.07289659 -0.7869865 0.6126484 -0.07289755 -0.474831 0.8578295 -0.1966322 -0.5089333 0.848542 -0.1447875 -0.6427773 0.7439102 -0.1828526 -0.6654317 0.7439104 -0.06162929 -0.6654309 0.7439105 -0.06163591 -0.6654304 0.7439106 -0.06164032 -0.7869885 0.6126457 -0.07290059 -0.5112415 0.8567975 -0.06730729 -0.5222509 0.8514196 -0.04836279 -0.6654295 0.7439107 -0.06164795 -0.7601895 0.6126521 -0.2162622 -0.7074977 0.6126574 -0.3522754 -0.7074997 0.6126546 -0.3522763 -0.7075002 0.6126538 -0.3522766 -0.5982356 0.7438978 -0.2978762 -0.5333124 0.7439034 -0.4027228 -0.5333153 0.7439051 -0.4027158 -0.5333169 0.7439061 -0.4027118 -0.707502 0.6126512 -0.3522775 -0.6307356 0.6126584 -0.4762587 -0.6307374 0.6126543 -0.4762616 -0.6307379 0.6126531 -0.4762625 -0.5333194 0.7439077 -0.4027057 -0.4502379 0.7439096 -0.4938465 -0.4502406 0.7439087 -0.4938454 -0.4502422 0.7439082 -0.4938447 -0.6307395 0.6126494 -0.4762651 -0.5324712 0.6126531 -0.5840639 -0.5324789 0.6126597 -0.5840499 -0.5324813 0.6126617 -0.5840458 -0.4502446 0.7439074 -0.4938438 -0.3518242 0.7438978 -0.5681864 -0.3518283 0.7439048 -0.5681747 -0.3518307 0.7439089 -0.5681679 -0.5324884 0.6126676 -0.584033 -0.4160977 0.6126701 -0.6719361 -0.4160859 0.6126613 -0.6719515 -0.4160823 0.6126586 -0.6719561 -0.3518342 0.743915 -0.5681578 -0.4160716 0.6126505 -0.6719701 0.3517721 0.7439175 -0.5681929 0.3517721 0.7439177 -0.5681926 0.351772 0.7439171 -0.5681936 0.3517722 0.7439181 -0.568192 0.4501879 0.7439123 -0.4938881 0.4501925 0.743909 -0.493889 0.4501801 0.743918 -0.4938865 0.4501991 0.743904 -0.4938903 0.5332938 0.7439108 -0.4027339 0.5332952 0.7439085 -0.402736 0.5332912 0.7439147 -0.4027301 0.5332975 0.7439052 -0.4027394 -0.9927065 7.57375e-4 0.1205539 -0.9902785 -6.482e-4 0.1390978 -0.9927068 7.39384e-7 0.1205539 -0.9350055 -6.40777e-4 0.3546326 -0.9238572 0 0.3827377 -0.9238564 0.001282691 0.3827373 -0.9238563 -0.001282691 0.3827375 -0.8229557 0.001164197 0.5681046 -0.7933493 -0.001746475 0.6087644 -0.7933505 0 0.6087652 -0.7933506 0 0.6087652 -0.6630977 0.001576423 0.7485313 -0.6087038 -0.002098023 0.7933949 -0.6087052 4.55905e-7 0.7933967 -0.6087051 4.54459e-7 0.7933966 -0.464698 0.001864314 0.8854674 -0.3826519 -0.002332568 0.9238896 -0.3826528 0 0.9238923 -0.3826528 0 0.9238923 -0.2392496 0.002040684 0.970956 -0.1304801 -0.002447307 0.991448 -0.1304757 0 0.9914515 -0.1304757 0 0.9914515 0.1305682 -0.002450942 0.9914363 0.1305686 0 0.9914394 0.1305686 0 0.9914394 0.2393932 0.002039492 0.9709206 0.38269 -0.002330362 0.9238739 0.3826912 -3.40122e-7 0.9238764 0.3826911 -3.42085e-7 0.9238764 0.4647399 0.001866698 0.8854453 0.6087956 -0.002097666 0.7933244 0.6087972 -4.53782e-7 0.793326 0.6087971 -4.55217e-7 0.793326 0.663134 0.001572489 0.7484991 0.7933503 -0.001748919 0.6087629 0.7933514 -5.68695e-7 0.6087639 0.7933514 -5.69746e-7 0.6087639 0.8230146 0.001167714 0.5680192 0.9239052 -0.00127995 0.3826195 0.923906 -6.82462e-7 0.3826197 0.923906 -6.82908e-7 0.3826197 0.9350264 6.40144e-4 0.3545777 0.9927144 -7.58097e-4 0.1204886 0.9902834 6.50318e-4 0.1390626 0.9927175 -7.39357e-7 0.1204662 -0.8229559 -0.001164197 0.5681042 -0.7933493 0.001746475 0.6087641 -0.6631077 -0.001576244 0.7485224 -0.6087038 0.002098917 0.7933949 -0.4646895 -0.001863777 0.8854718 -0.3826516 0.002332568 0.9238898 -0.2392691 -0.002040505 0.9709512 -0.1304705 0.002447545 0.9914492 0 -0.002098023 0.9999978 0.1305682 0.002450764 0.9914363 0.2393929 -0.002039849 0.9709206 0.3826901 0.002329707 0.9238739 0.46474 -0.001867234 0.8854452 0.6087961 0.002096772 0.7933241 0.6631342 -0.001573204 0.7484989 0.7933501 0.001747727 0.6087632 0.8230146 -0.001168668 0.568019 0.9239053 0.001278579 0.3826193 0.9350194 -6.39893e-4 0.3545963 -0.9350125 6.42106e-4 0.3546144 -8.03692e-7 -1 7.07548e-7 -7.57003e-7 -1 -1.34139e-7 -7.57009e-7 -1 2.47836e-6 -7.57001e-7 -1 -2.60038e-6 -7.57006e-7 -1 0 -8.03688e-7 -1 -7.01806e-7 -8.03707e-7 -1 0 -9.1304e-7 -1 1.42511e-6 -9.13077e-7 -1 0 -1.13299e-6 -1 -6.65972e-7 -1.13308e-6 -1 3.01145e-6 -1.61623e-6 -1 -2.10412e-6 -1.61651e-6 -1 1.96874e-5 -2.8785e-6 -1 -1.49964e-6 -2.87945e-6 -1 -3.29966e-5 -8.03714e-7 -1 6.39167e-6 -9.13042e-7 -1 0 -9.13082e-7 -1 0 -1.133e-6 -1 -2.20169e-6 -1.13306e-6 -1 -1.66451e-7 -1.61626e-6 -1 -4.18648e-6 -1.61639e-6 -1 -5.11527e-7 -2.87857e-6 -1 -1.07451e-5 -2.8784e-6 -1 0 0.9927069 -7.39384e-7 -0.1205539 0.9902719 -6.5113e-4 -0.139144 0.9350005 6.38298e-4 -0.3546457 0.9238718 -0.001282215 -0.3827001 0.9238724 -7.72e-7 -0.3827006 0.9238724 -7.6354e-7 -0.3827006 0.8229625 0.001164257 -0.5680946 0.7933343 -0.001749277 -0.6087839 0.7933353 -5.92906e-7 -0.6087849 0.7933353 -6.02791e-7 -0.6087849 0.6630648 0.001572906 -0.7485604 0.608745 -0.002096116 -0.7933632 0.6087465 0 -0.7933649 0.6087465 0 -0.7933648 0.4647129 0.001867175 -0.8854596 0.3826459 -0.002330362 -0.9238921 0.382647 0 -0.9238947 0.382647 0 -0.9238947 0.2392941 0.00204122 -0.970945 0.1304869 -0.002447962 -0.9914471 0.1304873 0 -0.9914501 0.1304874 0 -0.9914501 -3.94331e-5 0.002099514 -0.9999978 -0.1305555 -0.002447068 -0.991438 -0.1305527 0 -0.9914414 -0.1305527 0 -0.9914414 -0.2393511 0.002042174 -0.9709309 -0.3827214 -0.002329885 -0.9238609 -0.3827223 3.39972e-7 -0.9238634 -0.3827223 3.41932e-7 -0.9238635 -0.4647436 0.001865684 -0.8854434 -0.6087772 -0.002098143 -0.7933385 -0.6087785 3.97521e-7 -0.7933402 -0.6087785 3.9911e-7 -0.7933402 -0.6631548 0.001574933 -0.7484806 -0.7933757 -0.001746356 -0.6087297 -0.7933768 0 -0.6087308 -0.7933769 0 -0.6087308 -0.8230029 0.001166641 -0.5680361 -0.9238917 -0.001280605 -0.3826519 -0.9238925 6.82463e-7 -0.3826523 -0.9238924 6.82985e-7 -0.3826523 -0.9350331 6.42397e-4 -0.3545599 -0.992714 -7.54917e-4 -0.1204923 -0.9902897 6.48798e-4 -0.1390175 -0.9927142 7.39389e-7 -0.1204923 0.9927065 7.57283e-4 -0.1205539 0.9350009 -6.39776e-4 -0.354645 0.9238716 0.001280725 -0.3827005 0.8229625 -0.00116527 -0.5680946 0.793334 0.001748085 -0.6087841 0.6630757 -0.001573681 -0.7485508 0.6630628 0.00173217 -0.7485618 0.6630678 0.00137937 -0.7485581 0.6087453 0.002096176 -0.7933631 0.4647129 -0.001867175 -0.8854596 0.3826461 0.002330362 -0.9238921 0.2392893 -0.002041399 -0.9709462 0.130487 0.002447783 -0.9914471 -3.9434e-5 -0.002099514 -0.9999979 -0.1305492 0.002447128 -0.9914388 -0.2393526 -0.002041935 -0.9709306 -0.3827213 0.002330601 -0.923861 -0.4647436 -0.001865029 -0.8854434 -0.6087772 0.002098917 -0.7933385 -0.6631655 -0.001574635 -0.7484712 -0.6631764 0.001273334 -0.7484621 -0.6631801 0.001567363 -0.7484583 -0.7933756 0.001746356 -0.60873 -0.8229932 -0.001165688 -0.56805 -0.9238916 0.001281976 -0.3826521 -0.9350332 -6.41042e-4 -0.3545598 -2.72238e-6 -1 8.29535e-7 -2.50932e-6 -1 5.23745e-6 -2.53098e-6 -1 2.67713e-6 -2.48172e-6 -1 1.97967e-6 -1.1431e-6 -1 4.68638e-6 -7.48432e-7 -1 9.56565e-7 -1.00678e-6 -1 5.09641e-6 -1.45395e-6 -1 -1.12789e-6 -2.57268e-6 -1 0 -1.70018e-6 -1 4.22956e-6 -1.33594e-6 -1 8.0548e-6 -1.2631e-6 -1 5.20395e-6 -1.29062e-6 -1 3.37077e-6 -2.7008e-6 -1 -2.67712e-6 -1.6145e-6 -1 0 0 -1 2.92888e-7 -1.84298e-6 -1 2.53422e-6 -2.77124e-6 -1 3.78415e-7 -2.58864e-6 -1 1.84787e-6 -2.01247e-6 -1 -9.58945e-7 0 -1 1.97971e-6 0 -1 3.83759e-6 0 -1 -1.33861e-6 0 -1 -5.95223e-6 0 -1 8.86492e-6 0 -1 -3.87286e-6 0 -1 4.84952e-6 0 -1 -2.53781e-6 0 -1 -3.70487e-7 0 -1 1.57656e-7 0 -1 4.84545e-7 0 -1 2.81063e-7 0 -1 -4.66626e-7 0 -1 -1.33849e-6 0 -1 2.54159e-6 0 -1 -1.37395e-6 0 -1 1.03658e-6 -2.0125e-6 -1 -2.79505e-6 -2.58866e-6 -1 0 -2.77128e-6 -1 -2.79507e-6 -1.84299e-6 -1 1.03662e-6 0 -1 -1.37408e-6 0 -1 2.54156e-6 0 -1 -2.15203e-6 0 -1 1.49132e-6 0 -1 -4.43246e-6 0 -1 1.03665e-6 0 -1 -2.38147e-7 0 -1 1.08776e-6 0 -1 2.55719e-6 -1.15625e-6 -1 -1.05744e-6 -1.68594e-6 -1 5.63245e-6 -0.8847625 0.4578163 0.08717614 -0.8839439 0.4598889 0.08453094 -0.8831678 0.4618187 0.08208668 -0.8831077 0.4619733 0.0818628 -0.7869777 0.6126525 0.0729584 -0.7869768 0.6126536 0.07296055 -0.7869809 0.6126494 0.07295173 -0.7869734 0.6126571 0.07296782 -0.6654304 0.7439069 0.06168496 -0.6654341 0.7439042 0.06167703 -0.6654249 0.7439109 0.0616967 -0.6654404 0.7438997 0.06166344 -0.5222477 0.8514199 0.04839152 -0.5112301 0.8568037 0.06731402 -0.5089097 0.8485489 0.1448305 -0.4748071 0.8578328 0.1966753 -0.4718533 0.849785 0.2349891 -0.415625 0.8536601 0.3138796 -0.4120203 0.854771 0.3156039 -0.4150995 0.853816 0.3141507 -0.533292 0.7439099 0.402738 -0.5332874 0.7439112 0.4027417 -0.5332999 0.7439076 0.4027315 -0.4502029 0.7439065 0.4938833 -0.450198 0.7439095 0.493883 -0.4501947 0.7439118 0.4938828 -0.5324507 0.6126458 0.5840903 -0.5324505 0.6126453 0.584091 -0.5324517 0.6126472 0.584088 -0.416042 0.6126514 0.6719877 -0.4160491 0.6126443 0.6719898 -0.4160514 0.612642 0.6719904 -0.4627506 0.476638 0.7474478 -0.4220548 0.4452875 0.7896764 -0.3172876 0.4779617 0.8190734 -0.260011 0.444253 0.857341 -0.1613144 0.478716 0.8630229 -0.08779895 0.4437085 0.8918599 6.29331e-5 0.478962 0.8778358 0.08786153 0.4437322 0.891842 0.1613204 0.4787233 0.8630178 0.2601208 0.444219 0.8573254 0.3173767 0.4779206 0.8190628 0.4221118 0.4452494 0.7896674 0.4628165 0.4766128 0.747423 0.5675473 0.4467796 0.6915766 0.5929393 0.4747963 0.650378 0.6908169 0.4488148 0.5668662 0.7033829 0.4723832 0.5311372 0.7870079 0.4513055 0.4206448 0.7903948 0.4694749 0.3935348 0.8524998 0.4543114 0.2585448 0.8510293 0.4659757 0.2421069 0.8847841 0.457785 0.08712172 0.8831868 0.4617945 0.08201831 0.8839622 0.4598663 0.08446234 0.8831228 0.4619593 0.08177983 0.7869863 0.6126507 0.07288295 0.7869861 0.612651 0.07288295 0.7869871 0.6126496 0.07288295 0.7869852 0.6126521 0.07288295 0.665431 0.7439106 0.06163358 0.6654348 0.7439063 0.06164413 0.6654254 0.7439169 0.06161785 0.6654413 0.7438991 0.06166231 0.5222478 0.8514198 0.04839092 0.5112525 0.8567929 0.06728309 0.5089465 0.8485389 0.1447588 0.4748153 0.8578333 0.1966535 0.4718715 0.8497844 0.2349548 0.4150437 0.8538385 0.3141633 0.4120809 0.8547554 0.3155673 0.4156314 0.8536601 0.3138713 0.5333155 0.7438979 0.402729 0.5333161 0.7439016 0.4027211 0.5333144 0.7438914 0.4027425 0.5333172 0.7439073 0.4027094 0.6307215 0.6126679 0.4762653 0.6307218 0.6126658 0.4762673 0.6307203 0.6126747 0.4762579 0.6307229 0.6126596 0.476274 -0.4115428 0.8549234 0.3158141 -0.3557373 0.8492093 0.3902495 -0.4501891 0.7439153 0.4938825 -0.3517932 0.7439147 0.5681835 -0.3517966 0.743914 0.5681824 -0.3517989 0.7439134 0.5681816 -0.4160592 0.6126342 0.6719927 -0.3152853 0.6137642 0.7238016 -0.2925319 0.5866147 0.7551876 -0.1486571 0.5908016 0.7930035 -0.1558735 0.5983169 0.7859519 -0.1563579 0.5987861 0.7854982 -0.148302 0.5903573 0.7934008 4.44534e-5 0.5945516 0.8040575 4.86118e-5 0.5945476 0.8040605 2.7106e-5 0.5945678 0.8040455 6.55243e-5 0.5945317 0.8040722 0.1483106 0.5903367 0.7934145 -0.3126552 0.8580322 0.4074647 -0.2783274 0.8487899 0.4495438 -0.351803 0.7439126 0.5681803 -0.3048101 0.7453055 0.5929676 -0.2517614 0.6915514 0.6770325 -0.3045359 0.8450457 0.4394948 -0.2038965 0.7926915 0.5745141 0.156414 0.5988134 0.7854663 0.292609 0.5866327 0.7551439 0.3153454 0.6137722 0.7237687 0.2518482 0.6915162 0.6770361 0.3049156 0.7452968 0.5929242 0.2039047 0.7927279 0.5744611 0.3045065 0.8450552 0.4394967 0.2783513 0.8487948 0.4495198 0.3126727 0.8580324 0.407451 0.3557898 0.8491997 0.3902224 0.4115835 0.8549156 0.3157825 -0.5675188 0.4467982 0.6915879 -0.5929039 0.4748025 0.6504058 -0.5324497 0.6126441 0.5840931 -0.6307081 0.612641 0.4763175 -0.6307027 0.6126458 0.4763186 -0.6307011 0.6126471 0.4763188 -0.5332806 0.7439131 0.4027472 -0.5982186 0.7438986 0.2979084 -0.5982175 0.743901 0.2979046 -0.5982169 0.7439025 0.2979024 -0.6907738 0.4488223 0.5669129 -0.7033382 0.4723982 0.5311831 -0.6306962 0.6126514 0.4763199 -0.70748 0.6126517 0.3523207 -0.7074829 0.6126507 0.3523168 -0.7074837 0.6126503 0.3523156 -0.5982159 0.7439045 0.297899 -0.6427621 0.7439072 0.1829184 -0.642769 0.7439033 0.1829096 -0.642773 0.7439011 0.1829044 -0.7869704 0.45132 0.4206994 -0.7903667 0.4694789 0.3935862 -0.7074864 0.6126494 0.352312 -0.7601785 0.6126468 0.2163162 -0.7601742 0.6126518 0.2163171 -0.760173 0.6126533 0.2163174 -0.6427791 0.7438978 0.1828967 -0.8524631 0.4543271 0.2586382 -0.8509937 0.4660118 0.2421628 -0.760169 0.6126578 0.2163182 0.4160912 0.6126426 0.6719653 0.4160918 0.6126437 0.6719639 0.4160889 0.6126391 0.6719698 0.3518179 0.7439088 0.568176 0.3518218 0.7439091 0.5681731 0.3518245 0.7439094 0.5681712 0.3518291 0.7439098 0.5681678 0.4502548 0.7439021 0.4938426 0.4502544 0.7439087 0.493833 0.4502541 0.7439132 0.4938265 0.4502536 0.7439209 0.4938154 0.5324875 0.6126507 0.5840516 0.5324892 0.6126533 0.5840473 0.532482 0.612643 0.5840647 0.4160943 0.6126474 0.6719589 0.5324952 0.6126619 0.5840328 0.5982244 0.7439026 0.2978869 0.5982242 0.7439059 0.297879 0.5982241 0.7439081 0.2978737 0.5982239 0.7439119 0.2978646 0.6427752 0.7439136 0.1828461 0.6427716 0.7439172 0.1828438 0.6427692 0.7439197 0.1828423 0.6427651 0.7439239 0.1828396 0.7074971 0.6126719 0.3522515 0.707497 0.6126588 0.3522746 0.7074969 0.6126545 0.3522821 0.7074967 0.6126402 0.3523074 0.7601963 0.6126422 0.2162668 0.7601943 0.6126465 0.2162614 0.7601935 0.6126479 0.2162596 0.7601915 0.6126527 0.2162538 1 2.62416e-5 -3.25897e-5 1 6.53245e-6 -2.5264e-5 1 1.73173e-5 -2.95185e-5 1 0 -2.28763e-5 1 0 -2.21461e-5 0.9914465 0 0.1305142 0.9914465 0 0.1305147 0.9914463 0 0.1305154 0.9914462 0 0.1305159 0.9239073 0 0.3826162 0.9239076 0 0.3826157 0.9239079 0 0.3826149 0.9239082 0 0.3826143 0.7933549 0 0.6087594 0.7933555 0 0.6087586 0.7933565 0 0.6087574 0.7933571 0 0.6087566 0.6088008 0 0.7933232 0.6087965 0 0.7933264 0.6087895 0 0.7933318 0.6087852 0 0.7933352 1 0 -4.42889e-5 1 5.11099e-6 -3.64815e-5 1 5.23086e-6 -3.73893e-5 1 7.15285e-6 -3.20285e-5 1 5.62326e-6 -3.25898e-5 -1 -7.49768e-6 3.259e-5 -1 2.58714e-6 3.11964e-5 -1 -8.17631e-7 3.50207e-5 -1 6.27686e-6 3.12375e-5 -1 0 2.21456e-5 -0.6087427 0 0.7933678 -0.6087344 0 0.7933741 -0.6087396 0 0.7933702 -0.6087313 0 0.7933765 -0.7933251 0 0.6087983 -0.793326 0 0.6087971 -0.7933266 0 0.6087963 -0.7933245 0 0.6087991 -0.9238734 0 0.3826986 -0.9238731 0 0.3826991 -0.9238727 0 0.3826999 -0.9238725 0 0.3827005 -0.9914397 0 0.1305662 -0.9914497 0 -0.13049 -0.9914497 0 -0.1304893 -0.9914498 0 -0.1304882 -0.99145 0 -0.1304876 -0.9238908 0 -0.3826563 -0.923891 0 -0.3826558 -0.9238914 0 -0.382655 -0.9238916 0 -0.3826544 -0.7933813 0 -0.6087251 -0.7933813 0 -0.6087251 -0.6087895 0 -0.7933318 -0.6087915 0 -0.7933304 -0.6087946 0 -0.793328 -0.6087965 0 -0.7933265 -1 0 2.21464e-5 -1 -7.9105e-6 3.32241e-5 -1 -5.23046e-6 3.1237e-5 -1 -1.45743e-5 4.0396e-5 -1 -1.68695e-5 4.07363e-5 1.04102e-5 1 -5.12552e-6 3.53926e-6 1 -1.74258e-6 9.56829e-7 1 -6.1193e-7 0 1 0 0 1 1.80186e-7 0 1 3.97468e-7 0 1 1.55983e-6 0 1 4.12321e-7 0 1 1.39934e-7 0 1 2.37947e-6 0 1 4.26575e-7 0 1 4.26553e-7 0 1 9.3865e-6 0 1 3.05932e-6 0 1 -7.02795e-7 0 1 -1.21225e-7 0 1 -2.26721e-6 0 1 2.59052e-6 -4.23964e-6 1 0 -4.23951e-6 1 -1.47451e-6 -9.32758e-5 1 0 0.984347 -0.1294999 -0.1195443 0.9740235 -0.1866165 -0.1282678 0.9322714 -0.07630115 -0.3536213 0.8984729 -0.2328193 -0.3722119 0.8225568 -0.03212118 -0.5677751 0.764122 -0.2688058 -0.5863968 0.6630528 0.00240916 -0.7485688 0.5816695 -0.2949234 -0.7580772 0.4645185 0.0272445 -0.8851442 0.3635256 -0.3121887 -0.8777171 0.2390617 0.04185801 -0.9701018 0.1236226 -0.3206782 -0.9390863 -4.18528e-5 0.04686629 -0.9989012 -0.1236799 -0.320614 -0.9391006 -0.2391542 0.04193383 -0.9700758 -0.3636037 -0.312216 -0.8776751 -0.4645902 0.02689546 -0.8851173 -0.5816407 -0.2952339 -0.7579783 -0.6631629 0.002335906 -0.7484714 -0.7641629 -0.2687998 -0.5863462 -0.822573 -0.03216308 -0.5677495 -0.8984722 -0.2329407 -0.3721377 -0.9323114 -0.07625126 -0.3535268 -0.9740479 -0.1865411 -0.1281921 -0.9843544 -0.1295073 -0.1194751 0.9171216 -0.3798675 -0.1207844 0.9171022 -0.3799242 -0.1207529 0.9171195 -0.3798736 -0.120781 0.9171 -0.3799308 -0.1207492 0.7890508 -0.6054775 -0.1039037 0.7891594 -0.605332 -0.1039272 0.7890628 -0.6054615 -0.1039062 0.7891725 -0.6053143 -0.1039301 0.6067985 -0.7908294 -0.07990401 0.6067546 -0.7908608 -0.07992523 0.6067595 -0.7908574 -0.07992285 0.6068041 -0.7908253 -0.07990133 0.3823111 -0.9226616 -0.05033928 0.3823012 -0.9226657 -0.05033862 0.3823023 -0.9226652 -0.05033874 0.3823125 -0.922661 -0.0503394 0.1302891 -0.9913276 -0.01715898 0.130311 -0.9913248 -0.01715767 0.1303084 -0.991325 -0.01715785 0.130286 -0.991328 -0.01715916 0.1214099 -0.9913269 -0.05030465 0.1214073 -0.9913275 -0.05030179 0.1213886 -0.9913308 -0.0502808 0.1213856 -0.9913313 -0.05027741 0.1042473 -0.9913282 -0.08000552 0.1042456 -0.9913288 -0.08000195 0.1042329 -0.9913322 -0.07997596 0.1042308 -0.9913328 -0.07997173 0.07997947 -0.9913336 -0.1042172 0.07998073 -0.9913333 -0.1042195 0.07998979 -0.9913307 -0.1042366 0.07999128 -0.9913303 -0.1042393 0.05027699 -0.9913346 -0.1213592 0.05027753 -0.9913337 -0.1213657 0.05028122 -0.9913278 -0.1214131 0.05028182 -0.9913269 -0.1214207 0.01714754 -0.9913377 -0.130214 0.01714777 -0.9913367 -0.1302214 0.0171495 -0.9913295 -0.1302756 0.01714974 -0.9913284 -0.1302844 -0.01715993 -0.9913316 -0.1302585 -0.01715981 -0.9913312 -0.1302623 -0.0171588 -0.9913275 -0.1302899 -0.01715862 -0.9913269 -0.1302944 -0.0502969 -0.9913256 -0.121424 -0.05029612 -0.9913252 -0.1214275 -0.05030143 -0.991328 -0.1214027 -0.05030202 -0.9913283 -0.1213998 -0.08000904 -0.9913231 -0.1042932 -0.08000934 -0.9913223 -0.1043013 -0.08000713 -0.9913285 -0.1042434 -0.08000689 -0.9913293 -0.1042366 -0.1042652 -0.9913274 -0.07999253 -0.1042683 -0.9913271 -0.07999163 -0.1042463 -0.991329 -0.07999777 -0.1042437 -0.9913293 -0.07999855 -0.1213904 -0.9913299 -0.05029594 -0.1213898 -0.9913297 -0.0502991 -0.1213945 -0.9913303 -0.05027645 -0.1213951 -0.9913303 -0.05027377 -0.1302755 -0.9913294 -0.01715594 -0.1302728 -0.9913298 -0.01715761 -0.1302921 -0.9913274 -0.01714575 -0.1302943 -0.9913272 -0.01714432 -0.3824026 -0.9226246 -0.05032044 -0.3823528 -0.9226446 -0.05033159 -0.382396 -0.9226272 -0.05032187 -0.3823473 -0.9226469 -0.05033284 -0.6066842 -0.7909208 -0.07986766 -0.6067474 -0.7908726 -0.07986307 -0.6066921 -0.7909147 -0.07986706 -0.6067544 -0.7908673 -0.07986253 -0.7891377 -0.6053701 -0.1038699 -0.7891662 -0.6053361 -0.1038523 -0.7891411 -0.6053659 -0.1038677 -0.7891692 -0.6053324 -0.1038504 -0.9170554 -0.3800537 -0.1207005 -0.9170669 -0.3800278 -0.1206957 -0.9170567 -0.3800507 -0.1207 -0.9170681 -0.380025 -0.1206952 0.3562631 -0.9226567 -0.1475852 0.3562581 -0.9226589 -0.1475829 0.3562192 -0.9226767 -0.1475657 0.3562133 -0.9226794 -0.147563 0.305872 -0.922686 -0.234719 0.305882 -0.9226816 -0.234723 0.3059587 -0.9226484 -0.2347537 0.3059704 -0.9226433 -0.2347583 0.2347568 -0.9226445 -0.3059679 0.2347561 -0.9226434 -0.3059718 0.2347507 -0.922635 -0.3060013 0.2347499 -0.9226337 -0.3060057 0.1475757 -0.9226567 -0.3562669 0.1475733 -0.9226567 -0.3562679 0.1475544 -0.9226568 -0.3562755 0.1475515 -0.9226568 -0.3562766 0.05031782 -0.9226577 -0.3823232 0.05031877 -0.9226562 -0.3823266 0.05032622 -0.9226449 -0.3823528 0.05032736 -0.9226432 -0.3823568 -0.05034601 -0.9226498 -0.3823384 -0.05034649 -0.9226492 -0.3823397 -0.05035001 -0.9226448 -0.3823499 -0.05035054 -0.9226441 -0.3823515 -0.1476044 -0.9226548 -0.3562601 -0.1476051 -0.9226541 -0.3562613 -0.1476107 -0.9226496 -0.3562707 -0.1476116 -0.9226489 -0.3562721 -0.2347649 -0.9226459 -0.3059579 -0.2347637 -0.922646 -0.305958 -0.2347548 -0.9226479 -0.3059593 -0.2347534 -0.9226481 -0.3059595 -0.3059549 -0.9226474 -0.2347626 -0.3059524 -0.9226495 -0.2347577 -0.3059327 -0.9226655 -0.2347202 -0.3059297 -0.922668 -0.2347145 -0.3562694 -0.9226592 -0.1475541 -0.3562786 -0.922655 -0.1475579 -0.3563498 -0.9226229 -0.1475865 -0.3563606 -0.9226182 -0.1475909 0.56545 -0.7908191 -0.2342467 0.5654487 -0.7908211 -0.2342428 0.5654389 -0.7908375 -0.2342118 0.5654374 -0.7908397 -0.2342073 0.4855551 -0.790821 -0.3726102 0.485545 -0.79083 -0.3726044 0.4854646 -0.7909015 -0.3725576 0.485453 -0.7909117 -0.3725509 0.3724868 -0.7908994 -0.4855222 0.3724899 -0.7908986 -0.485521 0.372515 -0.7908924 -0.4855119 0.3725186 -0.7908916 -0.4855107 0.2341543 -0.790894 -0.5653836 0.2341592 -0.7908868 -0.5653916 0.2341982 -0.7908295 -0.5654555 0.2342038 -0.7908213 -0.5654647 0.07986128 -0.7907872 -0.606859 0.07986199 -0.7907928 -0.6068515 0.07986778 -0.7908377 -0.6067923 0.07986861 -0.7908441 -0.6067839 -0.07991939 -0.7907978 -0.6068376 -0.07991951 -0.7907944 -0.6068419 -0.07992047 -0.7907681 -0.6068761 -0.07992064 -0.7907643 -0.6068811 -0.234258 -0.7907454 -0.5655484 -0.234253 -0.7907602 -0.5655298 -0.2342133 -0.790878 -0.5653814 -0.2342076 -0.7908949 -0.5653601 -0.3725392 -0.7909355 -0.4854231 -0.3725386 -0.7909289 -0.4854345 -0.3725342 -0.7908754 -0.4855249 -0.3725336 -0.7908677 -0.4855378 -0.4855385 -0.7908862 -0.3724934 -0.4855464 -0.7908763 -0.3725046 -0.4856083 -0.790796 -0.3725941 -0.4856172 -0.7907845 -0.3726069 -0.5654971 -0.79079 -0.2342317 -0.5654841 -0.7908022 -0.2342218 -0.5653807 -0.7908995 -0.2341428 -0.5653659 -0.7909134 -0.2341315 0.8546151 -0.3798738 -0.3540183 0.8546391 -0.3798204 -0.354018 0.8546364 -0.3798261 -0.354018 0.735291 -0.6054586 -0.3045769 0.7352952 -0.6054535 -0.3045771 0.7353287 -0.6054117 -0.3045789 0.7353333 -0.6054061 -0.3045791 0.6314093 -0.6054249 -0.4845443 0.6314167 -0.6054164 -0.4845452 0.6314768 -0.605348 -0.4845524 0.6314849 -0.6053387 -0.4845534 0.4845448 -0.6053026 -0.6315261 0.4845393 -0.6053177 -0.6315157 0.4844951 -0.6054407 -0.6314318 0.484489 -0.6054575 -0.6314204 0.3045411 -0.6054067 -0.7353487 0.3045403 -0.6054115 -0.735345 0.3045344 -0.6054509 -0.7353149 0.3045337 -0.6054564 -0.7353108 0.1038529 -0.6053994 -0.7891173 0.1038541 -0.6054037 -0.7891138 0.1038639 -0.605439 -0.7890855 0.1038653 -0.6054438 -0.7890816 -0.1039335 -0.6054226 -0.7890889 -0.1039327 -0.6054287 -0.7890844 -0.1039266 -0.6054781 -0.7890473 -0.1039258 -0.6054848 -0.7890422 -0.3045709 -0.605486 -0.7352709 -0.3045712 -0.6054821 -0.735274 -0.3045736 -0.6054506 -0.7352989 -0.304574 -0.6054464 -0.7353023 -0.4845563 -0.6054399 -0.6313856 -0.4845575 -0.6054275 -0.6313967 -0.4845672 -0.6053261 -0.6314864 -0.4845685 -0.6053122 -0.6314986 -0.6315128 -0.6053283 -0.48453 -0.6315046 -0.605344 -0.4845211 -0.6314381 -0.6054711 -0.484449 -0.6315749 -0.605222 -0.4845818 -0.7352913 -0.605482 -0.3045296 -0.7352963 -0.6054737 -0.304534 -0.735337 -0.6054063 -0.3045697 -0.7353426 -0.6053971 -0.3045746 0.7338307 -0.3799548 -0.5631402 0.7338732 -0.3798652 -0.5631453 0.7338686 -0.3798751 -0.5631448 0.8546124 -0.37988 -0.3540183 0.7338258 -0.3799652 -0.5631396 0.5631102 -0.3799549 -0.7338537 0.5630837 -0.3799577 -0.7338726 0.5630866 -0.3799573 -0.7338705 0.5631133 -0.3799545 -0.7338515 0.3539479 -0.3799612 -0.8546055 0.3539259 -0.3799896 -0.854602 0.3539282 -0.3799864 -0.8546023 0.3539504 -0.3799578 -0.8546059 0.1207049 -0.3800549 -0.9170544 0.120716 -0.3799408 -0.9171001 0.1207148 -0.3799533 -0.9170951 0.1207036 -0.3800681 -0.917049 -0.1207707 -0.38005 -0.9170478 -0.1207714 -0.3800391 -0.9170522 -0.1207714 -0.3800402 -0.9170516 -0.1207706 -0.3800512 -0.9170473 -0.3540108 -0.3797752 -0.8546621 -0.3540247 -0.3800432 -0.8545372 -0.3540232 -0.380014 -0.8545509 -0.3540091 -0.379744 -0.8546766 -0.5631595 -0.3798682 -0.7338607 -0.5631844 -0.3797792 -0.7338877 -0.5631817 -0.3797889 -0.7338848 -0.5631566 -0.3798786 -0.7338576 -0.7338787 -0.3799101 -0.5631078 -0.7338979 -0.3798913 -0.5630955 -0.7338958 -0.3798934 -0.5630968 -0.7338765 -0.3799123 -0.5631092 -0.8545925 -0.3800008 -0.3539367 -0.8546156 -0.3799254 -0.3539618 -0.8546131 -0.3799337 -0.353959 -0.8545898 -0.3800095 -0.3539339 0.9595494 0.2651819 -0.09457021 0.95956 0.2651523 -0.09454566 0.9595503 0.2651795 -0.09456819 0.9595609 0.26515 -0.09454369 0.9948932 0.02401405 -0.09803545 0.9948931 0.02401268 -0.09803664 0.9948932 0.02401393 -0.09803551 0.9948931 0.02401262 -0.09803676 0.971152 -0.218416 -0.09569919 0.971138 -0.2184815 -0.09569215 0.9711508 -0.2184213 -0.09569859 0.9711368 -0.2184869 -0.09569156 0.8896575 -0.4481329 -0.08767312 0.8897009 -0.4480482 -0.08766621 0.889661 -0.448126 -0.08767253 0.8897045 -0.448041 -0.08766561 0.7551473 -0.6513187 -0.07440763 0.7550867 -0.6513908 -0.07439267 0.7551423 -0.6513246 -0.07440644 0.7550814 -0.6513971 -0.07439136 0.5746392 -0.8164457 -0.05662363 0.5747344 -0.8163778 -0.05663752 0.5746469 -0.8164402 -0.05662477 0.574743 -0.8163717 -0.05663877 0.3593872 -0.9325158 -0.03542894 0.3592821 -0.9325575 -0.03539741 0.3593785 -0.9325192 -0.03542631 0.3592724 -0.9325614 -0.03539448 0.1209875 -0.9925804 -0.01209384 0.1225886 -0.9923841 -0.01207762 0.1182556 -0.9929078 -0.01224368 0.1166442 -0.9930981 -0.01226121 0.1235711 -0.991627 -0.03749924 0.3455623 -0.9325217 -0.1048344 0.3454892 -0.9325508 -0.1048153 0.3454959 -0.9325482 -0.104817 0.3183947 -0.9325559 -0.1701892 0.3183964 -0.932555 -0.1701916 0.3184155 -0.9325434 -0.1702187 0.5093292 -0.8163578 -0.2722935 0.5093028 -0.8163884 -0.2722513 0.5093052 -0.8163856 -0.2722551 0.4464091 -0.8163825 -0.3663858 0.446414 -0.816378 -0.3663898 0.4464696 -0.8163273 -0.3664352 0.586551 -0.6513336 -0.4813756 0.5864843 -0.6513968 -0.4813714 0.5864902 -0.6513913 -0.4813717 0.4813193 -0.651431 -0.5864892 0.481325 -0.6514227 -0.5864935 0.4813908 -0.6513296 -0.586543 0.5671076 -0.4480926 -0.6910876 0.5671286 -0.4481008 -0.6910651 0.5671268 -0.4481 -0.691067 0.4213726 -0.4480623 -0.7884703 0.4213721 -0.4480699 -0.7884662 0.4213667 -0.4481561 -0.7884203 0.45995 -0.2184386 -0.8606571 0.4599838 -0.2183586 -0.8606593 0.459981 -0.2183653 -0.8606592 0.2832563 -0.218325 -0.9338631 0.2832567 -0.2183271 -0.9338625 0.2832613 -0.2183514 -0.9338554 0.2902046 0.02430707 -0.9566559 0.2902047 0.02403414 -0.9566628 0.290201 0.02401751 -0.9566644 0.09794139 0.02408742 -0.9949007 0.09794229 0.02409416 -0.9949004 0.09795242 0.02416968 -0.9948976 0.09446465 0.2650498 -0.9595963 0.09447824 0.2650162 -0.9596043 0.09446579 0.2650471 -0.959597 0.09447938 0.2650134 -0.9596049 -0.09456408 0.2649846 -0.9596046 -0.09456336 0.2649894 -0.9596033 -0.09455531 0.2650428 -0.9595893 -0.0945546 0.2650475 -0.9595881 -0.2799212 0.2650452 -0.9227108 -0.2799182 0.265071 -0.9227043 -0.2798846 0.2653541 -0.9226331 -0.2798817 0.265379 -0.9226269 -0.454515 0.2653676 -0.8502919 -0.4545236 0.2653366 -0.850297 -0.4546177 0.2649954 -0.8503531 -0.454626 0.2649654 -0.850358 -0.6117028 0.2649038 -0.7454165 -0.6117068 0.2649144 -0.7454094 -0.6117517 0.2650313 -0.7453311 -0.6117556 0.2650415 -0.7453242 -0.7453899 0.2650146 -0.6116872 -0.7453866 0.2650284 -0.6116852 -0.7453505 0.2651798 -0.6116637 -0.7453473 0.2651931 -0.6116618 -0.8503578 0.2652117 -0.4544827 -0.850357 0.2652168 -0.454481 -0.8503494 0.2652732 -0.4544625 -0.8503487 0.2652782 -0.4544609 -0.9226718 0.2652476 -0.2798581 -0.9226748 0.2652384 -0.2798572 -0.9227068 0.265137 -0.2798473 -0.9227097 0.2651281 -0.2798465 -0.9595943 0.2650545 -0.09447252 -0.9595938 0.2650569 -0.09447103 -0.9596 0.2650279 -0.09448915 -0.9948943 0.02422147 -0.09797263 -0.9948997 0.02409374 -0.09795016 -0.9948992 0.02410417 -0.097952 -0.9948939 0.02423191 -0.09797447 -0.9711083 -0.2186462 -0.09561651 -0.9711322 -0.2185406 -0.09561562 -0.9711102 -0.2186377 -0.09561645 -0.9711343 -0.2185318 -0.09561556 -0.8896949 -0.4480729 -0.08759969 -0.8896773 -0.4481078 -0.0876007 -0.8896936 -0.4480757 -0.08759981 -0.8896758 -0.4481108 -0.08760076 -0.7550842 -0.6513985 -0.07435113 -0.7551442 -0.6513299 -0.07434022 -0.7550891 -0.6513929 -0.07435023 -0.7551496 -0.651324 -0.07433927 -0.5747048 -0.8164024 -0.05658453 -0.5747199 -0.8163921 -0.05657923 -0.574706 -0.8164014 -0.05658411 -0.5747212 -0.8163912 -0.05657869 -0.3593959 -0.9325141 -0.03538358 -0.3593229 -0.9325423 -0.0353828 -0.3593899 -0.9325165 -0.03538352 -0.3593161 -0.932545 -0.03538274 -0.1225851 -0.9923846 -0.0120756 -0.1209865 -0.99258 -0.0121389 -0.1182515 -0.9929085 -0.01222681 -0.1166419 -0.9930984 -0.01226097 -0.1235666 -0.9916284 -0.0374785 -0.1070783 -0.993642 -0.03478318 -0.1188497 -0.9908767 -0.0635485 -0.09427672 -0.9940583 -0.05440694 -0.1080563 -0.9901823 -0.08867299 -0.07877683 -0.9943655 -0.07093274 -0.09142035 -0.9895656 -0.1113663 -0.06106632 -0.994589 -0.08404576 -0.06955212 -0.9890486 -0.1301751 -0.04166412 -0.994741 -0.0935651 -0.04352229 -0.9886991 -0.1434571 -0.021124 -0.9948254 -0.09937959 -0.01482045 -0.9885154 -0.150392 -1.76329e-6 -0.9948605 -0.1012553 0.01479947 -0.9885172 -0.1503819 0.02110332 -0.9948337 -0.09930157 0.0435009 -0.9887031 -0.1434356 0.0416494 -0.9947431 -0.09355002 0.06953495 -0.9890626 -0.1300774 0.06105589 -0.9945904 -0.08403766 0.09141242 -0.9895572 -0.1114464 0.07877373 -0.9943677 -0.07090705 0.1080557 -0.9901821 -0.08867663 0.09427791 -0.9940564 -0.05443847 0.1188439 -0.9908797 -0.06351089 0.1070741 -0.993642 -0.03479939 -0.9596006 0.2650254 -0.09449064 0.2798867 0.2650426 -0.922722 0.279861 0.2652098 -0.9226818 0.2798845 0.2650565 -0.9227187 0.2798589 0.2652233 -0.9226785 0.290156 0.02381384 -0.956683 0.47124 0.02382081 -0.8816833 0.4712396 0.02384352 -0.8816829 0.4712354 0.0240994 -0.8816782 0.4599472 -0.218445 -0.8606569 0.6190388 -0.2184804 -0.7543588 0.6190384 -0.2184876 -0.7543572 0.6190329 -0.218568 -0.7543385 0.567106 -0.4480921 -0.6910893 0.6910212 -0.4481502 -0.567143 0.6910166 -0.4481585 -0.5671421 0.690967 -0.4482472 -0.5671323 0.5865563 -0.6513286 -0.4813759 0.6691855 -0.6513379 -0.3577008 0.6691796 -0.6513441 -0.3577005 0.6691173 -0.65141 -0.3576969 0.5093314 -0.8163554 -0.2722969 0.5526643 -0.8163675 -0.1676496 0.5526555 -0.8163734 -0.1676502 0.552566 -0.816433 -0.1676551 0.3455683 -0.9325192 -0.1048359 0.4544995 0.2651883 -0.8503561 0.4544978 0.2651734 -0.8503616 0.4544994 0.2651871 -0.8503566 0.4544977 0.2651721 -0.8503621 0.471235 0.02412223 -0.8816778 0.6341671 0.02413201 -0.7728193 0.6341692 0.02413237 -0.7728176 0.6341923 0.02413588 -0.7727985 0.6190324 -0.2185751 -0.7543367 0.754289 -0.2185504 -0.6190992 0.7542947 -0.2185334 -0.6190983 0.7543579 -0.2183455 -0.6190876 0.6909627 -0.448255 -0.5671314 0.788339 -0.4482578 -0.4214105 0.7883465 -0.4482395 -0.4214157 0.788428 -0.4480434 -0.421472 0.6691119 -0.6514158 -0.3576966 0.726019 -0.6514528 -0.2202401 0.7260274 -0.6514416 -0.2202455 0.7261155 -0.6513243 -0.220302 0.5525581 -0.8164382 -0.1676556 0.6116561 0.2651874 -0.7453539 0.6116697 0.265108 -0.7453711 0.6116572 0.2651808 -0.7453554 0.6116708 0.2651016 -0.7453724 0.6341944 0.02413618 -0.7727969 0.7727745 0.02413189 -0.6342218 0.7727749 0.02412766 -0.6342214 0.7727796 0.02407997 -0.6342176 0.7543635 -0.218329 -0.6190867 0.8606273 -0.21833 -0.4600573 0.8606238 -0.2183488 -0.4600549 0.8605856 -0.2185556 -0.460028 0.7884351 -0.4480262 -0.4214769 0.8555409 -0.4479812 -0.2595428 0.8555379 -0.4479871 -0.2595428 0.8555045 -0.4480507 -0.2595434 0.7261233 -0.651314 -0.220307 0.7453256 0.2651168 -0.6117212 0.7453394 0.2650395 -0.611738 0.7453268 0.2651104 -0.6117227 0.7453405 0.2650332 -0.6117393 0.77278 0.02407568 -0.6342172 0.8816464 0.02410048 -0.471295 0.8816456 0.02410137 -0.4712961 0.8816384 0.02411192 -0.4713095 0.8605823 -0.2185739 -0.4600257 0.9337931 -0.2185757 -0.2832934 0.9337947 -0.2185687 -0.2832936 0.9338123 -0.218492 -0.2832951 0.8555015 -0.4480563 -0.2595434 0.8503767 0.2650085 -0.4545659 0.8503515 0.2651032 -0.4545577 0.8503745 0.2650164 -0.4545652 0.8503494 0.2651108 -0.454557 0.8816376 0.02411282 -0.4713106 0.9566468 0.0240997 -0.2902521 0.9566473 0.02409374 -0.2902507 0.9566535 0.02402633 -0.2902356 0.9338137 -0.2184852 -0.2832952 0.9226884 0.2651171 -0.279927 0.9226668 0.2652074 -0.2799129 0.9226865 0.2651246 -0.2799259 0.9226649 0.2652146 -0.2799118 0.9566541 0.02402037 -0.2902343 0.3184174 -0.9325423 -0.1702215 0.2790784 -0.9325526 -0.2290437 0.2790779 -0.9325527 -0.229044 0.2790723 -0.9325535 -0.2290472 0.446475 -0.8163224 -0.3664396 0.366426 -0.8162767 -0.4465698 0.3664153 -0.8162896 -0.4465548 0.3662954 -0.8164355 -0.4463864 0.4813971 -0.6513208 -0.5865477 0.3576591 -0.6513063 -0.6692384 0.3576626 -0.6513048 -0.669238 0.3577022 -0.6512874 -0.6692337 0.4213662 -0.448164 -0.7884159 0.2594819 -0.4481817 -0.8554546 0.2594807 -0.4481853 -0.855453 0.2594665 -0.448226 -0.855436 0.2832617 -0.2183536 -0.9338547 0.09561312 -0.2183935 -0.9711655 0.0956124 -0.2183996 -0.9711643 0.09560441 -0.2184687 -0.9711495 0.09795331 0.02417635 -0.9948974 -0.09803742 0.02417945 -0.994889 -0.09803688 0.02418315 -0.994889 -0.0980302 0.02422446 -0.9948887 0.2790717 -0.9325536 -0.2290475 0.2290031 -0.9325729 -0.2790436 0.2290073 -0.9325715 -0.279045 0.229053 -0.9325556 -0.2790606 0.3662837 -0.8164498 -0.4463698 0.2721576 -0.8164474 -0.5092582 0.2721593 -0.8164494 -0.5092541 0.2721779 -0.8164719 -0.5092082 0.357706 -0.6512858 -0.6692333 0.2202689 -0.6512285 -0.7262115 0.2202667 -0.6512358 -0.7262056 0.2202415 -0.651319 -0.7261385 0.2594652 -0.4482299 -0.8554344 0.08757466 -0.448216 -0.8896254 0.08757632 -0.4482043 -0.889631 0.08759576 -0.448071 -0.8896963 0.0956037 -0.2184749 -0.9711481 -0.09569293 -0.2184762 -0.9711391 -0.09569174 -0.2184715 -0.9711403 -0.09567815 -0.218418 -0.9711536 -0.09802961 0.02422809 -0.9948886 -0.2901949 0.02418702 -0.9566619 -0.2902392 0.02382546 -0.9566575 -0.2902298 0.02383816 -0.95666 0.2290576 -0.932554 -0.2790622 0.1702018 -0.9325281 -0.3184693 0.1702008 -0.9325298 -0.3184651 0.1701892 -0.9325481 -0.3184179 0.2721797 -0.816474 -0.5092036 0.1675876 -0.8164308 -0.5525895 0.1675928 -0.8164266 -0.5525942 0.1676514 -0.8163785 -0.5526475 0.2202391 -0.651327 -0.7261322 0.07435941 -0.6512994 -0.7551687 0.07435667 -0.6513141 -0.7551563 0.07432502 -0.6514818 -0.7550148 0.08759754 -0.4480586 -0.8897023 -0.08766198 -0.4480738 -0.8896883 -0.08766239 -0.4480852 -0.8896825 -0.08766663 -0.4482152 -0.8896166 -0.09567689 -0.2184131 -0.9711549 -0.2833227 -0.2183976 -0.9338259 -0.2833234 -0.2184044 -0.9338241 -0.2833309 -0.2184816 -0.9338037 -0.2902327 0.02380967 -0.9566599 -0.47131 0.02383226 -0.8816457 -0.4713062 0.02386748 -0.8816466 -0.4712966 0.02392858 -0.8816502 0.170188 -0.9325498 -0.3184131 0.1048054 -0.932531 -0.3455458 0.1048029 -0.9325348 -0.3455363 0.104775 -0.932577 -0.3454311 0.1676571 -0.8163738 -0.5526527 0.05657005 -0.816375 -0.5747449 0.05657106 -0.816371 -0.5747504 0.0565828 -0.8163266 -0.5748125 0.07432204 -0.6514977 -0.7550013 -0.07440263 -0.6514768 -0.7550116 -0.07440155 -0.6514632 -0.7550233 -0.07438921 -0.6513087 -0.7551578 -0.08766698 -0.4482272 -0.8896105 -0.2595399 -0.4482005 -0.8554271 -0.2595402 -0.448194 -0.8554303 -0.2595439 -0.4481211 -0.8554674 -0.2833316 -0.2184886 -0.9338019 -0.460034 -0.2185268 -0.8605898 -0.4600316 -0.2185268 -0.8605911 -0.4600031 -0.2185262 -0.8606066 -0.4712609 0.02429765 -0.8816592 -0.6342132 0.0243265 -0.7727754 -0.6342154 0.02430492 -0.7727743 -0.6342408 0.02406305 -0.7727611 0.1047721 -0.9325811 -0.3454204 0.03536015 -0.9325646 -0.3592676 0.03536093 -0.9325646 -0.3592674 0.03536975 -0.9325648 -0.3592657 0.05658394 -0.8163223 -0.5748186 -0.05662775 -0.8163066 -0.5748363 -0.05662876 -0.8163184 -0.5748196 -0.05664008 -0.8164509 -0.5746303 -0.07438808 -0.6512939 -0.7551707 -0.2203027 -0.6513218 -0.7261176 -0.2203026 -0.6513216 -0.7261177 -0.2203012 -0.6513195 -0.7261201 -0.2595443 -0.4481145 -0.8554708 -0.4214292 -0.4481028 -0.7884169 -0.4214283 -0.4481115 -0.7884125 -0.4214164 -0.4482112 -0.7883622 -0.4600005 -0.2185261 -0.8606079 -0.6190875 -0.2185276 -0.7543053 -0.6190885 -0.2185175 -0.7543075 -0.6190997 -0.2184021 -0.7543317 -0.634243 0.02404153 -0.7727599 -0.7728369 0.02403128 -0.6341496 -0.7728332 0.02403831 -0.6341539 -0.7727918 0.02411729 -0.6342012 0.03537064 -0.9325649 -0.3592655 -0.03541183 -0.9325478 -0.3593058 -0.03541153 -0.9325459 -0.3593109 -0.03540855 -0.9325239 -0.359368 -0.05664122 -0.8164638 -0.5746117 -0.1676437 -0.8164453 -0.5525512 -0.1676447 -0.8164395 -0.5525594 -0.1676567 -0.8163741 -0.5526522 -0.220301 -0.6513193 -0.7261203 -0.3576971 -0.6512886 -0.6692355 -0.357699 -0.6512933 -0.6692298 -0.3577204 -0.6513481 -0.669165 -0.4214154 -0.4482205 -0.7883576 -0.567123 -0.4481964 -0.6910076 -0.5671254 -0.4481915 -0.6910088 -0.5671536 -0.4481341 -0.6910229 -0.6191007 -0.2183916 -0.7543338 -0.7543383 -0.2184029 -0.6190913 -0.7543377 -0.2184264 -0.6190838 -0.7543311 -0.2186926 -0.6189979 -0.7727881 0.02412432 -0.6342055 -0.8816735 0.0240637 -0.4712463 -0.8816752 0.02405893 -0.4712432 -0.881695 0.02400594 -0.4712088 -0.03540825 -0.9325218 -0.3593738 -0.1048403 -0.9325181 -0.3455697 -0.1048386 -0.9325222 -0.3455595 -0.1048191 -0.9325668 -0.3454452 -0.1676579 -0.8163678 -0.5526614 -0.2722518 -0.8163459 -0.5093705 -0.2722515 -0.8163493 -0.5093653 -0.272248 -0.816387 -0.5093067 -0.3577225 -0.6513533 -0.6691589 -0.4813734 -0.6513079 -0.5865814 -0.4813691 -0.6513243 -0.5865666 -0.4813202 -0.6515114 -0.5863991 -0.5671562 -0.4481288 -0.6910242 -0.6910803 -0.44809 -0.5671185 -0.6910821 -0.4480878 -0.567118 -0.6911029 -0.4480636 -0.5671119 -0.7543304 -0.2187167 -0.6189901 -0.8605901 -0.2186874 -0.4599572 -0.8605931 -0.2186703 -0.4599596 -0.8606275 -0.2184762 -0.4599874 -0.8816968 0.02400124 -0.4712058 -0.9566791 0.0239489 -0.2901582 -0.9566784 0.02395927 -0.2901596 -0.9566707 0.02407521 -0.2901754 -0.1048172 -0.9325712 -0.3454335 -0.1701887 -0.9325779 -0.3183304 -0.170189 -0.9325761 -0.3183357 -0.1701915 -0.9325554 -0.3183948 -0.2722477 -0.8163906 -0.509301 -0.3663929 -0.8163678 -0.4464301 -0.3663973 -0.8163641 -0.4464333 -0.366447 -0.816322 -0.4464695 -0.4813155 -0.6515293 -0.5863831 -0.586467 -0.6515033 -0.4812484 -0.5864746 -0.6514923 -0.4812539 -0.5865612 -0.6513674 -0.4813177 -0.6911048 -0.4480614 -0.5671114 -0.7884369 -0.448081 -0.421415 -0.7884308 -0.4480978 -0.4214088 -0.788361 -0.4482885 -0.4213364 -0.8606306 -0.2184587 -0.4599899 -0.9338361 -0.2184209 -0.2832713 -0.9338349 -0.2184316 -0.2832667 -0.9338224 -0.2185534 -0.283214 -0.95667 0.02408552 -0.2901768 -0.1701918 -0.9325533 -0.3184009 -0.2290324 -0.9325678 -0.2790368 -0.2290333 -0.9325659 -0.2790426 -0.229043 -0.9325445 -0.2791059 -0.3664519 -0.8163179 -0.4464731 -0.4464952 -0.8163147 -0.366432 -0.4464859 -0.8163239 -0.3664227 -0.4463823 -0.8164277 -0.3663179 -0.5865694 -0.6513555 -0.4813237 -0.6692203 -0.6513146 -0.3576779 -0.6692255 -0.6513086 -0.3576792 -0.6692841 -0.6512401 -0.3576943 -0.7883546 -0.4483062 -0.4213297 -0.8554113 -0.4482747 -0.2594637 -0.8554167 -0.4482637 -0.2594647 -0.8554793 -0.4481384 -0.2594754 -0.9338213 -0.2185644 -0.2832093 -0.229044 -0.9325425 -0.2791123 -0.2791058 -0.932551 -0.229017 -0.27911 -0.9325485 -0.229022 -0.2791565 -0.9325209 -0.2290776 -0.4463722 -0.8164379 -0.3663076 -0.5092507 -0.816456 -0.2721463 -0.5092523 -0.8164542 -0.2721486 -0.5092704 -0.816434 -0.2721754 -0.6692897 -0.6512336 -0.3576957 -0.7262088 -0.6512209 -0.2203001 -0.7262037 -0.6512288 -0.2202934 -0.7261463 -0.6513187 -0.2202169 -0.855485 -0.4481268 -0.2594763 -0.2791612 -0.9325181 -0.2290832 -0.3184827 -0.9325172 -0.1702362 -0.3184777 -0.9325199 -0.1702312 -0.3184222 -0.9325488 -0.1701766 -0.5092721 -0.8164318 -0.272178 -0.5525767 -0.8164364 -0.1676036 -0.5525816 -0.8164328 -0.1676042 -0.5526373 -0.8163936 -0.1676111 -0.7261408 -0.6513273 -0.2202097 -0.3184166 -0.9325518 -0.1701711 -0.3455012 -0.9325458 -0.1048203 -0.345502 -0.9325454 -0.1048209 -0.345511 -0.9325413 -0.1048277 -0.5526428 -0.8163899 -0.1676117 -0.3455119 -0.932541 -0.1048284 -0.1225863 -0.9923844 0.01207798 -0.1182553 -0.992908 0.01223176 -0.1209672 -0.9925826 0.01211917 -0.1166729 -0.9930948 0.01226413 -0.1236034 -0.9916233 0.03748959 -0.1070413 -0.9936453 0.0348038 -0.1188021 -0.9908862 0.06348752 -0.09427696 -0.9940549 0.05446934 -0.108057 -0.9901781 0.08871901 -0.07876545 -0.9943627 0.07098555 -0.09140306 -0.9895688 0.1113517 -0.06104952 -0.9945912 0.08403187 -0.06952559 -0.9890659 0.1300571 -0.04165279 -0.9947401 0.09358042 -0.0435056 -0.9887011 0.1434486 -0.02110928 -0.9948338 0.09929847 -0.01480299 -0.9885182 0.1503753 3.30609e-6 -0.9948579 0.1012808 0.01481431 -0.9885114 0.1504194 0.02111607 -0.9948339 0.09929591 0.04350334 -0.9887076 0.1434045 0.04164814 -0.994751 0.09346669 0.06954169 -0.9890579 0.1301094 0.06106036 -0.9945901 0.0840376 0.09142804 -0.9895594 0.111415 0.07878154 -0.9943692 0.07087659 0.1080662 -0.9901823 0.08866113 0.09428644 -0.9940555 0.05444198 0.1188437 -0.9908787 0.06352627 0.1070742 -0.9936425 0.03478252 0.1235734 -0.9916274 0.03747987 0.1209396 -0.9925858 0.01212811 0.1166426 -0.9930984 0.01225268 0.118252 -0.9929091 0.01216083 0.1225873 -0.9923844 0.01206904 0.359358 -0.9325292 0.03537291 0.3593558 -0.9325296 0.03538292 0.3593578 -0.9325292 0.0353738 0.3593556 -0.9325298 0.03538376 0.5747678 -0.8163582 0.05658107 0.5746452 -0.8164445 0.05657976 0.5747569 -0.8163659 0.05658096 0.5746353 -0.8164514 0.05657964 0.7550429 -0.6514459 0.07435452 0.75514 -0.6513339 0.07434958 0.7550514 -0.6514362 0.07435411 0.7551477 -0.6513249 0.07434922 0.8897264 -0.4480127 0.08758866 0.889651 -0.4481588 0.08760708 0.88972 -0.448025 0.08759021 0.8896449 -0.4481705 0.08760851 0.971131 -0.21854 0.09562933 0.971144 -0.218482 0.09563058 0.971132 -0.2185351 0.09562945 0.971145 -0.2184773 0.0956307 0.9948995 0.02412837 0.09794431 0.9948933 0.0243054 0.09796273 0.9948939 0.02429097 0.09796124 0.959608 0.2649977 0.09449255 0.9595691 0.2651521 0.09445363 0.9596047 0.2650105 0.09448933 0.959566 0.2651646 0.09445047 0.9948999 0.02411389 0.09794282 0.9566679 0.02410763 0.2901821 0.9566679 0.02409565 0.2901827 0.9566692 0.02396076 0.2901895 0.9338319 -0.2185148 0.2832124 0.9338563 -0.2183109 0.2832897 0.9338543 -0.2183274 0.2832834 0.860666 -0.2183242 0.4599875 0.8606637 -0.2183346 0.459987 0.8606371 -0.2184498 0.459982 0.7884337 -0.4481384 0.4213603 0.7884175 -0.4481169 0.4214133 0.7884188 -0.4481186 0.421409 0.6910713 -0.4481273 0.5670999 0.6910674 -0.4481341 0.5670993 0.6910248 -0.448208 0.567093 0.5865265 -0.6513782 0.4813454 0.5865592 -0.6513189 0.4813855 0.5865566 -0.6513237 0.4813823 0.4814054 -0.6513337 0.5865264 0.4814037 -0.6513355 0.5865258 0.4813858 -0.6513549 0.5865191 0.3663817 -0.8163762 0.4464243 0.366378 -0.816394 0.4463944 0.3663783 -0.8163926 0.4463968 0.2722584 -0.816419 0.5092499 0.2722573 -0.8164146 0.5092577 0.2722457 -0.8163688 0.5093373 0.1702161 -0.9325469 0.3184067 0.170212 -0.9325333 0.3184487 0.1702124 -0.9325345 0.3184453 0.1048206 -0.9325236 0.3455613 0.1048204 -0.9325259 0.3455548 0.1048191 -0.9325497 0.3454909 0.9226907 0.2651689 0.2798702 0.9226927 0.2651644 0.2798677 0.9227158 0.265114 0.2798394 0.9227179 0.2651095 0.2798368 0.8503816 0.2650985 0.4545041 0.8503816 0.2650984 0.4545042 0.8503814 0.2650967 0.4545057 0.8503813 0.2650966 0.4545058 0.7453895 0.2651255 0.6116397 0.7453867 0.2651201 0.6116454 0.7453557 0.2650579 0.6117101 0.7453529 0.2650523 0.611716 0.6117311 0.2650674 0.7453352 0.6117317 0.2650719 0.7453329 0.6117405 0.2651244 0.745307 0.6117413 0.2651292 0.7453047 0.454555 0.2651247 0.8503463 0.4545542 0.2651266 0.850346 0.4545449 0.2651475 0.8503445 0.4545441 0.2651494 0.8503444 0.2799341 0.2651471 0.9226776 0.2799344 0.2651442 0.9226783 0.2799379 0.2651115 0.9226867 0.2799383 0.2651085 0.9226874 0.09454095 0.2650882 0.9595782 0.09454119 0.2650966 0.9595758 0.09454423 0.2651914 0.9595494 0.09454452 0.2652 0.9595469 -0.09447228 0.2651803 0.9595595 -0.09447145 0.2651925 0.9595562 -0.0944814 0.2650461 0.9595957 -0.09448218 0.2650343 0.9595988 -0.2798774 0.2650634 0.9227189 -0.2798796 0.2650605 0.9227191 -0.279854 0.2650952 0.9227168 -0.2798519 0.265098 0.9227167 -0.4545085 0.2651034 0.8503778 -0.4545095 0.2651017 0.8503777 -0.4544968 0.2651217 0.8503782 -0.4544958 0.2651233 0.8503782 -0.6116952 0.265134 0.7453408 -0.6116988 0.2651402 0.7453358 -0.6116563 0.2650657 0.745397 -0.6116529 0.2650597 0.745402 -0.7453306 0.2650649 0.6117377 -0.7453329 0.2650612 0.6117365 -0.7453051 0.2651056 0.6117511 -0.7453029 0.2651092 0.6117523 -0.8503563 0.2651067 0.4545467 -0.8503603 0.2650992 0.4545435 -0.8503122 0.2651895 0.4545811 -0.8503083 0.2651968 0.4545841 -0.9226596 0.2652183 0.279926 -0.9226595 0.2652216 0.2799234 -0.9226614 0.2651821 0.2799543 -0.9226616 0.265179 0.2799568 -0.9595554 0.2651717 0.09453862 -0.9595543 0.2651759 0.09453785 -0.9595674 0.265125 0.09454762 -0.9595685 0.2651209 0.0945484 -0.9948994 0.02385759 0.09801155 -0.9948963 0.02391374 0.0980286 -0.994899 0.02386218 0.09801292 -0.994896 0.02391827 0.09802997 -0.9711797 -0.2182972 0.0956884 -0.9711673 -0.2183558 0.09568178 -0.9711787 -0.218302 0.09568786 -0.9711662 -0.2183606 0.09568119 -0.8897172 -0.4480197 0.08764535 -0.8896499 -0.4481559 0.08763265 -0.8897118 -0.4480307 0.08764433 -0.8896441 -0.4481675 0.08763158 -0.7550343 -0.6514547 0.07436376 -0.7550767 -0.6514029 0.07438856 -0.7550378 -0.6514505 0.07436579 -0.7550804 -0.6513983 0.07439076 -0.5747595 -0.8163614 0.05661791 -0.5748153 -0.8163212 0.05663096 -0.574764 -0.8163582 0.05661898 -0.5748203 -0.8163177 0.0566321 -0.3592607 -0.9325655 0.03540086 -0.3593046 -0.9325487 0.03539967 -0.3592643 -0.9325642 0.03540074 -0.3593086 -0.9325472 0.03539955 -0.3454508 -0.9325658 0.1048089 -0.3454583 -0.9325628 0.1048113 -0.3455418 -0.9325288 0.1048379 -0.3455502 -0.9325253 0.1048406 -0.3184546 -0.9325234 0.1702554 -0.3184541 -0.932524 0.170253 -0.318448 -0.9325308 0.1702267 -0.3184474 -0.9325315 0.1702241 -0.2791141 -0.9325334 0.2290785 -0.2791154 -0.9325327 0.2290794 -0.2791301 -0.9325259 0.2290893 -0.2791316 -0.9325253 0.2290902 -0.2290679 -0.9325195 0.279169 -0.2290661 -0.9325208 0.2791665 -0.2290462 -0.9325339 0.2791385 -0.2290443 -0.9325354 0.2791357 -0.1701901 -0.9325362 0.318452 -0.1701898 -0.9325366 0.3184511 -0.1701865 -0.9325402 0.318442 -0.1701861 -0.9325407 0.3184411 -0.104799 -0.9325511 0.3454936 -0.1047995 -0.9325509 0.345494 -0.1048052 -0.9325485 0.3454984 -0.1048057 -0.9325483 0.3454989 -0.03538048 -0.9325463 0.3593131 -0.03538 -0.9325464 0.3593128 -0.0353747 -0.9325475 0.3593101 -0.03537416 -0.9325476 0.3593098 0.03540009 -0.9325335 0.359344 0.03540021 -0.9325365 0.3593363 0.03540164 -0.9325696 0.3592502 0.03540176 -0.9325729 0.3592416 0.104819 -0.9325519 0.3454851 -0.5526643 -0.8163633 0.16767 -0.552663 -0.8163644 0.1676694 -0.552648 -0.8163758 0.1676626 -0.5526465 -0.8163771 0.1676619 -0.5093097 -0.8163712 0.2722901 -0.5093106 -0.8163717 0.2722865 -0.509322 -0.8163781 0.2722463 -0.5093231 -0.8163787 0.2722423 -0.4464215 -0.8163754 0.3663865 -0.4464157 -0.816381 0.3663811 -0.4463494 -0.8164445 0.3663207 -0.4463429 -0.8164507 0.3663148 -0.3662912 -0.8164126 0.4464318 -0.3662978 -0.8164108 0.4464296 -0.3663731 -0.8163913 0.4464036 -0.3663804 -0.8163893 0.4464011 -0.2722218 -0.8163555 0.5093712 -0.2722212 -0.8163587 0.5093663 -0.2722147 -0.8163949 0.5093119 -0.272214 -0.8163984 0.5093066 -0.1676267 -0.8163927 0.552634 -0.1676253 -0.8163932 0.5526338 -0.1676096 -0.8163979 0.5526316 -0.167608 -0.8163984 0.5526314 -0.05658185 -0.8164306 0.5746648 -0.05658221 -0.816426 0.5746713 -0.05658596 -0.8163744 0.5747442 -0.05658632 -0.8163693 0.5747514 0.05662894 -0.8163706 0.5747455 0.05662882 -0.8163686 0.5747481 0.05662745 -0.8163476 0.5747781 0.05662733 -0.8163455 0.5747811 0.167679 -0.8163756 0.5526434 0.1676779 -0.8163772 0.5526415 0.1676657 -0.8163935 0.5526209 0.1676645 -0.8163952 0.5526189 0.2722447 -0.8163647 0.5093443 -0.7260191 -0.6514461 0.2202597 -0.7260213 -0.651443 0.2202615 -0.7260466 -0.651408 0.2202818 -0.726049 -0.6514046 0.2202838 -0.669116 -0.6514018 0.3577145 -0.669122 -0.6513946 0.3577162 -0.6691907 -0.6513141 0.3577346 -0.6691972 -0.6513063 0.3577363 -0.586574 -0.6513225 0.4813627 -0.5865727 -0.6513194 0.4813684 -0.5865576 -0.6512842 0.4814344 -0.5865562 -0.6512808 0.4814407 -0.4813784 -0.6513149 0.5865696 -0.4813733 -0.6513207 0.5865672 -0.4813153 -0.6513878 0.5865404 -0.4813098 -0.6513941 0.5865378 -0.3576443 -0.6513932 0.6691617 -0.3576445 -0.6513893 0.6691655 -0.3576468 -0.6513435 0.6692089 -0.357647 -0.6513391 0.6692131 -0.2202422 -0.6513684 0.7260941 -0.2202421 -0.6513642 0.7260978 -0.2202414 -0.651317 0.7261405 -0.2202414 -0.6513125 0.7261445 -0.07435852 -0.6513695 0.7551085 -0.07435697 -0.6513696 0.7551084 -0.07433879 -0.6513711 0.7551089 -0.07433706 -0.6513713 0.755109 0.07440692 -0.6514298 0.7550516 0.07440626 -0.6514241 0.7550567 0.07439899 -0.6513581 0.7551141 0.07439827 -0.6513519 0.7551196 0.220288 -0.6514265 0.7260281 0.2202866 -0.6514212 0.7260332 0.2202693 -0.6513606 0.7260928 0.2202677 -0.6513549 0.7260985 0.3576754 -0.6513503 0.669187 0.3576787 -0.6513532 0.6691823 0.3577172 -0.6513866 0.6691294 0.3577208 -0.6513897 0.6691243 0.4813842 -0.6513566 0.5865185 -0.8555245 -0.4480172 0.2595351 -0.8555191 -0.4480274 0.2595355 -0.855457 -0.4481431 0.25954 -0.8554514 -0.4481539 0.2595404 -0.7883834 -0.4481611 0.42143 -0.7883814 -0.4481623 0.4214324 -0.7883592 -0.4481756 0.4214599 -0.7883572 -0.4481768 0.4214624 -0.6910158 -0.4481844 0.5671226 -0.691014 -0.4481869 0.5671227 -0.6909933 -0.4482167 0.5671244 -0.6909914 -0.4482195 0.5671246 -0.5670588 -0.4482107 0.6910511 -0.5670625 -0.4481981 0.6910561 -0.567106 -0.4480544 0.6911137 -0.56711 -0.4480411 0.691119 -0.4214275 -0.4480972 0.788421 -0.421422 -0.4481048 0.7884197 -0.4213589 -0.4481907 0.7884046 -0.4213531 -0.4481986 0.7884032 -0.2594638 -0.4482018 0.8554495 -0.2594646 -0.4481962 0.8554521 -0.2594748 -0.4481326 0.8554825 -0.2594757 -0.4481267 0.8554853 -0.08759176 -0.4481187 0.8896726 -0.0875926 -0.4481146 0.8896746 -0.08760255 -0.4480688 0.8896967 -0.0876035 -0.4480646 0.8896988 0.08765584 -0.4480741 0.8896887 0.08765619 -0.448081 0.8896853 0.08766037 -0.4481586 0.8896458 0.08766072 -0.4481658 0.8896421 0.2595148 -0.4481487 0.8554618 0.2595158 -0.4481458 0.8554631 0.2595275 -0.4481121 0.8554771 0.2595286 -0.448109 0.8554785 0.4214411 -0.4481071 0.7884081 0.4214407 -0.4481124 0.7884055 0.4214357 -0.4481714 0.7883745 0.4214354 -0.4481769 0.7883717 0.5671337 -0.4481822 0.691008 0.5671329 -0.4481843 0.6910073 0.5671232 -0.448208 0.6909999 0.5671223 -0.4482102 0.6909992 0.691021 -0.4482144 0.5670924 -0.9566603 0.02394425 0.2902203 -0.9566605 0.02385598 0.2902269 -0.9566605 0.02386319 0.2902264 -0.933848 -0.2183135 0.2833147 -0.933849 -0.2183122 0.2833124 -0.9338604 -0.2182971 0.2832865 -0.9338614 -0.2182958 0.2832841 -0.8606191 -0.2182884 0.4600924 -0.8606172 -0.2182993 0.4600906 -0.8605961 -0.2184244 0.4600707 -0.8605943 -0.2184358 0.460069 -0.7542915 -0.218422 0.6191413 -0.754296 -0.2184087 0.6191408 -0.7543447 -0.2182574 0.6191347 -0.7543491 -0.2182438 0.6191341 -0.6190848 -0.2182772 0.7543799 -0.61908 -0.2182978 0.7543779 -0.6190245 -0.2185322 0.7543557 -0.6190195 -0.2185534 0.7543537 -0.4599758 -0.2185263 0.860621 -0.4599751 -0.2185158 0.8606241 -0.4599665 -0.2183969 0.8606588 -0.4599657 -0.2183861 0.8606619 -0.283259 -0.2184258 0.9338386 -0.2832569 -0.2184258 0.9338393 -0.2832331 -0.2184247 0.9338468 -0.2832309 -0.2184246 0.9338474 -0.09561342 -0.2184121 0.9711613 -0.09561401 -0.2184136 0.971161 -0.09562075 -0.2184306 0.9711564 -0.09562134 -0.2184322 0.971156 0.09567993 -0.2184163 0.9711539 0.09568011 -0.2184162 0.9711538 0.09568208 -0.218414 0.9711541 0.09568226 -0.2184138 0.9711541 0.2833107 -0.2183936 0.9338305 0.2833111 -0.2183979 0.9338293 0.2833161 -0.2184469 0.9338163 0.2833166 -0.2184513 0.9338153 0.4600626 -0.2184613 0.8605912 0.4600636 -0.2184497 0.8605935 0.4600757 -0.2183182 0.8606206 0.4600768 -0.2183063 0.860623 0.6191179 -0.2182681 0.7543555 0.6191169 -0.2182803 0.7543527 0.6191064 -0.2184193 0.7543211 0.6191055 -0.2184319 0.7543182 0.754368 -0.2184415 0.6190413 0.7543675 -0.218444 0.6190412 0.754361 -0.2184714 0.6190394 0.7543604 -0.2184739 0.6190392 0.8606349 -0.21846 0.4599817 -0.881646 0.02395236 0.4713034 -0.8816615 0.02396941 0.4712733 -0.8816603 0.02396804 0.4712758 -0.9566603 0.02395141 0.2902198 -0.8816446 0.02395099 0.4713058 -0.7727946 0.02399003 0.6342027 -0.772763 0.02394831 0.6342429 -0.7727655 0.02395176 0.6342396 -0.7727972 0.02399343 0.6341995 -0.6342042 0.0240488 0.7727915 -0.63419 0.02399939 0.7728048 -0.6341912 0.02400344 0.7728037 -0.6342053 0.02405285 0.7727905 -0.4712244 0.0240547 0.8816853 -0.4712352 0.02406352 0.8816792 -0.4712343 0.02406281 0.8816798 -0.4712236 0.02405399 0.8816858 -0.2901625 0.0240795 0.9566745 -0.2901646 0.02405822 0.9566744 -0.2901644 0.02405995 0.9566743 -0.2901623 0.02408128 0.9566744 -0.09795641 0.02398717 0.9949016 -0.09796732 0.0240643 0.9948986 -0.09796643 0.02405798 0.9948989 -0.09795552 0.02398091 0.9949018 0.09802353 0.02404654 0.9948936 0.09802973 0.02398049 0.9948946 0.09802925 0.02398592 0.9948945 0.09802299 0.02405196 0.9948936 0.2902333 0.02405691 0.9566535 0.2902315 0.02404236 0.9566544 0.2902316 0.02404356 0.9566543 0.2902335 0.02405804 0.9566534 0.4713049 0.02390199 0.8816464 0.4712755 0.02405154 0.8816581 0.4712778 0.02403932 0.8816572 0.4713073 0.02388983 0.8816455 0.1702165 -0.9325482 0.3184028 0.2290694 -0.9325479 0.2790726 0.2290695 -0.9325467 0.2790768 0.2290701 -0.9325328 0.2791227 0.366382 -0.8163745 0.4464269 0.4464519 -0.8163886 0.3663203 0.4464508 -0.8163886 0.3663214 0.4464395 -0.8163894 0.3663334 0.5865236 -0.6513833 0.4813418 0.6691644 -0.651385 0.3576543 0.6691653 -0.6513862 0.3576504 0.6691758 -0.6513999 0.3576059 0.7884351 -0.4481402 0.4213558 0.8554798 -0.448131 0.2594862 0.8554837 -0.448123 0.259487 0.8555286 -0.4480314 0.2594971 0.93383 -0.2185317 0.2832061 0.6342375 0.02414298 0.7727614 0.6342567 0.02386987 0.772754 0.634204 0.02422237 0.7727863 0.6342359 0.02416527 0.772762 0.2290702 -0.9325314 0.2791274 0.2791206 -0.9325411 0.2290392 0.27912 -0.9325406 0.2290417 0.2791139 -0.9325357 0.2290691 0.4464384 -0.8163896 0.3663346 0.5093193 -0.8163782 0.2722512 0.5093219 -0.8163765 0.2722511 0.5093525 -0.8163579 0.2722496 0.6691768 -0.6514012 0.3576017 0.7260749 -0.651385 0.2202563 0.7260726 -0.6513892 0.2202517 0.726046 -0.6514369 0.2201983 0.8555327 -0.4480229 0.259498 0.7727802 0.02409821 0.6342163 0.7727994 0.02419179 0.6341893 0.7727977 0.0241841 0.6341915 0.7727785 0.02409058 0.6342184 0.2791134 -0.9325352 0.229072 0.3184373 -0.9325385 0.1702051 0.3184369 -0.9325391 0.1702026 0.3184322 -0.9325457 0.1701748 0.5093554 -0.8163561 0.2722495 0.552674 -0.8163638 0.167636 0.5526741 -0.816364 0.1676342 0.5526752 -0.8163672 0.1676146 0.7260435 -0.6514415 0.2201932 0.8816943 0.02397739 0.4712116 0.8816978 0.02409553 0.4711987 0.8816977 0.02408587 0.4711999 0.881694 0.02396774 0.4712126 0.3184317 -0.9325464 0.170172 0.3455143 -0.9325444 0.1047897 0.3455169 -0.932543 0.1047934 0.3455455 -0.9325279 0.1048341 0.5526753 -0.8163675 0.1676127 0.3455484 -0.9325263 0.1048383 0.9566694 0.02394872 0.2901901 -0.1302608 -0.9913314 0.01715075 -0.1302633 -0.9913311 0.01715165 -0.1302815 -0.9913286 0.01715838 -0.1302844 -0.9913281 0.01715946 -0.1214031 -0.991328 0.0503003 -0.1214026 -0.9913281 0.05029827 -0.1213991 -0.9913293 0.05028373 -0.1213986 -0.9913296 0.0502814 -0.1042414 -0.9913291 0.08000183 -0.1042433 -0.9913291 0.08000075 -0.1042569 -0.9913283 0.07999283 -0.1042591 -0.9913281 0.07999151 -0.07999831 -0.9913289 0.1042461 -0.07999843 -0.9913289 0.1042467 -0.07999932 -0.9913284 0.1042506 -0.07999944 -0.9913283 0.1042512 -0.05028927 -0.9913257 0.121427 -0.05028784 -0.9913266 0.12142 -0.05027723 -0.9913334 0.1213688 -0.0502755 -0.9913345 0.1213605 -0.01714617 -0.9913268 0.1302977 -0.01714634 -0.9913267 0.1302977 -0.01714766 -0.9913267 0.1302974 -0.01714789 -0.9913267 0.1302974 0.01715642 -0.9913249 0.1303099 0.01715642 -0.9913252 0.1303073 0.01715672 -0.9913278 0.1302886 0.01715672 -0.9913281 0.1302856 0.0502898 -0.9913319 0.1213761 0.05028998 -0.9913322 0.1213735 0.05028885 -0.99133 0.1213918 0.05028873 -0.9913297 0.121394 0.07998746 -0.9913309 0.1042356 0.07998716 -0.9913313 0.1042318 0.07998943 -0.9913283 0.1042584 0.07998973 -0.991328 0.1042616 0.104247 -0.99133 0.07998394 0.1042451 -0.9913306 0.07997852 0.104259 -0.9913261 0.0800175 0.1042607 -0.9913255 0.08002209 0.1214088 -0.9913281 0.05028462 0.1214106 -0.9913279 0.0502845 0.1213977 -0.9913295 0.05028522 0.1213961 -0.9913297 0.05028527 0.1302738 -0.9913299 0.01714074 0.1302733 -0.99133 0.01714056 0.1302773 -0.9913294 0.01714187 0.1302778 -0.9913294 0.01714205 0.3823651 -0.9226402 0.0503205 0.3823451 -0.9226484 0.05032116 0.3823624 -0.9226412 0.05032056 0.3823428 -0.9226493 0.05032128 0.6067562 -0.7908663 0.07985961 0.6066973 -0.790911 0.07986307 0.6067488 -0.790872 0.07986003 0.6066909 -0.790916 0.07986342 0.7890868 -0.605435 0.1038787 0.7891582 -0.6053447 0.1038617 0.7890953 -0.6054241 0.1038767 0.7891659 -0.6053349 0.1038599 0.9171348 -0.379859 0.1207103 0.9171392 -0.3798517 0.1206995 0.9171353 -0.3798581 0.1207091 0.9171397 -0.3798509 0.1206984 0.9740279 -0.1866398 0.1282005 0.9843422 -0.1296055 0.1194698 0.9323026 -0.07633322 0.3535324 0.8984923 -0.2328563 0.3721417 0.8546412 -0.3798671 0.3539624 0.8546552 -0.3798429 0.3539546 0.8546537 -0.3798455 0.3539555 0.7338947 -0.3798441 0.5631316 0.7338926 -0.3798609 0.5631229 0.733877 -0.3799902 0.5630561 0.6314331 -0.6054446 0.4844885 0.6314856 -0.6053456 0.4845438 0.6314799 -0.6053565 0.4845377 0.4845553 -0.6053456 0.6314768 0.4845523 -0.6053581 0.6314671 0.4845305 -0.6054503 0.6313955 0.3725513 -0.7909122 0.4854519 0.3725821 -0.7908543 0.4855226 0.3725787 -0.7908607 0.4855146 0.2342265 -0.7908771 0.5653772 0.2342253 -0.7908751 0.5653805 0.2342175 -0.7908613 0.5654029 0.1475901 -0.9226548 0.3562657 0.1475921 -0.9226314 0.3563257 0.1475918 -0.9226341 0.3563188 0.05035018 -0.922639 0.382364 0.05035036 -0.9226396 0.3823626 0.05035132 -0.9226433 0.3823533 0.8225773 -0.03211951 0.5677455 0.7641695 -0.2687827 0.5863455 0.733875 -0.380006 0.5630479 0.5631529 -0.3800055 0.7337947 0.5631538 -0.3799914 0.7338013 0.5631613 -0.3798831 0.7338517 0.4845277 -0.6054617 0.6313867 0.3045983 -0.6054394 0.735298 0.304597 -0.6054406 0.7352975 0.3045881 -0.6054495 0.7352939 0.2342165 -0.7908597 0.5654058 0.07990753 -0.790903 0.6067019 0.07990688 -0.790897 0.60671 0.07990235 -0.7908543 0.6067662 0.05035144 -0.9226439 0.3823521 -0.05031943 -0.9226589 0.3823201 -0.05031901 -0.9226575 0.3823234 -0.05031609 -0.9226487 0.3823452 0.663157 0.001685738 0.7484785 0.6631539 0.001380145 0.7484818 0.6631367 0.002414286 0.7484945 0.5816764 -0.2950794 0.7580111 0.5631621 -0.3798698 0.7338579 0.3540468 -0.3799235 0.8545812 0.3540434 -0.3799188 0.8545848 0.3540167 -0.3798827 0.8546119 0.304587 -0.6054506 0.7352934 0.1039176 -0.6054719 0.7890533 0.1039168 -0.6054674 0.7890567 0.1039111 -0.6054349 0.7890824 0.07990175 -0.790849 0.6067733 -0.07985258 -0.7908971 0.6067168 -0.07985335 -0.7908874 0.6067294 -0.07985842 -0.7908198 0.6068171 -0.05031567 -0.9226475 0.3823481 -0.1475716 -0.9226376 0.3563181 -0.1475731 -0.9226372 0.3563182 -0.1475831 -0.9226353 0.3563195 0.4645457 0.0270676 0.8851355 0.3636115 -0.3121821 0.877684 0.3540134 -0.3798782 0.8546153 0.1207791 -0.3799186 0.917101 0.1207777 -0.3799104 0.9171047 0.1207669 -0.3798472 0.9171323 0.1039105 -0.6054309 0.7890856 -0.1038576 -0.6054686 0.7890636 -0.1038578 -0.605463 0.7890679 -0.1038597 -0.6054224 0.7890988 -0.07985901 -0.7908111 0.6068281 -0.2342102 -0.7908666 0.5653988 -0.2342016 -0.7908715 0.5653954 -0.2341415 -0.7909058 0.5653722 -0.1475844 -0.922635 0.3563197 -0.234772 -0.922627 0.3060087 -0.2347703 -0.9226289 0.3060045 -0.2347589 -0.9226411 0.3059765 0.2391403 0.04184961 0.9700828 0.1236633 -0.3207548 0.9390547 0.1207655 -0.3798394 0.9171356 -0.1207194 -0.379863 0.9171319 -0.120717 -0.3798694 0.9171296 -0.1206987 -0.3799183 0.9171118 -0.10386 -0.6054174 0.7891026 -0.3045538 -0.6054278 0.7353259 -0.3045516 -0.6054279 0.7353268 -0.304535 -0.6054279 0.7353336 -0.234134 -0.7909103 0.5653693 -0.3724731 -0.7909515 0.4854478 -0.3724793 -0.7909427 0.4854575 -0.3725224 -0.790881 0.4855247 -0.2347574 -0.9226427 0.3059729 -0.3059464 -0.9226384 0.2348095 -0.3059501 -0.9226365 0.2348114 -0.305975 -0.9226251 0.2348242 3.13885e-5 0.04671347 0.9989084 -0.1235947 -0.3207247 0.9390741 -0.1206964 -0.3799244 0.9171096 -0.3539532 -0.3799962 0.8545876 -0.3539524 -0.3799845 0.8545932 -0.3539461 -0.3798944 0.8546358 -0.304533 -0.605428 0.7353344 -0.4845009 -0.6054955 0.6313749 -0.4844973 -0.6054926 0.6313804 -0.484471 -0.6054717 0.6314206 -0.3725278 -0.7908734 0.4855331 -0.4854892 -0.7908906 0.3725484 -0.4854911 -0.7908867 0.3725543 -0.4855046 -0.7908591 0.3725953 -0.3059783 -0.9226235 0.2348259 -0.3563406 -0.9226262 0.1475886 -0.3563359 -0.9226279 0.1475895 -0.3563056 -0.9226387 0.1475951 -0.2390614 0.04186958 0.9701013 -0.3635417 -0.3121979 0.8777072 -0.3539453 -0.3798834 0.854641 -0.5631153 -0.3798693 0.7338942 -0.5631139 -0.3798682 0.7338957 -0.5631035 -0.3798608 0.7339076 -0.4844677 -0.6054692 0.6314255 -0.6313777 -0.6055063 0.4844837 -0.6313838 -0.6054936 0.4844915 -0.6314283 -0.6054009 0.4845494 -0.4855063 -0.7908557 0.3726004 -0.565402 -0.7908672 0.2342007 -0.565394 -0.7908723 0.2342025 -0.5653383 -0.7909085 0.2342145 -0.3563017 -0.92264 0.1475958 -0.3823555 -0.9226416 0.05036705 -0.3823637 -0.9226382 0.05036669 -0.3824173 -0.9226161 0.05036431 -0.4644889 0.02704858 0.8851658 -0.581628 -0.2951363 0.758026 -0.5631023 -0.3798599 0.7339091 -0.7338862 -0.3798391 0.5631461 -0.7338796 -0.3798509 0.5631465 -0.7338292 -0.3799421 0.5631507 -0.6314337 -0.6053895 0.4845566 -0.7353289 -0.6054012 0.3045994 -0.7353259 -0.6054038 0.3046017 -0.7353036 -0.6054225 0.3046184 -0.5653313 -0.7909131 0.234216 -0.6066852 -0.7909181 0.07988625 -0.6066856 -0.7909176 0.07988727 -0.6066889 -0.7909144 0.07989424 -0.3824243 -0.9226132 0.05036401 -0.6630973 0.001270651 0.7485322 -0.6630948 0.001607835 0.7485338 -0.6630893 0.00230503 0.7485368 -0.7641188 -0.268888 0.5863633 -0.7338231 -0.3799533 0.5631512 -0.854571 -0.379965 0.354027 -0.854574 -0.3799565 0.3540288 -0.854597 -0.3798918 0.3540425 -0.7353008 -0.6054248 0.3046204 -0.7890732 -0.605446 0.1039164 -0.789077 -0.6054408 0.103919 -0.7890433 -0.6054886 0.1038955 -0.7890392 -0.6054944 0.1038927 -0.822528 -0.03218203 0.5678134 -0.8984596 -0.2329102 0.3721872 -0.8545998 -0.3798839 0.3540442 -0.9171223 -0.3798686 0.120775 -0.9171213 -0.3798711 0.1207743 -0.9171302 -0.3798481 0.1207802 -0.9171312 -0.3798454 0.120781 -0.9322952 -0.07619428 0.3535818 -0.9740476 -0.1864877 0.1282712 -0.9843283 -0.1296051 0.1195836 -0.6066894 -0.790914 0.07989513 0.1475898 -0.922658 0.3562576 0.2347713 -0.9226592 0.3059126 0.2347732 -0.9226572 0.3059174 0.2347876 -0.9226412 0.3059542 0.2347898 -0.9226388 0.3059598 0.3059865 -0.9226304 0.2347883 0.3059853 -0.9226328 0.23478 0.3059767 -0.922652 0.2347161 0.3059754 -0.9226549 0.2347064 0.3563085 -0.9226409 0.1475743 0.3563083 -0.922641 0.147574 0.3563067 -0.922642 0.1475715 0.3563065 -0.9226422 0.1475711 0.3725473 -0.7909195 0.4854429 0.4854908 -0.7909249 0.3724735 0.4854916 -0.7909224 0.3724777 0.4854984 -0.7909026 0.3725109 0.6314268 -0.6054566 0.4844818 0.735305 -0.6054633 0.3045338 0.7353072 -0.6054599 0.3045352 0.7353251 -0.6054322 0.304547 0.8546396 -0.37987 0.3539633 0.4854994 -0.7908998 0.3725157 0.5654071 -0.7908642 0.2341975 0.5654027 -0.7908689 0.234193 0.5653715 -0.7909004 0.2341617 0.5653676 -0.7909044 0.2341578 0.7353276 -0.6054284 0.3045486 0.6087217 0 -0.7933839 0.6087206 0 -0.7933847 0.6087188 0 -0.7933861 0.6087177 0 -0.793387 0.7933331 0 -0.6087879 0.793333 0 -0.608788 0.793333 0 -0.608788 0.9238675 0 -0.3827127 0.9238674 0 -0.3827127 0.9914433 0 -0.130539 0.9914432 0 -0.1305393 0.9914431 0 -0.1305398 0.991443 0 -0.1305401 -0.8831266 0.4619451 -0.08181995 -0.8839591 0.4598704 -0.08447247 -0.883194 0.4617826 -0.08200883 -0.8847743 0.4578076 -0.08710211 -0.8510196 0.465999 -0.2420961 -0.8524856 0.4543169 -0.258582 -0.7903923 0.4694675 -0.3935483 -0.7870087 0.4513322 -0.4206147 -0.7033784 0.4724112 -0.5311182 -0.6907952 0.4488056 -0.5669 -0.5929468 0.474784 -0.6503801 -0.5675752 0.4467859 -0.6915497 -0.462815 0.4766361 -0.7474091 -0.422111 0.4452698 -0.7896564 -0.3173341 0.477953 -0.8190605 -0.2600884 0.4442571 -0.8573154 -0.1613634 0.4787375 -0.8630019 -0.08786994 0.4437412 -0.8918367 -3.95785e-5 0.4789943 -0.8778181 0.08780294 0.4437381 -0.8918448 0.1613022 0.4787347 -0.8630149 0.2600435 0.4442554 -0.8573299 0.3172772 0.4779403 -0.81909 0.4220564 0.4452582 -0.789692 0.4627647 0.4766229 -0.7474486 0.567528 0.4467837 -0.6915897 0.5928928 0.4747728 -0.6504375 0.6907556 0.4487952 -0.5669565 0.7033431 0.4724012 -0.531174 0.7869862 0.4513176 -0.4206724 0.7903761 0.4694694 -0.3935787 0.8524683 0.4543181 -0.2586365 0.8510023 0.4660044 -0.2421464 0.8839482 0.4598793 -0.08453738 0.8831887 0.4617726 -0.08212083 0.8847634 0.4578146 -0.08717608 0.8831157 0.4619557 -0.0818758 0.7869878 0.6126383 -0.07297033 0.7869874 0.6126387 -0.07297068 0.7869874 0.6126388 -0.0729708 0.786987 0.6126392 -0.07297122 0.7601861 0.6126398 -0.216309 0.7601827 0.6126433 -0.216311 0.7601816 0.6126444 -0.2163117 0.7601779 0.6126483 -0.216314 0.7074888 0.6126473 -0.3523109 0.7074908 0.6126459 -0.3523095 0.7074913 0.6126454 -0.352309 0.7074936 0.6126438 -0.3523075 0.6307025 0.6126465 -0.4763179 0.630704 0.6126455 -0.4763171 0.6307045 0.6126452 -0.4763169 0.6307062 0.6126441 -0.476316 0.5324314 0.6126446 -0.5841093 0.5324248 0.6126482 -0.5841115 0.5324227 0.6126493 -0.5841122 0.5324155 0.6126533 -0.5841146 0.4160455 0.612654 -0.6719831 0.4160495 0.6126506 -0.6719837 0.4160509 0.6126495 -0.6719838 0.4160553 0.6126459 -0.6719845 0.3152658 0.6137766 -0.7237996 0.2517768 0.6915199 -0.6770589 0.3048464 0.7453032 -0.5929519 0.2039605 0.7926821 -0.5745044 0.3045871 0.8450371 -0.4394757 0.2783255 0.8487914 -0.4495422 0.3126441 0.8580289 -0.4074804 0.3557359 0.8492096 -0.39025 0.4115529 0.8549193 -0.3158123 0.4150609 0.853833 -0.3141557 0.4120221 0.8547743 -0.3155928 0.4156277 0.8536582 -0.3138813 0.4718565 0.8497866 -0.2349771 0.5982031 0.7439176 -0.2978919 0.5982079 0.7439145 -0.2978903 0.598195 0.7439231 -0.2978948 0.598215 0.7439097 -0.2978878 0.6654253 0.7439106 -0.06169605 0.6654257 0.74391 -0.06169736 0.6654261 0.7439095 -0.06169825 0.6654268 0.7439088 -0.0616998 0.6427647 0.7439096 -0.1828993 0.6427641 0.7439093 -0.1829025 0.6427637 0.7439091 -0.1829046 0.6427631 0.7439088 -0.1829082 0.5222549 0.8514141 -0.04841583 0.5112369 0.856797 -0.06734812 0.5089212 0.8485442 -0.1448177 0.4748033 0.8578292 -0.1967002 0.2925174 0.5866305 -0.755181 0.1487075 0.590733 -0.7930452 0.1559538 0.5983176 -0.7859355 0.1563847 0.5988017 -0.7854809 0.1482946 0.5903484 -0.7934089 -3.68552e-5 0.5945404 -0.8040658 -2.91852e-5 0.5945364 -0.8040688 -3.06991e-5 0.5945371 -0.8040682 -2.28706e-5 0.5945331 -0.8040712 -0.1483488 0.5903355 -0.7934083 -0.1564468 0.5988025 -0.7854682 -0.2925765 0.5866401 -0.7551506 -0.3153126 0.6137738 -0.7237815 -0.2518156 0.6915273 -0.6770369 -0.3048716 0.7452996 -0.5929435 -0.2039807 0.7926865 -0.5744912 -0.3045893 0.8450449 -0.4394594 -0.2783533 0.8487945 -0.4495191 -0.3126648 0.8580328 -0.407456 -0.355773 0.8492074 -0.3902211 -0.4120801 0.8547619 -0.3155505 -0.415082 0.8538296 -0.3141371 -0.4115784 0.8549138 -0.3157937 -0.4156407 0.8536586 -0.3138628 -0.4718776 0.8497858 -0.2349376 -0.5982257 0.7439175 -0.2978469 -0.5982262 0.7439194 -0.2978412 -0.5982247 0.7439143 -0.2978568 -0.6427697 0.7439144 -0.1828622 -0.6427702 0.7439128 -0.1828671 -0.6427705 0.7439117 -0.1828703 -0.7601933 0.6126449 -0.2162694 -0.7601933 0.6126453 -0.2162682 -0.7601932 0.6126435 -0.2162734 -0.7869884 0.6126444 -0.07291322 -0.786985 0.6126506 -0.07289612 -0.786984 0.6126527 -0.07289057 -0.4748213 0.8578266 -0.196668 -0.5089324 0.8485443 -0.1447768 -0.6427711 0.7439098 -0.1828758 -0.6654313 0.7439106 -0.06163156 -0.6654309 0.7439112 -0.06162792 -0.6654306 0.7439116 -0.06162554 -0.7869803 0.6126595 -0.0728718 -0.5112419 0.8567999 -0.067272 -0.5222517 0.8514183 -0.04837512 -0.6654301 0.7439123 -0.06162142 -0.7601934 0.6126465 -0.2162646 -0.7075156 0.6126449 -0.3522614 -0.7075161 0.6126391 -0.3522703 -0.7075163 0.6126375 -0.3522729 -0.5982271 0.7439221 -0.2978327 -0.533305 0.7439207 -0.4027007 -0.5333039 0.7439183 -0.4027067 -0.5333032 0.7439169 -0.4027101 -0.7075167 0.6126323 -0.352281 -0.6307371 0.6126351 -0.4762867 -0.6307374 0.6126395 -0.4762806 -0.6307375 0.6126408 -0.4762789 -0.5333023 0.7439148 -0.4027153 -0.450235 0.7439095 -0.4938493 -0.4502343 0.7439098 -0.4938495 -0.4502339 0.74391 -0.4938495 -0.6307378 0.6126447 -0.4762733 -0.5324751 0.6126442 -0.5840697 -0.5324766 0.6126467 -0.5840656 -0.5324771 0.6126475 -0.5840644 -0.4502334 0.7439102 -0.4938497 -0.3518274 0.7439095 -0.5681692 -0.351828 0.7439097 -0.5681685 -0.3518285 0.7439097 -0.5681682 -0.5324785 0.6126497 -0.5840607 -0.4161024 0.6126548 -0.6719471 -0.4160968 0.612648 -0.6719568 -0.4160951 0.612646 -0.6719597 -0.3518291 0.7439098 -0.5681676 -0.41609 0.6126397 -0.6719685 0.3517895 0.7439088 -0.5681936 0.3517911 0.7439077 -0.568194 0.3517867 0.7439105 -0.568193 0.3517934 0.7439061 -0.5681946 0.450192 0.7439095 -0.4938886 0.4501873 0.743912 -0.4938889 0.4501999 0.7439053 -0.4938879 0.4501805 0.7439157 -0.4938896 0.5332837 0.7439157 -0.4027381 0.5332804 0.7439169 -0.4027402 0.5332893 0.7439136 -0.4027346 0.5332756 0.7439188 -0.4027433 -0.9927017 7.55885e-4 0.1205936 -0.9902777 -6.4707e-4 0.1391032 -0.9927021 7.08558e-7 0.1205925 -0.9350103 -6.41531e-4 0.3546202 -0.9238575 6.65105e-7 0.3827366 -0.9238568 0.001283407 0.3827363 -0.9238576 6.64767e-7 0.3827366 -0.9238568 -0.001282095 0.3827363 -0.8229719 0.001164495 0.568081 -0.7933399 -0.001748859 0.6087766 -0.7933412 0 0.6087773 -0.7933412 0 0.6087773 -0.6630905 0.001573443 0.7485377 -0.608743 -0.002097249 0.7933648 -0.6087442 4.42952e-7 0.7933667 -0.6087442 4.41296e-7 0.7933667 -0.4646825 0.001866638 0.8854754 -0.3826366 -0.00233066 0.923896 -0.3826375 0 0.9238986 -0.3826375 0 0.9238986 -0.239281 0.002040863 0.9709483 -0.1304944 -0.002447903 0.9914461 -0.1304948 -2.62897e-7 0.991449 -0.1304948 -2.65317e-7 0.991449 3.10542e-5 0.002099156 0.9999979 0.1305656 -0.00244826 0.9914367 0.1305658 -2.65545e-7 0.9914398 0.1305658 -2.62973e-7 0.9914398 0.2393596 0.002040624 0.9709289 0.3827158 -0.002331137 0.9238633 0.3827167 -2.77232e-7 0.9238659 0.3827167 -2.79242e-7 0.9238658 0.4647486 0.001865565 0.8854407 0.6087917 -0.002098083 0.7933274 0.6087928 0 0.7933294 0.6087927 0 0.7933294 0.6631395 0.001572847 0.7484942 0.7933635 -0.001749157 0.6087458 0.7933647 -5.82784e-7 0.6087467 0.7933648 -5.8375e-7 0.6087467 0.8230146 0.001166403 0.5680191 0.9238963 -0.001280307 0.3826407 0.9238972 0 0.382641 0.9238972 0 0.3826411 0.93502 6.39748e-4 0.3545947 0.9927142 -7.5792e-4 0.1204898 0.9902851 6.48802e-4 0.1390507 0.9927146 -7.08567e-7 0.1204899 -0.8229622 -0.001163482 0.568095 -0.7933402 0.001748859 0.6087762 -0.6631007 -0.001573204 0.7485285 -0.6087426 0.002098143 0.793365 -0.4646744 -0.001866221 0.8854797 -0.3826363 0.002330541 0.9238961 -0.2392811 -0.00204122 0.9709482 -0.1304944 0.002447366 0.991446 3.15458e-5 -0.002099871 0.9999978 0.1305651 0.002447724 0.9914368 0.2393594 -0.002040982 0.9709289 0.3827155 0.002330541 0.9238634 0.4647403 -0.001865804 0.8854451 0.6087911 0.002098083 0.7933278 0.663151 -0.001573562 0.748484 0.7933635 0.001747965 0.6087458 0.823005 -0.001166641 0.568033 0.9238963 0.001280307 0.3826407 0.9350268 -6.40993e-4 0.3545765 -0.9350091 6.42654e-4 0.3546233 -8.03692e-7 -1 1.01339e-6 -7.57006e-7 -1 -4.17233e-6 -7.57012e-7 -1 3.91023e-6 -7.57005e-7 -1 6.54895e-6 -7.57011e-7 -1 -8.65819e-6 -8.0369e-7 -1 3.17117e-6 -8.03709e-7 -1 -6.45499e-6 -9.13035e-7 -1 1.82703e-6 -9.12994e-7 -1 -1.81271e-6 -8.62052e-7 -1 1.07411e-5 -8.61859e-7 -1 -7.97692e-6 0 -1 8.46692e-6 0 -1 -5.11532e-7 0 -1 -1.07446e-5 -8.03712e-7 -1 1.26641e-7 -9.13037e-7 -1 -8.10043e-7 -9.13078e-7 -1 1.90302e-6 -8.62136e-7 -1 -6.54172e-6 -8.62168e-7 -1 8.64292e-6 0 -1 3.16334e-6 0.9927043 -7.08575e-7 -0.1205745 0.9902753 -6.49731e-4 -0.1391207 0.9350035 6.40294e-4 -0.354638 0.9238704 -0.001281201 -0.3827036 0.9238712 -5.3037e-7 -0.382704 0.9238711 -5.29409e-7 -0.3827039 0.8229656 0.001165807 -0.5680901 0.7933176 -0.001749157 -0.6088054 0.7933189 0 -0.6088064 0.7933189 0 -0.6088063 0.6630887 0.00157237 -0.7485393 0.6087429 -0.002098143 -0.7933649 0.6087441 -4.32375e-7 -0.7933667 0.6087441 -4.44004e-7 -0.7933668 0.4646987 0.001865565 -0.8854669 0.3826451 -0.002332091 -0.9238924 0.3826461 -2.7741e-7 -0.9238951 0.382646 -2.75269e-7 -0.9238951 0.2392758 0.002039968 -0.9709495 0.1304994 -0.002448081 -0.9914454 0.1304997 3.57604e-7 -0.9914484 0.1304997 3.57773e-7 -0.9914484 -3.10542e-5 0.002099156 -0.9999979 -0.1305606 -0.002448081 -0.9914373 -0.130561 0 -0.9914404 -0.130561 0 -0.9914403 -0.2393395 0.002040505 -0.9709339 -0.3827161 -0.002331793 -0.923863 -0.3827171 0 -0.9238657 -0.3827171 0 -0.9238656 -0.4647567 0.001865327 -0.8854364 -0.6087915 -0.002098083 -0.7933276 -0.6087927 4.39566e-7 -0.7933294 -0.6087927 4.41036e-7 -0.7933295 -0.6631447 0.001573145 -0.7484897 -0.7933821 -0.001748919 -0.6087217 -0.7933832 5.68471e-7 -0.6087226 -0.7933833 5.69515e-7 -0.6087226 -0.8230084 0.001164138 -0.5680283 -0.9238813 -0.001282572 -0.3826769 -0.9238821 6.54017e-7 -0.3826774 -0.9238821 6.54447e-7 -0.3826773 -0.9350337 6.42488e-4 -0.3545583 -0.9927117 -7.54845e-4 -0.1205118 -0.9902902 6.47462e-4 -0.1390144 -0.9927094 7.39378e-7 -0.1205322 0.9927065 7.57514e-4 -0.1205539 0.9349979 -6.40345e-4 -0.354653 0.9238704 0.001280128 -0.3827036 0.8229721 -0.001166462 -0.5680806 0.7933176 0.001749098 -0.6088054 0.6630787 -0.001572608 -0.748548 0.6630879 0.001677691 -0.7485398 0.6630854 0.001376926 -0.7485426 0.6087425 0.002097249 -0.7933651 0.4646987 -0.001866221 -0.8854669 0.3826448 0.002331554 -0.9238926 0.2392904 -0.002039849 -0.970946 0.1304993 0.002448797 -0.9914454 -4.14048e-5 -0.002098798 -0.9999978 -0.1305606 0.00244826 -0.9914373 -0.2393445 -0.002040386 -0.9709327 -0.382716 0.002331793 -0.9238631 -0.4647482 -0.00186491 -0.8854409 -0.6087911 0.002098977 -0.7933278 -0.663145 -0.001572191 -0.7484893 -0.6631448 0.00126028 -0.7484901 -0.6631433 0.001584172 -0.7484909 -0.7933821 0.001750051 -0.6087217 -0.8230081 -0.001162946 -0.5680287 -0.9238813 0.001283884 -0.3826771 -0.9350406 -6.424e-4 -0.3545402 0 -1 1.27081e-6 0 -1 5.83279e-7 0 -1 1.6732e-6 0 -1 0 0 -1 -4.84538e-7 0 -1 -1.05739e-6 -1.81445e-6 -1 0 -1.29062e-6 -1 0 -2.28787e-6 -1 0 -2.29928e-6 -1 0 -1.01799e-6 -1 0 -1.91878e-6 -1 0 0 -1 1.17161e-6 0 -1 2.93857e-6 0 -1 1.74629e-6 0 -1 1.98386e-6 0 -1 -6.39286e-7 0 -1 3.05837e-6 0 -1 1.0502e-6 0 -1 7.52197e-7 0 -1 -4.01569e-6 0 -1 -4.27895e-7 0 -1 9.69093e-7 0 -1 3.31455e-6 0 -1 4.93981e-7 0 -1 0 0 -1 5.09646e-6 0 -1 9.56529e-7 0 -1 4.68643e-6 0 -1 -1.97972e-6 0 -1 -9.33249e-7 0 -1 -2.67715e-6 0 -1 2.54161e-6 0 -1 9.69099e-7 0 -1 2.11482e-6 0 -1 -2.11484e-6 0 -1 5.6011e-7 0 -1 -3.99618e-6 -1.01803e-6 -1 1.4277e-7 -1.9187e-6 -1 -2.67708e-6 -2.29934e-6 -1 -2.54157e-6 -2.28789e-6 -1 1.37409e-6 -1.29066e-6 -1 -1.03661e-6 -1.81434e-6 -1 2.7952e-6 0 -1 -1.12791e-6 0 -1 -4.93982e-7 0 -1 -1.42348e-7 0 -1 4.84545e-7 -0.8847687 0.4578042 0.0871753 -0.8839539 0.4598687 0.0845375 -0.8831821 0.4617915 0.08208507 -0.8831213 0.4619448 0.08187663 -0.7869805 0.6126497 0.07295352 -0.786983 0.612647 0.07294851 -0.7869725 0.612658 0.0729689 -0.7869916 0.6126379 0.07293164 -0.6654249 0.7439133 0.06166678 -0.6654236 0.7439143 0.06166929 -0.6654267 0.743912 0.06166297 -0.6654215 0.7439158 0.06167364 -0.522248 0.8514183 0.04841524 -0.511239 0.8567988 0.0673111 -0.5089243 0.8485431 0.1448128 -0.4748074 0.8578283 0.1966947 -0.4718589 0.8497841 0.2349817 -0.415624 0.8536561 0.3138917 -0.412065 0.8547523 0.3155961 -0.4150603 0.8538277 0.3141707 -0.5332785 0.7439148 0.4027466 -0.5332758 0.7439157 0.4027485 -0.5332831 0.7439133 0.4027434 -0.4502009 0.743916 0.4938707 -0.4502067 0.7439116 0.4938718 -0.4502107 0.7439088 0.4938726 -0.5324368 0.6126484 0.5841001 -0.5324357 0.6126494 0.5841001 -0.5324403 0.6126452 0.5841004 -0.4160406 0.6126465 0.6719931 -0.4160398 0.6126457 0.6719942 -0.4160396 0.6126455 0.6719946 -0.4627579 0.476636 0.7474446 -0.4220556 0.4452735 0.7896839 -0.3172866 0.4779515 0.8190798 -0.2600356 0.4442548 0.8573327 -0.1612986 0.4787392 0.863013 -0.08779996 0.4437417 0.8918434 3.95777e-5 0.4790012 0.8778144 0.08786422 0.4437472 0.8918343 0.1613553 0.478746 0.8629987 0.2601027 0.4442579 0.8573106 0.3173307 0.4779434 0.8190673 0.4221125 0.4452626 0.7896596 0.4628233 0.4766319 0.7474066 0.5675848 0.446787 0.691541 0.5929463 0.4747762 0.6503864 0.6908048 0.4488015 0.5668915 0.7033832 0.472399 0.5311228 0.7870145 0.4513173 0.4206197 0.7903999 0.469465 0.3935363 0.8524927 0.4543142 0.2585629 0.8510225 0.4659975 0.2420889 0.8847731 0.4578084 0.08710998 0.8832038 0.461757 0.0820468 0.8839558 0.4598761 0.08447545 0.8831211 0.4619554 0.08181792 0.7869952 0.612636 0.07290905 0.7869949 0.6126365 0.07290744 0.7869961 0.6126343 0.07291394 0.786994 0.6126384 0.07290208 0.6654295 0.7439116 0.0616371 0.6654295 0.7439113 0.06164139 0.6654296 0.7439121 0.06163072 0.6654294 0.7439108 0.06164872 0.5222585 0.8514134 0.04838836 0.5112423 0.8567979 0.06729602 0.5089329 0.8485436 0.1447798 0.4748204 0.8578273 0.1966676 0.4718756 0.8497852 0.2349433 0.4150852 0.8538305 0.3141304 0.4120501 0.8547708 0.3155659 0.4156575 0.8536574 0.3138442 0.5333264 0.7439125 0.4026874 0.5333247 0.7439092 0.402696 0.5333294 0.7439183 0.4026728 0.533322 0.7439042 0.4027087 0.6307404 0.6126472 0.4762668 0.6307397 0.6126458 0.4762694 0.6307425 0.6126518 0.476258 0.6307377 0.6126417 0.4762774 -0.4115529 0.8549141 0.3158261 -0.3557505 0.8492084 0.3902393 -0.4502174 0.7439039 0.4938739 -0.3517829 0.743908 0.5681987 -0.3517825 0.7439083 0.5681986 -0.3517822 0.7439084 0.5681985 -0.4160388 0.6126445 0.6719958 -0.3152726 0.613777 0.7237963 -0.2925288 0.586636 0.7551723 -0.1563889 0.598805 0.7854776 -0.148291 0.590343 0.7934135 3.2997e-5 0.5945281 0.8040748 3.35969e-5 0.5945269 0.8040757 3.04947e-5 0.594533 0.8040713 3.60363e-5 0.5945221 0.8040794 0.1483437 0.5903262 0.7934161 0.1487041 0.5907639 0.7930229 0.1559494 0.5983453 0.7859153 -0.3126299 0.8580358 0.4074766 -0.278316 0.8487977 0.4495362 -0.3517818 0.7439088 0.5681983 -0.3048408 0.7452954 0.5929645 -0.2517818 0.6915271 0.6770497 -0.3045725 0.8450426 0.4394752 -0.2039487 0.792688 0.5745005 0.156448 0.5988024 0.7854679 0.2925701 0.5866305 0.7551606 0.3153168 0.6137784 0.7237758 0.2518194 0.6915311 0.6770316 0.3048783 0.7453064 0.5929313 0.2040203 0.7926799 0.5744863 0.3046414 0.8450331 0.4394459 0.278352 0.8487907 0.449527 0.3126718 0.8580315 0.4074534 0.3557531 0.8492073 0.3902393 0.4115707 0.854922 0.3157814 -0.5675253 0.4467883 0.6915889 -0.5928938 0.4747812 0.6504305 -0.5324326 0.6126525 0.5840998 -0.630692 0.6126523 0.4763244 -0.6307035 0.6126447 0.4763188 -0.630707 0.6126424 0.4763172 -0.5332718 0.743917 0.4027513 -0.5981938 0.7439199 0.297905 -0.5982025 0.7439151 0.2978994 -0.5982077 0.7439123 0.2978963 -0.6907653 0.4488052 0.5669367 -0.7033463 0.4724081 0.5311635 -0.6307175 0.6126356 0.4763121 -0.7075012 0.6126351 0.3523072 -0.7074933 0.6126393 0.3523159 -0.707491 0.6126405 0.3523184 -0.5982152 0.7439081 0.2978914 -0.6427665 0.7439082 0.1828987 -0.6427609 0.7439113 0.1829056 -0.6427575 0.7439132 0.1829096 -0.7869753 0.4513291 0.4206804 -0.7903681 0.4694735 0.3935898 -0.7074838 0.6126442 0.3523262 -0.7601745 0.6126478 0.216327 -0.7601791 0.6126433 0.216324 -0.7601804 0.6126419 0.2163231 -0.6427527 0.743916 0.1829156 -0.8524678 0.4543209 0.2586334 -0.8510031 0.4659963 0.2421594 -0.7601845 0.6126378 0.2163205 0.4161041 0.6126483 0.671952 0.416105 0.6126493 0.6719505 0.4161013 0.6126451 0.6719566 0.3518319 0.7439172 0.5681563 0.3518281 0.7439144 0.5681623 0.3518256 0.7439125 0.5681664 0.3518213 0.7439092 0.5681733 0.45023 0.7439094 0.4938541 0.4502291 0.7439083 0.4938564 0.4502285 0.7439076 0.4938581 0.4502274 0.7439064 0.4938609 0.5324769 0.6126472 0.584065 0.5324764 0.6126463 0.5840663 0.5324784 0.6126499 0.5840607 0.416108 0.6126528 0.6719454 0.5324746 0.6126433 0.5840711 0.598226 0.7439145 0.2978539 0.5982257 0.7439131 0.297858 0.5982255 0.7439122 0.2978608 0.5982251 0.7439106 0.2978655 0.6427717 0.7439125 0.1828628 0.6427723 0.7439118 0.1828635 0.6427727 0.7439113 0.1828641 0.6427734 0.7439106 0.1828649 0.7075114 0.6126507 0.3522595 0.7075116 0.6126492 0.3522619 0.7075117 0.6126486 0.3522626 0.7075119 0.612647 0.3522652 0.7601975 0.612645 0.2162542 0.7601998 0.6126406 0.2162588 0.7602006 0.6126392 0.2162603 0.7602031 0.6126343 0.2162653 1 -5.15459e-6 -3.25896e-5 1 3.12395e-6 -3.11955e-5 1 6.85543e-7 -3.502e-5 1 6.2115e-6 -3.12367e-5 1 0 -2.2145e-5 0.9914523 0 0.13047 0.9914523 0 0.1304697 0.9914523 0 0.1304692 0.9914525 0 0.1304689 0.9238902 0 0.3826577 0.92389 0 0.3826582 0.9238896 0 0.3826591 0.9238895 0 0.3826597 0.7933812 0 0.6087251 0.7933813 0 0.6087251 0.6087818 0 0.7933378 0.6087818 0 0.7933377 1 0 -2.2145e-5 1 -3.15312e-6 -3.11957e-5 1 -6.21154e-6 -3.12369e-5 1 -7.62905e-7 -3.50203e-5 1 5.03746e-6 -3.259e-5 -1 -5.38893e-6 3.25899e-5 -1 3.06565e-6 3.11958e-5 -1 5.30936e-7 3.50202e-5 -1 6.2115e-6 3.12369e-5 -1 0 2.21452e-5 -0.6087385 0 0.793371 -0.6087383 0 0.7933713 -0.6087384 0 0.7933711 -0.6087381 0 0.7933713 -0.79334 0 0.6087788 -0.7933409 0 0.6087777 -0.7933415 0 0.6087769 -0.7933394 0 0.6087796 -0.9238622 0 0.3827252 -0.9238622 0 0.3827252 -0.9238622 0 0.3827252 -0.9238623 0 0.3827252 -0.9914397 0 0.1305664 -0.9914387 3.08694e-6 0.130573 -0.9914373 8.1268e-6 0.130584 -0.9914365 1.12137e-5 0.1305906 -0.9914494 1.12136e-5 -0.1304916 -0.9914486 8.12666e-6 -0.1304979 -0.9914472 3.08694e-6 -0.1305084 -0.9914464 0 -0.1305148 -0.9238902 0 -0.3826577 -0.92389 0 -0.3826583 -0.9238896 0 -0.3826591 -0.9238895 0 -0.3826597 -0.7933812 0 -0.6087251 -0.6087948 0 -0.7933277 -0.6087936 0 -0.7933287 -0.6087917 0 -0.7933301 -0.6087905 0 -0.793331 -1 0 4.42899e-5 -1 4.59406e-6 3.64815e-5 -1 4.7077e-6 3.73894e-5 -1 6.422e-6 3.20282e-5 -1 5.03744e-6 3.25898e-5 0 1 3.12384e-7 0 1 -1.06521e-6 0 1 -4.36764e-7 0 1 5.28195e-7 0 1 4.04923e-7 0 1 2.11389e-6 0 1 4.1357e-7 0 1 3.05931e-6 0 1 0 0 1 5.63926e-7 0 1 3.05925e-6 0 1 -7.02926e-7 0 1 0 0 1 -2.25991e-6 0 1 2.73239e-6 0 1 -4.97074e-7 0 1 -1.90698e-6 0 1 -9.38857e-6 0.984335 -0.1296021 -0.1195324 0.9740026 -0.1867198 -0.1282761 0.9322754 -0.07640492 -0.3535887 0.8985 -0.2327337 -0.3721999 0.8225573 -0.03199732 -0.5677813 0.7641035 -0.2688181 -0.5864152 0.6630752 0.002382934 -0.7485491 0.5816376 -0.2950043 -0.7580701 0.4645128 0.02710473 -0.8851515 0.3635191 -0.3122743 -0.8776895 0.2390726 0.04172635 -0.9701048 0.1236088 -0.3208242 -0.9390382 -4.18514e-5 0.04668188 -0.9989098 -0.123674 -0.3207706 -0.939048 -0.2391313 0.04176896 -0.9700884 -0.3635861 -0.3122802 -0.8776595 -0.4645541 0.02704918 -0.8851317 -0.5817001 -0.2951287 -0.7579737 -0.6631338 0.002216637 -0.7484977 -0.7641395 -0.2689783 -0.5862947 -0.8225827 -0.03222727 -0.5677315 -0.8984761 -0.2329449 -0.3721256 -0.9323245 -0.07612287 -0.3535198 -0.9740729 -0.1864066 -0.1281981 -0.9843364 -0.1296061 -0.119517 0.9171293 -0.379854 -0.1207669 0.9171283 -0.3798505 -0.1207869 0.9171293 -0.3798536 -0.1207692 0.9171282 -0.3798502 -0.1207892 0.7891324 -0.6053692 -0.1039155 0.7891497 -0.6053429 -0.1039363 0.7891342 -0.6053663 -0.1039177 0.7891518 -0.6053398 -0.1039388 0.6067328 -0.79088 -0.07990097 0.6066904 -0.7909133 -0.07989448 0.6066951 -0.7909095 -0.07989519 0.6067383 -0.7908759 -0.07990181 0.3823586 -0.9226413 -0.05034929 0.3823367 -0.9226506 -0.05034303 0.3823392 -0.9226496 -0.05034375 0.3823616 -0.92264 -0.05035012 0.1302554 -0.9913322 -0.0171501 0.1302778 -0.9913293 -0.01715302 0.130275 -0.9913296 -0.01715266 0.1302522 -0.9913327 -0.01714968 0.1213744 -0.9913327 -0.05027806 0.1213775 -0.9913324 -0.05027616 0.1214006 -0.9913303 -0.05026245 0.1214043 -0.9913299 -0.05026018 0.1042507 -0.9913277 -0.08000791 0.1042504 -0.9913276 -0.08001023 0.1042481 -0.9913265 -0.08002716 0.1042477 -0.9913263 -0.0800299 0.07998985 -0.9913303 -0.1042401 0.07998907 -0.9913304 -0.1042397 0.07998371 -0.9913311 -0.1042364 0.07998281 -0.9913313 -0.104236 0.05028271 -0.991328 -0.1214111 0.05028259 -0.9913283 -0.1214077 0.05028182 -0.9913314 -0.1213831 0.05028164 -0.9913319 -0.1213791 0.01714706 -0.9913258 -0.1303042 0.01714754 -0.9913259 -0.1303038 0.01715064 -0.9913263 -0.1303007 0.01715111 -0.9913263 -0.1303002 -0.01715695 -0.99133 -0.1302711 -0.01715707 -0.9913298 -0.1302723 -0.01715785 -0.9913286 -0.1302816 -0.01715797 -0.9913284 -0.1302831 -0.05028694 -0.9913282 -0.1214074 -0.05028623 -0.9913278 -0.1214105 -0.05029147 -0.9913303 -0.1213883 -0.05029213 -0.9913305 -0.1213857 -0.07999628 -0.9913257 -0.1042781 -0.07999503 -0.9913253 -0.1042835 -0.08000385 -0.9913286 -0.1042445 -0.08000487 -0.9913291 -0.10424 -0.1042645 -0.9913242 -0.08003282 -0.1042679 -0.9913233 -0.08003962 -0.1042437 -0.9913298 -0.07999074 -0.1042408 -0.9913306 -0.07998496 -0.1213933 -0.9913304 -0.05027788 -0.1213904 -0.9913307 -0.05027735 -0.1214117 -0.991328 -0.0502808 -0.1214143 -0.9913276 -0.05028122 -0.1302863 -0.9913281 -0.01714879 -0.1302896 -0.9913277 -0.01714849 -0.130266 -0.9913308 -0.01715081 -0.1302632 -0.9913311 -0.01715105 -0.3823608 -0.9226409 -0.05033904 -0.3824191 -0.9226166 -0.05034279 -0.3823685 -0.9226377 -0.05033957 -0.3824257 -0.9226139 -0.05034321 -0.6066368 -0.7909597 -0.07984095 -0.6066873 -0.7909207 -0.07984393 -0.6066431 -0.7909548 -0.07984131 -0.6066928 -0.7909164 -0.07984429 -0.7890894 -0.6054381 -0.1038398 -0.7890539 -0.605482 -0.103853 -0.7890852 -0.6054434 -0.1038414 -0.7890501 -0.6054868 -0.1038544 -0.9171393 -0.379851 -0.1207011 -0.9171374 -0.3798533 -0.1207081 -0.9171391 -0.3798512 -0.1207019 -0.9171372 -0.3798536 -0.1207089 0.3563058 -0.9226368 -0.1476063 0.3563076 -0.9226362 -0.1476062 0.3563211 -0.9226311 -0.1476052 0.3563231 -0.9226303 -0.1476051 0.3059741 -0.9226284 -0.2348121 0.3059692 -0.9226311 -0.2348077 0.3059318 -0.9226521 -0.2347741 0.3059262 -0.9226554 -0.234769 0.2347433 -0.9226545 -0.3059486 0.2347438 -0.9226545 -0.3059476 0.2347477 -0.9226558 -0.3059407 0.2347484 -0.9226561 -0.3059397 0.1475618 -0.9226518 -0.3562855 0.1475616 -0.9226516 -0.3562859 0.1475602 -0.9226505 -0.3562895 0.14756 -0.9226503 -0.35629 0.05032092 -0.922652 -0.3823367 0.05032074 -0.9226526 -0.382335 0.05031961 -0.922658 -0.382322 0.05031943 -0.9226589 -0.3823201 -0.05034738 -0.9226558 -0.3823237 -0.0503472 -0.9226538 -0.3823286 -0.05034595 -0.9226383 -0.3823661 -0.05034577 -0.922636 -0.3823718 -0.1475949 -0.9226378 -0.3563078 -0.1475947 -0.9226396 -0.3563033 -0.1475927 -0.9226533 -0.3562685 -0.1475923 -0.9226555 -0.3562633 -0.2347716 -0.9226608 -0.3059074 -0.234773 -0.9226589 -0.3059123 -0.2347836 -0.9226441 -0.3059489 -0.2347852 -0.9226418 -0.3059544 -0.3059628 -0.922642 -0.2347732 -0.3059633 -0.9226427 -0.2347703 -0.305967 -0.9226471 -0.2347476 -0.3059677 -0.9226479 -0.2347442 -0.3563145 -0.9226385 -0.1475751 -0.3563143 -0.9226389 -0.1475726 -0.3563125 -0.9226428 -0.1475528 -0.3563122 -0.9226433 -0.1475498 0.5653796 -0.7908862 -0.2341906 0.5653703 -0.790892 -0.2341928 0.5652973 -0.7909389 -0.2342106 0.5652868 -0.7909457 -0.2342131 0.4854387 -0.7909383 -0.3725131 0.4854448 -0.7909334 -0.3725154 0.4854939 -0.7908945 -0.3725339 0.485501 -0.790889 -0.3725365 0.3725384 -0.7909085 -0.4854677 0.3725382 -0.7909076 -0.4854695 0.3725369 -0.7908998 -0.4854832 0.3725367 -0.7908987 -0.4854851 0.2341665 -0.7908405 -0.5654533 0.2341681 -0.7908446 -0.565447 0.2341806 -0.7908768 -0.5653967 0.2341824 -0.7908814 -0.5653895 0.07985556 -0.7908667 -0.6067562 0.07985651 -0.7908662 -0.6067567 0.07986396 -0.7908622 -0.606761 0.07986503 -0.7908616 -0.6067616 -0.07989567 -0.7908192 -0.6068128 -0.07989645 -0.7908267 -0.6068028 -0.07990258 -0.7908864 -0.6067242 -0.07990342 -0.7908951 -0.6067129 -0.2342143 -0.7908653 -0.5653988 -0.234216 -0.7908666 -0.5653964 -0.2342298 -0.7908762 -0.5653771 -0.2342318 -0.7908776 -0.5653744 -0.3725788 -0.7908396 -0.485549 -0.3725777 -0.7908449 -0.4855412 -0.3725684 -0.7908871 -0.4854795 -0.3725672 -0.7908933 -0.4854706 -0.4855242 -0.7908756 -0.3725347 -0.4855316 -0.7908683 -0.3725408 -0.4855896 -0.7908097 -0.3725894 -0.4855979 -0.7908013 -0.3725963 -0.5654757 -0.7908011 -0.2342455 -0.5654601 -0.7908166 -0.2342306 -0.5653358 -0.7909405 -0.2341122 -0.565318 -0.7909584 -0.2340952 0.8545836 -0.3799504 -0.3540122 0.854635 -0.3798489 -0.3539971 0.8546294 -0.3798601 -0.3539987 0.735342 -0.6053844 -0.3046014 0.7353399 -0.6053872 -0.3046008 0.7353233 -0.6054094 -0.3045967 0.7353211 -0.6054124 -0.3045962 0.6314114 -0.6054139 -0.4845552 0.6314106 -0.6054157 -0.484554 0.6314037 -0.6054303 -0.4845447 0.6314028 -0.6054323 -0.4845435 0.484484 -0.6054264 -0.6314541 0.4844841 -0.6054225 -0.6314576 0.4844858 -0.6053912 -0.6314865 0.4844859 -0.6053868 -0.6314905 0.3045554 -0.6054027 -0.735346 0.3045555 -0.6054087 -0.7353409 0.304557 -0.6054577 -0.7353001 0.3045572 -0.6054643 -0.7352945 0.1038506 -0.6054199 -0.7891019 0.103851 -0.6054241 -0.7890987 0.1038548 -0.605458 -0.7890722 0.1038554 -0.6054626 -0.7890686 -0.1039134 -0.6054521 -0.7890689 -0.1039131 -0.6054479 -0.7890722 -0.1039109 -0.6054134 -0.789099 -0.1039106 -0.6054087 -0.7891027 -0.3046109 -0.6053748 -0.7353459 -0.3046105 -0.6053857 -0.7353371 -0.3046067 -0.6054748 -0.7352653 -0.3046063 -0.6054869 -0.7352555 -0.4845018 -0.6054949 -0.6313747 -0.4845027 -0.6054939 -0.6313749 -0.4845106 -0.605486 -0.6313765 -0.4845117 -0.605485 -0.6313767 -0.6314056 -0.605479 -0.4844814 -0.6314073 -0.6054799 -0.4844781 -0.6314209 -0.6054874 -0.4844509 -0.6314228 -0.6054884 -0.4844472 -0.7352795 -0.6054782 -0.3045657 -0.7352821 -0.6054751 -0.3045656 -0.7353041 -0.6054493 -0.3045639 -0.735307 -0.6054458 -0.3045637 0.7338368 -0.3799257 -0.563152 0.7338355 -0.3799623 -0.5631288 0.7338356 -0.3799583 -0.5631313 0.8545777 -0.3799622 -0.3540139 0.733837 -0.3799214 -0.5631546 0.5630959 -0.3799366 -0.7338742 0.5630837 -0.3799271 -0.7338885 0.563085 -0.3799282 -0.7338869 0.5630972 -0.3799377 -0.7338725 0.3539891 -0.3798745 -0.8546269 0.3539378 -0.3799284 -0.8546242 0.3539435 -0.3799226 -0.8546245 0.3539951 -0.3798683 -0.8546273 0.1207078 -0.3799067 -0.9171153 0.1207097 -0.3798339 -0.9171452 0.1207095 -0.3798419 -0.917142 0.1207075 -0.3799152 -0.9171119 -0.1207735 -0.3799101 -0.9171053 -0.1207717 -0.3798907 -0.9171136 -0.1207719 -0.3798928 -0.9171127 -0.1207737 -0.3799123 -0.9171043 -0.3540184 -0.3799446 -0.8545837 -0.3539935 -0.3799178 -0.8546058 -0.3539962 -0.3799207 -0.8546034 -0.3540213 -0.3799476 -0.854581 -0.5631738 -0.3798472 -0.7338606 -0.5631452 -0.3799444 -0.7338323 -0.5631483 -0.3799338 -0.7338353 -0.5631771 -0.3798359 -0.7338639 -0.7339059 -0.3799216 -0.5630647 -0.7339044 -0.3797978 -0.5631501 -0.7339046 -0.3798114 -0.5631408 -0.733906 -0.3799359 -0.5630548 -0.8546348 -0.3798587 -0.3539869 -0.8546054 -0.3799383 -0.3539726 -0.8546086 -0.3799296 -0.3539741 -0.8546382 -0.3798495 -0.3539885 0.9595551 0.2651699 -0.09454697 0.9595999 0.2650125 -0.09453308 0.9595588 0.2651568 -0.09454584 0.9596035 0.2649998 -0.09453195 0.9948969 0.02398961 -0.0980038 0.9948868 0.02428162 -0.09803444 0.9948961 0.02401351 -0.0980063 0.994886 0.0243054 -0.09803694 0.9711258 -0.2185323 -0.09569954 0.9711348 -0.2184884 -0.09570848 0.9711265 -0.2185288 -0.09570032 0.9711355 -0.2184847 -0.09570926 0.8897113 -0.4480249 -0.08767795 0.8896449 -0.4481606 -0.08765918 0.889706 -0.4480359 -0.08767646 0.8896392 -0.4481721 -0.08765757 0.7550396 -0.6514445 -0.07439905 0.7551281 -0.6513406 -0.0744121 0.7550468 -0.6514361 -0.07440006 0.7551358 -0.6513314 -0.07441323 0.5747544 -0.8163627 -0.05665153 0.5746474 -0.8164409 -0.05660969 0.5747457 -0.8163691 -0.05664813 0.5746378 -0.8164479 -0.05660587 0.3593518 -0.9325308 -0.0353927 0.3593529 -0.9325298 -0.03541088 0.3593519 -0.9325307 -0.03539419 0.359353 -0.9325296 -0.03541254 0.1209547 -0.9925839 -0.01213032 0.1225873 -0.9923843 -0.01207798 0.1182547 -0.9929081 -0.01221919 0.116659 -0.9930963 -0.0122627 0.1235886 -0.9916245 -0.03750449 0.3455441 -0.9325292 -0.1048272 0.3455415 -0.9325307 -0.104822 0.3455418 -0.9325306 -0.1048225 0.3184468 -0.9325267 -0.1702513 0.3184444 -0.9325284 -0.1702471 0.3184174 -0.9325461 -0.1702007 0.5093037 -0.8163877 -0.2722518 0.5092648 -0.8164225 -0.2722198 0.5092683 -0.8164194 -0.2722226 0.4463618 -0.8164284 -0.3663414 0.4463662 -0.8164246 -0.3663442 0.446417 -0.8163822 -0.3663766 0.58656 -0.6512817 -0.4814351 0.5865135 -0.6513507 -0.4813982 0.5865176 -0.6513447 -0.4814013 0.4813455 -0.6513621 -0.5865442 0.4813421 -0.6513662 -0.5865424 0.4813033 -0.6514134 -0.5865217 0.56706 -0.448204 -0.6910544 0.5670819 -0.4481902 -0.6910454 0.5670801 -0.4481914 -0.6910461 0.4213796 -0.4481832 -0.7883978 0.4213785 -0.4481847 -0.7883977 0.4213645 -0.4482016 -0.7883954 0.4599949 -0.2182956 -0.8606693 0.4599837 -0.218342 -0.8606635 0.4599847 -0.2183381 -0.860664 0.2832695 -0.2183665 -0.9338493 0.2832669 -0.2183712 -0.933849 0.2832373 -0.2184242 -0.9338456 0.2901451 0.02390915 -0.9566839 0.2901726 0.02408134 -0.9566713 0.2901704 0.02406734 -0.9566724 0.09796726 0.02406418 -0.9948986 0.09796643 0.02405881 -0.9948989 0.09795737 0.02399855 -0.9949013 0.09448826 0.2650471 -0.9595947 0.09447532 0.2651691 -0.9595623 0.09448719 0.265057 -0.9595921 0.09447419 0.2651793 -0.9595596 -0.09454518 0.2652025 -0.9595463 -0.09454518 0.2651999 -0.9595469 -0.09454518 0.2651715 -0.9595547 -0.09454524 0.265169 -0.9595555 -0.2799186 0.2651666 -0.9226767 -0.2799195 0.2651621 -0.9226777 -0.2799289 0.2651123 -0.9226892 -0.2799298 0.2651079 -0.9226903 -0.4545834 0.2651094 -0.8503358 -0.454579 0.2651142 -0.8503367 -0.4545313 0.2651676 -0.8503456 -0.4545271 0.2651723 -0.8503464 -0.6116885 0.2651938 -0.7453252 -0.6116901 0.2651898 -0.7453252 -0.6117075 0.2651464 -0.7453263 -0.611709 0.2651426 -0.7453265 -0.7453911 0.2651641 -0.6116209 -0.7453893 0.2651574 -0.611626 -0.7453693 0.265083 -0.6116827 -0.7453675 0.2650765 -0.6116877 -0.850391 0.265064 -0.4545068 -0.8503876 0.2650771 -0.4545055 -0.8503503 0.2652217 -0.4544909 -0.8503469 0.2652344 -0.4544896 -0.9226728 0.2652459 -0.2798564 -0.9226742 0.2652378 -0.2798597 -0.9226891 0.2651477 -0.2798955 -0.9226905 0.2651398 -0.2798987 -0.9595669 0.2651572 -0.09446179 -0.959566 0.2651606 -0.09446156 -0.959577 0.2651194 -0.09446513 -0.9949042 0.02391391 -0.09794753 -0.9949061 0.02386039 -0.0979411 -0.994906 0.0238648 -0.09794163 -0.9949041 0.02391833 -0.09794807 -0.9711748 -0.2183521 -0.095613 -0.9711884 -0.2182938 -0.09560924 -0.9711759 -0.2183474 -0.0956127 -0.9711894 -0.218289 -0.09560894 -0.8896463 -0.4481747 -0.08757203 -0.8896695 -0.4481271 -0.08757978 -0.8896482 -0.4481709 -0.08757269 -0.8896715 -0.448123 -0.08758044 -0.7550839 -0.6514019 -0.07432311 -0.7551092 -0.6513716 -0.07433271 -0.755086 -0.6513995 -0.07432389 -0.7551113 -0.651369 -0.0743336 -0.5748242 -0.8163189 -0.05657452 -0.5747111 -0.8163979 -0.05658417 -0.574815 -0.8163254 -0.05657529 -0.5747009 -0.816405 -0.05658507 -0.3593103 -0.9325475 -0.03537493 -0.3592728 -0.9325618 -0.03537732 -0.3593072 -0.9325487 -0.03537517 -0.3592693 -0.9325631 -0.03537756 -0.1225883 -0.9923841 -0.01207363 -0.1209807 -0.9925811 -0.01211255 -0.1182565 -0.9929088 -0.01214575 -0.1166869 -0.9930933 -0.01224917 -0.1236215 -0.9916208 -0.03749448 -0.107052 -0.9936439 -0.03480696 -0.1188146 -0.9908846 -0.06349122 -0.09427595 -0.994056 -0.0544511 -0.1080551 -0.9901826 -0.08867216 -0.07877582 -0.9943679 -0.07090097 -0.09142011 -0.9895656 -0.1113666 -0.06105649 -0.9945881 -0.08406358 -0.06953835 -0.9890643 -0.1300626 -0.04166203 -0.994739 -0.09358835 -0.04351925 -0.9886988 -0.1434604 -0.02111607 -0.9948307 -0.0993278 -0.01481425 -0.9885314 -0.1502875 -3.19571e-6 -0.9948585 -0.1012754 0.0148012 -0.9885207 -0.1503587 0.02110701 -0.9948292 -0.09934431 0.04349142 -0.9887033 -0.1434375 0.04164057 -0.9947486 -0.09349483 0.06952941 -0.989065 -0.1300619 0.0610519 -0.9945883 -0.08406412 0.09141153 -0.9895662 -0.1113678 0.07877218 -0.9943658 -0.07093405 0.1080612 -0.990181 -0.08868104 0.09428149 -0.9940559 -0.05444115 0.1188351 -0.9908787 -0.06354361 0.1070668 -0.9936428 -0.03479665 -0.959578 0.265116 -0.09446549 0.2798809 0.2650561 -0.92272 0.2798512 0.2652282 -0.9226795 0.2798784 0.2650704 -0.9227165 0.2798488 0.265242 -0.9226762 0.2901429 0.02389502 -0.9566851 0.4712529 0.02387827 -0.8816748 0.4712505 0.02388316 -0.8816761 0.4712227 0.02393817 -0.8816894 0.4599959 -0.2182918 -0.8606699 0.6190517 -0.2182635 -0.7544111 0.619049 -0.2182762 -0.7544097 0.6190181 -0.2184165 -0.7543943 0.5670582 -0.4482051 -0.6910551 0.6910164 -0.4482399 -0.5670781 0.6910159 -0.4482321 -0.5670847 0.6910114 -0.4481486 -0.5671561 0.5865637 -0.6512761 -0.4814381 0.669224 -0.6512897 -0.3577165 0.6692187 -0.6512963 -0.3577144 0.6691624 -0.6513655 -0.3576936 0.5093069 -0.8163849 -0.2722544 0.5526419 -0.8163807 -0.1676591 0.5526427 -0.8163798 -0.1676609 0.5526504 -0.8163706 -0.16768 0.3455443 -0.932529 -0.1048277 0.4544562 0.2652536 -0.8503589 0.4545311 0.2651539 -0.8503499 0.4544624 0.2652453 -0.8503581 0.4545371 0.2651458 -0.8503491 0.4712202 0.02394306 -0.8816906 0.6341608 0.02392017 -0.7728311 0.6341614 0.02393859 -0.7728302 0.6341671 0.02414566 -0.7728191 0.6190154 -0.2184288 -0.754393 0.7543184 -0.2184398 -0.6191025 0.7543191 -0.2184423 -0.6191008 0.7543265 -0.2184699 -0.619082 0.691011 -0.4481413 -0.5671624 0.7883843 -0.4481506 -0.4214398 0.7883833 -0.4481505 -0.4214417 0.7883723 -0.4481494 -0.4214632 0.6691575 -0.6513716 -0.3576917 0.7260775 -0.651382 -0.2202565 0.7260732 -0.6513867 -0.2202568 0.7260278 -0.651436 -0.2202608 0.5526511 -0.8163698 -0.1676816 0.6116279 0.2651479 -0.7453911 0.6116709 0.2651516 -0.7453545 0.6116315 0.2651482 -0.745388 0.6116744 0.2651519 -0.7453516 0.6341676 0.02416414 -0.772818 0.7727611 0.02419012 -0.6342358 0.7727608 0.02417975 -0.6342367 0.772756 0.02406305 -0.6342468 0.7543272 -0.2184724 -0.6190803 0.8606019 -0.2184667 -0.4600399 0.8606052 -0.2184554 -0.460039 0.8606423 -0.2183311 -0.4600288 0.7883714 -0.4481493 -0.421465 0.8554546 -0.4481472 -0.2595414 0.8554588 -0.4481393 -0.2595412 0.8555044 -0.4480534 -0.2595388 0.7260239 -0.6514403 -0.2202612 0.7453097 0.2651553 -0.6117239 0.7453406 0.265088 -0.6117154 0.7453123 0.2651497 -0.6117231 0.7453431 0.2650826 -0.6117148 0.7727557 0.02405261 -0.6342478 0.8816697 0.02406704 -0.4712532 0.8816679 0.02405738 -0.4712569 0.8816486 0.02394849 -0.4712986 0.8606455 -0.2183201 -0.4600279 0.9338473 -0.2183126 -0.2833176 0.9338437 -0.2183294 -0.2833163 0.9338047 -0.2185152 -0.2833018 0.8555084 -0.4480459 -0.2595386 0.850356 0.2650666 -0.4545706 0.850356 0.2651227 -0.454538 0.8503561 0.2650713 -0.4545679 0.8503561 0.2651272 -0.4545354 0.8816469 0.02393883 -0.4713023 0.9566515 0.02393472 -0.2902501 0.9566511 0.02393984 -0.290251 0.9566468 0.02399766 -0.2902607 0.9338014 -0.2185316 -0.2833006 0.9226839 0.2651289 -0.2799307 0.9226779 0.2651604 -0.2799208 0.9226834 0.2651315 -0.2799299 0.9226773 0.2651629 -0.2799199 0.9566463 0.02400279 -0.2902615 0.3184146 -0.9325479 -0.1701961 0.2790916 -0.9325532 -0.229025 0.2790915 -0.9325523 -0.2290285 0.2790901 -0.9325433 -0.2290676 0.4464221 -0.8163781 -0.3663798 0.3663492 -0.816382 -0.4464402 0.3663487 -0.8163824 -0.4464398 0.3663427 -0.8163874 -0.4464356 0.4812996 -0.6514179 -0.5865197 0.3576398 -0.6513923 -0.6691651 0.3576408 -0.6513891 -0.6691677 0.3576515 -0.6513525 -0.6691975 0.4213632 -0.4482032 -0.7883952 0.2594448 -0.448196 -0.8554582 0.2594472 -0.4481877 -0.8554619 0.2594752 -0.4480929 -0.855503 0.2832347 -0.218429 -0.9338452 0.09561967 -0.2184197 -0.9711591 0.09561979 -0.2184202 -0.9711588 0.09562134 -0.2184253 -0.9711576 0.09795653 0.02399319 -0.9949014 -0.09802877 0.02396816 -0.994895 -0.09802776 0.02397543 -0.9948949 -0.09801656 0.02405667 -0.9948941 0.2790899 -0.9325423 -0.2290716 0.2290357 -0.932537 -0.2791371 0.2290363 -0.932536 -0.2791398 0.2290439 -0.9325251 -0.27917 0.3663421 -0.8163878 -0.4464353 0.2722178 -0.8163992 -0.5093035 0.2722189 -0.8163969 -0.5093066 0.2722308 -0.8163712 -0.5093412 0.3576525 -0.651349 -0.6692004 0.2202494 -0.6513548 -0.7261041 0.2202483 -0.6513571 -0.7261025 0.2202357 -0.6513828 -0.7260832 0.2594778 -0.4480841 -0.8555069 0.08759796 -0.4481239 -0.8896694 0.08759748 -0.4481236 -0.8896697 0.0875923 -0.4481201 -0.8896719 0.09562152 -0.2184257 -0.9711575 -0.0956726 -0.2184121 -0.9711555 -0.09567356 -0.2184179 -0.9711542 -0.0956847 -0.2184836 -0.9711382 -0.0980156 0.02406388 -0.994894 -0.290224 0.02408015 -0.9566558 -0.2902254 0.02407187 -0.9566556 -0.2902415 0.023979 -0.9566529 0.2290446 -0.932524 -0.2791731 0.1701949 -0.9325323 -0.318461 0.1701937 -0.9325335 -0.318458 0.1701801 -0.9325472 -0.3184249 0.272232 -0.8163686 -0.5093446 0.1676207 -0.8163538 -0.5526933 0.1676223 -0.816355 -0.552691 0.1676401 -0.8163688 -0.5526654 0.2202344 -0.6513853 -0.7260814 0.07434731 -0.6513508 -0.7551257 0.07434713 -0.6513508 -0.7551257 0.07434481 -0.6513513 -0.7551255 0.08759176 -0.4481197 -0.8896721 -0.08765524 -0.4481002 -0.8896757 -0.0876553 -0.448102 -0.8896747 -0.08765566 -0.4481229 -0.8896642 -0.09568572 -0.2184895 -0.9711368 -0.2833133 -0.2184847 -0.9338083 -0.2833128 -0.2184749 -0.9338108 -0.2833074 -0.2183629 -0.9338386 -0.290243 0.02397078 -0.9566527 -0.4712873 0.02399945 -0.8816533 -0.4712884 0.0239911 -0.8816528 -0.4713012 0.02389729 -0.8816486 0.1701787 -0.9325487 -0.3184216 0.1047956 -0.9325546 -0.3454852 0.1047953 -0.9325537 -0.3454877 0.1047922 -0.9325435 -0.345516 0.1676418 -0.8163701 -0.5526629 0.05658781 -0.8163875 -0.5747253 0.05658733 -0.8163865 -0.5747268 0.05658191 -0.8163751 -0.5747438 0.07434457 -0.6513513 -0.7551254 -0.07440382 -0.6513928 -0.7550838 -0.07440334 -0.6513885 -0.7550876 -0.07439768 -0.6513393 -0.7551305 -0.08765572 -0.4481248 -0.8896632 -0.2595421 -0.4481852 -0.8554344 -0.2595404 -0.4481876 -0.8554336 -0.2595214 -0.4482162 -0.8554244 -0.283307 -0.2183528 -0.9338411 -0.4600432 -0.2183396 -0.8606324 -0.4600433 -0.2183446 -0.8606311 -0.4600446 -0.2184013 -0.860616 -0.4713023 0.02388894 -0.8816483 -0.6342495 0.02386832 -0.7727599 -0.6342489 0.02387458 -0.7727602 -0.6342423 0.02394461 -0.7727635 0.1047919 -0.9325425 -0.3455189 0.03537446 -0.9325582 -0.3592826 0.03537446 -0.9325575 -0.3592846 0.03537416 -0.9325486 -0.3593075 0.05658137 -0.816374 -0.5747454 -0.05663108 -0.816407 -0.5746936 -0.05663073 -0.8164017 -0.5747011 -0.05662626 -0.8163422 -0.5747859 -0.07439714 -0.6513347 -0.7551346 -0.2202907 -0.6513721 -0.7260761 -0.2202898 -0.6513657 -0.726082 -0.2202809 -0.6512927 -0.7261502 -0.2595197 -0.4482188 -0.8554236 -0.4214315 -0.4482648 -0.7883237 -0.4214321 -0.4482549 -0.788329 -0.4214393 -0.4481414 -0.7883896 -0.4600448 -0.2184064 -0.8606146 -0.6191228 -0.2184292 -0.754305 -0.6191203 -0.2184196 -0.7543095 -0.6190931 -0.218311 -0.7543634 -0.6342417 0.02395087 -0.7727638 -0.7728009 0.02394813 -0.6341966 -0.7728029 0.02394849 -0.6341943 -0.7728245 0.02395278 -0.6341676 0.03537416 -0.9325476 -0.3593098 -0.03540146 -0.9325549 -0.3592885 -0.03540146 -0.9325539 -0.3592912 -0.03540116 -0.9325423 -0.3593213 -0.05662584 -0.8163364 -0.5747942 -0.1676654 -0.8163698 -0.5526561 -0.1676647 -0.8163712 -0.5526543 -0.1676568 -0.8163864 -0.5526344 -0.2202801 -0.6512857 -0.7261567 -0.357712 -0.6513175 -0.6691992 -0.357711 -0.6513161 -0.6692011 -0.3576996 -0.6512994 -0.6692236 -0.42144 -0.4481309 -0.7883952 -0.5671453 -0.4481195 -0.6910392 -0.5671445 -0.4481215 -0.6910386 -0.5671351 -0.4481441 -0.6910316 -0.6190906 -0.2183012 -0.7543682 -0.7543912 -0.2183081 -0.6190603 -0.7543902 -0.2183173 -0.6190581 -0.7543805 -0.2184228 -0.6190329 -0.7728266 0.02395319 -0.6341652 -0.8816787 0.02394801 -0.4712424 -0.8816789 0.02394741 -0.4712421 -0.8816813 0.02394044 -0.4712377 -0.03540116 -0.9325411 -0.3593243 -0.1048213 -0.9325535 -0.3454802 -0.1048215 -0.932553 -0.3454816 -0.1048233 -0.9325467 -0.3454981 -0.1676561 -0.8163878 -0.5526324 -0.2722365 -0.8164141 -0.5092696 -0.2722367 -0.8164153 -0.5092674 -0.2722393 -0.8164297 -0.5092431 -0.3576985 -0.6512978 -0.6692257 -0.4813888 -0.651335 -0.5865387 -0.4813894 -0.6513351 -0.586538 -0.481397 -0.6513369 -0.5865299 -0.5671342 -0.4481462 -0.691031 -0.6910805 -0.4481452 -0.5670748 -0.691078 -0.448145 -0.5670779 -0.6910502 -0.4481429 -0.5671135 -0.7543796 -0.2184324 -0.6190305 -0.8606384 -0.2184338 -0.4599874 -0.8606398 -0.2184256 -0.4599885 -0.8606567 -0.2183329 -0.4600009 -0.8816816 0.02393984 -0.4712373 -0.9566817 0.0239318 -0.2901506 -0.9566817 0.0239281 -0.2901512 -0.9566808 0.02388644 -0.2901576 -0.1048235 -0.932546 -0.3454998 -0.1702101 -0.9325347 -0.3184455 -0.170211 -0.9325349 -0.3184447 -0.1702203 -0.9325363 -0.3184356 -0.2722396 -0.816431 -0.5092407 -0.3663414 -0.8163781 -0.4464538 -0.3663426 -0.8163828 -0.4464443 -0.3663556 -0.8164355 -0.4463371 -0.4813978 -0.651337 -0.5865291 -0.5865826 -0.6513279 -0.4813449 -0.5865813 -0.6513315 -0.4813416 -0.5865669 -0.6513727 -0.4813033 -0.6910476 -0.4481427 -0.5671167 -0.7884091 -0.4481518 -0.421392 -0.7884085 -0.4481499 -0.4213951 -0.7884018 -0.4481285 -0.4214303 -0.8606583 -0.2183245 -0.460002 -0.9338666 -0.2183208 -0.2832475 -0.9338673 -0.2183185 -0.2832474 -0.9338737 -0.2182919 -0.2832465 -0.9566807 0.02388274 -0.2901581 -0.1702212 -0.9325364 -0.3184346 -0.2290837 -0.932536 -0.279101 -0.229083 -0.9325349 -0.2791053 -0.2290753 -0.9325225 -0.2791529 -0.3663569 -0.8164406 -0.4463266 -0.4463893 -0.8164151 -0.3663373 -0.4463981 -0.8164083 -0.3663416 -0.4464966 -0.8163326 -0.3663901 -0.5865656 -0.6513767 -0.4812996 -0.6691703 -0.6513755 -0.3576607 -0.6691698 -0.6513748 -0.357663 -0.6691642 -0.651366 -0.3576892 -0.7884012 -0.4481265 -0.4214335 -0.8554871 -0.448135 -0.2594553 -0.8554864 -0.448135 -0.2594577 -0.8554782 -0.4481346 -0.259485 -0.9338744 -0.2182895 -0.2832464 -0.2290745 -0.9325212 -0.2791577 -0.2791321 -0.9325358 -0.2290465 -0.2791305 -0.9325358 -0.2290482 -0.2791127 -0.9325364 -0.2290678 -0.4465063 -0.8163253 -0.3663949 -0.5094158 -0.8163226 -0.272237 -0.5094101 -0.8163256 -0.2722392 -0.5093457 -0.8163573 -0.2722645 -0.6691638 -0.6513652 -0.3576917 -0.7260966 -0.651382 -0.2201939 -0.7260972 -0.6513804 -0.2201964 -0.7261042 -0.6513632 -0.2202244 -0.8554775 -0.4481346 -0.2594875 -0.2791109 -0.9325364 -0.2290698 -0.3184397 -0.9325501 -0.1701367 -0.3184391 -0.9325495 -0.1701413 -0.3184316 -0.9325426 -0.170193 -0.5093393 -0.8163604 -0.272267 -0.5526694 -0.8163673 -0.1676332 -0.5526654 -0.8163703 -0.1676323 -0.5526205 -0.8164029 -0.1676219 -0.7261049 -0.6513615 -0.220227 -0.3184309 -0.9325419 -0.1701982 -0.3455197 -0.9325461 -0.1047565 -0.345516 -0.9325473 -0.1047583 -0.3454749 -0.9325605 -0.1047771 -0.5526161 -0.816406 -0.1676208 -0.3454707 -0.9325618 -0.104779 -0.9821581 0 0.1880576 -0.9821581 0 0.1880576 -0.9986227 0 -0.05246758 -0.9986227 0 -0.05246818 -0.9570506 0 -0.2899214 -0.8598374 0 -0.5105681 -0.8598459 3.25329e-6 -0.5105537 -0.7126957 2.6026e-6 -0.7014734 -0.7126847 0 -0.7014846 -0.524087 0 -0.8516649 -0.5240864 0 -0.8516651 -0.3051084 0 -0.9523177 -0.3051058 0 -0.9523184 0.1724187 0 -0.9850237 0.1724192 0 -0.9850237 0.4032205 0 -0.915103 0.4032214 0 -0.9151026 0.6104408 0 -0.7920619 0.6104421 0 -0.792061 0.782285 0 -0.6229209 0.7822846 0 -0.6229211 0.9086165 0 -0.4176317 0.9086161 0 -0.4176324 0.9086164 0 -0.4176318 0.9086161 0 -0.4176325 -0.982155 0 0.1880733 -0.9821584 3.30973e-6 0.1880559 -0.9821555 4.31498e-7 0.1880711 -0.9821588 3.74123e-6 0.1880536 -0.9986227 3.74125e-6 -0.05246871 -0.9986227 3.90392e-6 -0.05246859 -0.9570537 3.74125e-6 -0.2899106 -0.859864 0 -0.5105234 -0.859864 0 -0.5105232 -0.7126746 0 -0.7014948 -0.7126808 1.36634e-6 -0.7014884 -0.5240998 1.58592e-6 -0.851657 -0.5240933 0 -0.8516609 -0.3050742 0 -0.9523287 -0.3050755 0 -0.9523283 0.1724596 0 -0.9850166 0.4031605 0 -0.9151294 0.4031522 1.73472e-6 -0.9151329 0.6104588 1.50464e-6 -0.792048 0.6104656 0 -0.7920429 0.7822648 0 -0.6229462 0.782264 0 -0.6229471 0.9086259 0 -0.4176113 0.9086278 7.19516e-7 -0.4176068 0.9086261 0 -0.4176107 0.9086282 8.13319e-7 -0.4176063 -0.9703141 0 0.2418485 -0.970313 0 0.2418525 -0.970314 0 0.2418488 -0.970313 0 0.2418528 -0.9636155 0 0.2672927 -0.9636155 0 0.2672922 -0.9562568 0 0.2925286 -0.9562569 0 0.2925282 -0.9821603 7.80748e-6 0.188046 -0.9821535 9.0052e-7 0.1880813 -0.9821593 6.90695e-6 0.1880506 -0.9821527 0 0.1880859 -0.9986226 0 -0.05246925 -0.9986226 0 -0.05246919 -0.9570459 0 -0.2899369 -0.9570574 7.80753e-6 -0.2898988 -0.8598374 6.50651e-6 -0.5105681 -0.8598191 0 -0.5105989 -0.712685 0 -0.7014842 -0.7126857 0 -0.7014836 -0.5240926 0 -0.8516613 -0.3051376 0 -0.9523084 -0.3051308 -1.30131e-6 -0.9523106 -0.06826686 -2.43978e-7 -0.9976671 -0.06826955 2.43987e-7 -0.997667 0.1724631 -6.50667e-7 -0.985016 0.1724556 6.50639e-7 -0.9850174 0.4031521 1.95198e-6 -0.9151331 0.4031738 -1.95205e-6 -0.9151235 0.6104645 -2.60259e-6 -0.7920436 0.610445 2.60251e-6 -0.7920587 0.782284 3.90392e-6 -0.622922 0.7822846 2.60262e-6 -0.6229211 0.908608 2.60251e-6 -0.4176503 0.9086076 3.75367e-6 -0.4176512 0.9086079 2.75259e-6 -0.4176504 0.9086074 3.90376e-6 -0.4176513 -0.9568148 0 -0.2906984 -0.9568123 0 -0.2907064 -0.9568147 0 -0.2906987 -0.9568122 0 -0.2907067 -0.8594287 0 -0.5112559 -0.8594288 0 -0.5112556 -0.712265 0 -0.7019106 -0.5234743 0 -0.8520415 -0.5234893 0 -0.8520324 -0.3045266 0 -0.9525039 -0.3045538 0 -0.9524952 -0.0679329 0 -0.99769 -0.06793731 2.34228e-7 -0.9976896 0.1727525 -7.02688e-7 -0.9849653 0.4035663 0 -0.9149505 0.4035666 0 -0.9149503 0.6105479 0 -0.7919794 0.6105483 0 -0.7919791 0.7823333 0 -0.6228601 0.7823413 0 -0.6228501 0.908665 0 -0.4175263 0.9086598 0 -0.4175376 -0.9570565 3.25317e-6 -0.2899015 -0.5240963 0 -0.851659 -0.3051024 0 -0.9523196 -0.3051006 0 -0.9523202 0.6104531 -2.60263e-6 -0.7920525 0.7822951 -2.60265e-6 -0.6229081 0.9086086 0 -0.4176489 0.9086082 0 -0.4176496 0.9086085 0 -0.417649 0.9086081 0 -0.4176497 -0.9821589 0 0.1880535 -0.9986226 0 -0.05246865 -0.8598638 0 -0.5105236 0.4031516 0 -0.9151332 0.4031592 -1.52498e-6 -0.9151299 0.6104653 -2.3586e-6 -0.792043 0.6104649 -2.31794e-6 -0.7920433 0.7822746 -3.00924e-6 -0.6229339 0.9086183 0 -0.4176278 0.9086183 0 -0.4176278 -0.9821603 0 0.1880457 -0.9821603 0 0.1880458 -0.7126648 0 -0.7015047 -0.3051316 0 -0.9523103 -0.06826972 0 -0.9976669 0.1724561 0 -0.9850172 0.4031679 0 -0.9151261 0.4031746 0 -0.9151231 0.610445 0 -0.7920587 0.908608 0 -0.4176503 -0.970313 0 0.2418528 -0.9562671 0 0.292495 -0.9482435 0 0.3175441 -0.9482327 3.40028e-6 0.3175765 -0.9395634 3.40054e-6 0.3423749 -0.9395751 0 0.3423429 -0.9302198 0 0.367003 -0.9302314 3.17345e-6 0.3669738 -0.9302206 2.2678e-7 0.3670009 -0.9302322 3.40024e-6 0.3669717 -0.97341 0 0.2290698 -0.97341 0 0.2290698 -0.9734099 0 0.2290703 -0.97341 0 0.2290703 -0.9897443 0 0.1428512 -0.9897442 0 0.1428512 -0.9897443 0 0.1428512 -0.9994831 0 -0.03215295 -0.9785169 3.51682e-6 -0.2061665 -0.9785145 0 -0.2061784 -0.978515 7.41144e-7 -0.2061759 -0.9785175 4.25797e-6 -0.206164 -0.9274679 7.39813e-7 -0.373903 -0.9274725 4.25031e-6 -0.3738914 -0.9274715 3.5105e-6 -0.3738939 -0.9274669 0 -0.3739055 -0.8479395 0 -0.5300931 -0.3050544 0 -0.952335 -0.3050541 0 -0.9523351 -0.3050541 0 -0.952335 -0.3050546 0 -0.9523349 0.04102802 0 -0.9991581 0.2148668 -6.69183e-7 -0.9766434 0.2148645 0 -0.9766439 0.214865 -1.41027e-7 -0.9766438 0.2148673 -8.10211e-7 -0.9766432 0.3821009 -2.49687e-7 -0.9241206 0.3821049 -1.4345e-6 -0.924119 0.382104 -1.18481e-6 -0.9241194 0.3821001 0 -0.924121 0.5376027 0 -0.8431983 0.5376029 0 -0.8431983 0.5376028 0 -0.8431982 0.5376027 0 -0.8431984 0.6765865 0 -0.7363632 0.7947635 0 -0.6069194 0.7947634 0 -0.6069194 0.8885495 0 -0.4587811 0.8885498 0 -0.4587805 0.8915189 0 -0.4529836 0.8915187 0 -0.452984 0.8944501 0 -0.4471677 0.8944501 0 -0.4471677 0.9161706 0 -0.4007886 0.9161587 -6.09034e-6 -0.4008159 0.9161688 -8.98116e-7 -0.4007925 0.916157 -6.98844e-6 -0.4008198 0.9523231 -6.98813e-6 -0.3050916 0.9523323 -8.98117e-7 -0.3050626 0.9523244 -6.09002e-6 -0.3050873 0.9523337 0 -0.3050584 0.9785301 0 -0.2061044 0.97853 0 -0.2061043 0.987793 0 -0.1557726 0.987793 0 -0.1557726 0.9887884 0 -0.1493237 0.9887885 0 -0.1493235 0.999484 0 0.0321238 0.9785063 0 0.2062175 0.9785062 0 0.2062175 0.9274659 0 0.3739079 0.847951 0 0.5300748 0.8479509 0 0.5300748 0.7423527 0 0.6700094 0.7423527 0 0.6700093 0.6139096 0 0.7893764 0.4666931 0 0.8844195 0.466696 0 0.8844177 0.4666954 0 0.8844181 0.4666925 0 0.8844197 0.3050708 0 0.9523297 0.3050704 0 0.9523299 0.3050705 0 0.9523299 0.3050708 0 0.9523297 0.1340522 0 0.9909744 0.1340522 0 0.9909743 -0.04099351 0 0.9991594 -0.04099351 0 0.9991594 -0.2148706 0 0.9766426 -0.2148706 0 0.9766426 -0.3821113 0 0.9241164 -0.3821107 0 0.9241166 -0.3821108 0 0.9241166 -0.3821114 0 0.9241164 -0.5375923 0 0.8432049 -0.5375953 0 0.843203 -0.5375946 0 0.8432034 -0.5375916 0 0.8432053 -0.6766018 0 0.7363492 -0.7947766 0 0.6069022 -0.7947766 0 0.6069022 -0.8885362 0 0.4588066 -0.8885359 0 0.4588071 -0.888536 0 0.458807 -0.8885362 0 0.4588065 -0.9253328 0 0.3791561 -0.9253329 1.87472e-7 0.3791561 -0.925333 3.78242e-6 0.3791555 -0.925333 3.96989e-6 0.3791555 0.9821735 0 -0.187977 0.9821735 0 -0.187977 0.9986248 0 0.05242764 0.9570441 0 0.2899427 0.7127472 0 0.7014212 0.7127465 0 0.7014218 0.5240771 0 0.851671 0.5240812 0 0.8516684 0.3050439 0 0.9523383 0.06824898 0 0.9976684 -0.1723823 0 0.9850301 -0.4032117 0 0.9151068 -0.6104682 0 0.7920409 -0.7822563 0 0.6229568 -0.9086128 0 0.4176396 0.9821593 0 -0.1880515 0.9821593 0 -0.1880516 0.9986226 0 0.05246865 0.957049 0 0.2899265 0.8598583 0 0.5105327 0.7126957 0 0.7014734 0.06828153 0 0.9976661 -0.1724495 0 0.9850184 -0.4031855 0 0.9151183 -0.403178 1.54527e-6 0.9151216 -0.6104521 2.31797e-6 0.7920532 -0.6104622 0 0.7920455 -0.7822644 0 0.6229466 -0.9086201 0 0.4176238 0.9821665 0 -0.1880133 0.9821665 0 -0.1880133 0.9570459 0 0.2899369 0.859861 0 0.5105282 0.3050568 0 0.9523343 0.06831401 0 0.9976639 -0.1724421 0 0.9850197 -0.1724394 0 0.9850201 -0.4031942 0 0.9151145 -0.4031867 1.62659e-6 0.9151178 -0.6104682 1.95189e-6 0.7920409 -0.6104782 0 0.7920331 -0.7822685 0 0.6229414 -0.9086157 0 0.4176335 -0.9086142 0 0.4176365 -0.9086158 0 0.4176331 9.95386e-7 -1 1.69073e-7 0 -1 5.03832e-7 3.43138e-7 -1 -3.13275e-6 0 -1 2.59241e-6 0 -1 -2.58939e-7 2.76703e-7 -1 0 -1.8174e-6 -1 4.62446e-7 -3.52003e-6 -1 -1.5225e-7 6.84073e-7 -1 1.65551e-6 -1.44731e-6 -1 -1.3264e-5 2.81716e-6 -1 1.50665e-6 1.98486e-6 -1 -4.29705e-6 1.36996e-6 -1 2.60391e-6 0 -1 1.03116e-6 0 -1 1.19206e-6 0 -1 -2.16282e-6 0 -1 9.14292e-6 0 -1 -3.00462e-6 0 -1 7.2272e-7 0 -1 3.87839e-7 0 -1 1.75411e-6 0 -1 -2.46455e-6 -1.5892e-6 -1 -1.03702e-6 -2.79332e-6 -1 -8.97504e-7 -1.84643e-6 -1 2.72407e-6 -1.72074e-6 -1 -8.96925e-7 0 -1 8.91274e-7 0 -1 -5.87242e-7 0 -1 0 0 -1 -5.29209e-7 0 -1 0 0 -1 7.97163e-7 0 -1 7.91225e-6 0 -1 -1.11422e-6 0 -1 -1.09355e-6 0 -1 5.82501e-7 2.68698e-7 -1 -6.02942e-7 0 -1 -4.63605e-6 -2.86135e-7 -1 3.96307e-6 -1.78052e-7 -1 -1.46566e-6 0 -1 -9.3741e-7 5.32061e-7 -1 -1.594e-6 6.67761e-7 -1 7.96996e-7 4.35921e-7 -1 -5.48745e-6 -2.82208e-4 -1 1.25872e-4 -9.48104e-7 -1 1.13944e-6 -9.51307e-7 -1 -3.37569e-7 -7.98699e-6 -1 1.04559e-5 0 -1 0 0 -1 -1.19057e-6 -2.14664e-6 -1 -4.18761e-7 -2.35249e-6 -1 1.46421e-6 -1.00249e-6 -1 -1.64888e-6 0 -1 0 -2.66749e-7 -1 -1.73759e-6 -1.46023e-7 -1 0 -1.76891e-7 -1 9.12121e-7 -2.15364e-7 -1 0 -1.98492e-6 -1 -2.83437e-6 -4.95123e-7 -1 -1.19889e-5 -2.74637e-6 -1 3.99096e-7 0 -1 2.38059e-7 -7.26672e-7 -1 1.09358e-6 -1.21476e-6 -1 -2.02703e-6 -2.87431e-6 -1 5.97095e-7 -1.36064e-6 -1 0 -2.27089e-6 -1 0 0 -1 -6.55949e-7 -1.51114e-6 -1 -2.28029e-7 -5.30033e-7 -1 -3.93228e-6 -3.84031e-6 -1 -1.98071e-6 0 -1 1.98865e-6 0 -1 -1.57651e-6 0 -1 3.5571e-6 0 -1 6.56755e-7 0 -1 -4.37848e-7 0 -1 1.78434e-6 0 -1 -1.12176e-6 0 -1 5.0788e-7 0 -1 -2.36719e-6 0 -1 -6.05921e-6 0 -1 8.01937e-7 0 -1 -1.46122e-6 0 -1 -1.82474e-5 0 -1 5.76843e-7 0 -1 0 -9.03593e-7 -1 -2.17545e-6 2.16928e-7 -1 -3.98509e-7 -4.44404e-7 -1 1.46839e-6 1.94643e-5 -1 4.33968e-6 -6.92283e-7 -1 0 0 -1 2.04255e-7 1.49746e-7 -1 0 -9.25837e-7 -1 -3.44107e-6 0 -1 3.42059e-5 0 -1 9.46877e-7 0 -1 2.78463e-7 0 -1 -1.55748e-6 2.49112e-7 -1 0 0 -1 1.19533e-6 0 -1 -2.96784e-7 1.26012e-7 -1 0 -4.58912e-6 -1 0 -1.75827e-6 -1 1.19553e-6 -1.40486e-6 -1 -1.50505e-7 -3.02862e-6 -1 2.02065e-6 0 -1 3.20813e-6 0 -1 0 0 -1 0 0 -1 -2.31558e-6 -1.94643e-5 1 -4.33968e-6 4.0863e-7 1 -2.11751e-6 -2.37647e-7 1 2.92588e-6 8.20386e-7 1 4.99435e-6 7.64057e-7 1 9.60871e-7 0 1 3.19872e-7 0 1 -2.73197e-6 0 1 2.12931e-5 0 1 -1.11584e-6 0 1 1.11011e-6 0 1 1.67561e-7 0 1 7.50603e-7 0 1 9.68445e-7 0 1 2.06523e-7 0 1 1.72939e-6 0 1 -1.75413e-6 0 1 -3.87837e-7 0 1 -2.08393e-6 5.00024e-6 1 5.42161e-6 1.47064e-6 1 1.39832e-6 0 1 1.46118e-6 0 1 1.98049e-7 2.34364e-6 1 2.08895e-6 1.98483e-6 1 0 1.36997e-6 1 0 2.81715e-6 1 0 1.34646e-6 1 2.87821e-7 6.84055e-7 1 6.01981e-7 9.13793e-7 1 8.98353e-7 0 1 0 4.94053e-7 1 0 -1.30915e-7 1 -1.505e-6 0 1 -1.11993e-6 0 1 -4.68707e-7 0 1 -1.4773e-7 -1.08033e-6 1 2.15259e-6 -2.85591e-7 1 -3.64562e-6 0 1 -2.78272e-5 -2.42735e-7 1 0 -2.61989e-7 1 0 -9.46142e-7 1 -3.0573e-6 1.84022e-6 1 1.94156e-6 0 1 0 0 1 2.13685e-7 -2.08679e-7 1 -2.78322e-7 -1.66625e-7 1 1.98978e-6 -2.38821e-7 1 0 1.4428e-6 1 1.6912e-6 4.73597e-6 1 -2.15477e-6 0 1 5.39721e-7 0 1 0 0 1 -7.25085e-7 0 1 5.2894e-7 0 1 -1.09306e-6 0 1 -4.9741e-7 0 1 -8.41209e-6 0 1 6.84371e-6 1.5161e-6 1 -3.35164e-7 0 1 4.73432e-6 2.00362e-6 1 -2.24353e-6 1.6138e-6 1 -4.40044e-7 2.22801e-6 1 -2.90369e-6 0 1 -1.59336e-6 0 1 -3.58175e-7 0 1 -6.82348e-7 0 1 3.35122e-7 0 1 2.22019e-6 -1.36063e-6 1 -5.31489e-7 -2.58536e-6 1 1.65646e-6 -2.8743e-6 1 -4.37172e-7 -7.26684e-7 1 3.14724e-6 0 1 6.94324e-5 -8.46377e-7 1 1.94e-6 0 1 -1.37643e-7 2.24485e-6 1 -2.26014e-7 1.71015e-5 1 3.52454e-6 -1.60213e-5 1 1.735e-5 9.30116e-7 1 5.87967e-7 4.02389e-7 1 -2.15804e-6 0 1 -2.05044e-4 0 1 1.55379e-7 0 1 -5.03407e-6 -2.1003e-7 1 -2.75875e-7 -1.45295e-7 1 -1.13826e-6 3.7549e-7 1 0 6.01714e-7 1 -1.30695e-6 -3.71898e-7 1 1.91819e-6 -6.32563e-7 1 1.55388e-6 1.29834e-6 1 -1.07532e-6 6.47973e-7 1 0 0 1 -5.51581e-6 -1.11172e-6 1 0 1.46962e-7 1 -1.97522e-6 -7.64193e-7 1 1.18296e-6 0 1 -2.63059e-6 1.30654e-6 1 1.11751e-6 -2.41705e-7 1 -2.50725e-6 -1.90357e-7 1 -4.00673e-6 2.517e-6 1 -2.17144e-6 -3.26658e-7 1 -1.4578e-7 0 1 -4.20643e-7 -4.98667e-7 1 1.71852e-6 4.44406e-7 1 0 0 1 4.47739e-6 1.42066e-5 1 7.34312e-6 0 1 -6.92297e-6 0 1 2.06205e-6 0 1 -3.03294e-6 0 1 5.26758e-6 0 1 1.75348e-6 0 1 0 -3.6302e-6 1 -1.72506e-7 0 1 0 -2.89566e-6 1 -8.23638e-7 0 1 0 2.06758e-7 1 3.10306e-6 3.00267e-7 1 -4.24154e-6 0 1 0 3.69594e-6 1 3.41763e-6 0 1 2.01114e-6 0 1 -2.93121e-7 0 1 -9.08621e-7 6.71413e-7 1 0 2.46265e-6 1 -1.50855e-6 2.08874e-6 1 9.28823e-7 2.66756e-7 1 0 1.46027e-7 1 3.79591e-7 1.76888e-7 1 1.1327e-6 2.15367e-7 1 -6.12306e-7 1.19927e-7 1 2.29957e-6 9.64557e-7 1 -2.85003e-7 0 1 1.34566e-6 2.52173e-6 1 0 1.96705e-6 1 -3.29833e-6 0.9848631 0 0.1733341 0.9848631 0 0.1733345 0.9848631 0 0.1733343 0.9848631 0 0.1733347 0.9738347 0 -0.227258 0.973811 -3.42292e-6 -0.227359 0.9738341 0 -0.2272602 0.9738105 -3.50126e-6 -0.2273613 0.9976909 -3.50061e-6 -0.06791973 0.9976974 0 -0.0678237 0.997691 -3.42227e-6 -0.06791752 0.9956244 0 0.09344637 0.9956244 0 0.09344643 0.9956244 0 0.09344637 0.9956243 0 0.09344643 0.9537995 0 0.300444 0.8435897 0 0.5369883 0.84359 0 0.5369881 0.84359 0 0.536988 0.6758186 0 0.7370681 0.6758186 0 0.7370681 0.4619522 0 0.8869049 0.4619728 0 0.8868941 0.461953 0 0.8869045 0.4619736 0 0.8868937 0.2168156 0 0.9762127 0.2168158 0 0.9762126 0.2168158 0 0.9762126 -0.04333895 0 0.9990605 -0.04336559 0 0.9990593 -0.04333996 0 0.9990605 -0.04336661 0 0.9990593 -0.3002907 0 0.9538477 -0.3002991 5.21e-7 0.9538451 -0.3002911 0 0.9538477 -0.3002994 5.40573e-7 0.9538451 -0.5370669 8.64853e-7 0.8435397 -0.5370343 0 0.8435604 -0.5370657 8.33535e-7 0.8435406 -0.5370331 0 0.8435612 -0.7370914 0 0.6757931 -0.737091 0 0.6757936 -0.7370914 0 0.6757932 -0.737091 0 0.6757935 -0.8868812 0 0.4619976 -0.8868849 0 0.4619904 -0.8868848 0 0.4619907 -0.8868811 0 0.4619979 -0.9762147 1.66702e-6 0.2168059 -0.9762198 0 0.2167835 -0.9762195 0 0.2167843 -0.9762145 1.72965e-6 0.2168067 -0.9990598 0 -0.04335343 -0.9990611 1.72992e-6 -0.04332536 -0.9990611 1.66728e-6 -0.04332637 -0.9990597 0 -0.04335451 -0.984863 0 -0.173335 -0.984863 0 -0.173335 0.9821658 3.90401e-6 -0.1880171 0.9821657 3.90401e-6 -0.1880174 0.9821658 3.90401e-6 -0.1880171 0.9821657 3.90401e-6 -0.1880174 0.9986226 3.90396e-6 0.05246925 0.9986226 3.90396e-6 0.05246919 0.9570555 3.90384e-6 0.2899051 0.9570556 3.90384e-6 0.2899045 0.8598459 3.90394e-6 0.5105537 0.8598374 0 0.5105681 0.524091 0 0.8516624 0.5240655 0 0.8516781 0.3050432 0 0.9523386 0.0682488 0 0.9976684 -0.1723819 0 0.9850302 -0.4032111 0 0.915107 -0.6104675 0 0.7920413 -0.7822557 0 0.6229576 -0.9086126 0 0.4176401 -0.9086267 5.75642e-6 0.4176092 -0.9086144 7.50433e-7 0.417636 -0.9086286 6.50686e-6 0.4176052 -0.9253332 0 0.3791552 -0.9253332 0 0.3791552 -0.9253331 0 0.3791553 -0.9253331 0 0.3791553 -0.8885359 0 0.4588073 -0.8885356 0 0.4588077 -0.8885356 0 0.4588078 -0.7947762 0 0.6069027 -0.7947765 0 0.6069023 -0.7947762 0 0.6069028 -0.6766024 0 0.7363486 -0.6766092 0 0.7363424 -0.6766077 0 0.7363437 -0.6766009 0 0.7363499 -0.5375903 0 0.8432062 -0.5375873 0 0.8432081 -0.537588 0 0.8432077 -0.5375909 0 0.8432059 -0.3821106 0 0.9241166 -0.3821101 0 0.9241169 -0.3821102 0 0.9241168 -0.2148705 0 0.9766426 -0.2148702 0 0.9766427 -0.2148703 0 0.9766427 -0.04099351 0 0.9991594 -0.04099345 0 0.9991595 -0.04099345 0 0.9991594 0.1340521 0 0.9909744 0.1340519 0 0.9909743 0.134052 0 0.9909743 0.3050707 0 0.9523297 0.4666842 0 0.8844241 0.4666987 0 0.8844164 0.4666957 0 0.8844181 0.4666811 0 0.8844256 0.6139089 0 0.7893769 0.6139094 0 0.7893766 0.6139087 0 0.789377 0.7423531 0 0.6700089 0.7423588 0 0.6700025 0.7423576 0 0.6700039 0.7423519 0 0.6700103 0.8479406 -5.61658e-6 0.5300914 0.8479487 -1.18369e-6 0.5300783 0.8479384 -6.80026e-6 0.5300949 0.9274734 -1.1837e-6 0.3738892 0.9274659 -6.8008e-6 0.3739079 0.9274675 -5.61711e-6 0.3739041 0.927475 0 0.3738853 0.9785085 2.80839e-6 0.206207 0.9785068 5.91849e-7 0.2062153 0.9785089 3.40024e-6 0.2062048 0.999484 4.80418e-6 0.03212386 0.999484 3.40007e-6 0.0321238 0.999484 3.69599e-6 0.0321238 0.999484 5.1001e-6 0.03212386 0.9897418 3.69626e-6 -0.1428686 0.9897418 5.1005e-6 -0.1428686 0.9887884 4.00894e-6 -0.1493237 0.9887885 3.38567e-6 -0.1493235 0.987793 1.57697e-7 -0.1557727 0.9877929 0 -0.1557727 0.9785299 0 -0.2061049 0.97853 0 -0.2061045 0.9785299 0 -0.2061049 0.9523335 0 -0.3050588 0.9523337 0 -0.3050584 0.9523336 0 -0.3050588 0.9161704 0 -0.400789 0.9161705 0 -0.4007891 0.8944503 0 -0.4471673 0.8944503 0 -0.4471674 0.8915161 0 -0.4529893 0.891516 0 -0.4529892 0.8885443 0 -0.458791 0.888544 0 -0.4587916 0.7947639 0 -0.6069189 0.7947636 0 -0.6069192 0.7947636 0 -0.6069191 0.7947639 0 -0.6069188 0.6765928 0 -0.7363573 0.6765933 0 -0.736357 0.6765932 0 -0.7363571 0.6765928 0 -0.7363574 0.537602 0 -0.8431987 0.5376024 0 -0.8431985 0.5376023 0 -0.8431985 0.5376019 0 -0.8431988 0.3821001 0 -0.924121 0.3821002 0 -0.9241209 0.3821002 0 -0.9241209 0.214868 -6.80155e-7 -0.9766431 0.2148652 0 -0.9766437 0.2148658 -1.43338e-7 -0.9766437 0.2148686 -8.23495e-7 -0.976643 0.04102802 0 -0.999158 0.04102855 -1.56901e-7 -0.999158 0.04102843 -1.29591e-7 -0.999158 0.04102796 0 -0.999158 -0.1340776 0 -0.9909709 -0.1340771 0 -0.990971 -0.1340772 0 -0.9909709 -0.1340777 0 -0.9909709 -0.3050541 0 -0.952335 -0.3050545 0 -0.952335 -0.4666755 0 -0.8844287 -0.4666765 0 -0.8844281 -0.4666764 0 -0.8844283 -0.4666752 0 -0.8844289 -0.7423464 0 -0.6700164 -0.7423466 0 -0.6700161 -0.7423463 0 -0.6700164 -0.8479394 0 -0.5300933 -0.8479397 0 -0.530093 -0.8479395 0 -0.530093 -0.8479393 0 -0.5300933 -0.9274724 0 -0.3738917 -0.9274726 0 -0.3738911 -0.9274726 0 -0.3738913 -0.9274724 0 -0.3738918 -0.9785144 0 -0.2061785 -0.9785145 0 -0.2061783 -0.9785144 0 -0.2061783 -0.9785144 0 -0.2061786 -0.9897421 0 0.1428656 -0.9897421 0 0.1428658 -0.9897422 0 0.1428657 -0.9897421 0 0.1428655 -0.9734101 0 0.2290695 -0.9734101 0 0.2290695 -0.9734101 0 0.2290696 -0.9734101 0 0.2290696 -0.9482434 0 0.3175446 -0.9395632 0 0.3423755 -0.9395634 0 0.3423749 -0.9302322 0 0.3669717 -0.9302321 0 0.366972 -0.9302322 0 0.3669717 -0.9302319 0 0.3669721 0.9821592 3.25321e-7 -0.1880517 0.9821589 0 -0.1880531 0.9821592 2.878e-7 -0.1880519 0.9986227 0 0.05246859 0.9986227 0 0.05246877 0.9570549 0 0.2899072 0.9570546 0 0.2899078 0.8598586 0 0.5105325 0.859858 0 0.5105333 0.7126855 0 0.7014837 0.7126853 0 0.7014839 0.5240932 0 0.851661 0.3050681 0 0.9523307 0.3050695 0 0.9523302 0.0682829 0 0.997666 -0.4031779 0 0.9151216 -0.4031783 0 0.9151214 -0.6104515 0 0.7920538 -0.6104525 0 0.7920529 -0.7822648 0 0.6229462 -0.7822647 0 0.6229463 -0.9086282 0 0.4176062 -0.9086279 0 0.4176067 -0.9086281 0 0.4176063 -0.9086279 0 0.4176068 0 1 3.39186e-5 0 1 1.71078e-5 0 1 3.42097e-5 0 1 0 0 1 0 0 1 5.34694e-7 0 1 0 0 1 1.81515e-7 0 1 6.82969e-7 -4.63736e-7 1 1.01127e-6 -1.08329e-6 1 2.25847e-6 6.72991e-7 1 4.61801e-7 -7.26684e-7 1 9.90089e-7 -2.87431e-6 1 -3.5552e-7 -1.36063e-6 1 -1.827e-7 0 1 -3.09103e-7 0 1 -1.14969e-6 0 1 -2.24677e-6 0 1 -4.96375e-7 0 1 4.11983e-7 0 1 1.08942e-6 2.22813e-6 1 1.45192e-6 1.6138e-6 1 -6.57057e-7 2.00368e-6 1 -6.83312e-7 1.5161e-6 1 -1.25489e-6 0 1 -1.02522e-6 0 1 2.71091e-6 0 1 5.81314e-7 0 1 -4.20604e-6 0 1 -4.97022e-7 0 1 2.71158e-7 0 1 0 0 1 -1.23179e-6 0 1 1.91111e-6 0 1 0 0 1 2.25206e-6 0 1 -4.84511e-7 0 1 1.08499e-6 0 1 1.31485e-6 0 1 -1.3176e-7 2.22118e-7 1 -7.85683e-7 1.44779e-7 1 -5.91401e-7 0 1 3.61426e-5 0 1 0 -1.08033e-6 1 -2.51126e-6 0 1 9.11417e-7 0 1 -2.78396e-5 9.13796e-7 1 -1.06343e-6 4.9405e-7 1 3.13409e-6 -2.8561e-7 1 1.22795e-6 6.84059e-7 1 -1.65555e-6 1.34643e-6 1 -1.16635e-6 9.64551e-7 1 -2.34167e-7 2.81715e-6 1 -5.48565e-7 1.98482e-6 1 0 1.36998e-6 1 0 2.34367e-6 1 -1.04449e-6 0 1 4.96995e-7 1.47066e-6 1 -2.82099e-6 0 1 4.20634e-6 5.00021e-6 1 -2.2201e-6 0 1 -1.08206e-6 0 1 2.87982e-6 0 1 2.44692e-7 0 1 -1.1122e-6 0 1 3.07541e-7 0 1 -1.49928e-6 0 1 1.31352e-6 0 1 1.75556e-6 0 1 -1.64749e-6 0 1 5.08129e-6 0 1 -1.33384e-6 0 1 1.6479e-6 0 1 0 0 1 -5.29187e-7 0 1 0 0 1 0 8.20386e-7 1 -1.00029e-6 0 1 -2.81487e-6 -2.37647e-7 1 -2.68713e-6 -1.94627e-5 1 0 4.08634e-7 1 -1.77561e-6 7.64059e-7 1 3.371e-7 -2.10034e-7 1 0 -1.45293e-7 1 1.05185e-6 0 1 2.53416e-6 0 1 -1.35497e-6 6.71369e-7 1 3.59831e-6 2.46265e-6 1 -1.5915e-6 2.08875e-6 1 0 2.66757e-7 1 -1.34662e-6 1.46027e-7 1 -2.64993e-6 1.76892e-7 1 2.32566e-6 2.15367e-7 1 -1.08437e-6 1.19927e-7 1 9.69602e-7 0 1 -2.83271e-7 2.52178e-6 1 -3.32207e-7 1.96709e-6 1 4.78251e-7 1.89495e-6 1 -7.32808e-7 3.07004e-6 1 -1.29295e-6 -3.73308e-7 1 0 0 1 7.09507e-7 0 1 1.68269e-6 -1.79271e-7 1 0 3.91364e-6 1 -8.99058e-7 1.63425e-6 1 0 1.51922e-6 1 -8.48536e-7 3.41169e-6 1 0 0 1 2.21852e-7 0 1 0 0 1 1.61616e-6 0 1 1.27528e-6 0 1 -1.6896e-6 -1.30912e-7 1 7.47272e-7 0.9821627 0 -0.1880334 0.9821626 0 -0.1880336 0.9821627 0 -0.1880334 0.9821626 0 -0.1880336 0.9986237 0 0.05244797 0.9986237 0 0.05244845 0.9570516 0 0.2899178 0.859852 0 0.5105436 0.5240713 0 0.8516744 0.5240719 0 0.8516741 0.3050621 0 0.9523326 0.3050628 0 0.9523323 -0.172432 0 0.9850214 -0.1724491 0 0.9850185 -0.403187 0 0.9151177 -0.4031856 0 0.9151183 -0.6104776 0 0.7920336 -0.7822679 0 0.6229422 -0.9086058 0 0.4176548 -0.9086077 0 0.4176508 -0.9086061 0 0.4176542 -0.908608 0 0.4176503 0 -1 0 0 -1 3.98602e-7 0 -1 1.71048e-5 0 -1 5.59123e-6 0 -1 5.11672e-6 -3.75505e-7 -1 4.67875e-6 3.71896e-7 -1 -4.34426e-6 -6.68176e-7 -1 0 6.32536e-7 -1 0 -1.29836e-6 -1 1.41328e-6 -3.69602e-6 -1 3.41771e-6 0 -1 0 0 -1 0 -3.00267e-7 -1 -2.47826e-6 -3.28644e-7 -1 -2.23409e-6 0 -1 0 -2.06758e-7 -1 -8.91778e-7 2.89566e-6 -1 5.26764e-7 8.46377e-7 -1 1.01136e-6 -2.24483e-6 -1 -7.97924e-7 -6.47922e-7 -1 -7.11633e-6 7.26683e-7 -1 -4.33492e-7 2.58536e-6 -1 -6.62782e-7 -1.71015e-5 -1 0 1.60213e-5 -1 -8.08574e-6 -9.30112e-7 -1 0 -4.02374e-7 -1 0 1.11172e-6 -1 -1.73005e-6 -1.46968e-7 -1 -1.97332e-6 7.64196e-7 -1 1.28151e-6 0 -1 -5.51029e-6 -1.30654e-6 -1 3.94641e-6 2.41705e-7 -1 -2.75086e-6 1.90357e-7 -1 0 -2.517e-6 -1 3.18568e-6 3.26657e-7 -1 0 0 -1 1.73859e-6 4.98664e-7 -1 -6.72958e-6 2.38819e-7 -1 -1.53186e-6 0 -1 1.3653e-6 -4.73571e-6 -1 3.31289e-6 2.8743e-6 -1 -5.97065e-7 1.36063e-6 -1 0 0 -1 -1.03497e-6 0 -1 -1.02453e-6 0 -1 2.67172e-6 0 -1 -5.40977e-7 0 -1 3.10801e-6 0 -1 -1.08942e-6 0 -1 -9.68415e-7 0 -1 7.75352e-7 0 -1 -1.40098e-6 -2.22801e-6 -1 5.06973e-7 -1.6138e-6 -1 1.0022e-6 -2.00362e-6 -1 0 -1.5161e-6 -1 0 0 -1 -5.42189e-6 0 -1 -8.58098e-7 0 -1 -1.46117e-6 0 -1 0 0 -1 -1.56007e-6 0 -1 2.45195e-7 0 -1 7.17087e-7 0 -1 1.7298e-6 0 -1 3.38699e-7 0 -1 -2.38154e-6 0 -1 7.99761e-7 0 -1 2.16984e-6 0 -1 1.45988e-6 2.61988e-7 -1 -4.51647e-7 -3.63662e-7 -1 4.15615e-7 1.66627e-7 -1 0 -1.44273e-6 -1 -9.80288e-6 0 -1 3.66114e-5 0 -1 4.49983e-7 1.08033e-6 -1 2.60105e-6 0 -1 4.67466e-6 -9.13796e-7 -1 -9.08394e-7 -4.9405e-7 -1 1.21517e-6 2.8561e-7 -1 6.27398e-7 0 -1 -3.47087e-5 -6.84059e-7 -1 -1.0268e-6 -1.34644e-6 -1 9.31892e-7 -9.64545e-7 -1 2.81447e-7 -2.81715e-6 -1 0 -1.98482e-6 -1 -5.65691e-7 -1.36998e-6 -1 0 -2.34364e-6 -1 1.98133e-6 0 -1 -7.46918e-6 -1.47064e-6 -1 1.96461e-6 0 -1 -9.87396e-6 -5.00023e-6 -1 1.46871e-7 0 -1 1.5629e-6 0 -1 -7.68893e-7 0 -1 -2.13618e-6 0 -1 6.57029e-7 0 -1 -1.4518e-6 0 -1 5.87248e-7 0 -1 0 0 -1 8.08147e-7 0 -1 0 0 -1 -1.32871e-6 -8.20385e-7 -1 0 0 -1 -6.55737e-7 2.37647e-7 -1 1.64039e-6 1.94627e-5 -1 0 -4.08636e-7 -1 0 -7.64061e-7 -1 0 2.1003e-7 -1 9.54763e-7 1.45297e-7 -1 3.64243e-6 0 -1 -1.17248e-6 0 -1 -1.92515e-6 -6.71369e-7 -1 3.85574e-6 -2.46265e-6 -1 0 -2.08874e-6 -1 0 -2.66757e-7 -1 -2.4461e-6 -1.46027e-7 -1 0 -1.76892e-7 -1 1.79583e-6 -2.15361e-7 -1 0 -1.19927e-7 -1 1.21998e-6 0 -1 2.27063e-7 -2.52178e-6 -1 1.74645e-6 -1.96709e-6 -1 6.37668e-7 0 -1 2.85507e-6 3.63019e-6 -1 -3.98984e-6 0 -1 5.36104e-6 0 -1 -4.23492e-6 0 -1 1.4236e-6 0 -1 3.00107e-7 0 -1 0 0 -1 -2.77608e-6 -1.42066e-5 -1 5.57158e-6 -1.84022e-6 -1 2.79826e-7 9.46142e-7 -1 -1.02447e-6 0 -1 1.52064e-6 1.30912e-7 -1 -9.35912e-7 -0.1221508 0.9923869 0.01573348 -0.1179597 0.9929106 0.01462715 -0.1205797 0.9925857 0.01530784 -0.1164259 0.9930978 0.01420599 -0.1288443 0.9916256 -0.008828401 -0.1121563 0.9936414 -0.009896218 -0.1300663 0.9908778 -0.03526854 -0.1040992 0.9940559 -0.03187942 -0.1252022 0.9901785 -0.06221765 -0.09268546 0.994366 -0.05143678 -0.114096 0.9895574 -0.08808124 -0.07834607 0.9945881 -0.06823903 -0.09693729 0.989061 -0.1111823 -0.06156653 0.9947379 -0.08189135 -0.07456833 0.9887076 -0.129989 -0.04286378 0.9948279 -0.09208798 -0.04817241 0.9885134 -0.1432504 -0.0226981 0.9948614 -0.09866952 -0.01927286 0.9885274 -0.1498076 -0.001693665 0.9948289 -0.1015514 0.0102455 0.988713 -0.1494715 0.01961201 0.994744 -0.100498 0.0385937 0.9890569 -0.142398 0.04065942 0.9945898 -0.09559357 0.06408888 0.9895651 -0.1290487 0.06085318 0.9943748 -0.08669328 0.08542776 0.9901785 -0.1106742 0.07967889 0.9940565 -0.07418197 0.1015576 0.9908829 -0.08852809 0.0965383 0.9936421 -0.05792921 0.1120551 0.991622 -0.06426262 0.1152102 0.9925785 -0.0389201 0.1109464 0.9930969 -0.03807282 0.1125336 0.9929049 -0.03842115 0.1167877 0.9923804 -0.03926676 0.3422091 0.9325534 -0.1150534 0.3422471 0.9325391 -0.115056 0.3422125 0.932552 -0.1150537 0.3422502 0.9325379 -0.1150563 0.5474455 0.8163507 -0.1840514 0.5472584 0.8164862 -0.1840072 0.5474289 0.8163628 -0.1840475 0.5472433 0.816497 -0.1840036 0.719106 0.6514779 -0.2417916 0.7192437 0.651318 -0.241813 0.719118 0.651464 -0.2417934 0.7192547 0.6513051 -0.2418148 0.8474141 0.4480434 -0.2848625 0.8474058 0.4480341 -0.2849016 0.8474134 0.4480426 -0.2848658 0.8474052 0.4480333 -0.2849047 0.9249683 0.2185168 -0.3109407 0.9249731 0.2184982 -0.3109393 0.9249687 0.2185152 -0.3109406 0.9249736 0.2184967 -0.3109392 0.9475968 -0.02408874 -0.3185597 0.9475948 -0.02405184 -0.3185684 0.9475949 -0.02405482 -0.3185676 0.9139533 -0.2651142 -0.3072522 0.9140297 -0.2648442 -0.3072578 0.9139522 -0.2651186 -0.3072518 0.9139383 -0.2651715 -0.3072475 0.9475969 -0.02409178 -0.3185589 0.8672299 -0.0240668 -0.4973261 0.8672305 -0.02406316 -0.4973252 0.8672374 -0.02402251 -0.4973151 0.8465273 0.2184917 -0.4854412 0.846503 0.2185316 -0.4854654 0.8465049 0.2185284 -0.4854635 0.7355617 0.218521 -0.641247 0.7355636 0.2185263 -0.6412429 0.7355851 0.218584 -0.6411986 0.6738035 0.4482207 -0.5874412 0.6738054 0.4482812 -0.5873929 0.6738052 0.4482763 -0.5873968 0.5462508 0.4482685 -0.7075772 0.5462533 0.4482659 -0.7075769 0.5462808 0.4482382 -0.7075734 0.4637679 0.6511644 -0.600753 0.463748 0.6513248 -0.6005945 0.4637497 0.6513119 -0.6006073 0.3375766 0.6513484 -0.6795494 0.3375736 0.6513563 -0.6795433 0.3375422 0.6514397 -0.679479 0.2569125 0.816412 -0.5171725 0.2569943 0.8162705 -0.5173555 0.2569876 0.8162819 -0.5173405 0.1511434 0.8162618 -0.5575592 0.1511427 0.8162595 -0.557563 0.151135 0.8162351 -0.5576006 0.09447294 0.9325288 -0.3485181 0.09445017 0.9325544 -0.3484561 0.09445208 0.9325523 -0.3484613 0.02468019 0.9325422 -0.3602167 0.02468019 0.9325434 -0.3602137 0.02468049 0.9325549 -0.3601838 0.8364145 -0.2651817 -0.4796765 0.8364163 -0.265182 -0.4796734 0.8364355 -0.2651863 -0.4796372 0.8364372 -0.2651867 -0.4796339 0.7267919 -0.265188 -0.6335999 0.7267912 -0.2651827 -0.6336029 0.7267836 -0.2651233 -0.6336366 0.7267829 -0.2651178 -0.6336396 0.5892362 -0.265172 -0.7632068 0.5892333 -0.2651734 -0.7632086 0.5891999 -0.2651898 -0.7632286 0.5891969 -0.2651914 -0.7632305 0.4290124 -0.2651626 -0.8635029 0.4290111 -0.2651656 -0.8635027 0.4289952 -0.2652 -0.8634999 0.4289937 -0.2652031 -0.8634997 0.2522709 -0.2651906 -0.9306092 0.2523035 -0.2648535 -0.9306963 0.2523034 -0.2650226 -0.9306483 0.2523061 -0.2650085 -0.9306516 0.06591719 -0.2649311 -0.9620118 0.06591737 -0.2649175 -0.9620154 0.06591945 -0.2647635 -0.9620577 0.06591963 -0.2647495 -0.9620615 -0.1230611 -0.2647455 -0.956434 -0.123062 -0.2647467 -0.9564335 -0.1230727 -0.26476 -0.9564285 -0.1230736 -0.2647612 -0.9564279 -0.3072121 -0.2654144 -0.9138797 -0.3072824 -0.2647109 -0.9140601 -0.3073054 -0.2647444 -0.9140425 -0.3071821 -0.2654432 -0.9138813 -0.4797269 -0.2649403 -0.8364621 -0.4796131 -0.265437 -0.8363698 -0.4796239 -0.265313 -0.8364031 -0.4797257 -0.2649585 -0.8364571 -0.633643 -0.2649703 -0.7268338 -0.6336431 -0.264981 -0.7268298 -0.6336415 -0.2648523 -0.7268781 -0.6336414 -0.2648419 -0.7268821 -0.7632656 -0.2649461 -0.5892617 -0.763269 -0.2649409 -0.5892595 -0.7632275 -0.2650031 -0.5892853 -0.7632241 -0.2650081 -0.5892874 -0.8635531 -0.2650187 -0.4290001 -0.8636597 -0.2647095 -0.4289766 -0.8635877 -0.264942 -0.4289778 -0.8635909 -0.2649353 -0.4289758 -0.9306564 -0.2649872 -0.2523106 -0.9306625 -0.2649642 -0.2523121 -0.930589 -0.2652394 -0.2522942 -0.930583 -0.2652615 -0.2522928 -0.9619163 -0.265286 -0.06588268 -0.9619128 -0.265298 -0.06588453 -0.9619542 -0.2651534 -0.06586205 -0.9619576 -0.2651418 -0.06586027 -0.9563531 -0.2650475 0.1230396 -0.9563547 -0.2650415 0.1230396 -0.9563348 -0.2651134 0.1230397 -0.9563332 -0.2651192 0.1230397 -0.9915385 -0.02398186 0.1275792 -0.9915404 -0.02395695 0.1275689 -0.9915387 -0.02397984 0.1275783 -0.9915405 -0.02395492 0.127568 -0.9678889 0.2183614 0.1245366 -0.9678788 0.2184072 0.1245349 -0.9678882 0.2183652 0.1245365 -0.9678779 0.218411 0.1245348 -0.8866322 0.448183 0.1140853 -0.8866646 0.4481195 0.1140831 -0.8866348 0.4481779 0.1140851 -0.8866672 0.4481141 0.1140829 -0.7526608 0.6512491 0.09683173 -0.7525545 0.6513718 0.09683239 -0.7526522 0.6512591 0.09683185 -0.7525452 0.6513826 0.09683245 -0.5727062 0.8164408 0.07370382 -0.572745 0.8164141 0.07369595 -0.5727093 0.8164386 0.07370316 -0.5727486 0.8164117 0.0736953 -0.3581298 0.9325333 0.04609382 -0.3581745 0.9325166 0.04608637 -0.3581335 0.932532 0.04609322 -0.3581787 0.9325151 0.04608565 -0.360242 0.9325327 -0.02466982 -0.3602386 0.932534 -0.02467 -0.3602004 0.9325488 -0.02467155 -0.3601965 0.9325502 -0.02467167 -0.3484342 0.932561 -0.09446519 -0.348441 0.9325584 -0.09446632 -0.3485168 0.9325289 -0.09447848 -0.3485245 0.9325259 -0.09447973 -0.3233994 0.9325222 -0.1606715 -0.3234048 0.9325204 -0.1606707 -0.3234659 0.9325007 -0.1606621 -0.3234721 0.9324988 -0.1606612 -0.2859186 0.9324819 -0.2207446 -0.2856687 0.9326078 -0.2205357 -0.2857964 0.9325411 -0.2206524 -0.285785 0.9325467 -0.2206438 -0.2370249 0.9326603 -0.2719633 -0.2372629 0.9325419 -0.2721619 -0.2372432 0.9325576 -0.272125 -0.2372412 0.9325593 -0.2721213 -0.1795826 0.9325578 -0.3131872 -0.1795809 0.9325585 -0.3131857 -0.1795626 0.9325675 -0.3131697 -0.1795608 0.9325684 -0.3131681 -0.1150241 0.932561 -0.342198 -0.1150318 0.9325556 -0.3422101 -0.1151184 0.9324959 -0.3423436 -0.1151272 0.9324898 -0.3423572 -0.04610687 0.932484 -0.3582568 -0.04610395 0.9324898 -0.3582422 -0.04607176 0.9325538 -0.3580796 -0.04606848 0.9325602 -0.3580632 0.02468055 0.9325559 -0.3601811 -0.5760732 0.8164449 -0.0394634 -0.5760815 0.8164393 -0.03946256 -0.5761742 0.8163742 -0.03945291 -0.5761833 0.8163678 -0.03945195 -0.5574133 0.8163737 -0.1510779 -0.5573964 0.8163854 -0.1510773 -0.557205 0.8165172 -0.1510707 -0.5571862 0.8165302 -0.1510701 -0.5169939 0.8165405 -0.2568638 -0.5170067 0.8165317 -0.2568661 -0.5171509 0.8164323 -0.2568917 -0.5171651 0.8164225 -0.2568942 -0.4570563 0.8164419 -0.352877 -0.4570572 0.816442 -0.352876 -0.4570672 0.8164418 -0.3528633 -0.4570682 0.8164417 -0.3528621 -0.3794639 0.8164381 -0.4352425 -0.379463 0.8164409 -0.435238 -0.3794525 0.8164737 -0.4351856 -0.3794515 0.816477 -0.4351805 -0.2872326 0.816463 -0.500885 -0.2872331 0.81646 -0.5008895 -0.2872385 0.8164261 -0.5009416 -0.2872391 0.8164228 -0.5009468 -0.1840059 0.8164126 -0.5473687 -0.1840018 0.8164223 -0.5473555 -0.1839563 0.8165321 -0.5472069 -0.1839518 0.8165429 -0.5471923 -0.07365447 0.816528 -0.572588 -0.07366025 0.8165099 -0.5726132 -0.0737248 0.8163037 -0.5728989 -0.07373118 0.8162834 -0.5729269 0.03949213 0.8163279 -0.576237 0.03949177 0.8163249 -0.5762415 0.03948795 0.8162897 -0.5762914 0.0394876 0.8162863 -0.5762963 0.1511343 0.816233 -0.5576039 -0.7570623 0.6512829 -0.05184125 -0.7570514 0.6512954 -0.05184227 -0.7569276 0.6514385 -0.05185341 -0.7569158 0.6514521 -0.05185449 -0.7322697 0.6514319 -0.1985389 -0.7325111 0.6511654 -0.1985226 -0.7324721 0.6512087 -0.1985241 -0.7324898 0.6511892 -0.1985229 -0.6796532 0.6511826 -0.3376875 -0.6796513 0.6511856 -0.3376854 -0.6796305 0.65122 -0.337661 -0.6796285 0.6512233 -0.3376587 -0.6007486 0.6511772 -0.4637557 -0.6007483 0.6511785 -0.4637544 -0.600745 0.6511931 -0.4637382 -0.6007447 0.6511945 -0.4637367 -0.4986922 0.6512004 -0.5720525 -0.4986994 0.651188 -0.5720604 -0.4987819 0.651046 -0.5721501 -0.4987897 0.6510325 -0.5721587 -0.3776317 0.6510648 -0.658414 -0.3776146 0.6510858 -0.658403 -0.3774198 0.6513258 -0.6582772 -0.3774013 0.6513487 -0.6582653 -0.2417515 0.6514075 -0.7191832 -0.241759 0.6513963 -0.7191908 -0.2418442 0.6512687 -0.7192777 -0.2418524 0.6512565 -0.719286 -0.09684473 0.6512234 -0.7526814 -0.09683984 0.6512399 -0.7526677 -0.09678453 0.6514282 -0.7525119 -0.09677928 0.6514461 -0.7524971 0.05184167 0.651418 -0.7569458 0.05184233 0.6514335 -0.7569326 0.05184936 0.6516097 -0.7567803 0.05185008 0.6516264 -0.7567659 0.198482 0.6515721 -0.7321603 0.198484 0.651566 -0.7321652 0.1985064 0.6514968 -0.7322207 0.1985085 0.6514903 -0.732226 0.3375395 0.651447 -0.6794733 -0.8918236 0.4482415 -0.06107729 -0.8918271 0.4482345 -0.06107681 -0.8918673 0.4481551 -0.06107187 -0.8918711 0.4481478 -0.06107139 -0.8628117 0.448154 -0.2339103 -0.862809 0.4481602 -0.2339088 -0.8627766 0.4482315 -0.2338911 -0.8627737 0.4482381 -0.2338895 -0.800539 0.4482554 -0.3977491 -0.8005411 0.4482549 -0.3977457 -0.8005641 0.4482492 -0.3977059 -0.8005662 0.4482487 -0.3977021 -0.707584 0.448309 -0.5462087 -0.7075861 0.448299 -0.5462141 -0.7076107 0.4481844 -0.5462763 -0.707613 0.4481738 -0.5462821 -0.5874975 0.4481889 -0.6737756 -0.5873516 0.448517 -0.6736844 -0.5874121 0.448269 -0.6737967 -0.5872827 0.4486008 -0.6736887 -0.4445571 0.4486022 -0.7753226 -0.444576 0.448554 -0.7753396 -0.4447917 0.4480034 -0.7755343 -0.4448116 0.4479524 -0.7755524 -0.2848587 0.4478932 -0.8474947 -0.2848622 0.4478933 -0.8474934 -0.2849028 0.4478945 -0.8474792 -0.2849065 0.4478946 -0.8474779 -0.1141405 0.4478631 -0.8867867 -0.1140259 0.4481687 -0.8866471 -0.1140753 0.4480738 -0.8866887 -0.1140697 0.4480917 -0.8866803 0.0611031 0.4481049 -0.8918904 0.06110125 0.4480944 -0.8918958 0.06107974 0.4479747 -0.8919575 0.06107771 0.4479635 -0.8919631 0.2339224 0.4479436 -0.8629176 0.233925 0.4479568 -0.8629101 0.2339547 0.4481058 -0.8628247 0.2339575 0.4481196 -0.8628168 0.3977156 0.4480478 -0.8006718 0.3977141 0.448061 -0.8006654 0.3976957 0.448211 -0.8005905 0.397694 0.4482249 -0.8005836 0.5462831 0.4482358 -0.7075731 -0.99738 -0.02386802 -0.06829029 -0.9973805 -0.02386796 -0.0682832 -0.9973804 -0.02386796 -0.06828379 -0.9736042 0.2182907 -0.06666421 -0.9736019 0.2183005 -0.06666451 -0.9735766 0.2184127 -0.06666815 -0.9735742 0.2184228 -0.06666851 -0.941859 0.2183944 -0.255354 -0.9418629 0.2183801 -0.2553516 -0.941908 0.2182177 -0.255324 -0.9419122 0.2182031 -0.2553215 -0.8740032 0.218167 -0.4341909 -0.8739996 0.2181811 -0.434191 -0.8739584 0.2183415 -0.4341933 -0.8739546 0.2183561 -0.4341936 -0.7724871 0.2183932 -0.5962954 -0.772378 0.2187287 -0.5963136 -0.7724984 0.2181246 -0.5963791 -0.7723901 0.218608 -0.5963423 -0.641245 0.218677 -0.7355171 -0.6412501 0.2186505 -0.7355205 -0.6413086 0.2183496 -0.7355588 -0.6413139 0.2183224 -0.7355623 -0.4854376 0.2182887 -0.8465816 -0.4854353 0.2183135 -0.8465766 -0.485409 0.2185953 -0.8465189 -0.4854066 0.2186208 -0.8465137 -0.3109677 0.2185922 -0.9249415 -0.3109011 0.218938 -0.924882 -0.3108874 0.2188462 -0.9249083 -0.3108808 0.2188674 -0.9249056 -0.1244919 0.2188539 -0.9677835 -0.1244984 0.2188245 -0.9677892 -0.1244994 0.2188116 -0.9677921 -0.1245785 0.2184598 -0.9678614 0.06667935 0.218445 -0.9735685 0.06668138 0.2184595 -0.9735651 0.06670433 0.2186243 -0.9735266 0.06670641 0.2186392 -0.9735231 0.2553042 0.2185778 -0.9418299 0.2553052 0.2185845 -0.9418281 0.255317 0.2186597 -0.9418074 0.2553181 0.2186666 -0.9418056 0.4341667 0.2186081 -0.873905 0.4341737 0.2182481 -0.8739914 0.4341674 0.2186557 -0.8738927 0.4341467 0.2181587 -0.8740271 0.5963466 0.2181692 -0.7725108 0.5963444 0.2181969 -0.7725048 0.5963651 0.2180444 -0.7725319 0.5963165 0.2185401 -0.7724294 0.735587 0.2185891 -0.6411947 -0.9648812 -0.02368736 -0.2616165 -0.9648715 -0.02385574 -0.2616369 -0.9648725 -0.02386921 -0.2616319 -0.9973799 -0.02386802 -0.06829088 -0.964885 -0.0240339 -0.2615709 -0.8953307 -0.02385127 -0.4447631 -0.895332 -0.02404534 -0.4447498 -0.8953319 -0.02402949 -0.4447509 -0.8953306 -0.02383548 -0.4447641 -0.7913534 -0.02395576 -0.6108897 -0.7913334 -0.02381318 -0.610921 -0.791334 -0.02385228 -0.6109187 -0.7913418 -0.02433007 -0.6108898 -0.6569311 -0.02448129 -0.753553 -0.6569579 -0.02432185 -0.7535349 -0.6569558 -0.0243349 -0.7535364 -0.656929 -0.02449429 -0.7535547 -0.4973916 -0.02422934 -0.8671877 -0.497353 -0.02446568 -0.8672032 -0.4973521 -0.02441936 -0.867205 -0.4973415 -0.0238533 -0.8672268 -0.3185655 -0.02435171 -0.947588 -0.3185045 -0.02381998 -0.947622 -0.3185095 -0.02386349 -0.9476193 -0.3185705 -0.0243951 -0.9475853 -0.1275611 -0.02420753 -0.9915353 -0.1275697 -0.02440249 -0.9915295 -0.127569 -0.02438652 -0.9915299 -0.1275604 -0.02419161 -0.9915358 0.06831246 -0.02433866 -0.9973672 0.06833082 -0.02418196 -0.9973697 0.06832933 -0.02419477 -0.9973695 0.06831097 -0.02435141 -0.9973669 0.2615618 -0.02425116 -0.964882 0.2615516 -0.02427858 -0.9648841 0.2615525 -0.02427631 -0.9648839 0.2615626 -0.02424895 -0.964882 0.09447503 0.9325264 -0.3485239 0.1606831 0.9325181 -0.3234054 0.1606827 0.9325192 -0.3234022 0.1606785 0.9325324 -0.3233664 0.2569051 0.8164248 -0.5171561 0.3528603 0.8164284 -0.4570934 0.3528637 0.8164255 -0.4570959 0.3529021 0.8163933 -0.4571239 0.4637697 0.6511504 -0.600767 0.5720739 0.6511433 -0.4987423 0.572063 0.6511592 -0.498734 0.5719386 0.6513411 -0.4986391 0.6738033 0.4482156 -0.5874453 0.7755169 0.4481368 -0.4446876 0.775514 0.448136 -0.4446933 0.775482 0.4481263 -0.4447589 0.8465293 0.2184884 -0.4854391 0.4448105 -0.0241661 -0.8952987 0.4447762 -0.02416753 -0.8953158 0.4447789 -0.02416741 -0.8953143 0.4448133 -0.02416598 -0.8952972 0.160678 0.9325338 -0.3233627 0.2206457 0.9325253 -0.2858532 0.2206443 0.9325274 -0.2858476 0.2206288 0.93255 -0.2857857 0.3529058 0.8163902 -0.4571266 0.4353544 0.8163951 -0.3794282 0.4353554 0.8163893 -0.3794397 0.4353665 0.816323 -0.3795695 0.5719268 0.6513584 -0.4986301 0.6581969 0.6513871 -0.3774543 0.658192 0.6513931 -0.3774525 0.6581362 0.6514612 -0.3774323 0.7754791 0.4481254 -0.444765 0.61092 -0.02413249 -0.7913245 0.61086 -0.02412301 -0.7913711 0.6108649 -0.02412378 -0.7913674 0.6109248 -0.02413326 -0.7913207 0.2206273 0.9325523 -0.2857794 0.2721318 0.9325602 -0.2372256 0.2721316 0.9325599 -0.2372269 0.2721305 0.9325565 -0.2372411 0.4353676 0.8163164 -0.3795822 0.5010397 0.8163397 -0.2873128 0.5010381 0.81634 -0.2873151 0.5010193 0.8163422 -0.2873414 0.6581309 0.6514677 -0.3774304 0.7535338 -0.02404081 -0.6569696 0.7535505 -0.02413576 -0.6569468 0.7535492 -0.02412796 -0.6569487 0.7535325 -0.02403312 -0.6569714 0.2721304 0.9325562 -0.2372425 0.3131851 0.9325686 -0.1795304 0.3131854 0.9325672 -0.1795366 0.3131891 0.9325526 -0.1796055 0.5010175 0.8163425 -0.2873439 0.3131895 0.9325513 -0.1796125 0.8672381 -0.02401888 -0.4973142 -0.1310621 0.9912952 0.01252043 -0.131061 0.9912953 0.01252073 -0.1310534 0.9912962 0.01252287 -0.1310522 0.9912965 0.01252323 -0.1298385 0.9912952 -0.02181273 -0.1298371 0.9912954 -0.02181386 -0.1298267 0.9912966 -0.02182221 -0.1298251 0.9912968 -0.02182358 -0.1197447 0.9912974 -0.0546863 -0.1197434 0.9912977 -0.05468583 -0.1197341 0.991299 -0.05468231 -0.1197326 0.9912993 -0.05468171 -0.1014966 0.9913024 -0.08377295 -0.1014975 0.9913023 -0.08377325 -0.1015037 0.9913016 -0.08377546 -0.1015047 0.9913015 -0.08377581 -0.07635611 0.9913019 -0.1071926 -0.07635474 0.991302 -0.1071926 -0.0763446 0.9913029 -0.1071926 -0.07634294 0.9913029 -0.1071927 -0.04598623 0.9912977 -0.1233455 -0.04598855 0.9912976 -0.1233463 -0.04600507 0.9912961 -0.1233525 -0.04600775 0.9912958 -0.1233535 -0.01252001 0.9912967 -0.1310498 -0.01251947 0.9912967 -0.1310504 -0.01251536 0.9912962 -0.131055 -0.01251471 0.991296 -0.1310558 0.02182066 0.9912966 -0.1298268 0.02181988 0.9912968 -0.1298246 0.02182543 0.9912947 -0.1298402 0.02182608 0.9912945 -0.1298421 0.05468577 0.9912949 -0.119767 0.05468714 0.9912946 -0.1197685 0.05467706 0.9912964 -0.1197577 0.05467593 0.9912967 -0.1197564 0.0838117 0.9912965 -0.1015229 0.08381009 0.9912965 -0.1015254 0.08382171 0.9912973 -0.1015077 0.08382308 0.9912974 -0.1015056 0.1072342 0.991296 -0.07637602 0.1072377 0.9912953 -0.07637894 0.1072121 0.9912998 -0.07635784 0.1072091 0.9913002 -0.07635533 0.1233223 0.9913001 -0.04599899 0.1233212 0.9913004 -0.04599642 0.1233289 0.9912986 -0.04601478 0.1233298 0.9912983 -0.04601699 0.3612473 0.9226863 -0.1347235 0.3611603 0.92272 -0.1347268 0.3612357 0.9226908 -0.1347239 0.3611504 0.9227237 -0.1347272 0.5733242 0.7909247 -0.2138633 0.5733102 0.7909299 -0.2138816 0.5733224 0.7909254 -0.2138656 0.5733087 0.7909305 -0.2138836 0.7456504 0.6055094 -0.2781438 0.74582 0.605279 -0.2781903 0.7456707 0.6054818 -0.2781493 0.7458384 0.6052541 -0.2781953 0.8667053 0.3799132 -0.3232461 0.8666559 0.3800184 -0.3232551 0.8666996 0.3799254 -0.3232471 0.8666505 0.3800297 -0.3232561 0.920493 0.1865828 -0.3433361 0.9325169 0.1294406 -0.3371314 0.8292757 0.07627922 -0.5536094 0.7921441 0.2329368 -0.564135 0.7534536 0.3799299 -0.5366199 0.7534399 0.3799881 -0.5365983 0.7534413 0.3799816 -0.5366006 0.5889283 0.3799436 -0.7133067 0.5889325 0.3799102 -0.713321 0.5889648 0.3796542 -0.7134306 0.506721 0.6054385 -0.6137412 0.506697 0.605496 -0.6137043 0.5066996 0.6054897 -0.6137083 0.3305798 0.6055084 -0.7239313 0.3305809 0.6054911 -0.7239454 0.3305884 0.6053639 -0.7240483 0.2542358 0.790855 -0.556698 0.2542333 0.7908443 -0.5567143 0.2542337 0.7908455 -0.5567125 0.101445 0.7908213 -0.6035815 0.1014465 0.7908397 -0.6035573 0.1014568 0.7909671 -0.6033884 0.06387805 0.9227641 -0.3800342 0.06388401 0.9227524 -0.3800617 0.0638833 0.9227538 -0.3800585 -0.03664886 0.9227541 -0.383643 -0.03665006 0.9227521 -0.3836474 -0.03665781 0.9227398 -0.3836764 0.6742921 0.03230851 -0.7377576 0.6131648 0.2690909 -0.7427106 0.5889687 0.3796228 -0.7134441 0.3842729 0.3795632 -0.8415855 0.3842735 0.3796102 -0.8415641 0.3842785 0.37997 -0.8413994 0.3305893 0.6053482 -0.724061 0.13197 0.6053258 -0.7849615 0.1319695 0.6053159 -0.7849693 0.1319661 0.605243 -0.7850261 0.1014581 0.7909832 -0.6033672 -0.05819493 0.790939 -0.6091215 -0.05819779 0.790939 -0.6091211 -0.05821752 0.7909396 -0.6091185 -0.03665882 0.9227381 -0.3836801 -0.1346715 0.9227427 -0.3611227 -0.1346827 0.9227331 -0.3611432 -0.134756 0.9226696 -0.3612777 0.4783175 -0.001493811 -0.8781857 0.478327 -0.001238584 -0.878181 0.4783461 -0.002074062 -0.878169 0.396943 0.2949196 -0.8691713 0.3842791 0.3800141 -0.8413793 0.1533358 0.3799598 -0.9122055 0.1533381 0.3799882 -0.9121932 0.1533564 0.3802059 -0.9120994 0.1319656 0.605234 -0.7850331 -0.07572281 0.605157 -0.7924968 -0.07564127 0.6055768 -0.7921839 -0.07576972 0.605115 -0.7925243 -0.05822002 0.7909396 -0.6091182 -0.213845 0.7909198 -0.5733378 -0.2138575 0.7909088 -0.5733483 -0.213945 0.7908321 -0.5734215 -0.1347656 0.9226614 -0.3612953 -0.2236831 0.9226654 -0.3140932 -0.2236776 0.9226706 -0.3140817 -0.2236422 0.9227051 -0.3140058 0.2543309 -0.02723175 -0.9667339 0.157521 0.3122542 -0.9368482 0.1533586 0.3802326 -0.912088 -0.08789879 0.3802639 -0.9206917 -0.08790647 0.3802331 -0.9207037 -0.08796536 0.3799971 -0.9207955 -0.07565027 0.6055266 -0.7922214 -0.2781802 0.6054807 -0.7456601 -0.2781836 0.60548 -0.7456594 -0.2782083 0.605475 -0.7456542 -0.2139561 0.7908225 -0.5734307 -0.3550683 0.7907673 -0.4986119 -0.3550505 0.7907868 -0.4985936 -0.3549262 0.7909224 -0.4984668 -0.2236375 0.9227095 -0.3139959 -0.29729 0.922699 -0.245449 -0.2970658 0.9228309 -0.2452247 -0.2972401 0.9227226 -0.2454206 0.01551061 -0.04190099 -0.9990015 -0.09008979 0.3206524 -0.942903 -0.08797258 0.3799683 -0.9208067 -0.3233164 0.3799787 -0.8666504 -0.3233106 0.3800087 -0.8666393 -0.3232667 0.3802388 -0.8665547 -0.2782114 0.6054743 -0.7456537 -0.4616552 0.6054875 -0.6482741 -0.461656 0.6054826 -0.6482782 -0.4616618 0.6054463 -0.648308 -0.3549106 0.7909395 -0.4984508 -0.4718622 0.7909557 -0.389532 -0.4718759 0.7909401 -0.3895472 -0.4719711 0.7908313 -0.3896526 -0.2972344 0.9227253 -0.2454174 -0.3506441 0.9227223 -0.1601009 -0.3506384 0.9227249 -0.160099 -0.3506007 0.9227414 -0.1600862 -0.2239595 -0.0467506 -0.9734766 -0.3310279 0.3207201 -0.8874453 -0.3232613 0.380267 -0.8665444 -0.5364713 0.3802343 -0.7534061 -0.5367159 0.3796335 -0.7535347 -0.5365393 0.3799861 -0.7534828 -0.4616625 0.6054418 -0.6483117 -0.6137574 0.605467 -0.5066671 -0.6137409 0.6054882 -0.5066619 -0.6136192 0.6056435 -0.5066236 -0.4719831 0.7908176 -0.3896659 -0.5567289 0.790843 -0.2542055 -0.5567163 0.7908518 -0.2542059 -0.5566287 0.7909126 -0.2542084 -0.3505958 0.9227435 -0.1600845 -0.3800782 0.9227439 -0.06390905 -0.3800696 0.9227476 -0.06390762 -0.380013 0.9227716 -0.06389826 -0.4505684 -0.04186075 -0.8917601 -0.551116 0.3123631 -0.7737575 -0.5367562 0.3794797 -0.7535834 -0.7134618 0.3795344 -0.5890043 -0.7134456 0.3795648 -0.5890043 -0.7133212 0.3797986 -0.5890041 -0.6136041 0.6056627 -0.5066189 -0.7238245 0.6056577 -0.3305402 -0.7238532 0.6056202 -0.3305464 -0.7240632 0.6053443 -0.3305917 -0.5566177 0.7909203 -0.2542087 -0.6034415 0.7909237 -0.10148 -0.6034553 0.7909132 -0.1014798 -0.6035516 0.7908398 -0.1014788 -0.3800055 0.9227746 -0.06389701 -0.3835925 0.9227747 0.036655 -0.3835955 0.9227737 0.03665369 -0.3836147 0.922766 0.03664493 -0.6512379 -0.02674394 -0.7584023 -0.7367757 0.295108 -0.6083362 -0.713306 0.3798273 -0.5890042 -0.8414911 0.3798649 -0.3841816 -0.8414949 0.3798547 -0.3841834 -0.841524 0.3797764 -0.384197 -0.7240891 0.6053103 -0.3305972 -0.7849745 0.6053103 -0.1319639 -0.7849662 0.6053212 -0.1319643 -0.7849043 0.6054008 -0.1319673 -0.6035637 0.7908306 -0.1014786 -0.6092652 0.7908259 0.05822718 -0.6092654 0.790826 0.05822533 -0.6092668 0.7908257 0.05821239 -0.3836172 0.922765 0.0366438 -0.814087 -0.001662254 -0.5807405 -0.8140837 -0.00196886 -0.5807443 -0.8140609 -0.002744138 -0.5807732 -0.8762684 0.2685632 -0.4000344 -0.8415275 0.3797669 -0.3841987 -0.9122536 0.3798146 -0.1534093 -0.91225 0.3798234 -0.1534087 -0.9122228 0.3798907 -0.1534042 -0.7848966 0.6054106 -0.1319676 -0.792297 0.6054223 0.07569301 -0.7922999 0.6054186 0.07569205 -0.7922728 0.6054529 0.07570075 -0.7922696 0.6054571 0.07570183 -0.9288848 0.03249692 -0.3689407 -0.9589796 0.2331334 -0.1612676 -0.9122194 0.379899 -0.1534036 -0.9208673 0.3798209 0.08797466 -0.9208689 0.3798174 0.08797395 -0.9208549 0.3798497 0.08798044 -0.9208533 0.3798534 0.08798116 -0.9878365 0.07625693 -0.1355137 -0.9779672 0.1866816 0.0934363 -0.9860514 0.1297813 0.1042088 -0.6092671 0.7908257 0.05821079 0.06387728 0.9227657 -0.3800306 0.1600862 0.9227377 -0.3506101 0.1600896 0.9227362 -0.3506128 0.1601151 0.9227241 -0.3506327 0.160119 0.9227223 -0.3506358 0.2454091 0.922726 -0.2972394 0.2454098 0.9227262 -0.2972379 0.2454147 0.9227285 -0.2972269 0.2454155 0.9227289 -0.2972252 0.3139804 0.9227238 -0.2236003 0.3139865 0.9227198 -0.2236081 0.3140339 0.9226892 -0.2236679 0.3140411 0.9226846 -0.2236771 0.2542362 0.7908564 -0.5566959 0.3896556 0.7908178 -0.4719912 0.38965 0.7908303 -0.471975 0.3896054 0.7909293 -0.4718461 0.5067239 0.6054315 -0.6137456 0.6482987 0.6053906 -0.461748 0.6482925 0.6054049 -0.4617378 0.6482425 0.6055206 -0.4616564 0.7534552 0.3799232 -0.5366225 0.389599 0.7909434 -0.4718275 0.4984633 0.7909085 -0.3549625 0.4984621 0.7909076 -0.354966 0.4984539 0.7909017 -0.3549905 0.4984529 0.7909011 -0.3549936 0.6482357 0.6055364 -0.4616453 0.7711575 0 0.6366446 0.7711614 0 0.6366397 0.771168 0 0.6366317 0.7711721 0 0.6366269 0.9096495 0 0.4153767 0.9096495 0 0.4153767 0.9861652 0 0.1657656 0.9861631 -6.17391e-6 0.1657785 0.9861595 -1.62543e-5 0.1657996 0.9861573 -2.24282e-5 0.1658125 0.9954701 -2.24262e-5 -0.09507513 0.9954687 -1.62524e-5 -0.09508949 0.9954665 -6.17372e-6 -0.09511297 0.9954652 0 -0.0951274 -0.8422816 -0.4619499 0.2777843 -0.8424996 -0.4598675 0.2805643 -0.842297 -0.4617659 0.2780433 -0.8427059 -0.4577968 0.2833178 -0.7750546 -0.4659898 0.4267832 -0.7727954 -0.4543286 0.4431397 -0.6820176 -0.4694889 0.5607426 -0.6726539 -0.4513331 0.5863746 -0.5663352 -0.4724217 0.6753386 -0.5460815 -0.4488239 0.7073558 -0.4319872 -0.4748004 0.7667802 -0.3980464 -0.446796 0.801207 -0.2834249 -0.4766429 0.8321549 -0.2342785 -0.4452736 0.864202 -0.1255773 -0.4779596 0.869359 -0.06118094 -0.444238 0.8938174 0.03630489 -0.4787074 0.8772236 0.1143335 -0.4437368 0.8888338 0.1968452 -0.4789921 0.8554641 0.2855552 -0.4437589 0.849433 0.3507254 -0.4787501 0.8048541 0.445663 -0.4442742 0.7771776 0.4928653 -0.4779601 0.7270749 0.5884233 -0.4452683 0.674903 0.6186383 -0.4766335 0.6245857 0.7081437 -0.4468158 0.5467067 0.7236356 -0.4748001 0.5009157 0.8003116 -0.4488099 0.3975814 0.8045306 -0.4723953 0.3599629 0.8612806 -0.4513131 0.2334787 0.8585057 -0.4694666 0.2063233 0.8887556 -0.4543203 0.06088179 0.8836207 -0.4660224 0.04513841 0.8803914 -0.4598781 -0.1158583 0.8790954 -0.461785 -0.1180929 0.881776 -0.4578148 -0.113476 0.8789847 -0.4619532 -0.118259 0.7833031 -0.6126411 -0.1053914 0.7832978 -0.61265 -0.1053789 0.7832961 -0.6126528 -0.1053748 0.7832903 -0.6126626 -0.1053611 0.7893248 -0.6126508 0.0403164 0.7893301 -0.6126449 0.04030466 0.7893318 -0.612643 0.04030084 0.7893376 -0.6126364 0.04028791 0.7684834 -0.6126382 0.184683 0.7684857 -0.6126365 0.1846792 0.7684863 -0.612636 0.184678 0.7684889 -0.6126341 0.1846737 0.7214472 -0.612637 0.3227846 0.7214459 -0.6126387 0.3227844 0.7214455 -0.6126393 0.3227843 0.721444 -0.6126412 0.322784 0.6498691 -0.6126291 0.4498398 0.6498743 -0.612626 0.4498364 0.6498761 -0.612625 0.4498354 0.6498819 -0.6126216 0.4498316 0.5561996 -0.6126161 0.5615546 0.5561885 -0.6126212 0.56156 0.5561848 -0.6126229 0.5615618 0.5561726 -0.6126284 0.5615679 0.4695283 -0.6137673 0.6346912 0.3971163 -0.6915632 0.6033564 0.4299812 -0.7453265 0.5095142 0.3277829 -0.7925963 0.5141494 0.3955429 -0.8449968 0.3598976 0.3720517 -0.8487799 0.3756998 0.396071 -0.8580282 0.3269791 0.434214 -0.8491955 0.3005418 0.4719015 -0.8549167 0.2154682 0.4749777 -0.8538219 0.2130362 0.4723379 -0.8547618 0.2151257 0.4754351 -0.8536524 0.2126945 0.5125456 -0.8497804 0.123168 0.6497609 -0.7439278 0.1561482 0.6497627 -0.7439272 0.1561435 0.6497579 -0.7439287 0.1561563 0.6497653 -0.7439264 0.1561364 0.6623272 -0.7438983 -0.089096 0.6623276 -0.7438971 -0.08910292 0.6623278 -0.7438964 -0.08910757 0.6623281 -0.7438951 -0.0891155 0.667441 -0.743883 0.0340681 0.667423 -0.7438976 0.03410339 0.6674109 -0.7439073 0.03412705 0.6673901 -0.7439241 0.03416776 0.5197867 -0.8514286 -0.06993603 0.5132998 -0.856806 -0.04905903 0.5284335 -0.8485433 0.02706068 0.5068258 -0.8578278 0.0852012 0.4544028 -0.5866432 0.670349 0.322777 -0.5907722 0.7394614 0.3282262 -0.5983259 0.7309404 0.3285411 -0.5988143 0.7303988 0.3224419 -0.5903521 0.7399429 0.1802993 -0.5945462 0.783586 0.1803292 -0.5945201 0.7835989 0.1803233 -0.5945253 0.7835964 0.1803538 -0.5944986 0.7836096 0.03337323 -0.5902968 0.8064962 0.02366524 -0.5987963 0.8005517 -0.1157798 -0.5866302 0.8015362 -0.1450121 -0.6137995 0.7760295 -0.09360581 -0.6915495 0.7162383 -0.1641401 -0.7453052 0.6462029 -0.07000774 -0.7926859 0.6055973 -0.1982892 -0.8450328 0.4965894 -0.1704556 -0.8487842 0.5005101 -0.213329 -0.8580288 0.4672015 -0.2592375 -0.8491896 0.4600794 -0.3308876 -0.8547205 0.3999578 -0.3341304 -0.8538042 0.3992184 -0.3303025 -0.8549076 0.4000414 -0.334683 -0.8536512 0.3990826 -0.4071546 -0.8497874 0.3347935 -0.5161843 -0.7439176 0.4244295 -0.5161844 -0.7439178 0.4244291 -0.5161842 -0.7439172 0.4244302 -0.5854007 -0.7439092 0.3223434 -0.5854006 -0.7439091 0.3223437 -0.5854006 -0.743909 0.322344 -0.6923423 -0.6126365 0.3812331 -0.6923427 -0.6126355 0.3812342 -0.692341 -0.6126402 0.3812296 -0.750592 -0.6126417 0.2475516 -0.7505971 -0.6126394 0.2475423 -0.7505987 -0.6126387 0.2475392 -0.4186218 -0.8578254 0.2981467 -0.4635146 -0.8485354 0.2552291 -0.5854005 -0.7439088 0.3223444 -0.6346588 -0.7439105 0.2092975 -0.6346545 -0.7439155 0.2092928 -0.6346516 -0.743919 0.2092896 -0.7506041 -0.6126362 0.2475288 -0.4831345 -0.8567967 0.1802235 -0.4981058 -0.8514177 0.1642514 -0.6346466 -0.7439247 0.2092842 -0.6923438 -0.6126322 0.3812373 -0.6105074 -0.6126202 0.5019735 -0.6105069 -0.612634 0.5019571 -0.6105068 -0.6126381 0.5019522 -0.5161845 -0.7439181 0.4244284 -0.4294099 -0.7439119 0.5120571 -0.4294121 -0.7439219 0.5120406 -0.4294135 -0.7439277 0.512031 -0.6105064 -0.6126507 0.5019373 -0.5078734 -0.6126539 0.6055739 -0.5078745 -0.6126435 0.6055836 -0.5078748 -0.6126405 0.6055864 -0.4294155 -0.7439364 0.5120167 -0.3280532 -0.7439408 0.5821797 -0.3280323 -0.7439277 0.5822083 -0.3280202 -0.74392 0.5822249 -0.5078758 -0.612631 0.6055952 -0.3879234 -0.6126352 0.6886172 -0.3879364 -0.6126443 0.6886018 -0.3879403 -0.612647 0.6885973 -0.328002 -0.7439086 0.5822497 -0.2154187 -0.7439039 0.632615 -0.2154325 -0.7439077 0.6326059 -0.2154406 -0.7439099 0.6326005 -0.387952 -0.6126552 0.6885833 -0.2547844 -0.6126565 0.7481557 -0.2548015 -0.6126576 0.748149 -0.2548065 -0.612658 0.748147 -0.2154526 -0.7439133 0.6325925 -0.254822 -0.6126589 0.7481409 0.4702312 -0.7439312 0.4748148 0.4702397 -0.7439279 0.4748114 0.4702165 -0.7439367 0.4748207 0.4702525 -0.7439231 0.4748063 0.5494773 -0.7439247 0.38033 0.5494793 -0.743924 0.3803286 0.5494738 -0.7439259 0.3803324 0.5494822 -0.7439228 0.3803265 0.6100054 -0.7439206 0.2729019 0.6100016 -0.7439229 0.2729046 0.6100122 -0.7439168 0.2728974 0.6099957 -0.7439263 0.2729085 -0.9944612 -7.56122e-4 0.1051018 -0.9962514 6.48531e-4 0.08650344 -0.9944615 0 0.1051018 -0.9907199 6.42268e-4 -0.135918 -0.9861547 0 -0.1658282 -0.9861543 -0.001283943 -0.1658256 -0.9861547 0 -0.1658282 -0.9861534 0.001284003 -0.1658306 -0.9293962 -0.00116229 -0.369082 -0.9096404 0.001750648 -0.4153931 -0.9096416 1.48011e-6 -0.4153939 -0.9096417 1.4788e-6 -0.4153939 -0.8140637 -0.001571774 -0.5807734 -0.7711638 0.002097904 -0.6366332 -0.7711656 0 -0.6366348 -0.7711655 0 -0.6366348 -0.6514542 -0.001865684 -0.7586858 -0.5801394 0.002330362 -0.814514 -0.5801333 0 -0.8145217 -0.5801333 0 -0.8145217 -0.4509578 -0.002042353 -0.8925429 -0.3494062 0.002451837 -0.9369682 -0.3494072 2.29198e-7 -0.936971 -0.3494072 2.27047e-7 -0.936971 -0.2241933 -0.002093255 -0.9745425 -0.09514826 0.002450704 -0.9954602 -0.09514856 0 -0.9954631 -0.09514856 0 -0.9954632 0.01548969 -0.002040088 -0.999878 0.1658184 0.002332806 -0.9861536 0.1658188 0 -0.9861563 0.1658188 0 -0.9861563 0.2544447 -0.001867175 -0.9670856 0.4153504 0.002093434 -0.9096592 0.4153493 -3.47878e-7 -0.909662 0.4153494 -3.36563e-7 -0.9096621 0.4783316 -0.001575708 -0.8781779 0.6366891 0.001748263 -0.7711186 0.6366903 4.54192e-7 -0.7711197 0.6366903 4.5549e-7 -0.7711197 0.6746458 -0.001162528 -0.7381407 0.8145466 0.001283705 -0.5800969 0.8145473 4.54824e-7 -0.5800973 0.8145472 4.55567e-7 -0.5800973 0.8316974 -6.39998e-4 -0.555229 0.9404253 7.59082e-4 -0.3399996 0.9338886 -6.49832e-4 -0.3575638 0.9404257 4.9291e-7 -0.3399994 -0.9293818 0.001162767 -0.369118 -0.9096402 -0.001747727 -0.4153935 -0.8140835 0.001573026 -0.5807458 -0.7711637 -0.002097904 -0.6366335 -0.6514716 0.001865684 -0.7586709 -0.580124 -0.002330243 -0.8145249 -0.4509495 0.00204271 -0.8925471 -0.3494061 -0.00245136 -0.9369683 -0.2242025 0.002093315 -0.9745404 -0.09514826 -0.002450823 -0.9954602 0.01548969 0.002040147 -0.9998781 0.1658183 -0.002332568 -0.9861536 0.2544344 0.001867115 -0.9670882 0.4153465 -0.002094089 -0.909661 0.4783496 0.001576066 -0.8781681 0.6366894 -0.001747369 -0.7711185 0.6746457 0.001163601 -0.7381408 0.8145466 -0.001282811 -0.5800969 0.8316972 6.41384e-4 -0.5552292 -0.9907205 -6.42248e-4 -0.1359134 8.22496e-7 1 -8.86756e-7 7.36087e-7 1 1.27754e-7 6.97465e-7 1 1.53345e-6 7.36087e-7 1 3.05912e-6 6.97466e-7 1 -3.92336e-6 1.66029e-6 1 6.88967e-6 1.01854e-6 1 -5.71126e-6 2.91879e-6 1 1.32627e-5 1.44082e-6 1 -1.76758e-6 2.61891e-6 1 9.51127e-6 1.98016e-6 1 -5.29789e-6 3.16712e-6 1 -2.01033e-6 4.06265e-6 1 2.11569e-5 -3.19168e-6 1 -3.07299e-5 0 1 3.30009e-5 6.94182e-7 1 0 9.87013e-7 1 -4.6438e-6 7.20431e-7 1 -4.96704e-7 1.30944e-6 1 -9.77819e-6 7.62086e-7 1 -3.32922e-7 1.35561e-6 1 -7.35002e-6 4.3478e-7 1 -2.01114e-6 -3.19132e-6 1 -1.22411e-5 0 1 -3.29984e-5 0.9944605 4.92955e-7 -0.1051117 0.99625 6.48935e-4 -0.08651882 0.9907205 -6.42248e-4 0.1359135 0.9861614 0.001280486 0.1657835 0.9861621 5.6914e-7 0.1657837 0.9861621 5.68905e-7 0.1657837 0.9294047 -0.001166701 0.3690604 0.9096454 0.0017488 0.4153822 0.9096467 8.54044e-7 0.4153829 0.9096468 8.53304e-7 0.4153829 0.8140407 -0.001573443 0.5808057 0.7711521 0.002095639 0.6366476 0.7711536 0 0.6366491 0.7711536 0 0.6366491 0.6514613 -0.001868605 0.7586796 0.5801077 0.002327978 0.8145365 0.5801023 0 0.8145436 0.5801024 -1.33255e-7 0.8145437 0.4509323 -0.002044141 0.8925558 0.3494571 0.002447187 0.9369492 0.3494582 -4.29414e-7 0.9369521 0.3494582 -4.25145e-7 0.936952 0.2242025 -0.002099156 0.9745404 0.0950905 0.002446949 0.9954656 0.0950908 0 0.9954687 0.0950908 0 0.9954686 -0.01548904 -0.002041518 0.999878 -0.1657334 0.002329647 0.9861679 -0.1657338 0 0.9861706 -0.1657338 0 0.9861705 -0.2543072 -0.001866459 0.9671218 -0.4154191 0.002099514 0.9096278 -0.4154199 0 0.9096298 -0.4154199 0 0.9096298 -0.4784359 -0.001571357 0.8781211 -0.6366295 0.001750051 0.7711679 -0.6366303 0 0.7711691 -0.6366303 0 0.7711691 -0.6746867 -0.001166641 0.7381033 -0.8145592 0.001282155 0.580079 -0.8145599 1.36463e-6 0.5800796 -0.8145599 1.36616e-6 0.5800795 -0.8316875 -6.37845e-4 0.5552438 -0.9404085 7.59094e-4 0.3400461 -0.9338684 -6.48889e-4 0.3576164 -0.9403954 0 0.3400833 0.9944558 -7.57792e-4 -0.1051528 0.9907149 6.41259e-4 0.1359544 0.9861614 -0.001279354 0.1657836 0.9294048 0.001167654 0.3690602 0.9096453 -0.001747071 0.4153825 0.8140506 0.001573979 0.580792 0.814062 -0.001541852 0.5807759 0.8140573 -0.001309812 0.5807832 0.7711519 -0.00209552 0.6366478 0.6514613 0.001868605 0.7586796 0.5800939 -0.002328217 0.8145464 0.450967 0.002043426 0.8925384 0.3494572 -0.002448081 0.9369491 0.2241935 0.002098858 0.9745424 0.0950905 -0.002446889 0.9954656 -0.01548904 0.002041518 0.999878 -0.1657333 -0.002329707 0.9861679 -0.2543072 0.001866459 0.9671217 -0.4154189 -0.002099514 0.9096278 -0.4784358 0.001571297 0.8781212 -0.4784306 -0.001265525 0.8781245 -0.4784088 -0.001546323 0.878136 -0.6366292 -0.001750051 0.7711681 -0.6747079 0.001168191 0.738084 -0.8145592 -0.001279413 0.580079 -0.8316875 6.4034e-4 0.5552437 0 1 -8.29466e-7 0 1 -4.77062e-6 0 1 -1.33851e-6 0 1 -6.72136e-7 0 1 1.21133e-7 0 1 2.66379e-6 0 1 9.87933e-7 0 1 2.25572e-6 0 1 -2.11487e-6 0 1 -9.69096e-7 0 1 -2.54169e-6 2.09518e-6 1 -1.21886e-6 1.73017e-6 1 2.67723e-6 2.00755e-6 1 9.29541e-7 2.12046e-6 1 -4.23004e-6 0 1 -5.39078e-7 0 1 -2.67624e-6 0 1 -5.43902e-7 0 1 1.25447e-6 0 1 9.77094e-7 0 1 3.65261e-6 0 1 2.50467e-6 0 1 2.00916e-6 0 1 2.6771e-6 -1.28287e-6 1 -2.54154e-6 -1.28209e-6 1 -9.69076e-7 -2.51094e-6 1 -4.5142e-6 -2.33952e-6 1 -9.87966e-7 -1.67627e-6 1 3.38387e-6 -1.38269e-6 1 2.46995e-6 -1.3995e-6 1 5.99884e-6 -1.84817e-6 1 0 -2.48795e-6 1 -9.89837e-7 -1.87598e-6 1 3.83763e-6 -3.11867e-6 1 -1.33856e-6 -1.40657e-6 1 2.10036e-6 0 1 6.11694e-6 1.12477e-6 1 0 1.89147e-6 1 -5.11443e-6 1.66498e-6 1 0 1.42831e-6 1 -4.1263e-6 0 1 2.39936e-6 0 1 -3.05849e-6 0 1 9.29478e-7 0 1 -2.15206e-6 0 1 0 0 1 5.61781e-7 1.29917e-6 1 3.31245e-6 1.68313e-6 1 3.19288e-6 1.99671e-6 1 2.38414e-7 1.02042e-6 1 1.16795e-6 0 1 -4.36428e-6 0 1 2.37872e-6 0 1 -7.97562e-6 -0.8817871 -0.4577975 0.1134595 -0.8803994 -0.4598664 0.1158446 -0.8791009 -0.4618034 0.1179804 -0.8789895 -0.4619467 0.1182481 -0.7832984 -0.61265 0.1053737 -0.7832997 -0.612649 0.1053706 -0.7832946 -0.6126533 0.1053833 -0.7833038 -0.6126454 0.10536 -0.6623157 -0.7439075 0.08910477 -0.6623182 -0.7439044 0.08911204 -0.6623119 -0.7439122 0.08909398 -0.6623227 -0.7438989 0.0891245 -0.5198015 -0.8514196 0.069938 -0.5133135 -0.8567979 0.04905676 -0.5284419 -0.8485389 -0.02703702 -0.5068297 -0.8578241 -0.08521437 -0.5125402 -0.8497863 -0.1231505 -0.4754246 -0.8536638 -0.2126726 -0.4723678 -0.8547526 -0.215097 -0.4749647 -0.8538291 -0.2130364 -0.6100414 -0.7438991 -0.2728803 -0.6100379 -0.7439005 -0.2728844 -0.6100475 -0.7438967 -0.2728734 -0.5494799 -0.7438995 -0.3803754 -0.5494652 -0.7439054 -0.3803851 -0.5494554 -0.7439093 -0.3803916 -0.6498433 -0.6126496 -0.449849 -0.6498445 -0.6126493 -0.449848 -0.6498395 -0.6126511 -0.4498525 -0.5561372 -0.6126567 -0.5615721 -0.5561686 -0.6126369 -0.5615627 -0.5561788 -0.6126304 -0.5615595 -0.6185711 -0.476659 -0.6246328 -0.5883784 -0.4452915 -0.6749269 -0.492906 -0.477957 -0.7270494 -0.4456798 -0.4442468 -0.7771836 -0.3507396 -0.4787254 -0.8048626 -0.2855986 -0.4437383 -0.8494291 -0.1967905 -0.4790053 -0.8554691 -0.1143627 -0.4437744 -0.8888112 -0.0363239 -0.4787413 -0.8772044 0.06124591 -0.4442346 -0.8938146 0.1255995 -0.4779082 -0.8693841 0.2342851 -0.445223 -0.8642263 0.2834565 -0.4766064 -0.8321651 0.3980417 -0.4467725 -0.8012223 0.4319937 -0.4747607 -0.7668009 0.546083 -0.4487857 -0.7073788 0.5663449 -0.4723935 -0.6753501 0.672639 -0.4513173 -0.5864039 0.6820284 -0.4694811 -0.560736 0.7727847 -0.4543399 -0.4431469 0.7750396 -0.4659878 -0.4268124 0.8427132 -0.4577968 -0.2832961 0.8422778 -0.4618262 -0.2780013 0.8425092 -0.4598683 -0.2805342 0.8422933 -0.4619516 -0.2777459 0.7506021 -0.6126441 -0.2475151 0.7506021 -0.6126431 -0.2475175 0.7506018 -0.6126474 -0.2475078 0.7506024 -0.6126395 -0.2475255 0.6346556 -0.743911 -0.2093054 0.6346603 -0.7439049 -0.2093129 0.6346485 -0.7439202 -0.2092941 0.6346684 -0.7438943 -0.2093258 0.4980743 -0.8514297 -0.1642852 0.483147 -0.8567916 -0.1802143 0.4635167 -0.8485348 -0.2552275 0.4186328 -0.8578271 -0.2981263 0.4071668 -0.8497647 -0.3348364 0.3341146 -0.8538169 -0.3992046 0.3308566 -0.8547427 -0.3999361 0.3347374 -0.8536431 -0.3990542 0.4294587 -0.7439179 -0.5120073 0.4294468 -0.7439131 -0.5120242 0.429479 -0.7439261 -0.5119783 0.4294292 -0.743906 -0.5120493 0.5078771 -0.612643 -0.6055819 0.5078732 -0.6126407 -0.6055875 0.5078904 -0.6126509 -0.6055629 0.5078611 -0.6126337 -0.6056049 -0.4718789 -0.8549297 -0.2154658 -0.4341529 -0.8492127 -0.3005818 -0.5494384 -0.7439162 -0.3804029 -0.470264 -0.7439197 -0.4748002 -0.4702824 -0.7439125 -0.4747933 -0.4702947 -0.7439076 -0.4747887 -0.5562132 -0.6126087 -0.5615491 -0.4695719 -0.6137511 -0.6346746 -0.4544483 -0.586624 -0.670335 -0.3227689 -0.590736 -0.7394939 -0.3282424 -0.5983189 -0.7309388 -0.3285391 -0.5988041 -0.730408 -0.3224514 -0.5903618 -0.7399311 -0.1802731 -0.5945453 -0.7835927 -0.1802716 -0.5945426 -0.7835952 -0.1802794 -0.5945566 -0.7835828 -0.1802655 -0.5945315 -0.783605 -0.03339958 -0.5903472 -0.8064581 -0.396081 -0.8580253 -0.326975 -0.3721016 -0.8487805 -0.3756488 -0.4703159 -0.7438994 -0.4747807 -0.4300635 -0.7453048 -0.5094764 -0.3971967 -0.6915081 -0.6033668 -0.3953716 -0.8450412 -0.3599817 -0.3276494 -0.7926825 -0.5141016 -0.02367651 -0.5988556 -0.800507 0.1157872 -0.5866833 -0.8014962 0.1449407 -0.6137998 -0.7760425 0.09359639 -0.6915124 -0.7162754 0.1641616 -0.7453032 -0.6461998 0.06995993 -0.7926843 -0.605605 0.1983317 -0.8450357 -0.4965674 0.1704339 -0.848803 -0.5004857 0.2133188 -0.8580435 -0.4671792 0.2591909 -0.849219 -0.4600515 0.33025 -0.8549248 -0.4000481 -0.7081445 -0.4468192 -0.5467029 -0.7236437 -0.4747955 -0.5009083 -0.6498479 -0.612648 -0.4498447 -0.7214483 -0.6126546 -0.3227487 -0.7214481 -0.612654 -0.3227505 -0.7214481 -0.6126537 -0.3227509 -0.6100325 -0.7439027 -0.2728905 -0.6497755 -0.743918 -0.1561345 -0.6497792 -0.7439142 -0.1561372 -0.6497813 -0.743912 -0.1561388 -0.8003106 -0.4488194 -0.3975726 -0.8045513 -0.4723821 -0.359934 -0.7214479 -0.6126531 -0.3227525 -0.7684703 -0.6126571 -0.1846746 -0.7684711 -0.6126568 -0.1846728 -0.7684714 -0.6126566 -0.1846722 -0.6497845 -0.7439087 -0.1561412 -0.6674029 -0.7439143 -0.03413182 -0.667411 -0.7439073 -0.03412449 -0.6674157 -0.7439033 -0.03412026 -0.8612765 -0.4513068 -0.233506 -0.8585085 -0.4694675 -0.2063095 -0.768472 -0.6126562 -0.1846705 -0.7893165 -0.6126602 -0.04033797 -0.7893201 -0.6126558 -0.04033249 -0.7893213 -0.6126546 -0.04033082 -0.6674228 -0.7438972 -0.03411388 -0.8887586 -0.4543169 -0.06086432 -0.8836339 -0.4659962 -0.04515314 -0.7893245 -0.6126506 -0.04032582 0.2548151 -0.6126509 -0.7481499 0.2548096 -0.612646 -0.7481557 0.2548318 -0.6126659 -0.7481318 0.2154333 -0.7439082 -0.6326051 0.2154285 -0.7439097 -0.632605 0.2154253 -0.7439107 -0.6326049 0.2154197 -0.7439123 -0.6326047 0.3280255 -0.7439044 -0.5822419 0.3280233 -0.7439037 -0.582244 0.328022 -0.7439032 -0.5822454 0.3280195 -0.7439023 -0.5822479 0.3879436 -0.6126329 -0.6886078 0.3879445 -0.6126341 -0.6886062 0.3879406 -0.6126292 -0.6886129 0.2547912 -0.6126295 -0.7481756 0.3879479 -0.6126383 -0.6886005 0.5161727 -0.7439256 -0.4244297 0.5161679 -0.7439224 -0.424441 0.5161648 -0.7439202 -0.4244487 0.5161593 -0.7439165 -0.424462 0.5853941 -0.7439108 -0.3223516 0.5853993 -0.7439097 -0.3223446 0.5854028 -0.743909 -0.3223398 0.5854088 -0.7439078 -0.3223317 0.610507 -0.6126536 -0.501933 0.6105071 -0.6126399 -0.5019497 0.6105072 -0.6126354 -0.5019552 0.6105074 -0.6126202 -0.5019735 0.6923226 -0.6126395 -0.3812643 0.6923272 -0.6126415 -0.3812528 0.6923286 -0.6126421 -0.381249 0.6923336 -0.6126443 -0.3812363 0.9745387 -7.49761e-6 -0.2242196 0.9745377 -1.07732e-5 -0.2242239 0.9745391 -1.32081e-5 -0.2242182 0.9745376 -1.25537e-5 -0.2242249 0.9745352 0 -0.2242348 0.9369266 0 -0.3495264 0.9369298 -6.17404e-6 -0.3495177 0.9369351 -1.62536e-5 -0.3495035 0.9369383 -2.24277e-5 -0.3494948 0.8145465 -1.79423e-5 -0.5800983 0.8145408 -1.30031e-5 -0.5801066 0.8145312 -4.93911e-6 -0.5801199 0.8145253 0 -0.5801281 0.6366847 0 -0.7711244 0.636686 -4.3218e-6 -0.7711232 0.6366883 -1.13773e-5 -0.7711214 0.6366897 -1.56992e-5 -0.7711201 0.4153773 -8.97143e-6 -0.9096493 0.4153798 -6.50175e-6 -0.9096482 0.4153841 -2.4696e-6 -0.9096462 0.4153866 0 -0.909645 0.9745416 0 -0.2242066 0.9745376 -8.35596e-6 -0.2242242 0.9745382 -1.04614e-5 -0.2242218 0.9745352 -9.3576e-6 -0.2242347 0.9745354 -3.74876e-6 -0.224234 -0.9745404 2.99909e-5 0.2242122 -0.974541 -1.44113e-6 0.2242096 -0.9745421 1.15293e-5 0.2242048 -0.9745414 -1.2555e-5 0.2242076 -0.9745373 0 0.2242259 -0.7711611 0 -0.6366402 -0.7711489 0 -0.6366549 -0.7711565 0 -0.6366458 -0.7711443 0 -0.6366605 -0.909662 0 -0.4153495 -0.909662 0 -0.4153496 -0.9861613 0 -0.165789 -0.9861612 0 -0.165789 -0.9954646 0 0.09513419 -0.9954646 0 0.09513324 -0.9954648 0 0.09513175 -0.9954648 0 0.0951308 -0.9369471 0 0.3494713 -0.9369471 0 0.3494714 -0.8145592 0 0.5800805 -0.8145558 0 0.5800852 -0.8145505 0 0.5800928 -0.8145472 0 0.5800975 -0.6366206 0 0.7711771 -0.6366212 0 0.7711767 -0.6366223 0 0.7711759 -0.6366229 0 0.7711755 -0.415407 0 0.9096358 -0.4153932 2.46955e-6 0.9096421 -0.4153707 6.50153e-6 0.9096522 -0.4153569 8.97099e-6 0.9096586 -0.9745427 2.0392e-5 0.224202 -0.9745371 1.23347e-5 0.2242262 -0.9745374 5.66805e-6 0.2242249 -0.9745344 1.70379e-5 0.224238 -0.9745354 2.99903e-5 0.2242338 0 -1 -2.56274e-6 0 -1 -1.49598e-6 0 -1 7.37041e-7 0 -1 8.1462e-7 0 -1 0 0 -1 -6.27948e-7 0 -1 -1.10729e-6 0 -1 -6.11866e-6 0 -1 -7.57727e-7 0 -1 -1.89382e-7 0 -1 -3.59889e-6 0 -1 -8.53174e-7 0 -1 -8.53071e-7 0 -1 -1.87779e-5 0 -1 1.74257e-6 0 -1 5.12559e-6 0 -1 4.64218e-7 0 -1 -4.87598e-6 0 -1 2.93625e-6 0 -1 -6.89674e-6 0 -1 6.88026e-6 0 -1 8.53124e-7 0 -1 1.87702e-5 0.986087 0.1294645 -0.1042655 0.9779464 0.1868069 -0.09340345 0.9878084 0.07653152 0.1355646 0.9590894 0.2327404 0.1611818 0.9289297 0.03195047 0.3688751 0.8761542 0.2688509 0.4000914 0.8140414 -0.002241671 0.5808027 0.7368544 0.2949871 0.6082994 0.6511892 -0.02716076 0.7584294 0.5511776 0.3118545 0.7739188 0.5511775 0.3118545 0.7739188 0.5511776 0.3118545 0.7739188 0.4505689 -0.0418418 0.8917607 0.3310267 0.3207656 0.8874294 0.2239453 -0.04678952 0.973478 0.09007483 0.3205496 0.9429393 -0.01548892 -0.04202097 0.9989967 -0.1574829 0.3120739 0.9369147 -0.2542257 -0.02708435 0.9667656 -0.3968711 0.2951864 0.8691136 -0.4784502 -0.002251982 0.8781119 -0.6132099 0.2689327 0.7427307 -0.6743699 0.03202557 0.7376988 -0.7921733 0.2327507 0.5641707 -0.8292611 0.07641476 0.5536128 -0.9204583 0.1866943 0.3433684 -0.9324365 0.1298252 0.3372056 0.9208596 0.3798454 -0.08794903 0.9207833 0.3800258 -0.08797001 0.9208513 0.3798651 -0.08795136 0.9207744 0.3800467 -0.08797246 0.7923981 0.6052877 -0.07571053 0.7923938 0.6052942 -0.07570534 0.7923977 0.6052885 -0.07570999 0.7923931 0.605295 -0.07570469 0.6091467 0.7909197 -0.05819231 0.6091646 0.7909057 -0.05819714 0.6091626 0.7909072 -0.0581966 0.6091444 0.7909216 -0.05819171 0.3836927 0.9227336 -0.03664344 0.3837442 0.9227118 -0.03665393 0.3837382 0.9227142 -0.03665274 0.3836858 0.9227365 -0.03664201 0.1310521 0.9912965 -0.01251852 0.1310275 0.9912998 -0.01251763 0.1310305 0.9912993 -0.01251775 0.1310557 0.991296 -0.01251864 0.1298385 0.991295 0.02182507 0.1298367 0.9912953 0.02182465 0.1298233 0.991297 0.02182197 0.1298212 0.9912973 0.02182155 0.1197606 0.9912959 0.05468004 0.1197579 0.9912962 0.05468052 0.1197383 0.9912984 0.05468374 0.1197352 0.9912987 0.05468422 0.1015043 0.991299 0.08380568 0.1015046 0.991299 0.08380371 0.1015068 0.9913001 0.08378964 0.1015072 0.9913002 0.08378738 0.07636344 0.991296 0.1072429 0.07636713 0.9912956 0.107243 0.0763942 0.9912935 0.1072437 0.07639855 0.9912931 0.1072438 0.04601222 0.9912943 0.123364 0.04601484 0.991294 0.1233648 0.04603415 0.9912925 0.1233705 0.04603731 0.9912922 0.1233714 0.01253545 0.9912866 0.1311252 0.01253336 0.9912874 0.1311192 0.01251834 0.9912934 0.1310755 0.0125159 0.9912943 0.1310684 -0.02182209 0.991294 0.1298458 -0.02182167 0.9912943 0.1298446 -0.02182465 0.991293 0.1298536 -0.02182501 0.9912929 0.1298546 -0.05469763 0.9912937 0.1197702 -0.05470108 0.9912931 0.1197739 -0.05467623 0.9912977 0.1197474 -0.05467331 0.9912983 0.1197442 -0.0838018 0.9913023 0.1014747 -0.08379811 0.9913033 0.1014683 -0.08382481 0.9912963 0.1015138 -0.08382797 0.9912955 0.1015192 -0.1072353 0.991297 0.07636094 -0.1072351 0.9912974 0.07635611 -0.1072362 0.9912946 0.07639068 -0.1072363 0.9912942 0.07639473 -0.1233445 0.9912968 0.04601013 -0.1233436 0.991297 0.04600906 -0.1233499 0.9912958 0.04601699 -0.1233507 0.9912957 0.04601788 -0.3611015 0.9227479 0.1346923 -0.3611101 0.9227423 0.1347082 -0.3611026 0.9227473 0.1346944 -0.3611111 0.9227416 0.13471 -0.5734463 0.7908232 0.2139117 -0.5734104 0.7908544 0.2138922 -0.5734418 0.7908271 0.2139092 -0.5734065 0.7908579 0.21389 -0.7456051 0.6055684 0.2781371 -0.7456632 0.6054946 0.2781416 -0.745612 0.6055595 0.2781376 -0.7456694 0.6054866 0.2781421 -0.8667607 0.3797021 0.3233453 -0.866729 0.3798031 0.3233118 -0.8667571 0.3797137 0.3233414 -0.8667256 0.379814 0.3233082 0.3801235 0.922727 0.06388241 0.3801096 0.9227327 0.06388342 0.3800024 0.9227763 0.06389135 0.3799862 0.9227829 0.06389254 0.3504772 0.9227919 0.1600656 0.3504993 0.9227823 0.1600722 0.3506697 0.9227089 0.1601227 0.3506956 0.9226976 0.1601303 0.2972977 0.9226972 0.2454468 0.2972971 0.922697 0.2454481 0.2972927 0.9226957 0.2454581 0.2972921 0.9226955 0.2454597 0.2236562 0.9226986 0.3140146 0.2236489 0.9227039 0.3140044 0.2235927 0.922744 0.3139263 0.2235841 0.9227502 0.3139145 0.1347 0.9227522 0.3610879 0.134691 0.922759 0.3610737 0.1346225 0.9228116 0.3609649 0.134612 0.9228196 0.3609483 0.03659826 0.9228194 0.3834903 0.03660839 0.9228072 0.3835189 0.03668636 0.9227128 0.3837384 0.03669822 0.9226985 0.3837718 -0.06390297 0.9227083 0.3801655 -0.06390249 0.922708 0.3801664 -0.06389909 0.9227054 0.3801732 -0.06389856 0.922705 0.3801742 -0.1601274 0.9227051 0.3506774 -0.1601264 0.9227062 0.3506749 -0.1601186 0.922715 0.3506553 -0.1601175 0.9227163 0.3506523 -0.2454241 0.9227243 0.297232 -0.2454214 0.9227246 0.2972336 -0.2454006 0.9227263 0.2972453 -0.2453974 0.9227266 0.2972471 -0.3139333 0.9227509 0.2235547 -0.3139318 0.9227517 0.2235538 -0.3139193 0.9227578 0.2235463 -0.3139173 0.9227586 0.2235452 0.6034444 0.7909245 0.1014561 0.603461 0.7909121 0.1014552 0.6035922 0.7908129 0.1014475 0.6036111 0.7907986 0.1014465 0.5568029 0.7907693 0.2542726 0.5567925 0.7907769 0.2542716 0.5567099 0.7908378 0.2542632 0.556698 0.7908464 0.254262 0.4720239 0.7907982 0.3896558 0.4720118 0.7908096 0.3896476 0.4719149 0.7908997 0.3895821 0.4719009 0.7909126 0.3895727 0.3550103 0.7908978 0.4984459 0.355014 0.7908993 0.4984409 0.355043 0.7909113 0.4984013 0.3550472 0.790913 0.4983956 0.2138988 0.7908676 0.5733897 0.2138992 0.7908653 0.5733929 0.2139022 0.7908458 0.5734187 0.2139026 0.790843 0.5734224 0.05819702 0.7908873 0.6091884 0.05818974 0.7908966 0.6091771 0.05813199 0.7909699 0.6090873 0.05812364 0.7909805 0.6090744 -0.1014595 0.7910351 0.6032989 -0.101457 0.791014 0.603327 -0.1014376 0.7908454 0.6035512 -0.1014348 0.7908211 0.6035834 -0.2542279 0.7908527 0.5567049 -0.25423 0.7908461 0.5567132 -0.2542465 0.7907944 0.5567791 -0.2542489 0.7907871 0.5567885 -0.3896744 0.790836 0.4719453 -0.3896711 0.7908363 0.4719474 -0.3896449 0.7908393 0.4719639 -0.3896412 0.7908399 0.4719663 -0.4985488 0.7908183 0.3550431 -0.4985472 0.7908181 0.3550459 -0.4985342 0.7908163 0.3550682 -0.4985324 0.790816 0.3550713 0.912152 0.3800846 0.1533446 0.9122549 0.3798477 0.1533193 0.9122437 0.3798736 0.1533221 0.7850264 0.6052396 0.1319796 0.7850232 0.605244 0.1319789 0.7849969 0.6052795 0.1319729 0.7849932 0.6052843 0.1319721 0.7241105 0.6052601 0.3306423 0.7240885 0.6052898 0.3306359 0.72391 0.6055314 0.3305844 0.7238856 0.6055644 0.3305774 0.6136858 0.6055688 0.5066323 0.6136972 0.6055514 0.5066393 0.6137898 0.6054096 0.5066965 0.6138024 0.6053903 0.5067042 0.4617347 0.6054248 0.6482762 0.4617334 0.6054286 0.6482735 0.461723 0.6054598 0.6482519 0.4617215 0.605464 0.6482489 0.2781288 0.6054558 0.7456995 0.2781373 0.6054288 0.7457183 0.2782067 0.6052092 0.7458705 0.2782162 0.6051793 0.7458913 0.07575017 0.6052052 0.7924574 0.07574373 0.605225 0.7924429 0.07569175 0.6053853 0.7923253 0.07568472 0.6054072 0.7923093 -0.1319534 0.6054346 0.7848804 -0.1319545 0.6054486 0.7848695 -0.1319632 0.6055626 0.7847801 -0.1319644 0.6055781 0.7847678 -0.3305881 0.605577 0.7238702 -0.3305855 0.6055707 0.7238767 -0.3305647 0.6055194 0.7239291 -0.3305619 0.6055124 0.7239362 -0.5066855 0.6054872 0.6137223 -0.5066816 0.6054942 0.6137188 -0.5066494 0.6055501 0.6136901 -0.506645 0.6055577 0.6136862 -0.6482296 0.605562 0.4616201 -0.6482295 0.6055604 0.4616223 -0.6482286 0.6055476 0.4616405 -0.6482285 0.6055458 0.4616429 0.841474 0.3798888 0.3841954 0.8413321 0.380173 0.3842252 0.8413476 0.380142 0.384222 0.9121399 0.3801122 0.1533476 0.8414905 0.3798558 0.384192 0.7133188 0.3799602 0.5889028 0.7133612 0.3798228 0.5889401 0.7133566 0.3798378 0.588936 0.7133139 0.3799763 0.5888985 0.5367002 0.3797099 0.7535074 0.5366178 0.3799546 0.7534428 0.5366268 0.3799279 0.7534497 0.5367098 0.3796814 0.753515 0.3232411 0.379977 0.8666791 0.3233344 0.3797026 0.8667646 0.3233242 0.3797326 0.8667553 0.3232303 0.3800089 0.8666691 0.08801555 0.3798596 0.9208474 0.08805 0.3796319 0.9209381 0.08798027 0.3800489 0.9207727 0.0880202 0.3798349 0.9208571 -0.1533533 0.3799595 0.9122026 -0.1533467 0.3798595 0.9122454 -0.1533474 0.3798705 0.9122408 -0.1533541 0.3799712 0.9121977 -0.3842291 0.3799532 0.8414295 -0.3842658 0.3799983 0.8413924 -0.3842617 0.3799934 0.8413964 -0.3842249 0.3799479 0.8414338 -0.5889313 0.3798084 0.7133761 -0.5889393 0.3799837 0.7132762 -0.5889384 0.3799645 0.7132872 -0.5889304 0.379788 0.7133877 -0.7535395 0.3796827 0.5366742 -0.7535371 0.3798415 0.5365653 -0.7535374 0.3798241 0.5365772 -0.7535398 0.3796643 0.5366869 0.956348 -0.2650545 -0.1230634 0.9563301 -0.2651192 -0.1230638 0.9563466 -0.2650599 -0.1230634 0.9563286 -0.2651244 -0.1230639 0.9915363 -0.02408039 -0.1275768 0.9915356 -0.02408093 -0.1275823 0.9915363 -0.02408045 -0.1275772 0.9915356 -0.02408099 -0.1275827 0.9678938 0.218337 -0.1245414 0.9678526 0.2185112 -0.1245568 0.9678905 0.2183511 -0.1245427 0.9678491 0.2185257 -0.124558 0.8866569 0.4481291 -0.1141051 0.8867013 0.4480415 -0.1141045 0.8866604 0.4481221 -0.1141051 0.8867051 0.4480341 -0.1141044 0.7524442 0.6515023 -0.09681218 0.7526242 0.6512942 -0.09681248 0.7524588 0.6514855 -0.09681218 0.7526401 0.6512761 -0.09681254 0.5727462 0.8164149 -0.07367897 0.5726238 0.8165008 -0.07367789 0.5727362 0.816422 -0.07367891 0.5726128 0.8165086 -0.07367783 0.3581416 0.9325292 -0.04608666 0.3581312 0.9325334 -0.04608112 0.3581408 0.9325295 -0.04608619 0.3581303 0.9325338 -0.04608058 0.1206089 0.992582 -0.01531577 0.1221956 0.9923817 -0.01571244 0.1179967 0.9929062 -0.0146346 0.1164561 0.9930942 -0.01420921 0.1288753 0.9916216 0.008825659 0.3602269 0.9325388 0.0246576 0.3601616 0.9325638 0.02466869 0.3601676 0.9325615 0.02466768 0.3484005 0.9325753 0.09444904 0.3484073 0.9325727 0.0944494 0.3484819 0.9325443 0.09445363 0.557408 0.8163676 0.1511299 0.5575423 0.8162745 0.1511374 0.5575304 0.8162828 0.1511368 0.5173774 0.8162522 0.2570075 0.517367 0.8162602 0.2570037 0.5172489 0.8163487 0.2569604 0.6793517 0.6515974 0.3374939 0.6795381 0.6513674 0.3375627 0.6795219 0.6513874 0.3375567 0.6005828 0.6514028 0.4636536 0.6005815 0.6514042 0.4636535 0.6005661 0.6514194 0.463652 0.7076888 0.4480414 0.5462924 0.7076172 0.4481561 0.5462912 0.7076233 0.4481464 0.5462914 0.5873213 0.4485167 0.673711 0.5874113 0.4482125 0.673835 0.5874465 0.4481592 0.6738398 0.6413217 0.2181351 0.735611 0.6412976 0.218383 0.7355586 0.6412996 0.2183623 0.7355629 0.4855011 0.2184194 0.8465114 0.4854891 0.2184653 0.8465065 0.4854551 0.2185227 0.8465113 0.497358 -0.02472966 0.8671929 0.4973647 -0.0245338 0.8671947 0.4972869 -0.02394109 0.8672559 0.3186219 -0.0249356 0.9475539 0.318518 -0.02408826 0.9476108 0.3186318 -0.02471351 0.9475564 0.3073879 -0.2645292 0.9140772 0.3073602 -0.2647517 0.9140221 0.3073082 -0.2650454 0.9139544 0.3072371 -0.2652649 0.9139146 0.1229992 -0.2652477 0.9563027 0.1230033 -0.2652645 0.9562975 0.1230481 -0.2654498 0.9562404 0.1230731 -0.2651426 0.9563224 -0.06582349 -0.2654688 0.9618698 -0.06594538 -0.2649776 0.961997 -0.06590312 -0.2649812 0.9619988 -0.06590956 -0.264942 0.9620093 -0.2523115 -0.2649139 0.9306769 -0.2523146 -0.2648994 0.9306802 -0.2523475 -0.264741 0.9307164 -0.2523504 -0.264727 0.9307196 -0.4290485 -0.2647554 0.86361 -0.4290477 -0.2647536 0.8636108 -0.4290393 -0.2647349 0.8636207 -0.4290385 -0.2647333 0.8636216 -0.589267 -0.264819 0.7633057 -0.5892691 -0.2648094 0.7633072 -0.5892925 -0.2647049 0.7633255 -0.5892946 -0.2646957 0.7633271 -0.7269201 -0.264718 0.6336494 -0.7268238 -0.2650749 0.6336107 -0.7267887 -0.2651322 0.633627 -0.7267781 -0.2651656 0.6336252 -0.836457 -0.2651213 0.4796357 -0.8364539 -0.2651277 0.4796375 -0.8364201 -0.2651988 0.4796574 -0.8364171 -0.265205 0.4796591 -0.9139261 -0.2652208 0.3072411 -0.9139242 -0.2652317 0.3072372 -0.9139474 -0.265096 0.3072856 -0.9475916 -0.02403825 0.3185788 -0.9475888 -0.02408653 0.3185836 -0.947589 -0.02408254 0.3185833 -0.9475918 -0.02403432 0.3185784 -0.9249781 0.2184274 0.3109746 -0.924987 0.2184251 0.3109495 -0.9249788 0.2184271 0.3109726 -0.9249878 0.2184249 0.3109474 -0.8473446 0.4481494 0.2849025 -0.8473587 0.4481461 0.2848655 -0.8473458 0.4481491 0.2848995 -0.84736 0.4481458 0.2848624 -0.7192142 0.651355 0.241801 -0.7192422 0.6513211 0.241809 -0.7192164 0.6513522 0.2418016 -0.7192446 0.6513181 0.2418097 -0.547394 0.8163949 0.1840087 -0.5473845 0.8164051 0.1839916 -0.5473933 0.8163957 0.1840074 -0.5473837 0.8164061 0.1839901 -0.3422845 0.9325224 0.1150795 -0.3422375 0.9325431 0.1150522 -0.3422805 0.9325242 0.1150773 -0.3422331 0.932545 0.1150497 -0.1167371 0.9923866 0.03926092 -0.1151571 0.9925842 0.03892773 -0.1124911 0.9929107 0.0383957 -0.1109408 0.9930964 0.0381022 -0.1120474 0.9916219 0.0642749 -0.09654217 0.9936437 0.05789548 -0.101571 0.990882 0.08852249 -0.0796597 0.9940578 0.07418632 -0.08540362 0.9901882 0.1106057 -0.06087857 0.9943661 0.08677583 -0.06413322 0.9895547 0.1291068 -0.04067188 0.9945904 0.09558188 -0.0386157 0.9890557 0.1424002 -0.01960581 0.9947454 0.1004856 -0.01023328 0.9887084 0.1495025 0.001694858 0.9948382 0.1014597 0.01927781 0.9885311 0.1497825 0.02270126 0.9948588 0.09869605 0.04813534 0.9885253 0.1431808 0.04284119 0.9948379 0.09199047 0.0745657 0.9887073 0.1299925 0.06157928 0.9947419 0.08183228 0.09690338 0.989068 0.1111494 0.07832187 0.9945933 0.06819057 0.1140364 0.9895745 0.08796584 0.09266173 0.9943666 0.05146783 0.1251924 0.990181 0.06219756 0.1040915 0.9940555 0.03191441 0.1300938 0.9908748 0.03525447 0.1121692 0.99364 0.00989294 -0.9139493 -0.2650846 0.3072896 0.4797222 -0.2646193 0.8365664 0.479714 -0.2646081 0.8365747 0.4796337 -0.264966 0.8365073 0.4796382 -0.2649555 0.8365081 0.4972811 -0.02399969 0.8672575 0.6569467 -0.02396684 0.753556 0.6569499 -0.02398121 0.7535529 0.6569854 -0.02414292 0.7535167 0.6413237 0.218115 0.7356153 0.7724875 0.2181874 0.5963701 0.7724829 0.2182141 0.5963665 0.7724901 0.2181816 0.5963689 0.7076945 0.4480323 0.5462926 0.8006397 0.4480552 0.3977721 0.800643 0.448049 0.3977723 0.8006794 0.447982 0.3977746 0.6793367 0.6516159 0.3374884 0.7321957 0.651522 0.1985159 0.7322113 0.6515045 0.198516 0.7323749 0.6513203 0.1985164 0.5573973 0.8163751 0.1511294 0.5761778 0.8163723 0.03943914 0.5761691 0.8163784 0.03944027 0.5760797 0.8164408 0.03945237 0.3602324 0.9325368 0.02465671 0.6337134 -0.2649827 0.7267678 0.6336773 -0.2649364 0.7268163 0.6337104 -0.2649788 0.7267719 0.6336744 -0.2649326 0.7268202 0.6569885 -0.02415728 0.7535134 0.791325 -0.02416634 0.6109179 0.7913244 -0.02416741 0.6109188 0.7913164 -0.02417957 0.6109286 0.7724255 0.2185351 0.5963231 0.8739317 0.2185202 0.4341573 0.8739374 0.2184973 0.4341571 0.8740013 0.2182447 0.4341558 0.8006826 0.4479762 0.3977749 0.8628479 0.4480829 0.2339128 0.8628434 0.4480929 0.2339106 0.8627938 0.4482008 0.2338867 0.7323893 0.6513043 0.1985165 0.7570462 0.6513016 0.0518403 0.7570338 0.6513159 0.05184161 0.7569034 0.6514663 0.0518558 0.5760718 0.8164464 0.03945344 0.763251 -0.265005 0.5892542 0.7632244 -0.2650077 0.5892873 0.7632487 -0.2650052 0.589257 0.7632222 -0.2650079 0.58929 0.7913157 -0.02418065 0.6109294 0.8953374 -0.02413237 0.4447346 0.8953361 -0.02411192 0.444738 0.8953229 -0.02388197 0.4447771 0.8740068 0.2182224 0.4341556 0.9418868 0.2182711 0.2553567 0.9418798 0.2182997 0.2553581 0.9418023 0.2186157 0.2553735 0.8627895 0.4482102 0.2338846 0.8918353 0.4482136 0.06111109 0.891839 0.4482063 0.06111001 0.8918798 0.4481267 0.06109875 0.756892 0.6514795 0.05185705 0.8635466 -0.2650527 0.4289923 0.8635547 -0.2650218 0.4289951 0.8635473 -0.2650501 0.4289925 0.8635554 -0.2650193 0.4289954 0.8953218 -0.02386146 0.4447806 0.9648703 -0.023804 0.2616463 0.9648711 -0.02383321 0.2616404 0.9648541 -0.02385288 0.2617012 0.9417955 0.2186436 0.2553749 0.9735242 0.2186362 0.0667001 0.9735299 0.2186114 0.06669723 0.9735937 0.2183372 0.06666553 0.8918833 0.4481197 0.06109774 0.9306457 -0.2650591 0.2522743 0.9306023 -0.2651657 0.2523221 0.9306421 -0.265068 0.2522783 0.9305989 -0.2651743 0.252326 0.964882 -0.02419131 0.2615674 0.9973742 -0.02413117 0.06828111 0.9973743 -0.02412617 0.06828272 0.9973744 -0.02406972 0.06830054 0.9735993 0.218313 0.06666272 0.9619575 -0.265134 0.06589329 0.9620066 -0.264958 0.06588411 0.9619616 -0.2651193 0.06589251 0.9620105 -0.2649438 0.06588339 0.9973744 -0.02406466 0.06830209 0.3484895 0.9325414 0.0944541 0.3233705 0.9325339 0.1606615 0.3233672 0.9325355 0.1606591 0.3233308 0.9325528 0.160632 0.5172373 0.8163573 0.2569562 0.4571887 0.816356 0.3529044 0.4571811 0.8163602 0.3529043 0.4570956 0.8164084 0.3529036 0.6005647 0.6514209 0.4636518 0.4985916 0.6514379 0.5718699 0.4985947 0.6514288 0.5718775 0.498631 0.6513252 0.5719639 0.5874498 0.4481542 0.6738402 0.4447057 0.4481715 0.7754864 0.4447109 0.4481434 0.7754997 0.4447696 0.4478219 0.7756518 0.4853392 0.219034 0.8464455 0.3108797 0.2190663 0.9248589 0.3108822 0.2190433 0.9248634 0.310853 0.2191075 0.924858 0.3185208 -0.0237708 0.9476179 0.1275715 -0.02375781 0.9915449 0.1275708 -0.02374243 0.9915453 0.1275625 -0.02357012 0.9915505 0.3233271 0.9325546 0.1606292 0.2857539 0.9325593 0.2206309 0.2857654 0.932554 0.2206381 0.2858929 0.9324958 0.2207188 0.4570872 0.8164131 0.3529036 0.3794883 0.8164066 0.4352803 0.3794927 0.8164016 0.435286 0.3795422 0.8163446 0.4353497 0.4986345 0.6513154 0.5719721 0.3775184 0.6513682 0.6581788 0.3775106 0.6513746 0.658177 0.3774206 0.6514478 0.6581561 0.4447749 0.4477921 0.7756659 0.2848873 0.4478389 0.8475137 0.2848864 0.4478498 0.8475083 0.2848758 0.4479749 0.8474457 0.3109127 0.2187583 0.9249207 0.124503 0.2187581 0.9678037 0.1245083 0.2187254 0.9678105 0.1244834 0.2188171 0.9677929 0.1275618 -0.0235548 0.9915509 -0.06833189 -0.02353596 0.997385 -0.06832909 -0.02355992 0.9973846 -0.06829822 -0.02382832 0.9973804 0.2859058 0.9324899 0.2207269 0.2373622 0.9325063 0.2721974 0.237347 0.9325125 0.2721889 0.2374049 0.9324623 0.2723107 0.379547 0.816339 0.4353559 0.2870538 0.8165927 0.500776 0.2873017 0.8163325 0.5010581 0.2872011 0.8164812 0.5008733 0.377412 0.6514548 0.6581541 0.241741 0.6514462 0.7191517 0.2417461 0.6514325 0.7191624 0.2418049 0.6512768 0.7192836 0.2848749 0.4479865 0.84744 0.1141098 0.4479569 0.8867433 0.1141098 0.4479699 0.8867367 0.11411 0.4481191 0.8866612 0.1245732 0.218321 0.9678933 -0.06666481 0.2183236 0.9735968 -0.06666374 0.2183116 0.9735996 -0.06665146 0.2181755 0.9736309 -0.06829541 -0.02385222 0.99738 -0.261605 -0.02383172 0.9648808 -0.2616067 -0.02383071 0.9648804 -0.2616255 -0.02381944 0.9648756 0.2371609 0.9325901 0.2720853 0.1795236 0.9325752 0.3131691 0.1795377 0.9325681 0.3131821 0.1796951 0.9324892 0.3133266 0.2871912 0.8164958 0.5008552 0.1839948 0.8164829 0.5472675 0.1841041 0.8162771 0.5475376 0.184067 0.8163326 0.5474675 0.2418105 0.651262 0.7192952 0.09683662 0.6512195 0.7526858 0.09683972 0.6512188 0.752686 0.09687501 0.6512116 0.7526878 0.11411 0.4481329 0.8866543 -0.06105756 0.448122 0.8918849 -0.06105923 0.4481401 0.8918757 -0.06107866 0.4483466 0.8917706 -0.06665039 0.2181632 0.9736337 -0.2553743 0.2181446 0.9419113 -0.2553744 0.2181533 0.9419093 -0.2553758 0.2182523 0.941886 -0.2616271 -0.02381843 0.9648751 -0.4447894 -0.02381622 0.8953185 -0.4447834 -0.02386897 0.8953202 -0.4448433 -0.02400153 0.8952869 0.179711 0.9324813 0.3133413 0.1151235 0.9325105 0.3423023 0.1151168 0.932513 0.3422975 0.1150441 0.9325415 0.3422444 0.1840735 0.8163191 0.5474854 0.0737189 0.8163093 0.5728917 0.07371598 0.8163192 0.5728779 0.07368302 0.8164319 0.5727214 0.09687834 0.6512109 0.7526879 -0.05205386 0.6509804 0.7573077 -0.05185562 0.6511995 0.757133 -0.05186378 0.6512849 0.7570589 -0.06108051 0.4483658 0.8917609 -0.2339156 0.4483492 0.8627088 -0.2339165 0.448335 0.862716 -0.2339274 0.4481721 0.8627977 -0.2553759 0.2182613 0.9418839 -0.4341474 0.218269 0.8739993 -0.4341452 0.2182942 0.8739941 -0.4341199 0.2185801 0.8739352 -0.4447094 -0.02451336 0.8953395 -0.6108883 -0.02444279 0.7913394 -0.6108931 -0.02442026 0.7913365 -0.6109461 -0.02416765 0.7913033 0.1150367 0.9325444 0.342239 0.04606479 0.9325597 0.358065 0.04606813 0.9325553 0.3580759 0.04610544 0.9325069 0.3581971 0.0736798 0.816443 0.5727061 -0.03947079 0.8164606 0.5760506 -0.03947079 0.8164597 0.5760519 -0.03947043 0.8164498 0.5760658 -0.05186456 0.651293 0.7570518 -0.1985644 0.6512807 0.7323972 -0.1985646 0.6512718 0.7324051 -0.1985663 0.6511703 0.7324949 -0.2339285 0.448157 0.8628053 -0.3976849 0.4481272 0.8006429 -0.397686 0.4481357 0.8006374 -0.3976995 0.448234 0.8005757 -0.4341176 0.2186059 0.8739299 -0.5963531 0.218582 0.7723892 -0.5963516 0.2185546 0.7723979 -0.5963352 0.218244 0.7724986 -0.6109508 -0.02414518 0.7913003 -0.7535265 -0.02417957 0.6569729 -0.7535261 -0.02416288 0.656974 -0.7535217 -0.02397584 0.6569857 0.04610925 0.932502 0.3582094 -0.02468937 0.9325059 0.3603099 -0.02468848 0.9325041 0.3603144 -0.0246784 0.932485 0.3603648 -0.03947043 0.8164489 0.5760673 -0.1510654 0.8164444 0.557313 -0.1510674 0.816441 0.5573175 -0.1510891 0.8164021 0.5573685 -0.1985664 0.6511606 0.7325035 -0.3376427 0.6511766 0.6796811 -0.3376398 0.6511935 0.6796665 -0.3376065 0.6513857 0.6794989 -0.3977009 0.4482431 0.80057 -0.5462064 0.4482799 0.7076044 -0.5462079 0.4482914 0.7075957 -0.5462262 0.4484238 0.7074978 -0.5963337 0.2182159 0.7725076 -0.7356293 0.2182292 0.6412688 -0.7356239 0.218253 0.6412669 -0.7355625 0.2185236 0.6412451 -0.7535213 -0.02395921 0.6569867 -0.8672333 -0.02407926 0.4973195 -0.8672332 -0.02407777 0.4973196 -0.8672329 -0.0240612 0.4973211 -0.02467739 0.932483 0.3603699 -0.09451204 0.9324731 0.3486565 -0.09450846 0.9324809 0.3486366 -0.09446901 0.9325673 0.3484162 -0.1510912 0.8163984 0.5573736 -0.2569513 0.816385 0.5171957 -0.256952 0.8163848 0.5171958 -0.2569593 0.8163819 0.5171968 -0.3376033 0.651404 0.6794829 -0.4636921 0.6513495 0.6006109 -0.4636933 0.6513463 0.6006134 -0.4637069 0.6513103 0.600642 -0.5462278 0.448436 0.7074888 -0.6737645 0.4483916 0.5873555 -0.6737714 0.4483669 0.5873665 -0.6737714 0.4483811 0.5873556 -0.735557 0.2185481 0.6412431 -0.8465203 0.2185207 0.4854403 -0.8465203 0.2185212 0.4854401 -0.8465203 0.2185271 0.4854375 -0.8672328 -0.02405971 0.4973213 -0.09446501 0.932576 0.3483939 -0.1606149 0.9325594 0.3233202 -0.1606156 0.93256 0.3233181 -0.1606243 0.9325666 0.3232947 -0.25696 0.8163816 0.5171969 -0.3529217 0.8163511 0.4571839 -0.3529231 0.8163505 0.4571838 -0.3529393 0.8163439 0.4571833 -0.4637082 0.6513069 0.6006447 -0.5719705 0.6513321 0.4986143 -0.5719691 0.6513318 0.4986165 -0.5719527 0.6513278 0.4986403 -0.6738575 0.4480584 0.587503 -0.7754987 0.4481691 0.4446867 -0.7755021 0.4481594 0.4446905 -0.7755411 0.4480486 0.4447345 -0.8465202 0.2185276 0.4854372 -0.1606252 0.9325672 0.3232923 -0.2206107 0.932569 0.2857381 -0.2206134 0.9325649 0.2857489 -0.2206442 0.9325206 0.2858697 -0.3529409 0.8163433 0.4571832 -0.4353684 0.8163648 0.3794775 -0.4353592 0.8163696 0.3794774 -0.4352563 0.816425 0.3794765 -0.5719512 0.6513275 0.4986426 -0.6582256 0.6513485 0.3774708 -0.658228 0.651344 0.3774744 -0.6582551 0.6512925 0.3775162 -0.7755446 0.4480383 0.4447385 -0.2206473 0.9325162 0.2858819 -0.2721848 0.9325329 0.2372719 -0.2721862 0.9325314 0.2372761 -0.2722022 0.9325149 0.2373231 -0.4352462 0.8164303 0.3794764 -0.5009281 0.8164309 0.2872488 -0.5009251 0.8164324 0.2872495 -0.5008917 0.8164499 0.2872578 -0.6582577 0.6512876 0.3775201 -0.2722038 0.9325131 0.2373278 -0.3132651 0.9325116 0.1796857 -0.313262 0.9325138 0.1796805 -0.3132275 0.9325364 0.1796228 -0.5008884 0.8164517 0.2872586 -0.313224 0.9325387 0.1796169 0.09450131 0.9923803 0.07906341 0.09079265 0.9929168 0.07663595 0.09313565 0.9925777 0.07820141 0.08945894 0.9930957 0.07588165 0.08095848 0.991631 0.1005679 0.06887614 0.9936309 0.08918327 0.06241202 0.9908791 0.1194296 0.04718571 0.9940618 0.09805542 0.03926628 0.9901952 0.1340593 0.02509772 0.9943655 0.1029931 0.01272594 0.9895532 0.1436056 0.003070116 0.9945872 0.1038603 -0.01588088 0.9890537 0.1466992 -0.01831924 0.9947434 0.1007469 -0.0449 0.9886965 0.1430504 -0.03853952 0.9948348 0.09390699 -0.07249128 0.9885244 0.1325317 -0.05706417 0.9948588 0.08366531 -0.09697014 0.9885239 0.1158335 -0.07342165 0.9948304 0.07015609 -0.1167665 0.9887021 0.09398841 -0.08713585 0.9947422 0.05380916 -0.1307575 0.989062 0.06825685 -0.09779536 0.9945905 0.03501313 -0.1382696 0.9895662 0.04050159 -0.1050348 0.9943674 0.01418793 -0.1392512 0.99018 0.01236122 -0.1085642 0.9940559 -0.008181393 -0.1339641 0.9908802 -0.01449984 -0.1080505 0.9936437 -0.03158253 -0.1232164 0.9916257 -0.0386818 -0.1067762 0.9925787 -0.05819427 -0.1032753 0.9930967 -0.05561769 -0.1045121 0.9929173 -0.05650305 -0.1080814 0.992382 -0.05913031 -0.3167482 0.9325498 -0.173267 -0.316778 0.9325419 -0.1732552 -0.316751 0.9325491 -0.1732659 -0.3167805 0.9325412 -0.1732543 -0.5065955 0.816425 -0.2771484 -0.5066009 0.816419 -0.2771564 -0.506596 0.8164245 -0.277149 -0.5066013 0.8164185 -0.277157 -0.6657636 0.651254 -0.3641801 -0.6658489 0.6511071 -0.3642868 -0.665756 0.6512632 -0.3641776 -0.6656685 0.6513689 -0.3641486 -0.7843157 0.4481277 -0.4289878 -0.7842949 0.4481117 -0.4290424 -0.7843139 0.4481263 -0.4289924 -0.7842933 0.4481104 -0.4290468 -0.8561388 0.2184173 -0.4683164 -0.8561245 0.2184935 -0.468307 -0.8561376 0.2184236 -0.4683156 -0.8561234 0.2184996 -0.4683062 -0.8770613 -0.02392703 -0.4797821 -0.8770638 -0.0240311 -0.4797724 -0.8770637 -0.02402263 -0.4797733 -0.8459227 -0.2650834 -0.4627587 -0.8459326 -0.2651045 -0.4627285 -0.8459236 -0.2650852 -0.4627562 -0.8459334 -0.2651062 -0.462726 -0.8770612 -0.0239185 -0.479783 -0.9538102 -0.02396804 -0.2994524 -0.9538097 -0.02396601 -0.299454 -0.9538049 -0.02394342 -0.2994713 -0.9310387 0.2184584 -0.292306 -0.9310015 0.2185794 -0.2923344 -0.9310045 0.2185695 -0.2923322 -0.970152 0.2185571 -0.1050615 -0.9701532 0.2185519 -0.1050612 -0.9701667 0.2184938 -0.1050575 -0.888792 0.4480934 -0.09623521 -0.8887319 0.4482076 -0.09625828 -0.8887367 0.4481984 -0.09625643 -0.8904347 0.4482046 0.07898551 -0.8904405 0.4481927 0.07898694 -0.8905038 0.4480644 0.07900243 -0.7557492 0.6514207 0.0670399 -0.7557499 0.6514194 0.06704485 -0.7557499 0.6514195 0.06704449 -0.7281191 0.6514683 0.2131471 -0.7281281 0.6514553 0.2131562 -0.7282224 0.6513184 0.2132525 -0.5542271 0.816394 0.1622751 -0.5541723 0.8164404 0.1622284 -0.5541768 0.8164367 0.1622322 -0.511871 0.8164317 0.2672591 -0.5118733 0.8164285 0.2672646 -0.5118964 0.8163957 0.2673202 -0.3200644 0.932543 0.1671001 -0.3200756 0.9325315 0.1671429 -0.3200746 0.9325325 0.1671394 -0.2813195 0.9325507 0.2262934 -0.2813205 0.9325482 0.2263024 -0.28133 0.9325237 0.2263914 -0.9199485 -0.2650959 -0.2888235 -0.9199465 -0.2651026 -0.2888239 -0.9199235 -0.2651783 -0.2888277 -0.9199213 -0.2651852 -0.288828 -0.9585977 -0.2651735 -0.1037958 -0.9585987 -0.26517 -0.1037954 -0.9586102 -0.2651305 -0.1037899 -0.9586113 -0.265127 -0.1037893 -0.9604397 -0.2651309 0.085213 -0.9604412 -0.2651253 0.08521264 -0.9604593 -0.2650613 0.08520859 -0.9604609 -0.2650555 0.08520823 -0.9253805 -0.2650851 0.2709259 -0.9253787 -0.2650905 0.2709268 -0.9253584 -0.2651528 0.2709357 -0.9253565 -0.2651584 0.2709364 -0.8546854 -0.2652304 0.4462801 -0.8546881 -0.2652207 0.4462806 -0.8547188 -0.2651099 0.4462876 -0.8547216 -0.2650998 0.4462882 -0.7512445 -0.2651247 0.6044342 -0.7512462 -0.2651177 0.6044352 -0.7512652 -0.2650382 0.6044463 -0.751267 -0.265031 0.6044473 -0.618952 -0.2650483 0.7393565 -0.618943 -0.2650665 0.7393573 -0.6188418 -0.2652745 0.7393675 -0.6188326 -0.2652934 0.7393684 -0.462729 -0.2652543 0.8458853 -0.4627277 -0.2652792 0.8458783 -0.4627436 -0.2649813 0.8459631 -0.4627448 -0.2649572 0.8459698 -0.2888469 -0.2649125 0.9199939 -0.2888467 -0.2649187 0.9199923 -0.2888481 -0.2648447 0.9200131 -0.2888482 -0.2648387 0.9200148 -0.1038203 -0.264825 0.9586914 -0.103819 -0.2648172 0.9586936 -0.1038349 -0.2649108 0.958666 -0.1038361 -0.2649184 0.9586639 0.08521598 -0.2648918 0.9605054 0.08521741 -0.2648889 0.9605062 0.08520013 -0.2649233 0.9604982 0.08519876 -0.2649261 0.9604975 0.2709771 -0.2649223 0.9254121 0.2709807 -0.2649117 0.9254142 0.2709376 -0.2650398 0.9253901 0.2709341 -0.2650501 0.9253881 0.4463103 -0.2650824 0.8547154 0.4463108 -0.265085 0.8547144 0.4463049 -0.2650545 0.8547269 0.4463045 -0.265052 0.854728 0.6044175 -0.2650637 0.7512795 0.6044201 -0.2650595 0.7512789 0.6043882 -0.2651102 0.7512865 0.6043857 -0.2651143 0.7512872 0.7393345 -0.2654712 0.618797 0.7394228 -0.2651226 0.6188408 0.7394267 -0.2649672 0.6189028 0.7393023 -0.2654532 0.6188431 0.7665888 -0.02378243 0.6416978 0.7666258 -0.02376037 0.6416544 0.7665917 -0.02378064 0.6416943 0.7666288 -0.02375853 0.6416509 0.7483576 0.2182297 0.6263679 0.7483256 0.2183716 0.6263567 0.7483173 0.2187047 0.6262504 0.7483229 0.2183834 0.6263558 0.6854871 0.4482694 0.5737265 0.685534 0.4481192 0.5737877 0.6854909 0.4482573 0.5737314 0.685538 0.4481064 0.5737929 0.5819851 0.6511912 0.4870764 0.5820107 0.6510862 0.4871863 0.5819751 0.6512032 0.4870725 0.5818484 0.6513532 0.4870231 0.4427665 0.8164703 0.3705863 0.4429241 0.816327 0.3707135 0.4427793 0.8164586 0.3705966 0.4429383 0.8163141 0.370725 0.2769347 0.9325098 0.2318028 0.2768012 0.9325844 0.2316628 0.2769237 0.9325161 0.2317913 0.2767888 0.9325912 0.2316497 0.2264069 0.9324858 0.2814433 0.2263912 0.9324948 0.2814259 0.2262171 0.9325954 0.2812326 0.2261995 0.9326056 0.2812131 0.1670302 0.9326145 0.3198928 0.1670393 0.9326069 0.3199099 0.1671392 0.9325238 0.3200998 0.1671493 0.9325155 0.3201191 0.1014605 0.9325188 0.3465752 0.1014626 0.9325169 0.34658 0.1013367 0.9326134 0.3463571 0.1014879 0.9324923 0.3466387 0.03190368 0.9325096 0.3597334 0.03190189 0.9325141 0.359722 0.03188258 0.9325639 0.3595945 0.03188067 0.9325689 0.3595816 -0.03885042 0.9325565 0.3589276 -0.03885078 0.9325577 0.3589248 -0.03885507 0.9325691 0.3588944 -0.03885555 0.9325703 0.3588914 -0.1081209 0.9325975 0.3443426 -0.1081228 0.9325918 0.3443576 -0.1081439 0.9325279 0.3445238 -0.1081461 0.9325215 0.3445406 -0.1732942 0.9325221 0.3168151 -0.1732931 0.9325242 0.3168095 -0.1732814 0.9325475 0.3167475 -0.1732802 0.9325497 0.3167412 -0.2317481 0.9325332 0.2769024 -0.2317497 0.9325334 0.2768999 -0.2317681 0.9325369 0.2768729 -0.2317699 0.9325372 0.2768701 -0.2813309 0.9325215 0.2263995 0.3619217 0.8165074 0.4498092 0.3621264 0.8163011 0.4500191 0.3618941 0.8165382 0.4497755 0.3620963 0.8163302 0.4499905 0.2673184 0.8163155 0.5120253 0.2673209 0.8163161 0.512023 0.2673504 0.8163225 0.5119976 0.2673532 0.816323 0.5119951 0.1623405 0.8162723 0.5543873 0.1623327 0.8162875 0.554367 0.162245 0.8164601 0.5541384 0.1622364 0.8164771 0.554116 0.05098289 0.8164814 0.5751165 0.05098617 0.8164681 0.5751352 0.05102324 0.8163174 0.5753456 0.05102694 0.8163026 0.5753663 -0.06214016 0.8163366 0.574224 -0.0621407 0.8163426 0.5742154 -0.0621469 0.8164106 0.5741181 -0.06214755 0.8164172 0.5741086 -0.1729822 0.8163862 0.5509907 -0.1729829 0.8163847 0.5509926 -0.1729922 0.8163686 0.5510137 -0.1729931 0.816367 0.5510157 -0.2771529 0.8164008 0.5066321 -0.2771534 0.8163946 0.5066419 -0.2771592 0.8163243 0.5067519 -0.2771598 0.8163174 0.5067626 -0.3707001 0.8163722 0.4428522 -0.3706941 0.816377 0.4428481 -0.3706266 0.8164323 0.4428027 -0.37062 0.8164377 0.4427983 -0.4498692 0.8164349 0.3620107 -0.4498749 0.8164325 0.3620089 -0.4499403 0.8164054 0.3619889 -0.4499467 0.8164028 0.3619869 -0.5118984 0.8163929 0.2673252 0.4757825 0.6511883 0.5912572 0.4757727 0.6511971 0.5912552 0.4756617 0.6512984 0.5912329 0.4756512 0.6513081 0.5912308 0.3512352 0.6512922 0.6726458 0.3510798 0.6515602 0.6724674 0.3511141 0.6514961 0.6725116 0.3511035 0.6515139 0.6724998 0.2131775 0.6515485 0.7280384 0.2131837 0.6515257 0.728057 0.2132542 0.651266 0.7282687 0.213261 0.6512413 0.7282888 0.0670433 0.6513177 0.7558376 0.06703913 0.6513293 0.755828 0.06699168 0.6514621 0.7557178 0.06698715 0.6514747 0.7557073 -0.08168721 0.6514832 0.7542525 -0.08168482 0.6514603 0.7542727 -0.08165782 0.6511994 0.7545008 -0.08165526 0.6511745 0.7545225 -0.227301 0.6511762 0.7240883 -0.2273 0.6511975 0.7240694 -0.2272893 0.6514407 0.7238541 -0.2272883 0.6514638 0.7238335 -0.3641324 0.6514081 0.6656389 -0.3641353 0.6514036 0.6656417 -0.3641696 0.6513518 0.6656736 -0.3641729 0.6513469 0.6656767 -0.4870281 0.6513054 0.5818977 -0.4870339 0.6513007 0.5818982 -0.4871001 0.6512469 0.5819029 -0.4871064 0.6512417 0.5819034 -0.5912413 0.6511865 0.4758045 -0.5912385 0.6511979 0.4757924 -0.5912065 0.6513277 0.4756543 -0.5912035 0.6513401 0.4756411 -0.6726191 0.6513497 0.3511797 -0.6726188 0.6513486 0.3511823 -0.6726152 0.651336 0.3512125 -0.6726149 0.6513348 0.3512154 -0.7282306 0.6513063 0.2132609 0.5603569 0.4483054 0.6964355 0.5603564 0.4482988 0.6964402 0.5603503 0.4482231 0.6964938 0.5603497 0.448216 0.6964988 0.4137246 0.4482639 0.792396 0.4137333 0.4482426 0.7924036 0.4137423 0.4482979 0.7923675 0.4138407 0.4479761 0.7924983 0.2512338 0.4479619 0.8580278 0.2512322 0.4479636 0.8580273 0.2512137 0.4479827 0.8580229 0.251212 0.4479845 0.8580225 0.07899671 0.4479773 0.8905482 0.07899564 0.4479847 0.8905444 0.07898318 0.4480699 0.8905028 0.07898205 0.4480777 0.8904989 -0.09619998 0.4480822 0.8888014 -0.09620213 0.4481115 0.8887865 -0.09622645 0.4484453 0.8886154 -0.09622871 0.4484762 0.8885996 -0.2677543 0.4484346 0.8527685 -0.2676842 0.4481263 0.8529526 -0.2677834 0.4483846 0.8527857 -0.2677656 0.4480611 0.8529613 -0.4290373 0.4480487 0.7843339 -0.4290402 0.4480519 0.7843304 -0.4290737 0.448089 0.7842909 -0.4290768 0.4480923 0.7842873 -0.5737875 0.448095 0.68555 -0.5737864 0.448109 0.6855418 -0.5737749 0.4482685 0.685447 -0.5737739 0.4482833 0.6854383 -0.6964416 0.4482715 0.5603767 -0.6964445 0.4482681 0.5603756 -0.6964784 0.44823 0.5603639 -0.6964815 0.4482265 0.5603628 -0.7924083 0.448221 0.4137476 -0.7924128 0.4482122 0.4137485 -0.7924653 0.4481109 0.4137577 -0.7924701 0.4481015 0.4137585 -0.8579387 0.4481386 0.2512229 -0.8579438 0.448131 0.2512197 -0.8580007 0.4480431 0.251182 -0.8580059 0.4480349 0.2511785 -0.8905093 0.4480531 0.07900381 0.6266833 -0.02415019 0.7788997 0.6266624 -0.02376198 0.7789285 0.6266642 -0.02379381 0.7789262 0.6117756 0.2182404 0.7603301 0.6117736 0.2182486 0.7603294 0.6117511 0.2183409 0.7603209 0.6117491 0.2183492 0.7603201 0.4516285 0.2183305 0.8650801 0.4516328 0.2183226 0.8650798 0.4516818 0.2182326 0.8650769 0.4516862 0.2182245 0.8650767 0.2742353 0.2182425 0.936571 0.2742328 0.2182522 0.9365695 0.2742043 0.2183622 0.9365522 0.2742017 0.2183722 0.9365507 0.08622103 0.218388 0.9720456 0.08622163 0.2183871 0.9720457 0.08622831 0.2183776 0.9720473 0.0862289 0.2183768 0.9720475 -0.1050285 0.2183656 0.9701987 -0.1050276 0.2183544 0.9702014 -0.105018 0.2182263 0.9702312 -0.1050171 0.2182148 0.9702339 -0.2923029 0.2182174 0.9310963 -0.292304 0.2182408 0.9310904 -0.2923172 0.2185064 0.931024 -0.2923183 0.2185304 0.9310181 -0.4683679 0.2184904 0.856092 -0.4683668 0.2184828 0.8560945 -0.4683536 0.2183971 0.8561236 -0.4683524 0.2183893 0.8561262 -0.6263375 0.2183732 0.7483411 -0.6263395 0.218375 0.748339 -0.6263618 0.2183942 0.7483147 -0.6263638 0.2183959 0.7483125 -0.7602909 0.218401 0.6117669 -0.7602925 0.2183966 0.6117666 -0.7603102 0.2183466 0.6117625 -0.7603117 0.2183421 0.6117622 -0.8650614 0.2183178 0.4516704 -0.8650605 0.2183231 0.4516695 -0.8650504 0.218384 0.4516596 -0.8650495 0.2183895 0.4516587 -0.9365476 0.2183492 0.2742305 -0.9365454 0.2183591 0.2742298 -0.9365215 0.218472 0.2742219 -0.9365192 0.2184822 0.2742212 -0.9720146 0.2185217 0.08623164 -0.9720147 0.2185213 0.08623254 -0.9720147 0.2185167 0.08624243 -0.9720149 0.2185163 0.08624333 -0.9701679 0.2184886 -0.1050572 0.4627486 -0.02414494 0.8861607 0.4626988 -0.02416104 0.8861863 0.4626988 -0.02413272 0.886187 0.626685 -0.02418184 0.7788975 0.4626982 -0.02378684 0.8861967 0.280949 -0.02395683 0.9594237 0.2809057 -0.02380681 0.9594401 0.2809092 -0.02381908 0.9594388 0.2809525 -0.02396905 0.9594223 0.08833277 -0.02391779 0.9958039 0.08833122 -0.02395135 0.9958032 0.0883314 -0.0239486 0.9958032 0.08833289 -0.02391505 0.995804 -0.1075696 -0.02392083 0.9939098 -0.1076323 -0.02391803 0.993903 -0.1076299 -0.02394556 0.9939027 -0.1076005 -0.02428197 0.9938977 -0.2994283 -0.02431535 0.953809 -0.2994633 -0.02423912 0.9537999 -0.2994605 -0.02424538 0.9538006 -0.2994254 -0.02432161 0.9538097 -0.4797704 -0.0240643 0.8770641 -0.4797402 -0.02425843 0.8770753 -0.4797856 -0.02388232 0.8770607 -0.479803 -0.02368682 0.8770565 -0.6416986 -0.02376914 0.7665886 -0.6417025 -0.02371323 0.7665871 -0.6416984 -0.02374494 0.7665894 -0.6416487 -0.02413195 0.766619 -0.778914 -0.02408689 0.6266681 -0.7788974 -0.02412807 0.6266871 -0.7788988 -0.02412474 0.6266855 -0.7789154 -0.02408349 0.6266666 -0.8861854 -0.02391648 0.4627133 -0.8861802 -0.02409225 0.462714 -0.8861807 -0.02407783 0.462714 -0.8861857 -0.02390217 0.4627133 -0.3200634 0.932544 0.1670962 -0.3465245 0.9325395 0.1014451 -0.346527 0.9325383 0.1014471 -0.3465551 0.9325256 0.1014682 -0.5542321 0.8163899 0.1622794 -0.575246 0.8163869 0.05103588 -0.5752523 0.8163823 0.05103647 -0.5753232 0.8163321 0.05104309 -0.7557491 0.6514208 0.06703948 -0.7543109 0.651416 -0.08168482 -0.7543199 0.6514056 -0.08168357 -0.7544234 0.6512876 -0.08166903 -0.8887971 0.4480836 -0.09623324 -0.8529572 0.4480538 -0.2677908 -0.8529548 0.4480593 -0.2677891 -0.8529276 0.448123 -0.2677692 -0.9310418 0.2184484 -0.2923036 -0.9594242 -0.02414166 0.2809313 -0.9594452 -0.0238685 0.280883 -0.9594435 -0.02389091 0.280887 -0.9594226 -0.02416396 0.2809352 -0.3465579 0.9325243 0.1014703 -0.3596913 0.932525 0.03192645 -0.3596862 0.9325271 0.03192406 -0.3596291 0.9325501 0.0318973 -0.5753301 0.8163271 0.05104368 -0.5742177 0.8163399 -0.06215375 -0.5742047 0.816349 -0.06215459 -0.5740576 0.8164519 -0.06216406 -0.7544333 0.6512763 -0.08166766 -0.7239944 0.6512745 -0.2273187 -0.723995 0.6512743 -0.2273172 -0.724002 0.6512721 -0.2273013 -0.8529251 0.4481289 -0.2677673 -0.9957958 -0.02416908 0.08835524 -0.9957951 -0.0242089 0.08835268 -0.9957951 -0.02420562 0.08835291 -0.9957959 -0.02416586 0.08835542 -0.3596233 0.9325523 0.03189456 -0.3589371 0.9325518 -0.03887772 -0.3589392 0.932551 -0.03887706 -0.3589619 0.9325426 -0.03886961 -0.5740432 0.8164619 -0.06216502 -0.5508546 0.8164839 -0.1729552 -0.5508612 0.8164789 -0.1729573 -0.5509373 0.8164226 -0.1729812 -0.7240027 0.6512718 -0.2272998 -0.9939008 -0.02401506 -0.1076316 -0.9938997 -0.02418738 -0.1076035 -0.9938997 -0.02417325 -0.1076058 -0.9939009 -0.02400106 -0.1076338 -0.3589643 0.9325417 -0.03886884 -0.3444982 0.9325379 -0.10814 -0.3444964 0.9325385 -0.1081405 -0.3444768 0.9325451 -0.1081455 -0.5509447 0.816417 -0.1729835 -0.3444748 0.9325457 -0.108146 -0.9538045 -0.02394145 -0.2994728 0.09813398 0.9912942 0.08778154 0.09813368 0.9912946 0.08777731 0.09813129 0.9912976 0.08774667 0.09813094 0.9912981 0.08774173 0.07207661 0.991299 0.1101419 0.07207679 0.9912993 0.110139 0.07207834 0.9913017 0.1101175 0.07207858 0.9913021 0.110114 0.04109579 0.9912947 0.1250838 0.04109901 0.9912937 0.125091 0.04112255 0.9912861 0.1251431 0.04112637 0.991285 0.1251515 0.007344722 0.9912892 0.1314983 0.007343113 0.9912903 0.1314908 0.007331728 0.9912976 0.1314362 0.007329881 0.9912988 0.1314274 -0.02692592 0.991298 0.1288545 -0.0269261 0.9912969 0.128862 -0.02692753 0.9912899 0.1289162 -0.02692776 0.9912887 0.1289249 -0.0593788 0.9912938 0.1175197 -0.05937951 0.9912933 0.1175233 -0.05938482 0.9912899 0.1175493 -0.05938565 0.9912893 0.1175535 -0.08777213 0.9912917 0.09816825 -0.08777064 0.9912924 0.09816312 -0.08775955 0.991297 0.09812527 -0.08775776 0.9912977 0.09811913 -0.1101646 0.9912962 0.07208061 -0.1101627 0.9912964 0.07208174 -0.1101762 0.9912955 0.07207345 -0.1101778 0.9912954 0.0720725 -0.125081 0.9912949 0.0411005 -0.1250849 0.9912944 0.04110002 -0.1250569 0.9912979 0.0411036 -0.1250536 0.9912983 0.04110401 -0.131431 0.9912982 0.007331728 -0.1314298 0.9912984 0.007332324 -0.1314385 0.9912973 0.007328152 -0.1314396 0.9912971 0.007327675 -0.1288658 0.9912966 -0.026923 -0.1288665 0.9912965 -0.02692151 -0.1288617 0.9912968 -0.026932 -0.1288611 0.9912968 -0.02693319 -0.1174981 0.9912953 -0.05939465 -0.1174989 0.991295 -0.05940049 -0.1174935 0.9912981 -0.05935859 -0.1174929 0.9912984 -0.05935364 -0.3440858 0.9226983 -0.1738759 -0.344029 0.9227338 -0.1738004 -0.3440783 0.9227031 -0.173866 -0.3440225 0.9227377 -0.1737918 -0.5461438 0.7909424 -0.2759296 -0.5461434 0.7909522 -0.2759025 -0.5461438 0.7909437 -0.2759262 -0.5461433 0.7909532 -0.2758995 -0.710426 0.60536 -0.3589351 -0.7104744 0.6053054 -0.3589311 -0.7104317 0.6053534 -0.3589346 -0.7104797 0.6052995 -0.3589306 -0.8256254 0.379929 -0.4171292 -0.825626 0.3799162 -0.4171395 -0.8256254 0.3799275 -0.4171304 -0.825626 0.3799148 -0.4171407 -0.8768503 0.1866688 -0.4430446 -0.8804741 0.1297032 -0.4560073 -0.9693946 0.07632255 -0.2333436 -0.9519296 0.2329224 -0.1989402 -0.9054618 0.3798896 -0.1892698 -0.9055521 0.379689 -0.1892396 -0.905405 0.3800128 -0.1892937 -0.9236456 0.3797597 0.0515905 -0.9236306 0.379797 0.05158251 -0.9235164 0.380083 0.051521 -0.7946363 0.6054637 0.04434967 -0.7947347 0.6053315 0.04439049 -0.794724 0.6053461 0.04438602 -0.7561549 0.6053637 0.2485245 -0.7561585 0.6053591 0.248525 -0.7561845 0.6053254 0.2485286 -0.5813756 0.7908709 0.191117 -0.5812852 0.7909579 0.1910324 -0.5812953 0.7909481 0.1910418 -0.5120469 0.7909322 0.3350141 -0.5120562 0.7909249 0.335017 -0.5121211 0.7908741 0.3350376 -0.3225482 0.9227256 0.2110452 -0.322519 0.9227532 0.2109694 -0.3225224 0.9227501 0.2109782 -0.2569114 0.9227498 0.2872795 -0.2569091 0.9227516 0.2872756 -0.256894 0.9227637 0.2872502 -0.9994668 0.03220337 0.005389511 -0.9616906 0.268837 0.05364841 -0.9235025 0.380118 0.05151349 -0.8786966 0.3801031 0.2888148 -0.8787048 0.3800799 0.2888204 -0.8787677 0.3799022 0.2888631 -0.7561877 0.6053212 0.248529 -0.6660453 0.6053564 0.4358066 -0.6660454 0.6053619 0.4357988 -0.6660465 0.6054021 0.4357414 -0.5121293 0.7908678 0.3350402 -0.4079239 0.7908709 0.4562032 -0.4079317 0.7908673 0.4562025 -0.4079858 0.7908422 0.4561976 -0.256892 0.9227653 0.287247 -0.1737871 0.9227806 0.3439097 -0.1737885 0.9227759 0.3439218 -0.1737982 0.9227444 0.3440014 -0.9696181 -0.00168395 0.2446179 -0.9696259 -0.00137937 0.2445892 -0.9696274 -0.00240916 0.2445751 -0.9076646 0.295149 0.2983826 -0.8787753 0.3798804 0.2888683 -0.7740833 0.3798504 0.5064672 -0.774084 0.3798565 0.5064615 -0.7740895 0.3799034 0.506418 -0.6660466 0.605407 0.4357343 -0.5305613 0.6053586 0.5933344 -0.5305602 0.6053671 0.5933267 -0.5305521 0.6054298 0.5932701 -0.4079926 0.790839 0.456197 -0.2760161 0.7907938 0.5463152 -0.2760138 0.7908006 0.5463066 -0.275998 0.7908476 0.5462465 -0.1737994 0.9227403 0.3440119 -0.07883977 0.9227533 0.3772408 -0.07884085 0.9227463 0.3772581 -0.07884782 0.9226991 0.3773718 -0.8826147 -0.02688932 0.4693275 -0.7949433 0.3123549 0.5200957 -0.77409 0.379909 0.5064126 -0.6165817 0.3799179 0.6895576 -0.6165861 0.3799257 0.6895493 -0.6166201 0.3799855 0.6894859 -0.5305511 0.6054375 0.5932631 -0.3589124 0.6054258 0.7103813 -0.3589138 0.6054301 0.710377 -0.3589244 0.6054615 0.7103448 -0.275996 0.7908535 0.546239 -0.1251742 0.7908464 0.5990774 -0.1251749 0.7908611 0.5990576 -0.1251795 0.7909646 0.5989199 -0.07884871 0.9226929 0.3773867 0.02150166 0.9227004 0.3849177 0.02141547 0.9228377 0.3845933 0.02144867 0.9227778 0.3847352 -0.7442557 -0.0417481 0.6665889 -0.6313779 0.3206955 0.706057 -0.6166242 0.3799929 0.6894781 -0.4171488 0.3799495 0.8256061 -0.4171489 0.379961 0.8256008 -0.4171491 0.3800489 0.8255603 -0.3589257 0.6054654 0.7103408 -0.1628065 0.6054741 0.7790347 -0.162806 0.6054559 0.7790491 -0.1628017 0.6053218 0.7791541 -0.1251801 0.7909776 0.5989027 0.03405869 0.7909907 0.6108795 0.0342037 0.7906812 0.611272 0.03411078 0.7907902 0.6111362 0.02144271 0.9227865 0.3847146 0.1202781 0.9228064 0.3660076 0.1202929 0.9227925 0.3660376 0.1203903 0.9227015 0.3662351 -0.5630363 -0.04665458 0.8251143 -0.4271515 0.3208196 0.84535 -0.4171491 0.3800596 0.8255552 -0.1891933 0.3800446 0.9054127 -0.1891968 0.3800682 0.905402 -0.1892237 0.3802492 0.9053204 -0.1628012 0.6053053 0.7791671 0.04436343 0.6053674 0.7947089 0.04436498 0.6053603 0.7947142 0.04437673 0.6053089 0.7947527 0.03411656 0.7907682 0.6111645 0.1911479 0.7907902 0.5814751 0.1911461 0.7907922 0.5814732 0.1911332 0.7908048 0.5814603 0.120403 0.9226896 0.3662609 0.2110782 0.9226921 0.3226227 0.2110628 0.9227011 0.3226072 0.210962 0.9227595 0.3225059 -0.3492355 -0.04180985 0.9361019 -0.1943384 0.3122649 0.929905 -0.1892269 0.3802713 0.9053104 0.05155944 0.3802633 0.9234401 0.05156475 0.3802374 0.9234504 0.05152082 0.3804779 0.9233538 0.04437816 0.6053025 0.7947575 0.2485799 0.6052836 0.756201 0.2485668 0.6053101 0.7561841 0.2484706 0.605504 0.7560605 0.1911315 0.7908064 0.5814586 0.3350802 0.7908141 0.5121861 0.3350889 0.7908007 0.5122008 0.33515 0.7907084 0.5123035 0.2109489 0.9227671 0.3224926 0.2872491 0.9227765 0.2568494 0.2872579 0.9227714 0.256858 0.2873156 0.9227378 0.2569142 -0.1150899 -0.02709066 0.9929856 0.05330049 0.2950879 0.9539824 0.05161064 0.3800159 0.9235391 0.2887985 0.380091 0.8787072 0.2887908 0.3801084 0.8787022 0.2887322 0.380242 0.8786637 0.2484588 0.6055279 0.7560452 0.4356755 0.6055687 0.665938 0.4356823 0.6055565 0.6659448 0.4357321 0.6054666 0.6659938 0.3351576 0.7906967 0.5123165 0.4563448 0.790731 0.4080368 0.4563314 0.7907406 0.4080334 0.456238 0.7908068 0.4080091 0.2873231 0.9227334 0.2569215 0.1259161 -0.001255869 0.9920401 0.1259202 -0.001527249 0.9920393 0.1259189 -0.002185106 0.9920382 0.3006888 0.2688964 0.9150307 0.288725 0.3802584 0.878659 0.5063804 0.3802758 0.7739311 0.5063893 0.3802429 0.7739414 0.5064572 0.379991 0.7740207 0.4357383 0.6054555 0.6659999 0.5932334 0.6054923 0.5305217 0.593234 0.6054888 0.530525 0.5932285 0.6055207 0.5304948 0.5932279 0.6055246 0.5304911 0.3594797 0.03183239 0.9326099 0.5325261 0.2326426 0.8138141 0.5064655 0.3799601 0.7740304 0.6895278 0.3799034 0.6166238 0.689525 0.3799102 0.6166228 0.6895504 0.3798481 0.6166326 0.6895533 0.3798408 0.6166338 0.5707854 0.07657384 0.817521 0.7322875 0.1868718 0.6548541 0.7457321 0.1298813 0.6534634 0.4562263 0.7908152 0.4080061 -0.3225522 0.9227219 0.2110554 -0.3661669 0.9227334 0.1203529 -0.3661677 0.9227328 0.1203559 -0.3661737 0.9227274 0.1203787 -0.3661746 0.9227266 0.1203823 -0.3848379 0.9227342 0.02148181 -0.3848358 0.922735 0.02148109 -0.3848197 0.922742 0.02147531 -0.3848173 0.922743 0.02147442 -0.3772469 0.9227488 -0.07886493 -0.3772569 0.9227446 -0.07886499 -0.3773337 0.9227132 -0.07886564 -0.3773453 0.9227084 -0.0788657 -0.5813872 0.7908598 0.1911278 -0.6110141 0.7908853 0.03409266 -0.611019 0.7908813 0.03409522 -0.6110582 0.7908502 0.03411549 -0.7946243 0.6054797 0.04434472 -0.7789941 0.6055217 -0.1628243 -0.7790037 0.6055091 -0.1628255 -0.7790815 0.6054063 -0.1628352 -0.9054512 0.3799129 -0.1892733 -0.6110638 0.7908458 0.03411841 -0.5989397 0.7909448 -0.1252102 -0.5989581 0.7909309 -0.1252096 -0.5990865 0.7908346 -0.1252052 -0.5991025 0.7908224 -0.1252046 -0.7790921 0.6053923 -0.1628366 -0.05574673 0 -0.998445 -0.05574673 0 -0.9984449 -0.3122581 0 -0.9499973 -0.3122537 0 -0.9499988 -0.3122463 0 -0.9500012 -0.3122419 0 -0.9500027 -0.5475252 0 -0.8367893 -0.5475217 0 -0.8367915 -0.5475161 0 -0.8367952 -0.5475126 0 -0.8367975 -0.7454218 0 -0.6665932 -0.7454233 0 -0.6665914 -0.7454259 0 -0.6665886 -0.7454275 0 -0.6665868 0.7756229 -0.4619413 0.430139 0.777804 -0.4598723 0.4284142 0.7758139 -0.4617644 0.4299844 0.7799578 -0.4578148 0.4266986 0.8394315 -0.4660087 0.2796259 0.8499349 -0.454322 0.2668377 0.8747044 -0.4694762 0.1203512 0.8871765 -0.4513213 0.09605836 0.8803672 -0.4724 -0.04232871 0.8901418 -0.4487865 -0.07898366 0.8563454 -0.4747717 -0.2031368 0.8585875 -0.4467993 -0.251392 0.8035333 -0.4766348 -0.356586 0.7937244 -0.4452773 -0.414403 0.7237363 -0.4779569 -0.497758 0.6980131 -0.4442712 -0.5616055 0.6196485 -0.478752 -0.6219584 0.5751933 -0.4437558 -0.6871925 0.494746 -0.4790003 -0.7251104 0.4300842 -0.4437407 -0.7862072 0.3531124 -0.4787337 -0.8038195 0.2683716 -0.4442573 -0.8547586 0.1995021 -0.4779609 -0.8554252 0.09638214 -0.4452809 -0.8901885 0.0389918 -0.4766215 -0.8782436 -0.07904595 -0.446776 -0.891147 -0.1232334 -0.4747879 -0.8714299 -0.2511177 -0.4488129 -0.8576171 -0.2816523 -0.4723891 -0.835177 -0.4130017 -0.4513133 -0.7910411 -0.4310888 -0.469474 -0.7705562 -0.5584509 -0.4543273 -0.6940601 -0.566504 -0.465993 -0.6796498 -0.6825642 -0.4598688 -0.5680026 -0.6833147 -0.4617856 -0.5655397 -0.681753 -0.4577967 -0.5706445 -0.6833738 -0.4619526 -0.565332 -0.6089802 -0.6126476 -0.5037918 -0.6089808 -0.612647 -0.5037919 -0.608981 -0.6126468 -0.5037918 -0.6089815 -0.6126462 -0.5037919 -0.5060472 -0.6126432 -0.6071117 -0.5060397 -0.6126479 -0.6071133 -0.5060372 -0.6126495 -0.6071138 -0.5060289 -0.6126545 -0.6071155 -0.3858748 -0.6126568 -0.689748 -0.3858781 -0.6126546 -0.6897482 -0.3858792 -0.6126537 -0.6897482 -0.385883 -0.6126512 -0.6897485 -0.2525563 -0.6126543 -0.7489126 -0.2525754 -0.6126462 -0.7489128 -0.2525817 -0.6126435 -0.7489129 -0.2526027 -0.6126347 -0.7489131 -0.1106619 -0.6126353 -0.7825804 -0.1106441 -0.6126466 -0.782574 -0.1106383 -0.6126503 -0.7825719 -0.1106187 -0.6126627 -0.7825649 0.03505283 -0.6126597 -0.7895692 0.03503817 -0.6126497 -0.7895776 0.03503334 -0.6126465 -0.7895802 0.03501725 -0.6126356 -0.7895895 0.147467 -0.6137748 -0.7755864 0.1735761 -0.6915342 -0.7011789 0.0823757 -0.745297 -0.6616243 0.1553183 -0.7926807 -0.5895197 -0.003916859 -0.8450431 -0.5346841 0.0234192 -0.8488008 -0.5281939 -0.02862906 -0.8580324 -0.5127971 -0.07391935 -0.8492135 -0.5228503 -0.161979 -0.8549193 -0.4928246 -0.1658605 -0.8538244 -0.4934312 -0.1625469 -0.8547745 -0.4928886 -0.1664433 -0.8536664 -0.4935082 -0.2573409 -0.8497855 -0.460044 -0.3262656 -0.7439076 -0.5832257 -0.3262777 -0.7439023 -0.5832257 -0.326245 -0.7439166 -0.5832257 -0.3262957 -0.7438945 -0.5832257 -0.5149226 -0.7439107 -0.4259713 -0.5149271 -0.7439094 -0.4259682 -0.5149301 -0.7439085 -0.4259662 -0.5149354 -0.7439069 -0.4259626 -0.4278742 -0.7439004 -0.5133576 -0.4278798 -0.7438983 -0.5133559 -0.4278836 -0.743897 -0.5133547 -0.4278901 -0.7438946 -0.5133526 -0.404126 -0.8514199 -0.3343151 -0.384361 -0.8568053 -0.3437317 -0.3387777 -0.8485517 -0.4064354 -0.2813705 -0.8578373 -0.4300535 0.1839427 -0.5866231 -0.7886942 0.3240828 -0.5907227 -0.7389297 0.3140919 -0.5983071 -0.7371397 0.3134809 -0.5988032 -0.7369969 0.3246394 -0.5903379 -0.7389929 0.453193 -0.5945361 -0.664186 0.4531827 -0.5945194 -0.664208 0.4531847 -0.5945227 -0.6642037 0.4531742 -0.5945056 -0.6642261 0.5696979 -0.590308 -0.5718224 0.5698646 -0.5906819 -0.5712699 0.5718361 -0.5982692 -0.5613177 0.5719195 -0.5987739 -0.5606943 0.6672861 -0.586606 -0.4589366 0.668392 -0.6137796 -0.4201509 0.5895885 -0.6915369 -0.4173277 0.5860194 -0.7452861 -0.3180093 0.4922661 -0.7926817 -0.3596247 0.4992934 -0.8450452 -0.1913242 0.4832813 -0.8487932 -0.2144511 0.4879112 -0.8580385 -0.1603518 0.513804 -0.84921 -0.1218513 0.5182399 -0.8547627 -0.02843058 0.5198937 -0.8538485 -0.02556395 0.517949 -0.8549219 -0.02893859 0.5202354 -0.8536565 -0.02501422 0.5222113 -0.8497837 0.07185518 0.6620371 -0.743916 0.0910815 0.6620433 -0.7439113 0.09107583 0.6620267 -0.7439242 0.09109115 0.6340134 -0.7439183 0.2112167 0.6340202 -0.7439149 0.2112086 0.6340247 -0.7439126 0.2112031 0.7498491 -0.6126406 0.2497958 0.749852 -0.6126382 0.2497929 0.7498393 -0.6126486 0.2498055 0.6911927 -0.6126427 0.3833036 0.6912015 -0.6126366 0.3832975 0.6912044 -0.6126346 0.3832954 0.5030647 -0.8578289 0.1051458 0.5020093 -0.8485437 0.1672136 0.6340324 -0.7439087 0.2111937 0.5844478 -0.7439042 0.3240794 0.5844317 -0.7439115 0.3240915 0.5844209 -0.7439164 0.3240997 0.6912142 -0.6126279 0.3832886 0.460231 -0.8568078 0.2325247 0.4586673 -0.8514161 0.2543917 0.5844025 -0.7439249 0.3241137 0.7498608 -0.6126309 0.2497841 0.7829927 -0.6126347 0.1077089 0.7829856 -0.6126426 0.1077153 0.7829836 -0.612645 0.1077173 0.6620523 -0.7439042 0.09106743 0.667506 -0.7439118 -0.03211075 0.6675076 -0.7439104 -0.03210848 0.6675086 -0.7439095 -0.03210717 0.7829772 -0.6126521 0.1077231 0.7894394 -0.6126536 -0.03796273 0.78944 -0.6126532 -0.03795826 0.7894402 -0.6126531 -0.03795695 0.66751 -0.7439084 -0.03210526 0.6502424 -0.7439123 -0.1542057 0.6502447 -0.7439073 -0.1542202 0.6502459 -0.7439044 -0.1542287 0.7894406 -0.6126527 -0.03795284 0.7690117 -0.6126579 -0.1824046 0.7690124 -0.6126548 -0.1824122 0.7690126 -0.6126538 -0.1824144 0.6502479 -0.7439001 -0.1542413 0.6108446 -0.7439032 -0.2710663 0.6108468 -0.7439025 -0.2710632 0.6108481 -0.7439021 -0.2710614 0.7690132 -0.612651 -0.1824213 0.7224278 -0.6126431 -0.3205721 0.7224255 -0.6126455 -0.3205728 0.7224248 -0.6126462 -0.320573 0.61085 -0.7439016 -0.2710587 0.7224227 -0.6126484 -0.3205736 0.02960872 -0.7439062 -0.6676278 0.02960795 -0.7439069 -0.6676271 0.02961009 -0.7439051 -0.667629 0.02960681 -0.7439079 -0.667626 -0.09353673 -0.7439107 -0.6617007 -0.0935344 -0.7439111 -0.6617005 -0.0935406 -0.7439099 -0.6617011 -0.09353101 -0.7439119 -0.6617002 -0.2135698 -0.7439134 -0.6332305 -0.213571 -0.7439128 -0.6332309 -0.2135677 -0.7439147 -0.6332297 -0.2135728 -0.7439117 -0.6332315 0.7520988 -7.58116e-4 0.6590501 0.7396326 6.49073e-4 0.6730107 0.7520989 -4.92924e-7 0.6590504 0.5724867 6.40045e-4 0.8199138 0.5474666 -3.84397e-7 0.8368277 0.5474661 -0.001281261 0.8368269 0.5474666 -3.83301e-7 0.8368276 0.5474662 0.001280486 0.8368268 0.3596692 -0.001166105 0.9330792 0.3122395 0.001748561 0.9500019 0.3122401 -2.002e-7 0.9500033 0.31224 -1.98583e-7 0.9500033 0.1259173 -0.001572728 0.9920396 0.055745 0.002099335 0.9984429 0.05574506 0 0.9984451 0.05574506 0 0.9984451 -0.1151461 -0.001863777 0.9933469 -0.2045866 0.002333879 0.9788457 -0.2045849 0 0.9788488 -0.2045849 0 0.9788489 -0.3495388 -0.002038419 0.9369198 -0.4509391 0.002449154 0.8925514 -0.4509402 0 0.8925542 -0.4509402 0 0.8925542 -0.5636215 -0.002099633 0.8260305 -0.666606 0.002447545 0.7454062 -0.6666082 3.96575e-7 0.7454083 -0.6666083 3.98301e-7 0.7454083 -0.7449144 -0.002040088 0.667157 -0.8368103 0.002331793 0.5474881 -0.8368123 0 0.5474898 -0.8368124 0 0.5474898 -0.8829228 -0.001865446 0.4695147 -0.9499979 0.002097487 0.3122497 -0.9499999 0 0.3122504 -0.9499999 0 0.3122504 -0.9696218 -0.001572549 0.2446038 -0.9984448 0.001749515 0.05572199 -0.9984464 7.96577e-7 0.05572211 -0.9984463 7.96722e-7 0.05572211 -0.9999848 -0.001164793 0.005392551 -0.9788492 0.001281797 -0.2045797 -0.97885 6.82984e-7 -0.2045797 -0.97885 6.82754e-7 -0.2045797 -0.9722267 -6.3985e-4 -0.2340404 -0.8879586 7.58091e-4 -0.4599229 -0.896409 -6.49131e-4 -0.4432273 -0.8879657 0 -0.4599098 0.3596695 0.001165509 0.9330791 0.3122396 -0.001748979 0.9500018 0.1259147 0.001572549 0.9920399 0.05574494 -0.002099335 0.9984429 -0.1151462 0.001863777 0.9933468 -0.2045821 -0.002333879 0.9788467 -0.3495386 0.002038419 0.9369198 -0.4509387 -0.002449214 0.8925516 -0.5636314 0.00210005 0.8260238 -0.6666065 -0.00244677 0.7454059 -0.7449039 0.002040445 0.6671686 -0.83681 -0.002331793 0.5474886 -0.8829228 0.001865446 0.4695147 -0.9499977 -0.002097487 0.3122498 -0.9696268 0.001573681 0.2445842 -0.9984448 -0.001747965 0.05572205 -0.9999848 0.001166284 0.005392551 -0.9788492 -0.001280426 -0.2045795 -0.9722266 6.41206e-4 -0.2340405 0.5724865 -6.40861e-4 0.8199139 5.65227e-7 1 2.53354e-6 6.29463e-7 1 0 7.2654e-7 1 3.06699e-7 6.29457e-7 1 2.39769e-6 7.26538e-7 1 2.11621e-7 5.65226e-7 1 1.23149e-6 8.87742e-7 1 -1.89962e-7 5.09927e-7 1 -2.308e-6 1.18e-6 1 0 4.19975e-7 1 8.69736e-7 1.79587e-6 1 -3.34454e-6 1.02997e-6 1 -4.22261e-6 3.34442e-6 1 -2.26889e-5 8.02394e-6 1 -1.49971e-6 0 1 -3.29951e-5 8.87755e-7 1 -3.81386e-6 1.50276e-6 1 4.70243e-6 9.71719e-7 1 -9.35075e-6 3.13345e-6 1 -4.62211e-7 0 1 -4.9938e-7 0 1 -1.05135e-5 0 1 9.88133e-7 0 1 -9.24456e-6 0 1 3.29987e-5 -0.7520989 0 -0.6590504 -0.739606 6.51097e-4 -0.6730397 -0.572513 -6.38921e-4 -0.8198955 -0.5474801 0.001283824 -0.8368178 -0.5474806 4.55491e-7 -0.8368184 -0.5474806 4.54526e-7 -0.8368184 -0.3596693 -0.001162827 -0.9330793 -0.3122592 0.001750886 -0.9499954 -0.3122592 2.73216e-7 -0.949997 -0.3122593 2.82587e-7 -0.949997 -0.1258732 -0.001571893 -0.9920451 -0.05572211 0.002098858 -0.9984441 -0.05572223 0 -0.9984464 -0.05572223 0 -0.9984464 0.1151773 -0.001864731 -0.9933433 0.2045649 0.002330303 -0.9788503 0.2045656 0 -0.9788529 0.2045656 0 -0.9788529 0.3495247 -0.002041399 -0.936925 0.4509694 0.002448737 -0.8925361 0.450971 0 -0.8925387 0.450971 0 -0.8925387 0.563598 -0.002098441 -0.8260466 0.6665874 0.002448141 -0.745423 0.6665894 -3.48603e-7 -0.7454251 0.6665895 -3.34935e-7 -0.745425 0.7449181 -0.002041995 -0.6671528 0.8368013 0.002329587 -0.5475018 0.8368036 -5.68507e-7 -0.5475031 0.8368037 -5.69786e-7 -0.5475032 0.8829194 -0.001867055 -0.4695209 0.9500033 0.002096593 -0.3122327 0.9500055 -6.75069e-7 -0.3122332 0.9500055 -6.88689e-7 -0.3122332 0.9696327 -0.001574814 -0.2445608 0.9984439 0.001746475 -0.05573874 0.9984455 -5.68995e-7 -0.05573886 0.9984454 -5.69055e-7 -0.05573886 0.9999846 -0.001166641 -0.005434215 0.9788453 0.001280426 0.2045982 0.9788461 0 0.2045981 0.9788461 0 0.2045982 0.9722202 -6.41654e-4 0.2340673 0.8879735 7.5512e-4 0.459894 0.896411 -6.48994e-4 0.4432233 0.8879741 -4.92898e-7 0.4598937 -0.7520883 -7.57767e-4 -0.659062 -0.572513 6.39784e-4 -0.8198955 -0.5474802 -0.00128293 -0.8368177 -0.3596696 0.001163184 -0.9330791 -0.3122583 -0.001750349 -0.9499956 -0.1258741 0.001572072 -0.9920451 -0.1258662 -0.001593232 -0.9920461 -0.1258751 -0.001360356 -0.9920452 -0.05572211 -0.002098739 -0.9984441 0.1151795 0.001864612 -0.9933429 0.2045652 -0.002330303 -0.9788502 0.3495247 0.002041399 -0.936925 0.4509698 -0.002448618 -0.8925359 0.5635884 0.002097785 -0.8260531 0.6665877 -0.002448797 -0.7454227 0.7449178 0.002040624 -0.6671532 0.8368014 -0.00233072 -0.5475016 0.882919 0.001865983 -0.4695218 0.9500036 -0.002097964 -0.3122323 0.9696327 0.001573383 -0.2445607 0.9696306 -0.001371622 -0.24457 0.9696229 -0.001666784 -0.2445989 0.9984439 -0.001747667 -0.0557388 0.9999847 0.001166224 -0.005413413 0.9788454 -0.001280426 0.2045978 0.9722249 6.40301e-4 0.2340477 0 1 1.2708e-6 0 1 -9.33247e-7 0 1 -2.67715e-6 0 1 -1.97972e-6 0 1 2.39953e-6 0 1 9.87991e-7 0 1 2.25584e-6 2.14995e-6 1 0 2.41114e-6 1 0 2.5272e-6 1 0 3.50134e-6 1 0 1.24975e-6 1 -2.15214e-6 2.6469e-6 1 0 1.19756e-6 1 -1.05022e-6 1.27285e-6 1 -5.40167e-6 1.64352e-6 1 -3.47761e-6 2.57636e-6 1 1.33114e-6 1.44844e-6 1 1.04761e-6 9.83167e-7 1 0 7.15212e-7 1 -2.01401e-6 1.08253e-6 1 -5.17098e-6 2.46519e-6 1 9.56304e-7 2.50821e-6 1 5.83282e-7 2.52982e-6 1 1.67303e-6 2.68013e-6 1 1.55166e-6 1.67224e-6 1 9.69077e-7 1.11789e-6 1 -2.84901e-7 0 1 4.12646e-6 0 1 -2.33623e-6 0 1 9.71666e-6 0 1 -2.35803e-6 0 1 3.7172e-6 0 1 -5.61975e-7 0 1 9.33217e-7 0 1 2.67706e-6 0 1 -2.54152e-6 0 1 2.02568e-7 1.83886e-6 1 -3.9752e-6 2.7729e-6 1 7.29324e-7 2.58622e-6 1 -2.11989e-6 2.01577e-6 1 3.19638e-7 0 1 -2.11489e-6 0 1 2.08937e-6 0 1 -3.47113e-6 0 1 2.1521e-6 0 1 0 0 1 7.08972e-7 0 1 -4.84549e-7 0 1 4.42342e-7 0 1 -4.49697e-6 0 1 3.464e-6 0 1 -8.85239e-6 0 1 3.40014e-6 0 1 -4.20193e-6 0.6817815 -0.4578068 0.5706022 0.6825946 -0.4598669 0.5679677 0.6833092 -0.4618183 0.5655197 0.6834062 -0.4619385 0.5653042 0.6089978 -0.6126364 0.5037842 0.6089939 -0.6126385 0.5037862 0.6090096 -0.6126298 0.5037779 0.608981 -0.6126458 0.5037931 0.5149133 -0.7439222 0.4259623 0.5149203 -0.7439206 0.425957 0.5149031 -0.7439248 0.4259704 0.5149321 -0.7439176 0.4259478 0.4041409 -0.85142 0.3342966 0.3843709 -0.8568024 0.343728 0.3387872 -0.8485489 0.4064335 0.2813891 -0.8578357 0.4300442 0.2573667 -0.8497858 0.460029 0.1664431 -0.853663 0.4935142 0.1624956 -0.8547739 0.4929063 0.165816 -0.8538351 0.4934276 0.2135654 -0.7439022 0.6332451 0.2135573 -0.743906 0.6332435 0.2135794 -0.7438957 0.633248 0.09358775 -0.7438986 0.6617071 0.09355735 -0.7439152 0.6616928 0.09353691 -0.7439262 0.6616832 0.1106657 -0.6126485 0.7825694 0.1106594 -0.6126519 0.7825677 0.1106873 -0.6126372 0.7825753 -0.03505474 -0.6126395 0.7895847 -0.03505253 -0.6126365 0.7895872 -0.03505176 -0.6126355 0.789588 -0.03899306 -0.476637 0.878235 -0.0963959 -0.445284 0.8901854 -0.1995061 -0.477959 0.8554254 -0.2683612 -0.4442617 0.8547596 -0.3531315 -0.4787464 0.8038035 -0.4300764 -0.4437592 0.7862012 -0.4947466 -0.4790208 0.7250965 -0.5751932 -0.4437736 0.6871811 -0.619627 -0.4787473 0.6219835 -0.6980203 -0.4442487 0.5616145 -0.7237559 -0.4779388 0.497747 -0.7937164 -0.4452729 0.4144228 -0.8035303 -0.4766258 0.3566049 -0.8585989 -0.446781 0.2513855 -0.8563591 -0.4747686 0.2030861 -0.8901396 -0.4487935 0.07896858 -0.880375 -0.4723845 0.04234176 -0.8871814 -0.4513116 -0.09605789 -0.8747057 -0.4694695 -0.1203677 -0.8499339 -0.4543178 -0.2668476 -0.8394379 -0.4659959 -0.2796285 -0.7799802 -0.4578021 -0.4266709 -0.7757987 -0.4617643 -0.4300117 -0.7778193 -0.4598686 -0.4283901 -0.775631 -0.4619466 -0.4301183 -0.6911951 -0.6126454 -0.3832949 -0.6911959 -0.612645 -0.3832943 -0.6911929 -0.6126465 -0.3832972 -0.6911982 -0.6126438 -0.3832918 -0.5844336 -0.7439029 -0.3241077 -0.5844269 -0.7439061 -0.3241125 -0.5844436 -0.7438983 -0.3241005 -0.5844154 -0.7439115 -0.3241209 -0.4586669 -0.8514204 -0.2543782 -0.4602257 -0.8568089 -0.2325313 -0.5020158 -0.8485449 -0.1671879 -0.5030711 -0.8578261 -0.1051387 -0.5222198 -0.8497784 -0.0718556 -0.5199465 -0.8538175 0.02551996 -0.5182299 -0.8547672 0.02847331 -0.5202302 -0.8536595 0.02502685 -0.6675065 -0.7439106 0.03212869 -0.6675058 -0.743911 0.03213179 -0.6675077 -0.7439097 0.03212344 -0.6675049 -0.7439117 0.03213632 -0.789442 -0.6126489 0.03798419 -0.789441 -0.6126505 0.03798097 -0.7894454 -0.6126437 0.03799504 -0.7894379 -0.6126551 0.03797107 0.1619834 -0.8549217 0.4928188 0.07388442 -0.8492066 0.5228664 0.09350192 -0.7439453 0.6616668 -0.02964341 -0.7439343 0.6675949 -0.02961546 -0.743923 0.6676088 -0.02959668 -0.7439154 0.6676181 -0.03504931 -0.6126322 0.7895907 -0.1474967 -0.6137746 0.7755807 -0.183936 -0.5866462 0.7886785 -0.3134596 -0.5988143 0.736997 -0.3246694 -0.5903137 0.7389991 -0.4531988 -0.5945108 0.6642047 -0.453199 -0.5945106 0.6642047 -0.453198 -0.5945116 0.6642045 -0.4531998 -0.5945098 0.6642049 -0.5696697 -0.5903115 0.5718469 0.02862983 -0.8580242 0.5128108 -0.02339333 -0.8487932 0.5282074 -0.02956444 -0.7439023 0.6676341 -0.08239346 -0.745298 0.661621 -0.1736018 -0.6915183 0.7011883 0.00387746 -0.8450402 0.534689 -0.1553328 -0.7926868 0.5895079 -0.5718914 -0.5988074 0.560687 -0.6672812 -0.5866287 0.4589146 -0.6683796 -0.6137717 0.4201822 -0.5895763 -0.6915312 0.4173542 -0.5860067 -0.7453042 0.3179903 -0.4922809 -0.7926809 0.359606 -0.4993082 -0.8450368 0.1913224 -0.4832683 -0.8487976 0.2144631 -0.487909 -0.8580291 0.1604089 -0.5138246 -0.8491976 0.1218515 -0.5179682 -0.8549115 0.02890282 0.07905542 -0.4467877 0.8911403 0.1232149 -0.4747816 0.8714359 0.1106399 -0.6126622 0.7825624 0.2525588 -0.6126544 0.7489117 0.2525742 -0.6126442 0.7489148 0.2525788 -0.6126413 0.7489157 0.2135452 -0.7439115 0.6332409 0.3262845 -0.7439127 0.5832086 0.3262881 -0.7439119 0.5832077 0.3262901 -0.7439114 0.5832072 0.2511224 -0.4488102 0.8576171 0.2816835 -0.4724085 0.8351555 0.2525928 -0.612632 0.7489184 0.3859081 -0.6126283 0.6897547 0.3858988 -0.6126323 0.6897563 0.385896 -0.6126335 0.6897568 0.3262933 -0.7439106 0.5832064 0.4278907 -0.7439057 0.513336 0.4278836 -0.7439095 0.5133365 0.4278794 -0.7439117 0.5133368 0.4130287 -0.4513363 0.7910139 0.4310906 -0.4694752 0.7705544 0.3858876 -0.6126372 0.6897583 0.5060369 -0.6126378 0.6071257 0.5060341 -0.6126424 0.6071235 0.5060332 -0.6126437 0.6071229 0.4278731 -0.743915 0.5133372 0.5584173 -0.4543309 0.6940848 0.5664824 -0.466005 0.6796596 0.5060306 -0.6126478 0.6071209 -0.7224189 -0.6126407 0.320597 -0.7224186 -0.6126418 0.3205955 -0.7224199 -0.6126371 0.3206016 -0.6108301 -0.7439135 0.2710704 -0.6108297 -0.7439139 0.2710705 -0.6108294 -0.7439141 0.2710706 -0.6108289 -0.7439145 0.2710707 -0.6502383 -0.7439172 0.1541996 -0.6502404 -0.7439152 0.1542002 -0.6502419 -0.7439138 0.1542007 -0.6502442 -0.7439116 0.1542015 -0.7690238 -0.6126504 0.1823785 -0.769023 -0.6126527 0.1823743 -0.7690263 -0.6126435 0.1823912 -0.7224174 -0.6126458 0.3205904 -0.7690203 -0.6126604 0.1823603 -0.6620303 -0.7439194 -0.09110289 -0.6620312 -0.7439197 -0.09109526 -0.6620317 -0.7439198 -0.09109014 -0.6620326 -0.74392 -0.09108132 -0.6340222 -0.7439147 -0.2112033 -0.6340343 -0.7439082 -0.2111898 -0.6340424 -0.7439039 -0.2111808 -0.6340563 -0.7438965 -0.2111652 -0.7829847 -0.6126393 -0.1077417 -0.7829838 -0.6126404 -0.1077424 -0.7829834 -0.6126406 -0.1077426 -0.7829824 -0.6126419 -0.1077433 -0.7498567 -0.6126405 -0.2497733 -0.7498536 -0.6126413 -0.2497805 -0.7498525 -0.6126416 -0.2497829 -0.7498491 -0.6126426 -0.2497909 -0.8260375 -4.4986e-5 -0.5636152 -0.8260424 -4.51799e-6 -0.5636081 -0.8260422 -2.34918e-5 -0.5636082 -0.8260444 9.41533e-6 -0.5636051 -0.8260369 0 -0.5636161 -0.8925318 0 -0.4509847 -0.8925333 0 -0.4509816 -0.8925357 0 -0.4509769 -0.8925372 0 -0.4509739 -0.9788445 0 -0.2046062 -0.9788446 0 -0.2046056 -0.9788447 0 -0.2046046 -0.9788449 0 -0.204604 -0.9984436 0 0.05577206 -0.9984436 0 0.05577206 -0.9500091 0 0.3122224 -0.9500091 0 0.3122224 -0.8260486 0 -0.5635991 -0.8260474 0 -0.5636009 -0.8260473 -2.09234e-6 -0.5636008 -0.8260467 2.33408e-6 -0.5636017 -0.826047 5.62319e-6 -0.5636013 0.8260481 1.87439e-5 0.5635996 0.8260403 9.86156e-6 0.5636112 0.8260469 1.71882e-5 0.5636014 0.826038 7.32321e-6 0.5636144 0.8260313 0 0.5636243 0.05576461 0 0.998444 0.05575168 0 0.9984447 0.05575972 0 0.9984443 0.05574673 0 0.998445 0.3122537 0 0.9499988 0.3122463 0 0.9500012 0.3122419 0 0.9500027 0.3122581 0 0.9499973 0.5474749 0 0.8368222 0.5474783 0 0.8368199 0.547484 0 0.8368162 0.5474874 0 0.8368139 0.7454084 0 0.6666082 0.7454106 0 0.6666057 0.7454141 0 0.6666017 0.7454164 0 0.6665992 0.8925391 0 0.4509702 0.8925396 0 0.4509692 0.8925404 0 0.4509676 0.8925408 0 0.4509666 0.9788486 0 0.2045862 0.9788486 0 0.2045862 0.9788486 0 0.2045862 0.9788486 0 0.2045862 0.9984465 0 -0.05572044 0.9984465 0 -0.05572074 0.9984465 0 -0.05572116 0.9984464 0 -0.05572146 0.9499909 0 -0.3122776 0.9499904 0 -0.3122793 0.9499894 0 -0.312282 0.9499889 0 -0.3122838 0.8260459 0 0.5636028 0.826052 2.10031e-6 0.563594 0.8260541 -1.15075e-5 0.5635909 0.826052 1.96413e-5 0.563594 0.826047 4.12367e-5 0.5636013 -1.62572e-6 -1 0 1.71617e-6 -1 3.79037e-6 -7.74311e-7 -1 2.66036e-6 3.11073e-6 -1 8.69209e-6 0 -1 -2.63931e-6 3.78338e-7 -1 1.25878e-7 0 -1 1.10728e-6 6.5032e-6 -1 6.33134e-6 0 -1 5.12536e-6 1.01098e-5 -1 1.99687e-5 -3.84106e-7 -1 -9.66822e-6 -1.32654e-6 -1 -9.78619e-6 1.90697e-6 -1 -6.77383e-6 -5.32908e-6 -1 -3.3069e-7 -2.50913e-5 -1 -4.10812e-5 0 -1 3.75481e-5 0 -1 -1.12515e-5 0 -1 6.80526e-6 0 -1 -2.41107e-6 0 -1 -2.02698e-6 0 -1 4.86314e-6 0 -1 -2.44525e-5 -0.7457553 0.1297056 -0.653472 -0.7323006 0.1866459 -0.654904 -0.5708611 0.07632642 -0.8174912 -0.5324157 0.232949 -0.8137987 -0.3594847 0.03230923 -0.9325915 -0.300729 0.2689861 -0.914991 -0.125875 -0.00224924 -0.9920436 -0.05320507 0.2952473 -0.9539383 0.1151441 -0.02681213 -0.9929869 0.1943075 0.3121763 -0.9299412 0.3492076 -0.04199218 -0.9361041 0.4271824 0.3207139 -0.8453744 0.5629757 -0.04659199 -0.8251591 0.6313645 0.3208361 -0.7060051 0.7442673 -0.04178768 -0.6665733 0.7949786 0.3122375 -0.5201124 0.8826116 -0.02691107 -0.4693321 0.9076697 0.295188 -0.2983287 0.9696294 -0.002346277 -0.2445677 0.9617074 0.2687703 -0.05368006 0.9994702 0.03209388 -0.005410671 0.9519657 0.2327824 0.1989319 0.9694005 0.07613569 0.2333799 0.8768861 0.1863999 0.4430868 0.880454 0.1298055 0.4560169 -0.6894959 0.380068 -0.6165581 -0.6895126 0.3799211 -0.6166299 -0.6894977 0.3800519 -0.616566 -0.6895145 0.379904 -0.6166383 -0.5932682 0.6054552 -0.5305251 -0.5932999 0.6053056 -0.5306604 -0.5932717 0.6054388 -0.53054 -0.5933037 0.6052874 -0.5306769 -0.4562169 0.7908257 -0.4079963 -0.4560952 0.7909552 -0.4078812 -0.4561088 0.7909408 -0.407894 -0.4562324 0.7908092 -0.408011 -0.2873378 0.922727 -0.2569279 -0.2873126 0.9227327 -0.2569361 -0.2873154 0.9227319 -0.2569351 -0.2873411 0.9227262 -0.2569268 -0.09813082 0.991298 -0.08774232 -0.09812587 0.9912968 -0.08776086 -0.09812647 0.991297 -0.08775866 -0.09813153 0.9912981 -0.0877397 -0.07207119 0.9912942 -0.11019 -0.07207256 0.9912942 -0.1101889 -0.07208257 0.9912943 -0.1101809 -0.07208418 0.9912943 -0.1101795 -0.04110658 0.9912917 -0.1251041 -0.0411067 0.9912923 -0.1251 -0.04110723 0.991296 -0.1250699 -0.04110729 0.9912966 -0.125065 -0.007337093 0.9912943 -0.1314604 -0.007336914 0.9912945 -0.1314587 -0.007335364 0.9912962 -0.1314458 -0.007335126 0.9912965 -0.1314437 0.02693653 0.9912953 -0.1288727 0.02693653 0.9912958 -0.1288688 0.02693653 0.9912995 -0.1288406 0.02693653 0.9913 -0.128836 0.05937391 0.9912936 -0.1175236 0.05937409 0.9912934 -0.1175247 0.05937528 0.9912925 -0.1175322 0.05937552 0.9912924 -0.1175335 0.08776575 0.9912933 -0.09815651 0.08776444 0.9912939 -0.09815257 0.08775496 0.9912976 -0.09812384 0.08775347 0.9912981 -0.09811919 0.1101665 0.9912959 -0.07208359 0.1101638 0.9912961 -0.07208341 0.1101832 0.9912939 -0.07208472 0.1101856 0.9912936 -0.0720849 0.1250782 0.9912953 -0.04110074 0.1250835 0.9912947 -0.04109907 0.1250452 0.9912989 -0.04111117 0.1250408 0.9912995 -0.0411126 0.1314169 0.9913001 -0.007334887 0.1314134 0.9913006 -0.007334351 0.1314382 0.9912973 -0.007338285 0.1314411 0.9912968 -0.007338762 0.1288647 0.9912967 0.02692151 0.1288619 0.9912972 0.02691906 0.1288822 0.9912941 0.02693665 0.1288846 0.9912936 0.02693867 0.1175206 0.9912931 0.05938708 0.117523 0.9912927 0.05939114 0.1175064 0.9912963 0.05936217 0.1175044 0.9912968 0.05935877 0.3440376 0.9227296 0.1738051 0.3440204 0.9227342 0.1738148 0.3440353 0.9227303 0.1738064 0.3440185 0.9227347 0.173816 0.5461837 0.7909088 0.2759471 0.5462602 0.790831 0.2760184 0.5461933 0.790899 0.275956 0.5462686 0.7908225 0.2760262 0.7103712 0.6054284 0.3589278 0.7103281 0.6054961 0.3588991 0.710366 0.6054366 0.3589243 0.7103233 0.6055034 0.358896 0.8255915 0.3800053 0.4171269 0.8256087 0.3798944 0.4171935 0.8255934 0.3799925 0.4171346 0.8256106 0.3798825 0.4172008 -0.2110453 0.9227103 -0.322592 -0.2110406 0.922715 -0.3225817 -0.211004 0.922751 -0.3225025 -0.2109984 0.9227566 -0.3224905 -0.1203302 0.9227324 -0.3661771 -0.1203318 0.9227315 -0.3661791 -0.1203448 0.9227239 -0.3661938 -0.1203468 0.9227227 -0.3661961 -0.02149271 0.9227354 -0.3848345 -0.02149081 0.9227385 -0.384827 -0.02147626 0.9227628 -0.3847696 -0.02147406 0.9227665 -0.3847609 0.07884961 0.9227474 -0.3772535 0.07884913 0.922748 -0.377252 0.0788455 0.9227528 -0.377241 0.07884496 0.9227536 -0.3772392 0.1737964 0.922747 -0.3439955 0.1737975 0.9227467 -0.3439954 0.1738066 0.9227454 -0.3439945 0.1738079 0.9227452 -0.3439944 0.2569074 0.9227435 -0.2873032 0.256908 0.9227443 -0.2872998 0.2569131 0.922751 -0.287274 0.2569139 0.922752 -0.28727 0.3225203 0.9227482 -0.2109894 0.3225215 0.9227468 -0.2109933 0.3225312 0.9227365 -0.2110238 0.3225327 0.9227349 -0.2110283 0.3661543 0.9227361 -0.1203715 0.3661564 0.9227356 -0.1203684 0.3661721 0.9227324 -0.1203455 0.3661745 0.9227318 -0.120342 0.3848394 0.9227334 -0.02149182 0.3848327 0.9227362 -0.02148956 0.3847816 0.922758 -0.02147221 0.3847737 0.9227612 -0.02146959 0.377196 0.922771 0.07884639 0.377206 0.922767 0.0788474 0.3772832 0.9227347 0.07885515 0.3772949 0.9227299 0.07885634 -0.3350982 0.7908314 -0.5121474 -0.3350969 0.7908319 -0.5121474 -0.3350868 0.790836 -0.5121477 -0.3350853 0.7908366 -0.5121477 -0.1911215 0.7908162 -0.5814486 -0.1911171 0.7908254 -0.5814374 -0.1910824 0.7908989 -0.5813488 -0.1910774 0.7909095 -0.5813362 -0.03411024 0.7908701 -0.6110329 -0.03411203 0.7908686 -0.6110347 -0.03412616 0.7908568 -0.6110491 -0.03412818 0.7908551 -0.6110512 0.1251913 0.79084 -0.5990821 0.1251921 0.7908501 -0.5990685 0.1251982 0.7909305 -0.5989611 0.125199 0.790942 -0.5989457 0.2759531 0.7908852 -0.5462148 0.2759543 0.7908919 -0.5462044 0.2759639 0.7909455 -0.546122 0.2759653 0.7909532 -0.5461102 0.4079105 0.7909222 -0.4561263 0.4079162 0.7909148 -0.4561339 0.407961 0.7908568 -0.4561944 0.4079675 0.7908486 -0.4562032 0.5121182 0.7908654 -0.3350628 0.5121154 0.7908682 -0.3350607 0.5120926 0.7908898 -0.3350442 0.5120893 0.7908929 -0.3350418 0.5813513 0.7908995 -0.1910727 0.5813612 0.7908909 -0.1910781 0.5814396 0.7908229 -0.1911215 0.5814509 0.790813 -0.1911278 0.6110714 0.7908393 -0.03413456 0.6110712 0.7908395 -0.03413325 0.6110705 0.7908405 -0.03412234 0.6110703 0.7908406 -0.03412079 0.5990785 0.7908376 0.125224 0.5990706 0.7908437 0.1252233 0.5990085 0.7908915 0.1252182 0.5989996 0.7908984 0.1252175 -0.5064313 0.3799628 -0.7740515 -0.5063837 0.3801136 -0.7740086 -0.5063889 0.3800971 -0.7740134 -0.4357715 0.6054353 -0.6659965 -0.4357659 0.6054365 -0.6659991 -0.4357206 0.6054463 -0.6660198 -0.4357145 0.6054476 -0.6660226 -0.2485147 0.6054998 -0.7560493 -0.2485126 0.6055008 -0.7560492 -0.2484958 0.6055089 -0.7560482 -0.2484936 0.6055101 -0.756048 -0.04431658 0.6055214 -0.7945942 -0.04432219 0.6055058 -0.7946058 -0.04436755 0.6053788 -0.7947 -0.04437375 0.6053615 -0.7947128 0.162836 0.6053155 -0.7791519 0.1628373 0.605314 -0.7791528 0.1628484 0.6053014 -0.7791603 0.1628499 0.6052997 -0.7791613 0.3589306 0.6052882 -0.7104894 0.3589284 0.6053028 -0.710478 0.3589105 0.6054223 -0.7103853 0.358908 0.6054386 -0.7103726 0.5305615 0.6054096 -0.5932822 0.5305637 0.6054134 -0.5932764 0.5305816 0.6054438 -0.5932292 0.530584 0.605448 -0.5932229 0.6659932 0.6054144 -0.4358056 0.665996 0.6054161 -0.4357989 0.6660189 0.6054303 -0.4357444 0.6660219 0.6054322 -0.4357369 0.7561369 0.6053813 -0.2485369 0.7561345 0.6053861 -0.2485324 0.7561152 0.6054254 -0.2484955 0.7561126 0.6054307 -0.2484905 0.7946651 0.6054235 -0.04438173 0.794667 0.6054211 -0.04438167 0.794682 0.6054013 -0.04438114 0.7946841 0.6053987 -0.04438108 0.7790639 0.6054275 0.1628406 0.7790638 0.6054275 0.162841 0.7790638 0.6054265 0.1628445 0.7790639 0.6054264 0.162845 -0.2888762 0.37986 -0.8787816 -0.2888492 0.3799468 -0.8787529 -0.2888522 0.3799372 -0.878756 -0.5064368 0.3799453 -0.7740564 -0.2888793 0.3798499 -0.8787848 -0.05151098 0.3798538 -0.9236113 -0.05151927 0.3798052 -0.9236308 -0.05151838 0.3798104 -0.9236286 -0.05150997 0.3798594 -0.923609 0.1892269 0.3801072 -0.9053794 0.1891929 0.3798317 -0.905502 0.1891966 0.3798618 -0.9054887 0.1892308 0.3801392 -0.9053651 0.4171546 0.3797664 -0.8256874 0.417118 0.3800992 -0.8255527 0.417122 0.3800629 -0.8255674 0.4171588 0.3797276 -0.825703 0.6166304 0.3799145 -0.6895158 0.6166582 0.3797484 -0.6895825 0.6166551 0.3797665 -0.6895752 0.6166272 0.3799338 -0.689508 0.7740982 0.3798431 -0.5064496 0.7740638 0.3799549 -0.5064183 0.7740676 0.3799427 -0.5064217 0.7741023 0.3798301 -0.5064532 0.8787573 0.3799595 -0.2888191 0.8787859 0.3798604 -0.2888623 0.8787828 0.3798711 -0.2888575 0.878754 0.379971 -0.2888141 0.9235993 0.3798736 -0.05158013 0.9235544 0.3799862 -0.05155289 0.9235594 0.3799739 -0.05155581 0.9236045 0.3798605 -0.05158329 0.9054146 0.3800121 0.1892492 0.9054887 0.3798421 0.1892361 0.9054806 0.3798606 0.1892375 0.9054059 0.3800319 0.1892508 -0.7393535 -0.2651987 -0.618891 -0.7394019 -0.2650783 -0.6188849 -0.7393576 -0.2651886 -0.6188905 -0.7394058 -0.2650685 -0.6188844 -0.7666181 -0.02376711 -0.6416633 -0.7665793 -0.02399957 -0.6417012 -0.766615 -0.02378612 -0.6416665 -0.7665761 -0.02401852 -0.6417042 -0.7483431 0.2182351 -0.6263834 -0.7483088 0.218439 -0.6263532 -0.7483403 0.2182516 -0.6263809 -0.748306 0.2184559 -0.6263507 -0.6854217 0.448337 -0.5737519 -0.6855179 0.4481431 -0.5737884 -0.6854293 0.4483214 -0.5737549 -0.6855261 0.4481266 -0.5737915 -0.5818978 0.6512632 -0.4870844 -0.5818454 0.651379 -0.4869923 -0.5818936 0.6512725 -0.4870769 -0.5818408 0.6513891 -0.4869842 -0.4428412 0.8163901 -0.3706738 -0.4428201 0.8164265 -0.3706185 -0.4428395 0.816393 -0.3706693 -0.4428182 0.8164298 -0.3706136 -0.2768602 0.9325307 -0.2318084 -0.2768887 0.9325365 -0.2317507 -0.2768626 0.9325311 -0.2318036 -0.2768914 0.932537 -0.2317453 -0.09309577 0.9925848 -0.07815903 -0.09447282 0.9923815 -0.07908183 -0.09079962 0.9929121 -0.07668781 -0.0894652 0.9930971 -0.07585602 -0.08096915 0.9916227 -0.1006401 -0.2263406 0.9325388 -0.2813207 -0.2263816 0.932531 -0.2813137 -0.2263778 0.9325317 -0.2813144 -0.1671316 0.9325211 -0.3201119 -0.1671308 0.9325212 -0.3201118 -0.167122 0.932523 -0.3201114 -0.2673063 0.8163672 -0.5119491 -0.2672419 0.8164562 -0.5118409 -0.2672476 0.8164482 -0.5118505 -0.1622508 0.8164487 -0.5541537 -0.1622552 0.8164412 -0.5541635 -0.1623043 0.8163562 -0.5542742 -0.2132456 0.6513034 -0.7282378 -0.213221 0.6513463 -0.7282066 -0.2132231 0.6513426 -0.7282093 -0.06703859 0.6513805 -0.755784 -0.06703835 0.6513788 -0.7557854 -0.06703609 0.6513594 -0.7558024 -0.07897233 0.448197 -0.8904397 -0.07896947 0.4481669 -0.8904551 -0.07896971 0.4481694 -0.8904538 0.0962103 0.4481958 -0.8887431 0.09621113 0.4482046 -0.8887385 0.09622079 0.4483059 -0.8886864 0.1050556 0.2184817 -0.9701697 0.1050233 0.2182044 -0.9702356 0.105026 0.2182274 -0.9702301 0.2923179 0.2182164 -0.9310917 0.2923189 0.218216 -0.9310916 0.2923293 0.2182114 -0.9310894 0.2994474 -0.02394372 -0.9538124 0.2994706 -0.02387315 -0.9538068 0.2994687 -0.02387893 -0.9538072 0.4797947 -0.02386599 -0.8770562 0.4797934 -0.02388823 -0.8770564 0.4797778 -0.02413761 -0.877058 0.4627879 -0.2652871 -0.8458429 0.4627358 -0.265062 -0.8459419 0.4627837 -0.2652689 -0.845851 0.4627315 -0.2650433 -0.8459503 0.6188762 -0.2650465 -0.7394205 0.6188765 -0.265051 -0.7394186 0.6188802 -0.2651005 -0.7393979 0.6188804 -0.2651048 -0.739396 0.75122 -0.2650837 -0.6044826 0.7512239 -0.2650878 -0.6044759 0.7512671 -0.2651329 -0.6044025 0.7512708 -0.2651369 -0.6043961 0.8547156 -0.2651171 -0.4462894 0.8547166 -0.2651176 -0.4462872 0.8547276 -0.2651227 -0.4462631 0.8547286 -0.2651232 -0.446261 0.9253697 -0.2650935 -0.2709545 0.9253686 -0.2651001 -0.2709519 0.9253561 -0.2651727 -0.2709234 0.925355 -0.2651791 -0.2709209 0.9604167 -0.2652116 -0.08522164 0.9604215 -0.265195 -0.08521997 0.9604736 -0.265012 -0.08520126 0.9604781 -0.2649959 -0.08519965 0.9586365 -0.2650343 0.1037921 0.9586359 -0.2650366 0.1037918 0.9586294 -0.2650616 0.1037883 0.9586288 -0.2650638 0.103788 0.9199419 -0.265082 0.2888573 0.9199403 -0.2650918 0.2888532 0.9199231 -0.2652005 0.2888081 0.9199216 -0.2652101 0.2888041 0.8458928 -0.2652021 0.4627453 0.845899 -0.2651808 0.4627464 0.8458231 -0.2654448 0.4627336 0.8770574 -0.02376943 0.4797972 0.8770599 -0.02375543 0.4797934 0.8770598 -0.02375656 0.4797937 0.8770572 -0.02377063 0.4797975 0.8561219 0.2184278 0.4683423 0.8561393 0.2183957 0.4683258 0.8561233 0.2184252 0.468341 0.8561407 0.218393 0.4683244 0.7843167 0.4480767 0.4290392 0.7842965 0.4481033 0.4290484 0.7843151 0.4480788 0.42904 0.7842947 0.4481056 0.4290492 0.665648 0.6514164 0.3641008 0.6656534 0.6513772 0.3641613 0.6656485 0.6514133 0.3641057 0.6656539 0.6513737 0.3641666 0.5067447 0.8163073 0.2772223 0.5066817 0.816356 0.2771942 0.5067396 0.8163113 0.27722 0.5066761 0.8163604 0.2771916 0.3166505 0.9325946 0.1732046 0.3166866 0.9325797 0.1732184 0.3166535 0.9325934 0.1732057 0.3166899 0.9325785 0.1732197 0.1081077 0.9923804 0.05911016 0.1068271 0.9925714 0.05822384 0.1045899 0.9929092 0.05650085 0.1033254 0.9930894 0.05565452 0.1232776 0.9916173 0.03870052 0.1080297 0.9936453 0.03160434 0.1339227 0.9908857 0.01450526 0.1085635 0.9940559 0.00817418 0.1392585 0.990179 -0.01236152 0.1050429 0.9943663 -0.01420342 0.1382843 0.9895648 -0.04048579 0.09779393 0.9945911 -0.03499943 0.1307476 0.9890621 -0.06827306 0.08713561 0.9947423 -0.0538057 0.1167722 0.9887053 -0.09394741 0.07342594 0.9948318 -0.07013189 0.09698903 0.9885236 -0.1158205 0.057078 0.9948565 -0.08368176 0.07251834 0.9885223 -0.1325324 0.03854054 0.9948276 -0.09398329 0.04489541 0.9887144 -0.1429273 0.01832723 0.9947406 -0.1007744 0.0158894 0.9890603 -0.146654 -0.00307095 0.9945908 -0.1038268 -0.01273363 0.9895563 -0.1435833 -0.02509456 0.9943637 -0.1030105 -0.03928506 0.9901741 -0.1342087 -0.04720771 0.9940516 -0.09814792 -0.06234377 0.9908867 -0.1194027 -0.06882065 0.9936409 -0.0891152 0.8458167 -0.2654669 0.4627326 0.2888094 -0.2652338 -0.9199132 0.2888209 -0.2651611 -0.9199305 0.2888103 -0.2652277 -0.9199146 0.2888219 -0.2651553 -0.919932 0.2994454 -0.0239495 -0.9538128 0.1076376 -0.02392357 -0.9939024 0.1076365 -0.02392297 -0.9939025 0.1076252 -0.02391666 -0.9939039 0.1050581 0.218504 -0.9701643 -0.08621037 0.2184836 -0.972025 -0.08621108 0.2184759 -0.9720267 -0.08621901 0.218391 -0.9720452 -0.07897257 0.4481994 -0.8904386 -0.2512015 0.4482228 -0.857901 -0.251201 0.4482278 -0.8578985 -0.2511954 0.4482822 -0.8578718 -0.2132475 0.6513 -0.7282402 -0.3512367 0.6513364 -0.6726023 -0.3512274 0.6513433 -0.6726004 -0.3511297 0.6514163 -0.6725807 -0.2673115 0.8163601 -0.5119578 -0.3620564 0.816372 -0.4499464 -0.3620522 0.8163734 -0.4499475 -0.3620093 0.8163859 -0.4499593 -0.2263373 0.9325395 -0.2813213 0.1037948 -0.2651611 -0.9586012 0.1038021 -0.2652515 -0.9585755 0.1037954 -0.2651686 -0.9585991 0.1038027 -0.2652587 -0.9585734 0.1076242 -0.02391612 -0.9939041 -0.08834105 -0.02391505 -0.9958032 -0.08834165 -0.02392661 -0.9958029 -0.08834779 -0.02405691 -0.9957993 -0.08621966 0.2183835 -0.9720467 -0.2742089 0.2183796 -0.9365469 -0.27421 0.2183777 -0.9365469 -0.2742225 0.2183572 -0.936548 -0.251195 0.4482869 -0.8578695 -0.4136986 0.4482712 -0.7924055 -0.4137061 0.4482567 -0.7924098 -0.4137879 0.4480997 -0.7924558 -0.3511211 0.6514227 -0.672579 -0.4755878 0.6514642 -0.5911097 -0.4755985 0.65145 -0.5911168 -0.4757112 0.6513 -0.5911913 -0.3620055 0.816387 -0.4499603 -0.0851922 -0.2652482 -0.9604092 -0.08521223 -0.2650826 -0.9604531 -0.08519387 -0.2652344 -0.9604128 -0.08521384 -0.2650693 -0.9604567 -0.08834832 -0.02406847 -0.9957989 -0.2809265 -0.02404993 -0.9594279 -0.2809255 -0.02403402 -0.9594286 -0.2809138 -0.02385485 -0.9594365 -0.2742236 0.2183554 -0.9365481 -0.451688 0.2183334 -0.8650484 -0.4516825 0.21835 -0.8650469 -0.4516224 0.2185339 -0.8650318 -0.4137951 0.4480859 -0.7924599 -0.5604232 0.4480469 -0.6965485 -0.5604152 0.4480701 -0.6965401 -0.5603287 0.4483202 -0.6964487 -0.4757212 0.6512869 -0.5911979 -0.2709355 -0.2650335 -0.9253926 -0.2709228 -0.2653141 -0.9253157 -0.2709344 -0.2650569 -0.9253861 -0.2709218 -0.2653368 -0.9253096 -0.2809127 -0.02383887 -0.9594373 -0.4626975 -0.02385276 -0.8861953 -0.462698 -0.0238704 -0.8861947 -0.4626666 -0.02373695 -0.8862145 -0.4516172 0.2185501 -0.8650306 -0.6117277 0.2185375 -0.7602832 -0.6117323 0.2185142 -0.7602863 -0.611782 0.2182566 -0.7603202 -0.5603212 0.4483421 -0.6964408 -0.4462021 -0.2653058 -0.8547027 -0.4462968 -0.2650767 -0.8547242 -0.44621 -0.2652867 -0.8547045 -0.4463045 -0.2650583 -0.854726 -0.4627043 -0.02408701 -0.8861855 -0.6267383 -0.02411669 -0.7788567 -0.6267344 -0.02408885 -0.7788605 -0.6267254 -0.02425223 -0.7788628 -0.6117864 0.2182339 -0.7603231 -0.6044492 -0.2650375 -0.7512633 -0.6044304 -0.265201 -0.7512207 -0.6044476 -0.2650511 -0.7512598 -0.6044289 -0.2652142 -0.7512172 -0.6266877 -0.02374792 -0.7789085 -0.1671211 0.9325231 -0.3201114 -0.1014854 0.9325382 -0.346516 -0.1014809 0.9325413 -0.3465088 -0.1014306 0.9325767 -0.3464284 -0.1623091 0.816348 -0.5542851 -0.05102068 0.8163822 -0.575254 -0.05102157 0.8163797 -0.5752573 -0.05103218 0.8163521 -0.5752957 -0.06703591 0.6513575 -0.755804 0.08167195 0.6513013 -0.7544112 0.08167177 0.6513014 -0.7544112 0.08166956 0.6513018 -0.7544111 0.09622168 0.4483153 -0.8886815 0.2677665 0.4482785 -0.8528468 0.2677664 0.4482765 -0.8528478 0.2677657 0.4482543 -0.8528597 0.2923303 0.2182109 -0.9310892 0.4683398 0.2181997 -0.8561816 0.4683409 0.2182111 -0.8561781 0.4683539 0.21834 -0.856138 0.4797765 -0.02415978 -0.8770581 0.6416618 -0.0241791 -0.7666065 0.6416635 -0.02416896 -0.7666054 0.6416822 -0.02405577 -0.7665934 -0.1014255 0.9325802 -0.3464203 -0.03189361 0.9325821 -0.3595463 -0.03189468 0.9325793 -0.3595534 -0.0319069 0.9325487 -0.3596318 -0.05103325 0.8163493 -0.5752994 0.06216979 0.8163359 -0.5742218 0.0621699 0.8163405 -0.5742153 0.06217104 0.816392 -0.5741419 0.08166939 0.6513019 -0.7544111 0.2272876 0.6513174 -0.7239655 0.2272876 0.6513291 -0.723955 0.2272878 0.6514624 -0.7238349 0.2677656 0.4482522 -0.8528608 0.4290046 0.4482474 -0.7842382 0.4290054 0.4482453 -0.7842389 0.4290147 0.4482219 -0.7842471 0.4683551 0.2183517 -0.8561344 0.6263549 0.2183542 -0.7483322 0.6263571 0.2183567 -0.7483296 0.626382 0.2183846 -0.7483006 0.6416839 -0.0240457 -0.7665923 0.7788668 -0.02404654 -0.6267284 0.7788706 -0.0240426 -0.6267237 0.7789143 -0.02399808 -0.6266711 -0.03190815 0.9325456 -0.3596398 0.03887313 0.9325789 -0.3588669 0.03887289 0.9325765 -0.3588733 0.03887027 0.9325494 -0.3589439 0.06217116 0.8163971 -0.5741348 0.1729875 0.8164198 -0.5509394 0.1729884 0.8164168 -0.5509435 0.1729988 0.8163833 -0.5509898 0.2272878 0.6514752 -0.7238235 0.3641112 0.6514438 -0.6656155 0.3641136 0.6514351 -0.6656228 0.3641406 0.6513358 -0.6657052 0.4290156 0.4482197 -0.7842479 0.5737701 0.4481946 -0.6854995 0.5737705 0.4481946 -0.6854991 0.5737763 0.4481948 -0.6854942 0.6263842 0.2183871 -0.748298 0.7603119 0.2184283 -0.6117312 0.7603139 0.2184288 -0.6117284 0.7603374 0.2184351 -0.611697 0.7789183 -0.02399414 -0.6266664 0.8862017 -0.02398169 -0.4626787 0.8862015 -0.02398258 -0.462679 0.8861994 -0.02399253 -0.4626823 0.03887003 0.9325467 -0.3589511 0.1081485 0.9325644 -0.3444237 0.1081488 0.9325612 -0.3444324 0.1081514 0.932525 -0.3445292 0.1729998 0.8163801 -0.5509944 0.277149 0.8163546 -0.5067088 0.277149 0.8163576 -0.5067039 0.2771492 0.8163918 -0.5066486 0.3641431 0.6513263 -0.665713 0.4870408 0.6513335 -0.5818557 0.4870415 0.6513345 -0.5818539 0.4870501 0.6513466 -0.5818331 0.5737768 0.4481948 -0.6854937 0.6964821 0.4481762 -0.5604026 0.6964868 0.4481688 -0.5604025 0.696541 0.4480851 -0.5604022 0.7603395 0.2184356 -0.6116941 0.8650434 0.2183852 -0.4516724 0.8650462 0.2183721 -0.4516733 0.8650785 0.2182236 -0.4516832 0.8861994 -0.02399343 -0.4626826 0.9594331 -0.02404683 -0.2809094 0.9594323 -0.02404338 -0.280912 0.9594249 -0.02400463 -0.2809408 0.1081516 0.9325214 -0.3445391 0.1732888 0.9325487 -0.3167396 0.1732861 0.9325495 -0.3167384 0.1732563 0.9325594 -0.3167257 0.2771492 0.8163951 -0.5066432 0.370675 0.8164081 -0.4428068 0.3706733 0.8164089 -0.4428067 0.3706544 0.8164188 -0.4428043 0.4870509 0.6513478 -0.5818312 0.5911891 0.6513136 -0.4756954 0.5911871 0.6513178 -0.475692 0.5911651 0.6513663 -0.4756532 0.696546 0.4480774 -0.5604021 0.7924669 0.4480811 -0.4137869 0.7924629 0.4480937 -0.4137809 0.7924171 0.4482374 -0.413713 0.8650816 0.2182102 -0.4516841 0.9365739 0.2182407 -0.2742269 0.9365717 0.2182519 -0.2742253 0.9365475 0.2183789 -0.274207 0.9594241 -0.02400118 -0.2809433 0.9958035 -0.02394813 -0.08832949 0.9958028 -0.02396553 -0.08833217 0.9957953 -0.02416026 -0.08836263 0.1732533 0.9325605 -0.3167244 0.2317278 0.9325652 -0.2768112 0.2317299 0.9325616 -0.2768213 0.2317533 0.9325224 -0.2769343 0.3706525 0.8164198 -0.442804 0.4499082 0.8164283 -0.3619773 0.4499082 0.8164269 -0.3619804 0.4499079 0.8164117 -0.362015 0.5911629 0.6513709 -0.4756495 0.6726008 0.6513833 -0.3511525 0.6725999 0.6513837 -0.3511534 0.6725906 0.6513881 -0.3511629 0.7924129 0.4482508 -0.4137068 0.8579185 0.4482022 -0.2511789 0.8579222 0.4481942 -0.2511802 0.8579657 0.4481024 -0.2511955 0.9365453 0.2183904 -0.2742053 0.9720645 0.2182929 -0.08624893 0.9720613 0.218308 -0.08624714 0.9720245 0.2184793 -0.08622717 0.9957947 -0.02417761 -0.08836531 0.9938991 -0.02417927 0.107611 0.9938991 -0.02417808 0.1076111 0.9938992 -0.02416455 0.1076124 0.2317557 0.9325183 -0.2769457 0.2813327 0.9325379 -0.2263296 0.2813323 0.9325377 -0.2263308 0.2813277 0.9325358 -0.2263445 0.449908 0.8164103 -0.3620184 0.511877 0.81641 -0.267314 0.5118861 0.8164044 -0.2673138 0.5119881 0.8163412 -0.267311 0.6725898 0.6513885 -0.3511638 0.7281394 0.6514132 -0.2132465 0.7281405 0.6514133 -0.2132424 0.7281533 0.6514142 -0.2131959 0.8579697 0.448094 -0.2511969 0.8904513 0.4481691 -0.07900083 0.890454 0.4481636 -0.07900118 0.8904852 0.4481009 -0.07900512 0.9720212 0.2184948 -0.08622539 0.9701628 0.2185168 0.1050466 0.9701622 0.2185192 0.1050465 0.9701561 0.2185468 0.1050454 0.9938993 -0.02416336 0.1076126 0.9538074 -0.02414572 0.2994471 0.9538074 -0.02411693 0.2994493 0.9538078 -0.02379351 0.2994742 0.2813273 0.9325356 -0.2263459 0.3200645 0.9325351 -0.167144 0.3200616 0.9325372 -0.1671375 0.3200299 0.9325608 -0.1670664 0.5119981 0.8163352 -0.2673107 0.5542879 0.8163452 -0.1623134 0.5542853 0.8163475 -0.16231 0.5542555 0.8163753 -0.1622717 0.7281545 0.6514142 -0.2131915 0.7557892 0.6513726 -0.067056 0.7557857 0.6513769 -0.06705462 0.7557461 0.6514243 -0.06703889 0.8904881 0.4480951 -0.07900547 0.8887874 0.4480999 0.09624642 0.8887887 0.4480976 0.096246 0.8888028 0.4480708 0.09624105 0.9701555 0.2185493 0.1050453 0.9310113 0.2185456 0.2923282 0.9310291 0.2182433 0.2924973 0.931059 0.2183741 0.2923049 0.9538078 -0.02376472 0.2994764 0.3200268 0.9325633 -0.1670592 0.3465064 0.932543 -0.1014747 0.3465062 0.9325432 -0.1014726 0.3465049 0.9325462 -0.1014494 0.5542526 0.8163781 -0.162268 0.5752597 0.8163771 -0.05103635 0.5752648 0.8163735 -0.05103677 0.5753216 0.8163332 -0.05104142 0.7557424 0.6514288 -0.0670374 0.7543148 0.6514121 0.08168017 0.7543122 0.6514151 0.08168011 0.7542831 0.6514489 0.08167946 0.8888041 0.4480683 0.09624058 0.8529423 0.4480835 0.2677887 0.8529406 0.4480873 0.2677878 0.852921 0.4481309 0.2677774 0.9310629 0.2183598 0.292303 0.3465048 0.9325464 -0.1014471 0.3596524 0.9325408 -0.03190481 0.3596506 0.9325415 -0.03190469 0.3596306 0.9325492 -0.03190326 0.5753272 0.8163293 -0.0510419 0.5742215 0.8163354 0.06218057 0.5742187 0.8163374 0.06218117 0.574187 0.816359 0.06218779 0.7542802 0.6514521 0.0816794 0.7238374 0.6514612 0.2272835 0.7238436 0.6514546 0.2272827 0.7239142 0.6513798 0.2272724 0.8529192 0.4481349 0.2677764 0.3596286 0.93255 -0.03190314 0.3589371 0.9325518 0.03887879 0.3589421 0.9325499 0.03887772 0.358998 0.9325289 0.03886586 0.574184 0.8163612 0.06218844 0.5510113 0.816375 0.1729703 0.5510118 0.816374 0.1729725 0.5510182 0.8163645 0.1729971 0.7239208 0.6513726 0.2272714 0.3590036 0.9325267 0.03886467 0.3445447 0.9325188 0.108156 0.344532 0.9325235 0.1081557 0.3443921 0.9325755 0.1081529 0.5510188 0.8163636 0.1729995 0.3443779 0.9325808 0.1081527 0.008824408 0.9923804 -0.1228963 0.009081661 0.9929047 -0.1185652 0.008947134 0.9925909 -0.1211751 0.009168803 0.9930981 -0.1169278 0.03420525 0.9916193 -0.1245841 0.03194081 0.993636 -0.1080152 0.06035846 0.9908728 -0.1205322 0.05192649 0.9940585 -0.09566348 0.08579051 0.9901791 -0.1103874 0.06881684 0.9943668 -0.0806176 0.1089333 0.9895627 -0.09433573 0.08239442 0.9945899 -0.0632618 0.1282162 0.989057 -0.0729863 0.09242755 0.9947419 -0.04411119 0.1422322 0.9887035 -0.04728215 0.09873998 0.9948303 -0.02373611 0.1499339 0.9885178 -0.01877719 0.1012289 0.9948596 -0.002680003 0.1506794 0.9885234 0.01082491 0.09985452 0.9948303 0.01848757 0.1445382 0.9887031 0.03968524 0.09462714 0.9947419 0.03917199 0.1318826 0.9890631 0.06603914 0.08561736 0.9945917 0.05879813 0.1137675 0.989561 0.08846551 0.07299369 0.994368 0.07684022 0.09151273 0.9901811 0.1056733 0.05690908 0.9940625 0.09274333 0.06664055 0.9908798 0.1171168 0.037615 0.9936411 0.1061246 0.04075551 0.9916234 0.1225654 0.01532649 0.9925789 0.1206333 0.01534676 0.9930908 0.1163406 0.01535189 0.9929108 0.1178667 0.01531678 0.992388 0.1221954 0.04489487 0.9325408 0.358263 0.04489499 0.9325397 0.3582656 0.04489487 0.9325407 0.3582632 0.04489499 0.9325396 0.3582658 0.07180327 0.8164014 0.5730034 0.07180422 0.8164156 0.5729832 0.07180333 0.8164027 0.5730016 0.07180428 0.8164168 0.5729816 0.09433937 0.6513276 0.7529094 0.09434878 0.6513745 0.7528678 0.0943402 0.6513316 0.7529057 0.09434956 0.6513782 0.7528643 0.1111502 0.4480805 0.8870567 0.1111634 0.4481555 0.8870171 0.1111513 0.4480869 0.8870534 0.1111644 0.4481616 0.887014 0.1213322 0.2185021 0.9682641 0.1213309 0.2184416 0.9682779 0.1213322 0.218497 0.9682652 0.1213308 0.2184367 0.968279 0.1242964 -0.02407056 0.9919531 0.1242977 -0.02405512 0.9919534 0.1242976 -0.02405637 0.9919534 0.1198893 -0.2651529 0.9567239 0.1198826 -0.2651389 0.9567286 0.1198887 -0.2651517 0.9567242 0.1198821 -0.2651377 0.956729 0.1242963 -0.02407181 0.9919531 0.3154528 -0.02409428 0.9486354 0.315451 -0.02408003 0.9486363 0.3154314 -0.02391993 0.948647 0.3079124 0.2184911 0.9259868 0.3079281 0.218411 0.9260005 0.3079268 0.2184175 0.9259994 0.4826294 0.2184134 0.8481537 0.4826288 0.2184165 0.8481532 0.4826219 0.2184504 0.8481483 0.4421696 0.4481415 0.7769526 0.4421254 0.448131 0.7769837 0.442129 0.4481319 0.7769812 0.5852357 0.4481515 0.6757658 0.5852357 0.4481495 0.6757672 0.5852344 0.4481282 0.6757825 0.4967295 0.6513529 0.5735846 0.4966984 0.6513653 0.5735974 0.4967008 0.6513643 0.5735964 0.5990829 0.6513935 0.465603 0.5990827 0.651389 0.4656096 0.5990805 0.6513413 0.4656792 0.4559696 0.8163843 0.354413 0.4559489 0.8164014 0.3544002 0.4559506 0.8163999 0.3544012 0.5163211 0.8164043 0.2586441 0.5163232 0.816403 0.2586439 0.5163449 0.8163899 0.2586414 0.3228782 0.9325194 0.161732 0.3228315 0.9325345 0.1617391 0.3228353 0.9325332 0.1617385 0.3481821 0.9325364 0.0956301 0.3481822 0.9325366 0.09562861 0.3481825 0.932538 0.09561365 0.3042126 -0.2651297 0.9149651 0.304212 -0.2651292 0.9149655 0.304205 -0.2651241 0.9149693 0.3042043 -0.2651236 0.9149695 0.4768993 -0.2651628 0.8380071 0.4768973 -0.2651586 0.8380096 0.4768748 -0.2651107 0.8380375 0.4768728 -0.2651063 0.8380401 0.6312416 -0.2651307 0.7288619 0.631237 -0.2651345 0.7288646 0.6311842 -0.265177 0.7288949 0.6311794 -0.2651808 0.7288976 0.761294 -0.2652014 0.5916923 0.7612895 -0.2652016 0.5916981 0.7612378 -0.2652037 0.5917636 0.7612332 -0.2652039 0.5917696 0.8620665 -0.2652232 0.4318543 0.8620681 -0.2652143 0.4318566 0.8620865 -0.2651134 0.4318816 0.8620882 -0.2651042 0.4318839 0.92979 -0.2651135 0.2553537 0.9297901 -0.2651099 0.2553567 0.9297923 -0.2650693 0.255391 0.9297926 -0.2650656 0.2553941 0.9617551 -0.2650595 0.06906986 0.9617522 -0.2650704 0.06906849 0.961719 -0.2651947 0.06905275 0.9617161 -0.2652059 0.06905132 0.9567139 -0.2651919 -0.1198835 0.9567115 -0.2652006 -0.1198824 0.956739 -0.2650955 -0.1198958 0.9567412 -0.265087 -0.119897 0.914964 -0.2650996 -0.3042421 0.9149633 -0.2651005 -0.3042434 0.9149713 -0.2650899 -0.3042286 0.914972 -0.265089 -0.3042273 0.838023 -0.2651015 -0.4769055 0.8380221 -0.2650983 -0.4769088 0.8380326 -0.2651367 -0.4768691 0.8380334 -0.2651398 -0.4768658 0.7288979 -0.2651256 -0.6312022 0.7288962 -0.2651304 -0.6312022 0.7289167 -0.2650743 -0.6312022 0.7289183 -0.2650698 -0.6312022 0.591709 -0.2650641 -0.7613289 0.5917055 -0.2650617 -0.7613325 0.5917482 -0.2650894 -0.7612896 0.5917516 -0.2650916 -0.761286 0.4318454 -0.2650938 -0.8621107 0.4318438 -0.2650874 -0.8621135 0.4318628 -0.2651648 -0.8620802 0.4318643 -0.2651711 -0.8620775 0.2553285 -0.2651476 -0.9297871 0.2553262 -0.265141 -0.9297897 0.2553544 -0.2652207 -0.9297592 0.2553566 -0.2652271 -0.9297568 0.06906688 -0.2652074 -0.9617145 0.06906718 -0.2652072 -0.9617146 0.06906402 -0.2652086 -0.9617144 0.06906372 -0.2652086 -0.9617144 0.07161051 -0.02400898 -0.9971438 0.07160711 -0.02399003 -0.9971444 0.07161021 -0.02400743 -0.9971438 0.07160687 -0.02398848 -0.9971444 0.06989359 0.218464 -0.9733388 0.0699017 0.2184312 -0.9733456 0.06989425 0.2184613 -0.9733393 0.06990242 0.2184285 -0.9733462 0.06404054 0.4481133 -0.8916801 0.06402903 0.448134 -0.8916705 0.06403964 0.4481149 -0.8916793 0.06402808 0.4481358 -0.8916697 0.0543456 0.6514023 -0.7567838 0.05435353 0.6513445 -0.7568329 0.0543462 0.6513977 -0.7567878 0.05435419 0.6513395 -0.7568372 0.04136866 0.8163855 -0.576024 0.04136729 0.8163622 -0.5760571 0.04136854 0.8163835 -0.5760267 0.04136711 0.8163601 -0.5760601 0.02586394 0.9325451 -0.3601263 0.02586287 0.9325566 -0.3600961 0.02586388 0.932546 -0.3601238 0.02586275 0.9325577 -0.3600934 0.09562343 0.9325515 -0.3481435 0.09562355 0.9325496 -0.3481485 0.09562498 0.9325285 -0.3482049 0.0956251 0.9325263 -0.3482105 0.1617273 0.9325464 -0.3228028 0.161727 0.9325461 -0.3228034 0.161724 0.9325439 -0.3228113 0.1617237 0.9325438 -0.3228121 0.2215922 0.9325145 -0.2851555 0.2215929 0.9325158 -0.2851507 0.2216 0.9325302 -0.2850983 0.2216007 0.9325316 -0.2850929 0.2729693 0.932532 -0.2363721 0.2729653 0.932533 -0.2363734 0.2729211 0.9325425 -0.2363867 0.2729166 0.9325435 -0.236388 0.3137868 0.9325537 -0.1785543 0.3137903 0.9325523 -0.1785554 0.3138298 0.9325366 -0.178568 0.3138338 0.9325349 -0.1785693 0.342644 0.9325314 -0.1139318 0.3426424 0.932532 -0.1139314 0.3426242 0.9325391 -0.1139277 0.3426223 0.9325398 -0.1139274 0.3582651 0.9325404 -0.04488623 0.3582654 0.9325401 -0.04488784 0.3582692 0.9325378 -0.04490536 0.3582696 0.9325376 -0.04490715 0.3601404 0.9325394 0.02586728 0.3601409 0.9325393 0.0258668 0.3601472 0.932537 0.02586126 0.3601478 0.9325369 0.02586066 0.3481825 0.9325382 0.09561228 0.1529415 0.8164067 -0.5568563 0.1529414 0.816408 -0.5568547 0.1529399 0.8164209 -0.5568361 0.1529398 0.8164221 -0.5568343 0.2586433 0.8164178 -0.5163002 0.2586437 0.8164161 -0.5163027 0.2586485 0.8163966 -0.5163309 0.2586489 0.8163948 -0.5163336 0.3544095 0.8164156 -0.4559162 0.354409 0.8164135 -0.4559203 0.3544037 0.8163903 -0.455966 0.3544031 0.816388 -0.4559705 0.4365442 0.8164061 -0.3780346 0.4365445 0.816403 -0.3780412 0.4365475 0.8163672 -0.3781149 0.4365478 0.8163638 -0.3781222 0.5019321 0.8163805 -0.285635 0.5019268 0.8163855 -0.2856297 0.5018678 0.8164428 -0.2855694 0.501862 0.8164485 -0.2855635 0.5479259 0.8164504 -0.1821708 0.5479354 0.8164425 -0.1821775 0.5480436 0.8163529 -0.1822534 0.5480542 0.8163442 -0.1822608 0.57308 0.8163459 -0.07182425 0.5730775 0.8163478 -0.07182198 0.5730497 0.8163697 -0.07179695 0.5730469 0.8163718 -0.07179445 0.576049 0.8163679 0.04136443 0.5760467 0.8163695 0.04136514 0.57602 0.8163879 0.04137349 0.5760174 0.8163897 0.04137426 0.5568798 0.8163892 0.1529498 0.5568805 0.8163887 0.1529498 0.5568885 0.8163834 0.1529494 0.5568893 0.8163828 0.1529493 0.5163469 0.8163888 0.2586413 0.2009497 0.6513687 -0.731668 0.2009502 0.6513637 -0.7316723 0.2009565 0.6513069 -0.7317212 0.2009571 0.6513015 -0.7317258 0.339849 0.651309 -0.6784537 0.3398464 0.6513154 -0.6784487 0.3398166 0.6513889 -0.6783931 0.3398138 0.6513959 -0.6783878 0.4656032 0.6514002 -0.5990755 0.4656059 0.651402 -0.5990716 0.4656358 0.651422 -0.5990265 0.4656387 0.6514239 -0.5990222 0.5735455 0.6513965 -0.4967174 0.5735481 0.6513925 -0.4967197 0.5735786 0.6513464 -0.4967449 0.5735815 0.651342 -0.4967474 0.6594715 0.6513329 -0.3753172 0.6594753 0.6513313 -0.3753133 0.6595184 0.6513133 -0.3752688 0.6595225 0.6513116 -0.3752645 0.7200608 0.6512935 -0.2394354 0.720058 0.6512981 -0.2394315 0.7200255 0.6513507 -0.2393857 0.7200224 0.6513557 -0.2393813 0.7528831 0.6513541 -0.09436607 0.7528815 0.6513563 -0.09436368 0.7528632 0.6513814 -0.09433639 0.7528614 0.6513838 -0.09433382 0.7568017 0.6513807 0.05435526 0.7568032 0.6513792 0.05435484 0.7568181 0.6513621 0.05435001 0.7568195 0.6513604 0.0543496 0.7316759 0.651362 0.2009429 0.7316805 0.6513565 0.2009439 0.7317333 0.6512935 0.2009559 0.7317383 0.6512875 0.2009571 0.6784705 0.6512894 0.3398528 0.678467 0.6512936 0.3398517 0.6784273 0.6513415 0.3398391 0.6784236 0.6513461 0.3398379 0.5990804 0.6513372 0.4656853 0.2367691 0.448094 -0.8620628 0.2367697 0.448098 -0.8620605 0.2367759 0.4481444 -0.8620347 0.2367765 0.4481486 -0.8620323 0.4003869 0.4481235 -0.799297 0.4003882 0.4481216 -0.7992975 0.4004028 0.4480994 -0.7993026 0.4004042 0.4480974 -0.7993031 0.548636 0.4480735 -0.7058532 0.5486363 0.4480691 -0.7058558 0.5486395 0.4480187 -0.7058852 0.5486398 0.4480141 -0.705888 0.6758266 0.4480075 -0.5852758 0.6758245 0.4480114 -0.5852752 0.6758014 0.4480556 -0.585268 0.6757993 0.4480597 -0.5852674 0.7769997 0.44805 -0.4421795 0.7769941 0.4480655 -0.4421736 0.7769303 0.4482426 -0.4421064 0.7769244 0.448259 -0.4421001 0.8482478 0.4482625 -0.2820222 0.8482477 0.4482614 -0.2820243 0.8482464 0.4482488 -0.2820484 0.8482462 0.4482476 -0.2820506 0.8869756 0.4482421 -0.1111465 0.8869813 0.4482302 -0.1111477 0.8870478 0.4480951 -0.1111624 0.887054 0.4480826 -0.1111637 0.891694 0.4480887 0.06401771 0.8916877 0.4481015 0.06401836 0.891614 0.4482469 0.0640257 0.8916072 0.4482604 0.06402641 0.8620008 0.4482383 0.2367213 0.8619962 0.4482461 0.2367239 0.8619427 0.4483335 0.2367532 0.8619377 0.4483416 0.2367559 0.7991942 0.4483316 0.4003593 0.7992007 0.448318 0.4003617 0.7992751 0.4481618 0.400388 0.7992819 0.4481473 0.4003904 0.705792 0.4481382 0.5486618 0.7057959 0.4481381 0.5486571 0.7058396 0.4481363 0.5486023 0.7058436 0.4481361 0.5485972 0.5852343 0.4481263 0.6757838 0.2647696 -0.02400541 -0.9640129 0.2647567 -0.02402305 -0.964016 0.2647578 -0.02402162 -0.9640158 0.2584566 0.2185125 -0.940985 0.2584553 0.2185101 -0.9409857 0.2584411 0.2184831 -0.9409959 0.2584398 0.2184807 -0.9409969 0.4370614 0.2184797 -0.872493 0.4370617 0.2184738 -0.8724944 0.4370643 0.2184063 -0.8725099 0.4370645 0.2184002 -0.8725114 0.5988652 0.2183957 -0.7704958 0.598864 0.218406 -0.7704938 0.598851 0.2185229 -0.7704707 0.5988498 0.2185335 -0.7704687 0.7376686 0.2185639 -0.6388074 0.7376701 0.2185605 -0.6388069 0.7376868 0.2185222 -0.6388006 0.7376883 0.2185187 -0.6388001 0.8481422 0.2185156 -0.482603 0.8481433 0.2184978 -0.4826093 0.8481554 0.2182958 -0.4826797 0.8481565 0.2182775 -0.482686 0.9260287 0.2182714 -0.3079423 0.9260268 0.2182839 -0.3079391 0.9260055 0.2184262 -0.3079025 0.9260035 0.2184391 -0.3078991 0.968277 0.2184387 -0.1213438 0.9682751 0.218448 -0.121342 0.968254 0.2185536 -0.1213209 0.9682521 0.2185631 -0.121319 0.9733201 0.2185477 0.06989306 0.9733226 0.2185367 0.06989234 0.9733512 0.2184117 0.06988453 0.9733538 0.2184004 0.06988382 0.9410117 0.2184068 0.2584483 0.9410467 0.2180904 0.258588 0.9410437 0.218252 0.2584623 0.9410464 0.2182391 0.2584635 0.8725352 0.218256 0.437089 0.8725335 0.2182692 0.437086 0.8725135 0.2184191 0.4370508 0.8725118 0.2184326 0.4370476 0.7704534 0.2184293 0.5989075 0.7704547 0.2184289 0.598906 0.7704691 0.2184237 0.5988895 0.7704704 0.2184233 0.598888 0.6388514 0.2184264 0.7376713 0.6388498 0.2184296 0.7376717 0.638832 0.2184662 0.7376762 0.6388304 0.2184696 0.7376767 0.4826214 0.2184534 0.8481479 0.4477561 -0.02399432 -0.8938338 0.4477618 -0.02399075 -0.893831 0.4477613 -0.02399104 -0.8938312 0.2647707 -0.02400398 -0.9640126 0.4477556 -0.02399462 -0.8938341 0.6135103 -0.02404588 -0.7893205 0.6135349 -0.02399331 -0.789303 0.6135329 -0.0239976 -0.7893044 0.6135083 -0.02405017 -0.789322 0.7557048 -0.02410304 -0.6544688 0.7557291 -0.02404892 -0.6544427 0.7557271 -0.02405333 -0.6544448 0.7557028 -0.02410745 -0.6544709 0.8688874 -0.02405017 -0.4944252 0.868871 -0.0240997 -0.4944517 0.8688723 -0.02409565 -0.4944496 0.8688888 -0.02404612 -0.494423 0.9486411 -0.02408802 -0.3154361 0.9486422 -0.0240488 -0.3154358 0.9486421 -0.02405202 -0.3154358 0.948641 -0.02409124 -0.3154361 0.9919532 -0.02405464 -0.1242992 0.9919496 -0.02410954 -0.1243175 0.9919499 -0.02410507 -0.124316 0.9919535 -0.02405017 -0.1242977 0.9971411 -0.02412629 0.07160675 0.9971423 -0.02405154 0.07161575 0.9971422 -0.02405762 0.07161504 0.9971411 -0.02413237 0.07160598 0.9640072 -0.02397197 0.2647933 0.9640141 -0.02412754 0.2647542 0.9640136 -0.02411478 0.2647575 0.9640067 -0.02395927 0.2647966 0.8938415 -0.02402085 0.4477394 0.8938397 -0.02396506 0.447746 0.8938397 -0.02396965 0.4477455 0.8938416 -0.02402544 0.4477388 0.3228825 0.932518 0.1617313 0.2851191 0.9325219 0.2216076 0.2851138 0.9325249 0.2216023 0.2850555 0.9325569 0.2215425 0.4559714 0.8163827 0.3544142 0.3780699 0.8163894 0.4365452 0.3780675 0.8163912 0.4365437 0.378041 0.8164121 0.4365276 0.4967322 0.6513518 0.5735836 0.375262 0.6513348 0.659501 0.3752652 0.6513338 0.6595 0.3753014 0.6513239 0.6594893 0.4421734 0.4481424 0.77695 0.282069 0.4481232 0.8483058 0.2820698 0.4481245 0.8483049 0.2820782 0.4481388 0.8482945 0.307911 0.2184978 0.9259858 0.7893086 -0.02395379 0.6135293 0.7893282 -0.02403682 0.6135009 0.7893265 -0.02403002 0.6135032 0.7893069 -0.023947 0.6135317 0.2850496 0.9325602 0.2215365 0.2363504 0.932552 0.27292 0.2363536 0.9325503 0.272923 0.2363892 0.9325312 0.2729572 0.3780384 0.8164142 0.436526 0.2856195 0.8164034 0.5019034 0.2856196 0.8164026 0.5019049 0.2856196 0.8163918 0.5019225 0.3753048 0.651323 0.6594882 0.2394132 0.6512825 0.7200782 0.2394129 0.6512867 0.7200744 0.2394102 0.6513353 0.7200314 0.2820789 0.4481401 0.8482936 0.654469 -0.02402126 0.7557073 0.6544464 -0.02396541 0.7557286 0.6544482 -0.02396994 0.7557268 0.6544708 -0.02402579 0.7557054 0.2363929 0.9325294 0.2729607 0.1785938 0.9325376 0.313812 0.1785926 0.932537 0.3138147 0.17858 0.9325292 0.313845 0.2856196 0.8163907 0.5019242 0.1822171 0.8164002 0.5479851 0.1822162 0.8164017 0.5479831 0.1822063 0.8164193 0.5479603 0.2394099 0.65134 0.7200273 0.4944298 -0.02390772 0.8688887 0.4944596 -0.02403575 0.8688684 0.4944571 -0.02402526 0.86887 0.4944274 -0.02389729 0.8688904 0.1785787 0.9325283 0.313848 0.113924 0.9325112 0.3427014 0.1139245 0.9325146 0.3426918 0.1139301 0.9325529 0.3425859 0.1822054 0.816421 0.5479581 0.1139307 0.9325567 0.3425751 0.3154296 -0.02390569 0.9486479 0.01372075 0.9912997 -0.1309077 0.01372069 0.9912993 -0.1309102 0.01372033 0.991297 -0.1309282 0.01372027 0.9912966 -0.1309312 0.04714006 0.9912938 -0.1229407 0.04714018 0.991294 -0.1229399 0.04714107 0.9912946 -0.1229339 0.04714119 0.9912948 -0.122933 0.07735329 0.9912981 -0.1065114 0.07735246 0.9912986 -0.1065081 0.07734638 0.9913016 -0.1064839 0.07734543 0.9913021 -0.10648 0.1022719 0.991301 -0.0828427 0.1022735 0.9913005 -0.0828464 0.1022848 0.9912971 -0.08287334 0.1022866 0.9912965 -0.08287769 0.120257 0.9912955 -0.05358719 0.1202585 0.9912953 -0.05358839 0.1202692 0.9912934 -0.05359691 0.120271 0.9912932 -0.05359828 0.1300461 0.9912931 -0.02064037 0.1300431 0.9912935 -0.02063894 0.1300212 0.9912966 -0.02062827 0.1300177 0.9912971 -0.0206266 0.1309295 0.9912967 0.01372438 0.1309301 0.9912967 0.0137245 0.1309348 0.9912961 0.01372504 0.1309355 0.991296 0.01372516 0.1229197 0.9912975 0.04711705 0.1229212 0.9912976 0.04711216 0.1229104 0.9912973 0.04714709 0.1229091 0.9912972 0.0471512 0.1065264 0.9912962 0.07735705 0.106525 0.9912961 0.07735937 0.106535 0.9912964 0.07734298 0.1065361 0.9912964 0.07734102 0.08288365 0.991294 0.1023071 0.08288472 0.9912934 0.1023112 0.08287698 0.9912971 0.1022819 0.08287608 0.9912976 0.1022785 0.05357861 0.9913001 0.1202228 0.05357849 0.9913008 0.120217 0.05357939 0.9912957 0.1202584 0.05357944 0.9912952 0.1202633 0.02063423 0.9912981 0.1300091 0.02063423 0.9912986 0.1300054 0.02063405 0.9912952 0.1300317 0.02063399 0.9912947 0.1300348 0.06040817 0.9227361 0.3806691 0.06040877 0.9227448 0.3806478 0.06040823 0.9227373 0.3806663 0.06040889 0.9227459 0.3806454 0.09591889 0.7908698 0.6044207 0.0959177 0.7908677 0.6044238 0.09591871 0.7908697 0.6044211 0.09591758 0.7908674 0.6044242 0.1247572 0.6054303 0.7860597 0.1247481 0.6053802 0.7860999 0.1247562 0.6054243 0.7860645 0.124747 0.6053747 0.7861041 0.1449932 0.3799275 0.913582 0.1449905 0.379941 0.9135768 0.1449929 0.3799291 0.9135814 0.1449902 0.3799425 0.9135763 0.1539896 0.1866386 0.9702852 0.1455352 0.1295385 0.980836 0.3781462 0.07634007 0.9225929 0.3958346 0.2328153 0.8883197 0.3765015 0.3799061 0.8449367 0.3764986 0.3798744 0.8449523 0.3764989 0.3798778 0.8449506 0.5823675 0.3798525 0.7187213 0.5823645 0.3798607 0.7187193 0.5823418 0.3799241 0.7187042 0.5010334 0.6054907 0.6183419 0.5011003 0.6053819 0.6183941 0.501093 0.6053939 0.6183884 0.6440662 0.6053705 0.4676594 0.6440703 0.6053702 0.4676542 0.6441 0.6053682 0.4676159 0.4951354 0.790934 0.3595336 0.4952152 0.790889 0.3595229 0.4952062 0.7908939 0.359524 0.5713881 0.7908825 0.2191361 0.5713884 0.7908833 0.2191327 0.5713908 0.7908882 0.2191082 0.3598621 0.922742 0.1380094 0.3599076 0.9227231 0.1380168 0.3599023 0.9227253 0.1380159 0.3833683 0.9227214 0.04017478 0.3833654 0.9227226 0.04017597 0.3833464 0.9227302 0.0401836 0.58935 0.03204423 0.8072422 0.6064174 0.2687085 0.7483674 0.5823391 0.3799319 0.7187024 0.7485173 0.3799161 0.543494 0.7485204 0.3799125 0.5434921 0.7485446 0.3798857 0.5434777 0.6441037 0.605368 0.4676111 0.7431894 0.6053441 0.2850055 0.7431843 0.6053518 0.2850024 0.7431469 0.6054082 0.2849802 0.5713911 0.7908889 0.2191052 0.6086183 0.790894 0.06380009 0.6086268 0.7908877 0.06379908 0.6086859 0.7908427 0.06379187 0.3833439 0.9227311 0.04018461 0.3806832 0.9227296 -0.0604211 0.3806809 0.9227304 -0.06042051 0.3806659 0.9227369 -0.06041699 0.7658008 -0.001756489 0.6430755 0.7657982 -0.00143814 0.6430795 0.7658066 -0.00249952 0.6430661 0.7731513 0.2951743 0.5613459 0.7485475 0.3798823 0.5434759 0.8636946 0.3798781 0.3312467 0.8636934 0.3798832 0.3312438 0.8636851 0.3799221 0.3312212 0.7431423 0.6054151 0.2849774 0.7915849 0.6054013 0.08296251 0.7915789 0.6054091 0.08296209 0.7915357 0.6054661 0.08295905 0.6086933 0.7908372 0.06379091 0.6044622 0.7908347 -0.09594756 0.604458 0.7908382 -0.09594529 0.6044291 0.7908622 -0.09592944 0.3806639 0.9227377 -0.06041651 0.3520655 0.9227309 -0.1569008 0.3520607 0.922734 -0.156893 0.3520289 0.9227548 -0.1568413 0.8971303 -0.02689945 0.4409466 0.8869717 0.31236 0.3401655 0.8636839 0.3799268 0.3312185 0.9199808 0.3799162 0.0964322 0.9199835 0.37991 0.09643071 0.9200043 0.3798626 0.09641927 0.7915304 0.6054731 0.08295869 0.7860324 0.6054686 -0.1247438 0.7860286 0.6054736 -0.1247426 0.7860016 0.6055105 -0.1247342 0.6044254 0.7908653 -0.09592747 0.5590049 0.7908672 -0.2490841 0.5590107 0.7908627 -0.249085 0.5590511 0.7908321 -0.2490916 0.3520248 0.9227575 -0.1568346 0.2994326 0.9227443 -0.2426586 0.2994382 0.9227421 -0.2426598 0.2994747 0.9227284 -0.2426671 0.9760946 -0.04171347 0.213306 0.9420121 0.3207259 0.09873312 0.9200068 0.3798568 0.0964179 0.91361 0.3798651 -0.1449805 0.9136081 0.3798704 -0.144979 0.9135931 0.3799108 -0.1449676 0.7859982 0.6055151 -0.1247331 0.7269317 0.605509 -0.3239278 0.7269424 0.605494 -0.3239319 0.7270209 0.6053835 -0.3239622 0.5590562 0.7908283 -0.2490925 0.4755133 0.7908239 -0.3853372 0.4755082 0.7908325 -0.3853259 0.4754726 0.7908924 -0.3852469 0.2994795 0.9227266 -0.242668 0.2264687 0.9227349 -0.3118852 0.2264688 0.9227336 -0.3118888 0.2264693 0.9227255 -0.3119124 0.9985558 -0.04676002 -0.02645486 0.9354918 0.3206526 -0.1484487 0.9135912 0.3799157 -0.1449662 0.8449287 0.3798989 -0.3765265 0.8449248 0.3799132 -0.3765214 0.8448937 0.380022 -0.376481 0.7270305 0.6053699 -0.323966 0.6184188 0.6053676 -0.5010871 0.6184158 0.6053745 -0.5010825 0.6183944 0.6054247 -0.5010483 0.4754682 0.7908999 -0.3852369 0.3595367 0.7908623 -0.4952478 0.3595371 0.7908654 -0.4952424 0.3595403 0.7908871 -0.4952057 0.2264694 0.9227245 -0.3119155 0.1380311 0.9227309 -0.3598824 0.138031 0.9227293 -0.3598863 0.1380297 0.9227196 -0.3599116 0.9634187 -0.04193204 -0.2647004 0.8677737 0.3121685 -0.3866778 0.8448899 0.3800353 -0.3764761 0.7186675 0.3800333 -0.5823159 0.7186709 0.3800234 -0.5823182 0.7186966 0.379948 -0.5823356 0.6183917 0.6054309 -0.501044 0.46762 0.6054424 -0.6440273 0.4676213 0.6054354 -0.6440329 0.4676304 0.6053845 -0.6440741 0.3595407 0.7908897 -0.495201 0.2191424 0.790924 -0.5713282 0.2191415 0.7909171 -0.5713381 0.219135 0.7908692 -0.5714069 0.1380295 0.9227184 -0.359915 0.04017323 0.9227312 -0.383345 0.04017341 0.9227316 -0.3833438 0.04017436 0.922735 -0.3833358 0.8725312 -0.02710831 -0.4878059 0.7423683 0.2950219 -0.6015409 0.7186998 0.3799388 -0.5823377 0.5434596 0.3799186 -0.748541 0.5434574 0.3799278 -0.748538 0.5434403 0.3799979 -0.7485147 0.4676315 0.6053783 -0.6440792 0.2850179 0.605409 -0.7431317 0.2850155 0.6054077 -0.7431337 0.2849984 0.6053976 -0.7431485 0.2191342 0.7908632 -0.5714156 0.06378471 0.7908987 -0.6086139 0.06378453 0.7908972 -0.6086158 0.0637831 0.7908874 -0.6086287 0.04017454 0.9227354 -0.3833347 0.730689 -0.00143218 -0.682709 0.7306904 -0.001695573 -0.6827068 0.7306922 -0.002452313 -0.6827028 0.5659108 0.2687984 -0.7794181 0.5434383 0.3800064 -0.7485119 0.331243 0.3800026 -0.8636413 0.331241 0.3799888 -0.863648 0.3312265 0.3798834 -0.8637 0.2849962 0.6053963 -0.7431504 0.08294904 0.6054289 -0.7915651 0.08294826 0.6054301 -0.7915643 0.08295512 0.6054196 -0.7915716 0.08295595 0.6054184 -0.7915725 0.5458105 0.0321775 -0.8372906 0.3482227 0.232896 -0.9080201 0.3312247 0.3798704 -0.8637064 0.09641122 0.3798603 -0.9200061 0.096412 0.379856 -0.9200078 0.09640496 0.3798951 -0.9199923 0.09640413 0.3798997 -0.9199905 0.3287457 0.07633835 -0.9413282 0.1023985 0.1866121 -0.9770826 0.09340697 0.1295813 -0.9871595 0.06378293 0.7908862 -0.6086304 0.359856 0.9227445 0.1380085 0.3118696 0.9227461 0.2264446 0.3118757 0.9227434 0.2264471 0.3119222 0.9227229 0.2264661 0.3119293 0.9227198 0.226469 0.2426826 0.9227243 0.2994745 0.2426807 0.9227254 0.2994725 0.2426662 0.9227343 0.2994571 0.242664 0.9227356 0.2994547 0.1568824 0.922734 0.3520652 0.1568815 0.9227349 0.3520634 0.156874 0.9227414 0.3520495 0.1568728 0.9227424 0.3520474 0.4951252 0.7909397 0.3595349 0.3852178 0.7909315 0.475431 0.3852255 0.7909219 0.4754408 0.3852874 0.7908453 0.4755181 0.5010252 0.6055039 0.6183356 0.3239105 0.6054361 0.7270001 0.3239149 0.6054363 0.726998 0.3239502 0.6054385 0.7269805 0.3765019 0.3799098 0.8449348 0.3852962 0.7908343 0.4755292 0.2490972 0.79087 0.558995 0.2490963 0.7908676 0.5589989 0.2490904 0.7908501 0.5590261 0.2490897 0.7908479 0.5590295 0.323955 0.6054388 0.7269781 -0.7769641 0 0.6295449 -0.7769641 0 0.6295449 -0.776964 0 0.629545 -0.776964 0 0.629545 -0.5875174 0 0.8092116 -0.3580939 0 0.9336856 -0.3580946 0 0.9336853 -0.3580958 0 0.933685 -0.3580965 0 0.9336847 -0.1042241 0 0.9945539 -0.1042241 0 0.9945539 -0.105192 -0.4619457 -0.8806481 -0.1078744 -0.4598696 -0.8814097 -0.1054329 -0.461757 -0.8807181 -0.1105334 -0.4578053 -0.8821547 -0.2645838 -0.4659919 -0.8443028 -0.2810844 -0.4543239 -0.8453292 -0.41435 -0.4694707 -0.7796867 -0.4413531 -0.4513131 -0.7755797 -0.549594 -0.4723909 -0.6890525 -0.5850038 -0.4488028 -0.6755343 -0.6658809 -0.4747803 -0.5754879 -0.706364 -0.4467819 -0.5490317 -0.7594196 -0.4766169 -0.4428526 -0.8005715 -0.4452536 -0.401042 -0.8271972 -0.4779407 -0.2954958 -0.8639076 -0.4442607 -0.2372682 -0.8669769 -0.4787397 -0.1384175 -0.8938517 -0.4437457 -0.06417876 -0.8775102 -0.4789943 0.02324837 -0.8891971 -0.4437538 0.111406 -0.8584253 -0.4787528 0.184125 -0.8501245 -0.4442744 0.2826813 -0.8103742 -0.4779615 0.3388901 -0.7782034 -0.4452803 0.4428599 -0.7349112 -0.4766319 0.4824185 -0.6762931 -0.4467899 0.5856676 -0.6344777 -0.4747782 0.6099375 -0.5484254 -0.4488059 0.7055515 -0.5123469 -0.472387 0.7171829 -0.399663 -0.45131 0.7978652 -0.3724895 -0.4694592 0.8005371 -0.2359343 -0.4543161 0.8590296 -0.2195119 -0.4659815 0.8571324 -0.06106042 -0.4598633 0.8858879 -0.05864101 -0.4617971 0.8850451 -0.06368029 -0.457793 0.8867753 -0.05841803 -0.4619452 0.8849824 -0.0520581 -0.6126481 0.7886395 -0.0520603 -0.6126488 0.7886388 -0.05206102 -0.612649 0.7886386 -0.0520634 -0.6126498 0.7886379 -0.1960837 -0.612649 0.7656452 -0.1960825 -0.612648 0.7656462 -0.1960821 -0.6126478 0.7656466 -0.1960807 -0.6126468 0.7656477 -0.3334289 -0.6126434 0.7165845 -0.3334324 -0.612648 0.7165789 -0.3334335 -0.6126495 0.7165771 -0.3334373 -0.6126546 0.716571 -0.4594315 -0.6126489 0.643105 -0.4594316 -0.612649 0.6431049 -0.4594317 -0.6126491 0.6431048 -0.4594317 -0.6126493 0.6431046 -0.5697805 -0.6126533 0.5477283 -0.5697755 -0.6126452 0.5477424 -0.569774 -0.6126427 0.547747 -0.5697684 -0.6126338 0.5477625 -0.6607267 -0.6126351 0.4337264 -0.6607278 -0.6126379 0.4337208 -0.6607282 -0.6126387 0.4337189 -0.6607294 -0.6126418 0.4337127 -0.7151773 -0.6137776 0.3343629 -0.6701335 -0.6915257 0.2696542 -0.5846641 -0.7452992 0.3204638 -0.5688862 -0.7926918 0.2191076 -0.4312514 -0.8450441 0.3161057 -0.442 -0.8487938 0.2901466 -0.3990421 -0.8580331 0.3233339 -0.3806858 -0.8492073 0.3659582 -0.3047873 -0.8549216 0.4197784 -0.3030272 -0.8538184 0.4232832 -0.3045462 -0.8547599 0.4202822 -0.3027521 -0.8536624 0.4237945 -0.2223849 -0.8497843 0.4779242 -0.2819345 -0.743911 0.6058955 -0.2819338 -0.7439091 0.6058982 -0.2819358 -0.7439143 0.6058909 -0.2819327 -0.7439064 0.605902 -0.0440216 -0.7439086 0.6668299 -0.04402196 -0.7439107 0.6668276 -0.0440222 -0.7439121 0.666826 -0.04402267 -0.7439145 0.6668233 -0.165794 -0.7439156 0.647381 -0.1657912 -0.7439115 0.6473862 -0.1657894 -0.7439089 0.6473897 -0.1657863 -0.7439043 0.6473958 -0.03455072 -0.8514204 0.5233448 -0.05374354 -0.8568005 0.5128399 -0.1312665 -0.8485434 0.512585 -0.1840318 -0.8578303 0.4798536 -0.7471655 -0.5866146 0.3124531 -0.7888025 -0.5907575 0.1696946 -0.781529 -0.5983152 0.1767238 -0.7810727 -0.5987874 0.1771417 -0.7892009 -0.5903429 0.1692851 -0.803784 -0.5945399 0.02130079 -0.8037851 -0.5945384 0.02129948 -0.803785 -0.5945388 0.02129971 -0.803786 -0.5945371 0.0212984 -0.7970597 -0.5903403 -0.1272561 -0.7967134 -0.5907177 -0.1276727 -0.7897966 -0.5983043 -0.135105 -0.7893566 -0.5987883 -0.1355313 -0.7626632 -0.5866191 -0.2724387 -0.7318632 -0.6137909 -0.2960357 -0.6834539 -0.6915464 -0.2337827 -0.6008151 -0.7453044 -0.2890375 -0.5797024 -0.7926725 -0.1887205 -0.4473777 -0.8450293 -0.2928802 -0.45675 -0.8487907 -0.266334 -0.415602 -0.8580282 -0.3017659 -0.3995359 -0.8492043 -0.3452873 -0.3263663 -0.8547593 -0.4035736 -0.3250185 -0.8538159 -0.4066469 -0.3265904 -0.854923 -0.4030453 -0.3247634 -0.8536562 -0.4071853 -0.2473768 -0.8497838 -0.4654807 -0.3136173 -0.7439113 -0.5901188 -0.3136193 -0.7439103 -0.590119 -0.313614 -0.7439131 -0.5901184 -0.1998367 -0.7439119 -0.6376994 -0.19984 -0.7439102 -0.6377003 -0.1998422 -0.7439091 -0.6377009 -0.2363468 -0.6126421 -0.754195 -0.236347 -0.6126414 -0.7541953 -0.236346 -0.6126443 -0.7541934 -0.09374058 -0.6126377 -0.7847852 -0.09373903 -0.6126416 -0.7847824 -0.09373855 -0.6126429 -0.7847815 -0.2091811 -0.8578302 -0.4694365 -0.1582338 -0.8485442 -0.5049108 -0.1998459 -0.7439072 -0.6377019 -0.07925802 -0.7439059 -0.6635678 -0.07925796 -0.7439067 -0.6635669 -0.07925796 -0.7439072 -0.6635663 -0.09373688 -0.6126471 -0.7847784 -0.08082139 -0.8567976 -0.5092797 -0.06220412 -0.8514171 -0.5207877 -0.0792579 -0.7439082 -0.6635653 -0.2363477 -0.6126394 -0.7541968 -0.370916 -0.6126409 -0.6979202 -0.3709062 -0.6126445 -0.6979222 -0.3709033 -0.6126456 -0.6979228 -0.3136222 -0.7439088 -0.5901194 -0.4167056 -0.7439104 -0.5224499 -0.4167081 -0.7439088 -0.5224502 -0.4167095 -0.7439079 -0.5224502 -0.3708943 -0.6126489 -0.6979247 -0.4928292 -0.6126572 -0.6178759 -0.4928277 -0.6126551 -0.6178793 -0.4928272 -0.6126545 -0.6178803 -0.4167116 -0.7439066 -0.5224505 -0.5056284 -0.743903 -0.4369764 -0.5056198 -0.7439091 -0.436976 -0.5056146 -0.7439127 -0.4369757 -0.4928257 -0.6126525 -0.6178833 -0.5979674 -0.6126559 -0.5168054 -0.5979741 -0.6126523 -0.516802 -0.597976 -0.6126511 -0.516801 -0.5056071 -0.7439181 -0.4369753 -0.5772879 -0.7439167 -0.3366404 -0.5772905 -0.7439152 -0.3366392 -0.5772921 -0.7439143 -0.3366385 -0.5979822 -0.6126477 -0.5167979 -0.6827549 -0.612645 -0.3981356 -0.6827496 -0.6126502 -0.3981369 -0.682748 -0.6126517 -0.3981372 -0.5772944 -0.7439129 -0.3366374 -0.6827431 -0.6126562 -0.3981384 -0.558667 -0.743911 0.3667255 -0.5586676 -0.7439125 0.3667216 -0.5586661 -0.7439085 0.3667322 -0.5586684 -0.7439147 0.3667159 -0.481763 -0.7439088 0.4631459 -0.4817622 -0.7439079 0.4631482 -0.4817643 -0.7439104 0.463142 -0.481761 -0.7439065 0.4631516 -0.3884674 -0.7439081 0.5437774 -0.3884688 -0.7439092 0.5437748 -0.3884652 -0.743906 0.5437819 -0.3884708 -0.743911 0.5437709 0.09420228 -7.5643e-4 -0.9955528 0.1128075 6.49314e-4 -0.9936167 0.09420579 4.27703e-7 -0.9955528 0.3297123 6.41473e-4 -0.9440813 0.3580924 0 -0.9336863 0.3580921 -0.001281976 -0.9336854 0.3580921 0.001281976 -0.9336854 0.5460841 -0.001165032 -0.8377296 0.5875291 0.001746833 -0.8092012 0.5875302 -4.32099e-7 -0.8092024 0.5875301 -4.22494e-7 -0.8092023 0.7306891 -0.001575529 -0.6827085 0.7769613 0.002096712 -0.6295447 0.7769631 -5.61374e-7 -0.6295462 0.7769631 -5.62545e-7 -0.6295462 0.8728306 -0.001866221 -0.4880197 0.9134162 0.002331018 -0.4070202 0.9134187 0 -0.4070212 0.9134187 0 -0.4070212 0.9642623 -0.002041459 -0.2649416 0.9876368 0.002447068 -0.1567405 0.9876397 0 -0.156741 0.9876397 0 -0.156741 0.9996471 -0.002100229 -0.02648401 0.9945502 0.002447247 0.104231 0.9945531 0 0.1042313 0.9945531 0 0.1042313 0.9769369 -0.00204128 0.2135184 0.933685 0.002330958 0.358088 0.9336875 -6.68995e-7 0.358089 0.9336875 -6.68059e-7 0.358089 0.8974612 -0.001864612 0.4410895 0.8092005 0.002099156 0.5875289 0.8092022 0 0.5875304 0.8092021 0 0.5875303 0.7657925 -0.001574456 0.643086 0.6295473 0.001747071 0.7769603 0.6295484 0 0.7769613 0.6295484 0 0.7769613 0.58966 -0.001165747 0.8076508 0.4070167 0.001281082 0.9134199 0.4070171 0 0.9134206 0.4070172 0 0.9134206 0.3792498 -6.40798e-4 0.9252942 0.1467754 7.56879e-4 0.9891695 0.1652585 -6.49428e-4 0.9862502 0.1467754 0 0.9891699 0.5460739 0.001164913 -0.8377363 0.5875294 -0.001747667 -0.809201 0.7306894 0.001574456 -0.6827083 0.7769613 -0.002097845 -0.6295447 0.8728396 0.001865386 -0.4880037 0.9134163 -0.002330958 -0.40702 0.9642623 0.002041459 -0.2649416 0.9876368 -0.002447068 -0.1567406 0.9996471 0.002100229 -0.02648401 0.9945501 -0.002447247 0.104231 0.9769414 0.002040445 0.2134984 0.933685 -0.00233227 0.3580881 0.8974531 0.001864135 0.4411061 0.8092002 -0.002099156 0.5875292 0.7657923 0.001574456 0.6430861 0.6295476 -0.001747071 0.77696 0.5896596 0.001165747 0.8076511 0.4070169 -0.001281082 0.9134199 0.3792569 6.40296e-4 0.9252912 0.329715 -6.41283e-4 -0.9440803 0 1 0 0 1 -6.13386e-7 0 1 -5.62272e-7 2.28849e-6 1 0 2.2885e-6 1 -5.42025e-7 5.55751e-6 1 0 5.55792e-6 1 -8.69757e-7 0 1 5.63686e-7 0 1 3.29557e-6 0 1 2.64838e-6 0 1 -3.97246e-7 0 1 -1.32394e-7 0 1 -2.64836e-6 -0.09420627 0 0.9955527 -0.1128102 6.49067e-4 0.9936164 -0.3297186 -6.40557e-4 0.9440791 -0.3580773 0.001281499 0.9336911 -0.3580777 0 0.9336918 -0.3580777 0 0.9336919 -0.5460722 -0.001165449 0.8377375 -0.5875357 0.001747786 0.8091963 -0.5875365 0 0.8091977 -0.5875364 0 0.8091977 -0.7306845 -0.001573741 0.6827135 -0.7769428 0.002097427 0.6295679 -0.7769443 0 0.6295693 -0.7769443 0 0.6295693 -0.872833 -0.00186634 0.4880155 -0.9134232 0.002331495 0.4070042 -0.9134258 6.68059e-7 0.4070054 -0.9134258 6.69071e-7 0.4070053 -0.964267 -0.002040684 0.264925 -0.9876368 0.002447068 0.1567405 -0.9876397 0 0.156741 -0.9876398 0 0.156741 -0.9996466 -0.002099454 0.02650481 -0.9945521 0.002448022 -0.1042121 -0.9945552 7.11302e-7 -0.1042124 -0.9945552 7.111e-7 -0.1042124 -0.9769374 -0.002041161 -0.2135161 -0.9336848 0.002331256 -0.3580882 -0.9336874 0 -0.3580893 -0.9336873 0 -0.3580893 -0.8974428 -0.001866221 -0.441127 -0.8091821 0.002097547 -0.5875542 -0.809184 5.97747e-7 -0.5875554 -0.809184 5.96633e-7 -0.5875554 -0.7658215 -0.001572072 -0.6430513 -0.6295603 0.001749694 -0.7769497 -0.6295611 0 -0.776951 -0.6295611 0 -0.776951 -0.5896463 -0.001164972 -0.8076609 -0.4070176 0.001281738 -0.9134196 -0.407018 2.95353e-7 -0.9134202 -0.407018 2.94264e-7 -0.9134202 -0.3792497 -6.40248e-4 -0.9252942 -0.1467855 7.57032e-4 -0.9891681 -0.16527 -6.4936e-4 -0.9862481 -0.1467784 2.51276e-7 -0.9891695 -0.0942043 -7.56692e-4 0.9955526 -0.3297188 6.40557e-4 0.944079 -0.3580774 -0.001281499 0.933691 -0.546072 0.001165449 0.8377375 -0.5875353 -0.001747786 0.8091967 -0.7306848 0.001573741 0.6827132 -0.7306872 -0.001559376 0.6827108 -0.730687 -0.001317977 0.6827114 -0.7769426 -0.002097427 0.629568 -0.8728419 0.001866757 0.4879997 -0.9134234 -0.002330183 0.4070042 -0.9642609 0.002041459 0.2649467 -0.9876368 -0.002447187 0.1567406 -0.9996471 0.002100288 0.02648371 -0.9945521 -0.002446591 -0.1042121 -0.9769418 0.002041757 -0.213496 -0.9336848 -0.002331197 -0.3580884 -0.8974345 0.001867055 -0.4411437 -0.8091823 -0.002096354 -0.5875539 -0.7658318 0.00157237 -0.6430391 -0.7658367 -0.001309335 -0.6430339 -0.7658507 -0.001538753 -0.6430167 -0.6295601 -0.001749694 -0.7769499 -0.5896363 0.001165688 -0.8076682 -0.4070177 -0.001281142 -0.9134194 -0.3792569 6.40301e-4 -0.9252913 1.9034e-6 1 1.67548e-6 0 1 2.72557e-7 0 1 -3.84836e-6 0 1 -3.73357e-6 0 1 3.66798e-6 0 1 1.36295e-6 0 1 1.22617e-6 0 1 1.16808e-6 0 1 -2.55711e-6 0 1 2.11479e-6 0 1 9.69076e-7 0 1 3.53147e-6 0 1 0 0 1 0 0 1 -6.72118e-7 0 1 1.21136e-7 0 1 -3.9348e-6 0 1 -1.72893e-6 0 1 -7.33139e-6 0 1 -1.48193e-6 0 1 -1.48446e-6 0 1 -5.14768e-6 0 1 2.42085e-6 0 1 -5.52293e-6 0 1 2.67715e-6 0 1 -1.05021e-6 0 1 -3.05839e-6 0 1 -6.98828e-7 0 1 -2.69536e-7 0 1 -9.68119e-7 1.67851e-6 1 -1.31275e-7 2.29726e-6 1 3.10177e-6 3.09592e-6 1 -2.67709e-6 1.20528e-6 1 -2.42086e-6 1.731e-6 1 5.14763e-6 0 1 -2.11482e-6 0 1 2.25577e-6 0 1 9.87943e-7 0 1 2.92816e-6 0 1 2.4227e-7 0 1 1.62523e-6 0 1 1.39986e-6 0 1 4.01563e-6 0 1 1.97967e-6 0 1 4.68653e-6 0 1 2.15632e-6 1.84944e-6 1 5.5906e-6 1.34724e-6 1 4.51171e-6 2.51306e-6 1 1.97593e-6 2.34123e-6 1 6.91382e-6 1.07626e-6 1 9.69078e-7 0.06368052 -0.4577867 -0.8867785 0.06105583 -0.4598603 -0.8858898 0.05861407 -0.4617708 -0.8850606 0.05840867 -0.4619455 -0.8849828 0.05205249 -0.6126481 -0.78864 0.05205297 -0.6126483 -0.7886397 0.05205094 -0.6126472 -0.7886408 0.05205464 -0.6126493 -0.7886388 0.04401373 -0.7439072 -0.666832 0.04401272 -0.7439053 -0.6668342 0.04401528 -0.74391 -0.6668288 0.04401093 -0.743902 -0.6668379 0.03454166 -0.8514178 -0.5233496 0.05374336 -0.8568013 -0.5128384 0.1312756 -0.8485439 -0.5125817 0.1840381 -0.8578295 -0.4798529 0.2223846 -0.8497818 -0.4779291 0.3027521 -0.8536624 -0.4237945 0.3045531 -0.8547542 -0.4202889 0.3030323 -0.8538121 -0.4232923 0.388465 -0.7439129 -0.5437726 0.3884654 -0.7439131 -0.5437721 0.3884643 -0.7439126 -0.5437735 0.4817661 -0.7439137 -0.4631349 0.4817653 -0.7439127 -0.4631373 0.4817649 -0.743912 -0.4631389 0.5697776 -0.6126429 -0.5477429 0.569778 -0.6126438 -0.5477414 0.5697759 -0.6126399 -0.5477481 0.6607168 -0.6126401 -0.4337344 0.6607182 -0.6126482 -0.4337208 0.6607186 -0.6126509 -0.4337164 0.734902 -0.4766294 -0.4824349 0.7782207 -0.4452586 -0.4428516 0.8103891 -0.4779375 -0.3388886 0.8501365 -0.4442491 -0.2826848 0.8584377 -0.4787353 -0.1841128 0.8891965 -0.4437499 -0.1114254 0.877509 -0.4789963 -0.0232504 0.893851 -0.4437474 0.06417846 0.8669765 -0.4787417 0.1384134 0.8639059 -0.4442628 0.237271 0.8271865 -0.4779518 0.2955073 0.8005645 -0.4452701 0.4010373 0.7594204 -0.4766229 0.4428445 0.7063629 -0.4467876 0.5490286 0.6658805 -0.4747826 0.5754866 0.5850144 -0.4488086 0.6755214 0.5495944 -0.4724074 0.6890408 0.4413486 -0.4513252 0.7755753 0.4143683 -0.4694667 0.7796795 0.2810786 -0.4543206 0.845333 0.2645773 -0.4659858 0.8443082 0.1105402 -0.4577997 0.8821566 0.1054097 -0.4617926 0.8807023 0.1078784 -0.4598668 0.8814107 0.1051931 -0.4619455 0.8806479 0.09373915 -0.6126423 0.7847818 0.09373861 -0.612643 0.7847813 0.09374094 -0.61264 0.7847834 0.09373664 -0.6126456 0.7847796 0.07926112 -0.7439146 0.6635577 0.07926374 -0.7439127 0.6635594 0.07925719 -0.7439174 0.663555 0.07926821 -0.7439095 0.6635625 0.06221258 -0.8514178 0.5207855 0.08082103 -0.8567954 0.5092834 0.1582217 -0.8485438 0.5049151 0.2091786 -0.8578338 0.469431 0.2473801 -0.8497863 0.4654746 0.3250327 -0.8538311 0.4066033 0.3263655 -0.8547616 0.4035695 0.3247685 -0.8536577 0.407178 0.4167124 -0.7439118 0.5224424 0.4167131 -0.7439124 0.522441 0.4167112 -0.7439109 0.5224447 0.4167141 -0.7439132 0.522439 0.4928348 -0.612644 0.6178845 0.4928339 -0.6126442 0.6178849 0.4928374 -0.6126432 0.6178832 0.4928315 -0.6126449 0.6178863 0.3047841 -0.8549177 -0.4197887 0.3806883 -0.8492079 -0.3659541 0.481764 -0.7439108 -0.4631417 0.5586723 -0.7439135 -0.3667122 0.5586716 -0.7439112 -0.3667183 0.5586711 -0.7439095 -0.3667224 0.6607202 -0.6126598 -0.4337013 0.7151584 -0.6137957 -0.33437 0.7471563 -0.5866319 -0.3124428 0.781058 -0.5988011 -0.1771603 0.7892153 -0.5903289 -0.1692669 0.8037912 -0.5945306 -0.02129137 0.8037902 -0.5945318 -0.02129328 0.8037955 -0.5945251 -0.02128338 0.803786 -0.5945371 -0.02130103 0.7970598 -0.5903403 0.1272561 0.7966743 -0.5907671 0.1276892 0.7897829 -0.5983266 0.1350868 0.3990445 -0.8580307 -0.3233368 0.4420031 -0.8487931 -0.2901442 0.5586703 -0.7439067 -0.3667293 0.5846581 -0.7452947 -0.3204853 0.6701304 -0.6915234 -0.2696677 0.4312463 -0.8450424 -0.3161174 0.5688852 -0.7926915 -0.2191115 0.7893452 -0.5987995 0.1355483 0.7626524 -0.586629 0.272448 0.7318729 -0.6137813 0.2960317 0.683481 -0.6915154 0.233795 0.6008048 -0.7453019 0.2890652 0.5796791 -0.7926923 0.188709 0.447377 -0.8450407 0.2928479 0.4567386 -0.8487936 0.2663447 0.4156107 -0.8580332 0.3017395 0.3995308 -0.8491976 0.3453094 0.3265898 -0.854921 0.4030499 0.6762986 -0.4467937 -0.5856583 0.6344759 -0.4747908 -0.6099297 0.5697796 -0.6126465 -0.5477367 0.4594323 -0.6126495 -0.643104 0.459429 -0.6126458 -0.6431097 0.4594281 -0.6126447 -0.6431115 0.388466 -0.7439133 -0.5437713 0.281937 -0.7439222 -0.6058806 0.2819336 -0.7439175 -0.6058881 0.2819316 -0.7439147 -0.6058924 0.5484102 -0.4488094 -0.7055611 0.5123364 -0.4723961 -0.7171844 0.4594251 -0.6126415 -0.6431167 0.3334333 -0.612643 -0.7165828 0.3334318 -0.612641 -0.7165851 0.3334314 -0.6126405 -0.7165858 0.2819287 -0.7439105 -0.6058989 0.1657986 -0.7439057 -0.647391 0.1657958 -0.7439064 -0.6473909 0.1657942 -0.7439067 -0.6473909 0.399666 -0.4513182 -0.797859 0.3724871 -0.4694715 -0.8005311 0.3334299 -0.6126388 -0.7165879 0.1960792 -0.6126419 -0.7656519 0.1960848 -0.6126457 -0.7656475 0.1960865 -0.6126468 -0.7656462 0.1657918 -0.7439073 -0.6473909 0.2359248 -0.4543234 -0.8590284 0.219521 -0.4659754 -0.8571334 0.1960915 -0.6126502 -0.7656422 0.6827638 -0.612644 0.3981218 0.682766 -0.6126419 0.3981213 0.6827572 -0.6126506 0.3981231 0.5773067 -0.7439092 0.3366246 0.5772978 -0.7439134 0.3366306 0.5772919 -0.7439162 0.3366346 0.5772816 -0.743921 0.3366416 0.5055994 -0.7439182 0.4369841 0.5056058 -0.7439161 0.4369803 0.5056099 -0.7439147 0.4369778 0.5056173 -0.7439123 0.4369734 0.5979796 -0.6126424 0.5168073 0.5979768 -0.6126441 0.5168085 0.5979883 -0.6126372 0.5168035 0.6827733 -0.6126347 0.3981199 0.5979673 -0.6126499 0.5168126 0.3136224 -0.7439119 0.5901153 0.3136223 -0.7439112 0.5901163 0.3136222 -0.7439106 0.590117 0.3136222 -0.7439098 0.5901182 0.1998446 -0.7439086 0.6377007 0.1998393 -0.7439109 0.6376997 0.1998357 -0.7439125 0.637699 0.1998296 -0.7439151 0.6376979 0.370914 -0.6126464 0.6979164 0.3709131 -0.6126479 0.6979156 0.3709128 -0.6126484 0.6979153 0.3709118 -0.61265 0.6979143 0.2363396 -0.6126496 0.754191 0.236346 -0.6126483 0.7541901 0.236348 -0.6126478 0.7541898 0.236355 -0.6126465 0.7541888 0.02648699 4.81777e-6 0.9996492 0.02648568 1.06879e-6 0.9996492 0.02648633 3.05836e-6 0.9996492 0.02648526 -1.83893e-7 0.9996493 0.02648544 0 0.9996492 0.1567365 0 0.9876405 0.1567361 0 0.9876405 0.1567355 0 0.9876407 0.1567351 0 0.9876407 0.407016 0 0.913421 0.4070159 0 0.9134211 0.4070157 0 0.9134212 0.4070156 0 0.9134213 0.6295523 0 0.7769583 0.6295528 0 0.7769579 0.6295536 0 0.7769572 0.6295541 0 0.7769568 0.8091903 0 0.5875467 0.8091909 0 0.587546 0.8091917 0 0.5875447 0.8091923 0 0.587544 0.0264967 0 0.9996489 0.0264877 5.45561e-6 0.9996492 0.02648866 5.3902e-6 0.9996492 0.02648264 7.87135e-6 0.9996493 0.02648341 6.55314e-6 0.9996494 -0.02648311 8.96192e-6 -0.9996493 -0.026479 3.96759e-6 -0.9996494 -0.02648246 7.52485e-6 -0.9996493 -0.02647787 2.44782e-6 -0.9996494 -0.02647417 0 -0.9996496 0.7769591 0 -0.6295511 0.7769593 0 -0.6295509 0.7769593 0 -0.629551 0.7769594 0 -0.6295508 0.5875253 0 -0.8092058 0.5875254 0 -0.8092058 0.5875255 0 -0.8092057 0.5875251 0 -0.8092061 0.3580832 0 -0.9336897 0.358084 0 -0.9336894 0.3580854 0 -0.9336889 0.3580862 0 -0.9336885 0.1042241 0 -0.9945539 0.1042241 0 -0.9945539 -0.1567365 0 -0.9876405 -0.1567361 0 -0.9876405 -0.1567355 0 -0.9876407 -0.1567351 0 -0.9876407 -0.407016 0 -0.913421 -0.4070159 0 -0.9134211 -0.4070157 0 -0.9134212 -0.4070156 0 -0.9134213 -0.6295487 0 -0.7769611 -0.6295486 0 -0.7769611 -0.6295484 0 -0.7769613 -0.6295484 0 -0.7769614 -0.8091947 0 -0.5875408 -0.8091993 3.43424e-6 -0.5875343 -0.8092069 9.04119e-6 -0.5875239 -0.8092116 1.24754e-5 -0.5875174 -0.02648591 0 -0.9996493 -0.02649062 7.456e-7 -0.9996492 -0.02648925 4.17055e-6 -0.9996491 -0.02649271 -4.67284e-6 -0.9996491 -0.02648746 8.72776e-6 -0.9996492 0 -1 -3.46399e-6 0 -1 -3.54538e-6 0 -1 -3.4955e-6 0 -1 3.73093e-6 0 -1 3.54541e-6 0 -1 3.46399e-6 0 -1 -1.00591e-5 0 -1 6.40682e-6 0 -1 -9.92008e-6 0 -1 1.39778e-5 0 -1 3.41265e-6 0 -1 3.41266e-6 0 -1 7.50959e-5 0 -1 1.09301e-5 0 -1 -3.84409e-6 0 -1 1.05892e-5 0 -1 -1.38442e-5 0 -1 2.41106e-6 0 -1 -3.41273e-6 0 -1 -3.41259e-6 0 -1 -7.50959e-5 -0.09340643 0.1295171 0.987168 -0.1024115 0.1866027 0.9770831 -0.3287506 0.076294 0.9413301 -0.348239 0.2328531 0.9080248 -0.5457832 0.03211236 0.8373109 -0.5659158 0.2688549 0.779395 -0.730661 -0.002304315 0.6827365 -0.7423459 0.2950769 0.6015415 -0.8725246 -0.02711951 0.4878171 -0.8677713 0.3121941 0.3866624 -0.9634158 -0.0418334 0.2647263 -0.9354717 0.3207047 0.1484625 -0.9985558 -0.04675954 0.02645492 -0.942013 0.3207262 -0.0987243 -0.976091 -0.04170638 -0.2133238 -0.8869722 0.312372 -0.340153 -0.8971035 -0.02706521 -0.4409908 -0.7731823 0.2950375 -0.5613752 -0.765816 -0.002227127 -0.643056 -0.6063893 0.2689585 -0.7483004 -0.5893146 0.03202265 -0.8072689 -0.3958454 0.2327684 -0.8883273 -0.3781456 0.07629334 -0.922597 -0.153987 0.1866315 -0.9702869 -0.145534 0.1295952 -0.9808287 -0.09642034 0.3798564 0.9200067 -0.09640264 0.3799732 0.9199604 -0.09641844 0.3798691 0.9200017 -0.09640055 0.3799867 0.919955 -0.08294147 0.6054645 0.7915387 -0.08296102 0.6053956 0.7915894 -0.08294361 0.605457 0.7915443 -0.0829634 0.6053872 0.7915955 -0.06378948 0.7908929 0.608621 -0.06378865 0.7908781 0.6086403 -0.06378871 0.7908797 0.6086381 -0.0637896 0.7908948 0.6086185 -0.04017102 0.9227278 0.3833532 -0.04017263 0.9227415 0.38332 -0.04017245 0.9227399 0.3833239 -0.04017084 0.922726 0.3833578 -0.0137214 0.9912969 0.1309286 -0.01372098 0.9912962 0.1309335 -0.01372104 0.9912963 0.1309329 -0.01372146 0.991297 0.1309279 -0.04714059 0.9912936 0.122942 -0.04714041 0.9912944 0.122936 -0.04713928 0.9912999 0.1228926 -0.0471391 0.9913007 0.1228856 -0.07734632 0.9912987 0.1065104 -0.07734692 0.9912977 0.1065185 -0.07735139 0.9912912 0.1065772 -0.0773521 0.99129 0.1065868 -0.1022953 0.9912971 0.08285933 -0.102294 0.9912968 0.08286577 -0.1022843 0.9912939 0.08291286 -0.1022827 0.9912933 0.08292049 -0.1202462 0.991297 0.05358302 -0.1202458 0.991297 0.0535832 -0.1202428 0.9912974 0.05358463 -0.1202424 0.9912974 0.05358487 -0.1300137 0.9912975 0.020635 -0.1300125 0.9912976 0.02063387 -0.1300042 0.991299 0.02062577 -0.1300029 0.9912991 0.02062445 -0.1309131 0.991299 -0.01371735 -0.1309173 0.9912984 -0.01371777 -0.130948 0.9912943 -0.01372063 -0.130953 0.9912936 -0.01372104 -0.1229338 0.9912948 -0.04713898 -0.1229371 0.9912942 -0.04714184 -0.1229135 0.9912981 -0.04712134 -0.1229107 0.9912986 -0.04711896 -0.1065207 0.991297 -0.07735526 -0.106522 0.9912965 -0.07735824 -0.1065125 0.9912992 -0.07733654 -0.1065114 0.9912996 -0.07733404 -0.08287048 0.9913004 -0.102256 -0.08286941 0.9913011 -0.1022493 -0.08287686 0.9912955 -0.102297 -0.08287775 0.9912949 -0.1023027 -0.05358105 0.9912951 -0.1202634 -0.05358105 0.9912948 -0.1202653 -0.05358093 0.9912964 -0.1202519 -0.05358093 0.9912966 -0.1202504 -0.02063429 0.9913025 -0.129976 -0.02063429 0.9913035 -0.1299688 -0.02063423 0.9912965 -0.1300208 -0.02063423 0.9912958 -0.1300269 -0.06041318 0.9227334 -0.3806747 -0.0604133 0.922734 -0.3806737 -0.06041318 0.9227336 -0.3806746 -0.0604133 0.922734 -0.3806735 -0.0959165 0.7909138 -0.6043639 -0.09591186 0.7908723 -0.6044186 -0.09591591 0.7909085 -0.6043707 -0.09591132 0.7908678 -0.6044247 -0.1247574 0.6053673 -0.7861083 -0.124751 0.6053563 -0.7861177 -0.1247566 0.6053659 -0.7861093 -0.1247503 0.6053552 -0.7861188 -0.1449911 0.3799601 -0.9135688 -0.1449841 0.379928 -0.9135832 -0.1449903 0.3799564 -0.9135705 -0.1449834 0.3799245 -0.9135848 -0.1380195 0.9227401 0.3598629 -0.1380203 0.9227379 0.3598685 -0.1380268 0.9227203 0.3599111 -0.1380278 0.9227176 0.3599176 -0.2264862 0.9227107 0.3119443 -0.2264853 0.9227121 0.3119406 -0.2264787 0.9227231 0.3119125 -0.2264777 0.9227249 0.3119083 -0.2994779 0.922732 0.2426491 -0.2994773 0.9227314 0.2426526 -0.2994717 0.9227262 0.2426788 -0.2994709 0.9227255 0.2426828 -0.3520811 0.922728 0.1568824 -0.3520787 0.9227289 0.1568819 -0.3520604 0.9227367 0.1568779 -0.3520576 0.9227378 0.1568773 -0.3806603 0.9227393 0.06041532 -0.3806623 0.9227384 0.06041574 -0.3806777 0.9227319 0.06041938 -0.38068 0.9227309 0.06041991 -0.383346 0.9227306 -0.04017692 -0.3833436 0.9227315 -0.0401774 -0.3833257 0.9227389 -0.04018092 -0.3833229 0.9227399 -0.04018139 -0.3598679 0.922739 -0.1380136 -0.3598716 0.9227377 -0.1380127 -0.3599007 0.9227274 -0.1380065 -0.3599051 0.9227258 -0.1380054 -0.3119125 0.9227246 -0.2264728 -0.3119142 0.9227241 -0.2264724 -0.3119273 0.9227204 -0.2264695 -0.3119293 0.9227198 -0.226469 -0.2426766 0.9227135 -0.299513 -0.2426748 0.9227159 -0.2995072 -0.2426617 0.922734 -0.2994619 -0.2426598 0.9227367 -0.2994551 -0.1568826 0.922734 -0.3520652 -0.1568826 0.9227339 -0.3520656 -0.156883 0.9227324 -0.3520693 -0.156883 0.9227322 -0.3520699 -0.2191395 0.7908536 0.5714268 -0.2191408 0.7908584 0.5714195 -0.2191508 0.7908971 0.5713621 -0.2191523 0.7909027 0.5713539 -0.3595402 0.7908552 0.4952563 -0.3595384 0.7908634 0.4952447 -0.3595237 0.790928 0.4951522 -0.3595216 0.7909372 0.4951388 -0.4754108 0.7909398 0.3852259 -0.4754148 0.7909362 0.3852282 -0.4754465 0.7909078 0.3852474 -0.4754511 0.7909037 0.38525 -0.5589547 0.7909109 0.2490574 -0.5589603 0.7909059 0.2490606 -0.5590056 0.7908658 0.2490864 -0.5590121 0.7908602 0.2490901 -0.6044311 0.7908633 0.09590816 -0.604434 0.7908608 0.0959109 -0.6044573 0.7908402 0.09593272 -0.6044607 0.7908374 0.09593582 -0.6086934 0.7908372 -0.06378906 -0.6086857 0.7908431 -0.06378972 -0.6086247 0.7908896 -0.06379514 -0.6086159 0.7908962 -0.06379592 -0.5713706 0.7908918 -0.2191479 -0.5713751 0.7908887 -0.219148 -0.5714107 0.7908626 -0.2191491 -0.5714157 0.7908589 -0.2191492 -0.4952157 0.7908685 -0.3595674 -0.4952172 0.7908675 -0.3595672 -0.4952292 0.7908608 -0.3595654 -0.495231 0.7908599 -0.3595653 -0.3852913 0.7908634 -0.4754849 -0.3852936 0.7908604 -0.4754878 -0.3853122 0.7908372 -0.4755113 -0.3853148 0.790834 -0.4755147 -0.2491132 0.7908228 -0.5590546 -0.249109 0.7908297 -0.5590469 -0.2490752 0.7908836 -0.5589854 -0.2490704 0.7908914 -0.5589766 -0.3312461 0.3799548 0.8636611 -0.3312255 0.3798645 0.8637086 -0.3312278 0.3798743 0.8637034 -0.2849838 0.6054257 0.7431312 -0.2849864 0.6054314 0.7431255 -0.2850075 0.6054778 0.7430797 -0.2850104 0.6054841 0.7430735 -0.4675955 0.6054448 0.6440428 -0.4675973 0.6054446 0.6440417 -0.467611 0.6054431 0.6440331 -0.4676129 0.6054429 0.6440319 -0.6183838 0.605424 0.5010622 -0.6183885 0.6054196 0.5010617 -0.6184263 0.6053846 0.5010574 -0.6184315 0.6053798 0.5010568 -0.7270247 0.6053677 0.3239832 -0.7270161 0.6053819 0.323976 -0.726946 0.6054972 0.3239178 -0.7269364 0.6055129 0.3239098 -0.7859985 0.6055166 0.1247246 -0.7860015 0.6055122 0.1247264 -0.7860266 0.6054766 0.1247414 -0.7860301 0.6054718 0.1247435 -0.7915313 0.605471 -0.08296442 -0.7915372 0.6054635 -0.08296334 -0.7915844 0.605403 -0.08295434 -0.7915909 0.6053948 -0.08295315 -0.7431442 0.6053953 -0.2850145 -0.7431382 0.605405 -0.2850096 -0.7430894 0.6054836 -0.28497 -0.7430827 0.6054943 -0.2849646 -0.6439965 0.6054776 -0.4676169 -0.6440011 0.6054727 -0.4676167 -0.6440392 0.6054335 -0.4676151 -0.6440443 0.6054281 -0.4676148 -0.5010499 0.6054245 -0.6183933 -0.5010513 0.6054247 -0.6183919 -0.5010627 0.6054267 -0.6183807 -0.5010643 0.605427 -0.6183792 -0.3239306 0.6054183 -0.7270059 -0.3239384 0.6054117 -0.727008 -0.324002 0.6053574 -0.727025 -0.3240106 0.6053499 -0.7270272 -0.5435034 0.3798189 0.7485598 -0.5434864 0.3799549 0.748503 -0.5434883 0.37994 0.7485092 -0.3312485 0.3799653 0.8636555 -0.5435053 0.379803 0.7485665 -0.7186873 0.3800136 0.5823044 -0.7187174 0.3797686 0.582427 -0.7187141 0.3797953 0.5824136 -0.7186838 0.380042 0.5822901 -0.8449559 0.3798478 0.3765175 -0.8448908 0.3800338 0.3764756 -0.8448979 0.3800135 0.3764801 -0.8449634 0.3798261 0.3765224 -0.913615 0.3798518 0.1449835 -0.9136273 0.3798192 0.1449922 -0.9136259 0.3798227 0.1449913 -0.9136136 0.3798556 0.1449825 -0.9199852 0.3799083 -0.09642201 -0.9200032 0.3798639 -0.09642475 -0.9200012 0.3798687 -0.09642446 -0.919983 0.3799134 -0.09642165 -0.8636985 0.379886 -0.3312274 -0.863678 0.3799223 -0.3312393 -0.8636803 0.3799183 -0.331238 -0.8637009 0.3798819 -0.3312261 -0.7485108 0.3798843 -0.5435252 -0.7485246 0.3798798 -0.5435093 -0.7485231 0.3798803 -0.543511 -0.7485092 0.3798848 -0.5435271 -0.5823494 0.3800292 -0.7186424 -0.5823529 0.3798822 -0.7187173 -0.5823525 0.3798983 -0.7187092 -0.582349 0.3800463 -0.7186337 -0.3764863 0.3799899 -0.8449057 -0.3764698 0.3800013 -0.8449081 -0.3764716 0.38 -0.8449078 -0.3764882 0.3799887 -0.8449054 -0.06906729 -0.265147 0.9617311 -0.06906509 -0.2651483 0.961731 -0.06906712 -0.2651472 0.9617312 -0.06906491 -0.2651484 0.961731 -0.07161056 -0.02399039 0.9971442 -0.07161462 -0.02404773 0.9971424 -0.07161086 -0.0239951 0.997144 -0.07161498 -0.02405244 0.9971423 -0.06990766 0.2183924 0.9733539 -0.06990277 0.2184257 0.9733467 -0.06990724 0.2183951 0.9733533 -0.06990242 0.2184285 0.9733462 -0.06403869 0.4481651 0.8916541 -0.06403559 0.4481378 0.8916681 -0.06403845 0.4481629 0.8916553 -0.06403535 0.4481355 0.8916693 -0.05435329 0.6513706 0.7568105 -0.05435448 0.6513364 0.7568398 -0.05435335 0.6513679 0.7568129 -0.05435454 0.6513335 0.7568424 -0.04137104 0.8164101 0.5759888 -0.04136097 0.8163843 0.576026 -0.04137021 0.816408 0.5759919 -0.04136002 0.816382 0.5760295 -0.02586257 0.9325365 0.3601486 -0.02586138 0.9325482 0.360118 -0.02586245 0.9325374 0.3601461 -0.02586126 0.9325494 0.3601152 -0.008904993 0.9925797 0.12127 -0.008822739 0.9923834 0.1228719 -0.009009659 0.992908 0.1185437 -0.009167373 0.9930918 0.1169822 -0.03420293 0.9916214 0.1245677 -0.09562957 0.9325339 0.3481891 -0.09562951 0.9325461 0.3481562 -0.09562951 0.9325451 0.3481592 -0.1617181 0.9325277 0.3228611 -0.1617175 0.9325291 0.3228574 -0.1617116 0.9325444 0.3228164 -0.2586285 0.8164067 0.5163249 -0.2586352 0.8164293 0.5162859 -0.2586346 0.8164273 0.5162894 -0.3543958 0.8164378 0.455887 -0.3543956 0.8164347 0.4558928 -0.3543925 0.8163996 0.455958 -0.4656918 0.6513516 0.5990595 -0.4656234 0.6513857 0.5990756 -0.4656293 0.6513828 0.5990742 -0.5735677 0.6514135 0.4966696 -0.5735691 0.651408 0.4966751 -0.5735852 0.6513463 0.4967375 -0.6758161 0.4480678 0.5852417 -0.6757507 0.4481769 0.5852336 -0.6757563 0.4481676 0.5852344 -0.7769333 0.4482024 0.4421417 -0.7769328 0.4482045 0.4421402 -0.7769281 0.4482288 0.4421244 -0.8481475 0.2183983 0.4826469 -0.848179 0.2183123 0.4826306 -0.8481763 0.2183194 0.4826319 -0.9260349 0.2182893 0.3079113 -0.9260344 0.2182931 0.3079097 -0.9260299 0.2183367 0.3078927 -0.9486415 -0.02407085 0.3154362 -0.9486418 -0.02399104 0.3154412 -0.9486418 -0.02399754 0.3154408 -0.9919535 -0.02398943 0.1243099 -0.9919537 -0.02398437 0.1243095 -0.9919555 -0.02392733 0.1243056 -0.9567747 -0.2649676 0.1198938 -0.9567151 -0.2651954 0.119866 -0.9567699 -0.264986 0.1198915 -0.9567101 -0.2652144 0.1198636 -0.9617156 -0.2652079 -0.0690518 -0.9617185 -0.2651965 -0.06905382 -0.9617517 -0.2650704 -0.06907612 -0.9617546 -0.2650593 -0.06907808 -0.9298055 -0.2650465 -0.2553665 -0.9298045 -0.2650511 -0.2553656 -0.929793 -0.2651013 -0.2553552 -0.929792 -0.2651058 -0.2553543 -0.8620997 -0.2651118 -0.4318564 -0.8620962 -0.2651202 -0.4318583 -0.8620576 -0.2652114 -0.4318793 -0.8620542 -0.2652193 -0.4318812 -0.7612663 -0.2652127 -0.5917229 -0.761269 -0.2652088 -0.591721 -0.7612996 -0.2651668 -0.5917006 -0.7613022 -0.2651631 -0.5916988 -0.6312052 -0.2651473 -0.7288874 -0.631205 -0.265145 -0.7288885 -0.6312032 -0.265119 -0.7288996 -0.6312029 -0.2651166 -0.7289006 -0.4769 -0.2651191 -0.8380206 -0.476899 -0.2651126 -0.8380231 -0.4768884 -0.2650414 -0.8380516 -0.4768875 -0.2650351 -0.8380541 -0.3042373 -0.2650633 -0.9149761 -0.3042359 -0.2650634 -0.9149764 -0.3042213 -0.2650647 -0.914981 -0.30422 -0.2650648 -0.9149814 -0.119892 -0.2650917 -0.9567405 -0.119893 -0.265082 -0.9567431 -0.1198811 -0.2652029 -0.956711 -0.1243071 -0.02399206 -0.9919538 -0.1243036 -0.02400743 -0.9919538 -0.1243039 -0.02400618 -0.9919538 -0.1243074 -0.0239908 -0.9919538 -0.1213347 0.2184308 -0.9682799 -0.1213353 0.2184658 -0.9682719 -0.1213348 0.2184336 -0.9682793 -0.1213353 0.2184687 -0.9682712 -0.1111646 0.4481485 -0.8870205 -0.1111538 0.4480658 -0.8870636 -0.1111637 0.4481418 -0.887024 -0.1111528 0.4480588 -0.8870673 -0.09435141 0.651391 -0.752853 -0.09434467 0.6513735 -0.752869 -0.09435087 0.6513895 -0.7528543 -0.09434407 0.651372 -0.7528705 -0.07180917 0.8163812 -0.5730316 -0.07181012 0.8163901 -0.5730189 -0.07180923 0.816382 -0.5730306 -0.07181024 0.8163909 -0.5730177 -0.04489463 0.9325501 -0.3582383 -0.04489356 0.9325292 -0.3582932 -0.04489457 0.9325484 -0.3582428 -0.04489344 0.9325273 -0.3582983 -0.01531791 0.9923889 -0.1221868 -0.01532846 0.9925794 -0.1206291 -0.01539146 0.9929054 -0.1179065 -0.01534771 0.9930913 -0.1163368 -0.04075193 0.991624 -0.122561 -0.03761237 0.9936378 -0.1061573 -0.06664454 0.9908822 -0.1170944 -0.05691123 0.9940564 -0.0928061 -0.09151244 0.9901797 -0.1056872 -0.07299464 0.994364 -0.07688909 -0.1137873 0.9895554 -0.08850175 -0.085635 0.994589 -0.05881631 -0.1319044 0.9890584 -0.06606614 -0.09462183 0.9947431 -0.03915548 -0.1445154 0.9887068 -0.03967761 -0.09984892 0.9948312 -0.01847243 -0.1506794 0.9885234 -0.01083028 -0.1012179 0.9948608 0.002679705 -0.1498876 0.9885246 0.01878267 -0.09872502 0.9948318 0.02373248 -0.1422128 0.9887065 0.0472753 -0.09242266 0.9947424 0.0441088 -0.1282166 0.9890569 0.07298648 -0.08239459 0.9945899 0.06326186 -0.1089487 0.9895598 0.09434914 -0.06882798 0.994365 0.08062964 -0.08579945 0.9901774 0.110396 -0.05192077 0.9940587 0.09566396 -0.06035256 0.9908729 0.1205345 -0.03194099 0.9936499 0.1078875 -0.1198801 -0.2652131 -0.9567084 -0.9150059 -0.2649778 0.3042218 -0.9150029 -0.2649279 0.3042746 -0.9150057 -0.2649737 0.3042262 -0.9150027 -0.2649239 0.3042788 -0.9486415 -0.02407741 0.3154358 -0.8688863 -0.0240792 0.4944259 -0.8688852 -0.02407824 0.4944276 -0.8688744 -0.02406728 0.4944472 -0.848145 0.2184053 0.4826481 -0.7376724 0.2184188 0.6388526 -0.737672 0.2184253 0.6388509 -0.7376671 0.2184981 0.6388316 -0.6758214 0.448059 0.5852424 -0.5486332 0.4480359 0.7058793 -0.548633 0.4480521 0.7058691 -0.548632 0.4482273 0.7057586 -0.4656972 0.6513489 0.5990582 -0.3398438 0.6513008 0.6784641 -0.3398441 0.6513066 0.6784584 -0.3398463 0.651367 0.6783993 -0.2586279 0.8164049 0.5163281 -0.1529449 0.8164086 0.5568528 -0.1529448 0.8164057 0.5568571 -0.1529439 0.8163759 0.5569011 -0.09562957 0.9325329 0.3481919 -0.838085 -0.2649463 0.4768826 -0.8380275 -0.2651182 0.4768881 -0.8380802 -0.2649606 0.4768831 -0.8380229 -0.2651321 0.4768885 -0.8688735 -0.02406632 0.494449 -0.7557395 -0.02406716 0.65443 -0.7557387 -0.02406597 0.654431 -0.75573 -0.02405261 0.6544415 -0.7376667 0.2185044 0.63883 -0.598868 0.2185049 0.7704628 -0.5988696 0.2184967 0.7704638 -0.5988875 0.2184065 0.7704755 -0.548632 0.4482427 0.7057489 -0.4003626 0.4482131 0.7992589 -0.4003644 0.4482064 0.7992618 -0.4003835 0.4481337 0.7992929 -0.3398465 0.6513723 0.6783941 -0.2009449 0.6513444 0.731691 -0.2009459 0.6513484 0.7316871 -0.2009569 0.6513901 0.731647 -0.1529438 0.8163731 0.5569049 -0.7289268 -0.2651414 0.6311623 -0.728863 -0.265144 0.6312348 -0.7289215 -0.2651417 0.6311683 -0.7288579 -0.2651442 0.6312407 -0.7557292 -0.02405142 0.6544424 -0.6135179 -0.02404999 0.7893145 -0.6135199 -0.02405571 0.7893128 -0.6135411 -0.02412045 0.7892944 -0.5988891 0.2183985 0.7704764 -0.4370647 0.2184031 0.8725106 -0.4370649 0.2184094 0.8725088 -0.4370681 0.2184791 0.8724899 -0.4003853 0.4481275 0.7992957 -0.2367553 0.4481223 0.8620518 -0.2367559 0.4481245 0.8620505 -0.2367625 0.4481475 0.8620369 -0.2009578 0.6513938 0.7316434 -0.5917624 -0.2651615 0.7612535 -0.5917147 -0.2651045 0.7613103 -0.5917584 -0.2651567 0.7612583 -0.5917108 -0.2650999 0.7613149 -0.613543 -0.02412623 0.7892928 -0.447728 -0.02410852 0.8938449 -0.4477288 -0.0241084 0.8938444 -0.4477377 -0.02410715 0.89384 -0.4370683 0.2184852 0.8724882 -0.2584389 0.2184807 0.9409972 -0.2584388 0.2184729 0.9409989 -0.2584378 0.2183867 0.9410193 -0.236763 0.4481494 0.8620356 -0.431869 -0.2651053 0.8620953 -0.4318549 -0.2651648 0.8620842 -0.4318679 -0.2651103 0.8620944 -0.4318537 -0.2651696 0.8620833 -0.4477385 -0.02410703 0.8938396 -0.2647634 -0.02410185 0.9640122 -0.2647637 -0.02409076 0.9640124 -0.264768 -0.02396625 0.9640143 -0.2584377 0.218379 0.941021 -0.2553774 -0.2651568 0.9297712 -0.2553488 -0.2651486 0.9297813 -0.255375 -0.2651561 0.929772 -0.2553464 -0.265148 0.929782 -0.2647684 -0.02395516 0.9640145 -0.161711 0.932546 0.3228123 -0.2215867 0.9325429 0.2850672 -0.2215863 0.9325425 0.2850687 -0.221582 0.9325381 0.2850862 -0.3543922 0.8163961 0.4559644 -0.4365211 0.8163964 0.3780825 -0.4365268 0.816394 0.3780813 -0.4365915 0.816366 0.3780668 -0.5735868 0.6513403 0.4967434 -0.6594678 0.6513378 0.3753152 -0.6594678 0.6513401 0.375311 -0.6594676 0.6513679 0.3752633 -0.7769276 0.4482311 0.4421229 -0.848254 0.4482492 0.2820243 -0.8482539 0.4482482 0.2820264 -0.8482522 0.4482367 0.2820503 -0.9260295 0.2183406 0.3078912 -0.9683015 0.2183371 0.1213304 -0.9683 0.2183439 0.1213307 -0.9682821 0.2184217 0.1213345 -0.9919556 -0.02392226 0.1243053 -0.9971455 -0.02392351 -0.07161396 -0.9971454 -0.02392947 -0.07161319 -0.9971444 -0.02399641 -0.07160514 -0.2215816 0.9325376 0.285088 -0.2729246 0.9325368 0.2364054 -0.2729237 0.9325375 0.2364032 -0.2729142 0.9325466 0.2363787 -0.4365979 0.8163633 0.3780654 -0.5019793 0.816342 0.2856619 -0.5019773 0.8163442 0.285659 -0.5019554 0.8163688 0.2856273 -0.6594675 0.6513705 0.3752588 -0.7200115 0.6513663 0.2393856 -0.7200117 0.6513652 0.2393882 -0.7200139 0.6513517 0.2394182 -0.8482519 0.4482356 0.2820525 -0.8869808 0.4482353 0.1111323 -0.8869858 0.4482246 0.1111349 -0.8870433 0.4481034 0.1111645 -0.9682804 0.2184287 0.1213349 -0.9733461 0.2184299 -0.06989902 -0.9733487 0.2184182 -0.06989794 -0.9733796 0.218285 -0.06988584 -0.9971443 -0.02400231 -0.07160443 -0.9640097 -0.02400577 -0.2647814 -0.9640104 -0.02400219 -0.264779 -0.9640184 -0.02396214 -0.2647534 -0.2729132 0.9325475 0.2363762 -0.313783 0.9325553 0.1785522 -0.3137842 0.9325547 0.1785533 -0.3137979 0.9325476 0.1785662 -0.5019532 0.8163712 0.2856242 -0.5480312 0.8163641 0.1822399 -0.5480336 0.8163627 0.1822391 -0.5480605 0.8163468 0.1822298 -0.720014 0.6513504 0.2394211 -0.752883 0.6513541 0.09436607 -0.7528815 0.6513563 0.09436428 -0.7528621 0.6513816 0.09434407 -0.8870486 0.4480922 0.1111673 -0.8916941 0.44809 -0.06400841 -0.8916877 0.4481023 -0.06401067 -0.8916152 0.4482431 -0.06403666 -0.9733824 0.2182729 -0.06988477 -0.9410405 0.2182733 -0.2584562 -0.9410369 0.218289 -0.2584561 -0.9409958 0.2184676 -0.2584549 -0.9640192 -0.02395856 -0.2647511 -0.8938462 -0.02396094 -0.4477332 -0.8938457 -0.02395468 -0.4477342 -0.8938415 -0.02388489 -0.4477467 -0.3137993 0.9325469 0.1785675 -0.3426037 0.9325435 0.1139532 -0.3426046 0.9325436 0.1139497 -0.3426149 0.9325447 0.1139104 -0.5480631 0.8163452 0.1822289 -0.5730806 0.8163471 0.07180726 -0.5730781 0.8163488 0.07180762 -0.5730497 0.8163683 0.07181149 -0.7528603 0.6513839 0.09434217 -0.756802 0.651381 -0.05434691 -0.7568035 0.6513792 -0.05434775 -0.7568202 0.6513592 -0.05435734 -0.8916085 0.4482561 -0.06403905 -0.8619827 0.4482574 -0.2367514 -0.8619866 0.4482492 -0.2367531 -0.8620303 0.4481549 -0.2367724 -0.9409921 0.2184838 -0.2584548 -0.8724892 0.2184773 -0.43707 -0.8724937 0.2184612 -0.4370694 -0.8725432 0.2182776 -0.4370623 -0.8938411 -0.02387869 -0.4477478 -0.7893016 -0.02389425 -0.6135406 -0.7893029 -0.02389836 -0.6135388 -0.7893172 -0.02394455 -0.6135187 -0.3426159 0.9325448 0.1139064 -0.3582619 0.9325408 0.04490327 -0.3582625 0.9325405 0.04490298 -0.358269 0.9325382 0.04489934 -0.5730469 0.8163703 0.07181185 -0.5760451 0.8163707 -0.04136413 -0.5760433 0.816372 -0.04136419 -0.5760225 0.8163867 -0.04136532 -0.7568216 0.6513572 -0.05435824 -0.7316759 0.6513619 -0.2009429 -0.7316801 0.6513564 -0.2009457 -0.7317275 0.6512933 -0.2009779 -0.8620343 0.4481462 -0.2367741 -0.7993025 0.4481521 -0.4003437 -0.7993003 0.4481537 -0.4003465 -0.7992746 0.4481713 -0.4003784 -0.8725476 0.218261 -0.4370616 -0.7705175 0.2182639 -0.5988854 -0.7705146 0.2182761 -0.5988849 -0.77048 0.218414 -0.5988789 -0.7893184 -0.02394866 -0.6135169 -0.6544461 -0.02396905 -0.7557286 -0.6544468 -0.02397316 -0.755728 -0.6544539 -0.02401942 -0.7557204 -0.3582697 0.9325379 0.04489898 -0.36014 0.9325398 -0.02586269 -0.3601406 0.9325395 -0.02586257 -0.3601474 0.932537 -0.02586066 -0.5760204 0.816388 -0.04136544 -0.5568875 0.8163836 -0.1529519 -0.5568877 0.8163837 -0.1529505 -0.55689 0.816385 -0.152935 -0.731732 0.6512873 -0.200981 -0.6784687 0.6512919 -0.3398519 -0.6784607 0.6513005 -0.339851 -0.6783704 0.6513993 -0.3398419 -0.7992721 0.4481729 -0.4003813 -0.7057768 0.4481702 -0.5486553 -0.7057792 0.448169 -0.5486533 -0.7058072 0.4481544 -0.5486291 -0.7704769 0.2184265 -0.5988784 -0.6388434 0.2184206 -0.7376799 -0.6388413 0.2184242 -0.7376806 -0.6388185 0.2184643 -0.7376886 -0.6544545 -0.02402353 -0.7557197 -0.4944253 -0.02403563 -0.8688877 -0.4944278 -0.02404356 -0.8688861 -0.4944555 -0.02413254 -0.8688679 -0.3601481 0.9325367 -0.02586048 -0.3481765 0.9325387 -0.09562891 -0.3481771 0.9325385 -0.09562838 -0.3481839 0.9325366 -0.09562242 -0.5568903 0.8163852 -0.1529335 -0.5163469 0.8163888 -0.2586413 -0.5163484 0.8163874 -0.2586432 -0.5163648 0.8163701 -0.2586647 -0.6783618 0.6514087 -0.3398411 -0.5990388 0.651395 -0.4656577 -0.5990432 0.6513926 -0.4656554 -0.5990929 0.6513653 -0.4656297 -0.7058098 0.448153 -0.5486268 -0.5852393 0.4481865 -0.6757395 -0.585237 0.4481827 -0.675744 -0.5852106 0.4481392 -0.6757956 -0.6388164 0.2184679 -0.7376892 -0.4826328 0.2184557 -0.8481408 -0.4826325 0.2184564 -0.8481407 -0.4826301 0.2184643 -0.8481401 -0.4944579 -0.02414041 -0.8688663 -0.3154371 -0.02411091 -0.9486401 -0.3154368 -0.02410495 -0.9486405 -0.3154328 -0.02403855 -0.9486435 -0.3481845 0.9325364 -0.09562182 -0.3228342 0.9325392 -0.1617057 -0.3228321 0.9325395 -0.1617081 -0.3228081 0.9325433 -0.1617347 -0.5163664 0.8163684 -0.2586668 -0.4559866 0.8163602 -0.3544466 -0.4559851 0.8163612 -0.3544464 -0.4559671 0.816372 -0.3544444 -0.5990976 0.6513627 -0.4656272 -0.4967269 0.6513566 -0.5735826 -0.4967283 0.651354 -0.5735843 -0.4967437 0.651325 -0.573604 -0.5852082 0.4481352 -0.6758004 -0.4421563 0.4481579 -0.7769507 -0.4421548 0.4481585 -0.7769511 -0.4421371 0.4481664 -0.7769567 -0.4826299 0.2184651 -0.8481401 -0.3079027 0.2184685 -0.9259955 -0.3079006 0.2184712 -0.9259955 -0.3078766 0.2185028 -0.9259961 -0.3154324 -0.02403265 -0.9486437 -0.3228057 0.9325436 -0.1617374 -0.2850669 0.9325559 -0.2215322 -0.2850659 0.932556 -0.2215328 -0.2850559 0.9325575 -0.2215399 -0.4559653 0.8163731 -0.3544442 -0.3780673 0.8163893 -0.4365475 -0.3780641 0.8163895 -0.43655 -0.3780283 0.8163909 -0.4365785 -0.4967452 0.6513222 -0.5736058 -0.3752943 0.6513368 -0.6594805 -0.3752914 0.6513354 -0.6594837 -0.3752564 0.6513182 -0.6595205 -0.4421355 0.4481672 -0.7769573 -0.2820706 0.4481917 -0.8482691 -0.2820708 0.4481818 -0.8482743 -0.2820736 0.448068 -0.8483334 -0.3078744 0.2185057 -0.9259961 -0.2850549 0.9325575 -0.2215406 -0.236354 0.9325693 -0.2728579 -0.2363549 0.9325673 -0.2728638 -0.2363649 0.9325457 -0.272929 -0.3780248 0.8163909 -0.4365813 -0.2856146 0.8164106 -0.5018947 -0.285616 0.8164077 -0.5018984 -0.285633 0.8163756 -0.5019412 -0.375253 0.6513166 -0.659524 -0.2394239 0.651363 -0.7200017 -0.2394207 0.6513631 -0.7200027 -0.2393839 0.6513639 -0.7200142 -0.2820738 0.4480575 -0.8483389 -0.2363659 0.9325435 -0.2729356 -0.1785733 0.932552 -0.3137809 -0.178573 0.9325509 -0.3137847 -0.1785695 0.9325374 -0.3138264 -0.2856346 0.8163723 -0.5019453 -0.1822129 0.8163936 -0.5479964 -0.1822134 0.8163915 -0.5479993 -0.1822198 0.8163684 -0.5480315 -0.2393804 0.651364 -0.7200154 -0.1785691 0.932536 -0.3138306 -0.1139178 0.9325401 -0.3426247 -0.1139184 0.9325419 -0.34262 -0.113925 0.9325605 -0.3425671 -0.1822204 0.8163663 -0.5480347 -0.1139256 0.9325624 -0.3425617 0.6384756 0 0.7696422 0.6384727 0 0.7696445 0.6384754 0 0.7696423 0.6384725 0 0.7696447 0.8041141 0 0.5944752 0.8041136 0 0.5944756 0.9230186 0 0.3847555 0.988273 0 0.1526979 0.9882727 0 0.1526991 0.9960995 0 -0.08823752 0.9960995 0 -0.08823806 0.9460402 0 -0.3240495 0.8410112 0 -0.5410178 0.8410093 0 -0.5410208 0.6870535 0 -0.726607 0.6870496 0 -0.7266106 0.4932344 0 -0.8698965 0.4932511 -1.62677e-6 -0.8698871 0.2706127 -1.62645e-6 -0.9626883 0.2705926 0 -0.9626939 0.03244781 0 -0.9994735 0.03244131 0 -0.9994737 -0.20765 0 -0.9782032 -0.2076503 0 -0.9782031 -0.4357274 0 -0.9000788 -0.4357267 0 -0.900079 -0.4357273 0 -0.9000788 -0.4357267 0 -0.9000791 -0.6384998 0 -0.769622 -0.6384851 0 -0.7696342 -0.8041093 0 -0.5944815 -0.8041018 0 -0.5944918 -0.8041011 0 -0.5944926 -0.8041099 0 -0.5944807 -0.9230139 0 -0.3847666 -0.9230175 0 -0.3847582 -0.9230178 0 -0.3847575 -0.9230136 0 -0.3847674 -0.988273 4.52583e-6 -0.1526979 -0.9882789 3.54113e-7 -0.1526597 -0.9882794 0 -0.1526564 -0.9882725 4.87994e-6 -0.1527011 -0.996096 2.95086e-7 0.0882768 -0.9960993 3.77139e-6 0.08823943 -0.9960997 4.06648e-6 0.08823627 -0.9960958 0 0.08828002 -0.9460343 0 0.3240668 -0.9460366 0 0.3240597 -0.9460369 0 0.3240591 -0.946034 0 0.3240674 -0.8409876 3.77151e-6 0.5410545 -0.8409782 2.95094e-7 0.5410693 -0.8409773 0 0.5410706 -0.8409883 4.06661e-6 0.5410532 -0.6870605 2.36074e-7 0.7266003 -0.6870668 3.01732e-6 0.7265943 -0.6870673 3.25341e-6 0.7265938 -0.6870599 0 0.7266008 -0.4932073 0 0.8699118 -0.4932085 0 0.8699111 -0.4932087 0 0.8699111 -0.4932072 0 0.8699119 -0.2706973 0 0.9626646 -0.2707116 0 0.9626606 -0.2707127 0 0.9626602 -0.2706961 0 0.9626649 -0.0324524 0 0.9994733 -0.03243017 0 0.999474 -0.03242832 0 0.9994741 -0.03245431 0 0.9994732 0.2076932 -7.54324e-7 0.978194 0.2076643 0 0.9782002 0.2076619 0 0.9782007 0.2076956 -8.13345e-7 0.9781936 0.4357274 -2.03328e-6 0.9000787 0.4357435 0 0.900071 0 1 7.06015e-5 0 1 -9.46231e-6 -5.45139e-7 1 2.84861e-7 -7.54673e-7 1 2.3668e-6 -5.23631e-7 1 -3.8381e-6 -1.20792e-6 1 9.57177e-7 -1.12199e-6 1 -5.09431e-5 -4.77597e-7 1 -7.80678e-7 0 1 3.39593e-6 0 1 6.34618e-6 0 1 -1.49794e-5 0 1 -1.24678e-5 0 1 6.30876e-6 0 1 -1.40458e-6 0 1 -9.46471e-6 0 1 4.86771e-6 0 1 -7.3111e-6 0 1 -4.1009e-6 0 1 -4.30707e-6 7.57207e-7 1 4.62781e-6 2.04146e-6 1 5.70043e-7 4.87054e-7 1 3.86218e-6 1.07632e-6 1 0 -2.2156e-7 1 1.40209e-7 -1.06316e-6 1 -4.64528e-7 -6.98146e-7 1 0 -1.65809e-6 1 3.09309e-5 1.21345e-6 1 -4.2089e-6 0 1 1.51038e-7 2.01038e-6 1 -3.00162e-6 0 1 1.39819e-6 1.47699e-7 1 4.82062e-7 0 1 2.3076e-5 0 1 0 1.23425e-7 1 -1.79892e-6 2.94104e-7 1 -9.41795e-7 0 1 1.60672e-6 -5.3277e-7 1 0 0 1 -1.4059e-6 -6.75239e-7 1 -4.27437e-7 -7.76632e-6 1 -2.25202e-6 -9.98472e-7 1 -2.3326e-6 -1.81837e-6 1 -2.26577e-5 -1.33959e-6 1 -2.80422e-7 2.17406e-7 1 1.33749e-6 -4.41877e-7 1 0 5.65645e-7 1 4.75047e-7 -1.53829e-7 1 5.97799e-7 -1.05216e-6 1 -2.95205e-7 -9.56171e-7 1 -3.74154e-7 -9.05072e-7 1 2.00015e-7 -8.15198e-7 1 2.53578e-6 -7.15064e-7 1 7.32201e-6 -4.90103e-7 1 3.88355e-6 -1.24509e-6 1 2.92532e-6 -1.68737e-7 1 0 -1.74799e-7 1 -1.51856e-5 -1.22544e-6 1 3.7699e-6 1.43665e-5 1 -2.53988e-6 -7.62288e-7 1 -2.51181e-5 2.71175e-7 1 1.41069e-6 0 1 -4.45932e-7 3.52853e-7 1 -3.33344e-6 2.76602e-7 1 1.34482e-6 4.78258e-7 1 -1.34797e-6 -1.04505e-6 1 -1.25758e-5 -6.00558e-6 1 -3.53051e-5 -1.4418e-7 1 1.55311e-5 6.16226e-7 1 0 0 1 -8.14446e-6 1.43471e-6 1 0 1.072e-6 1 7.92681e-6 2.42655e-6 1 0 2.22363e-6 1 8.59014e-6 2.65906e-7 1 4.44255e-7 3.48717e-7 1 0 3.20637e-7 1 1.26158e-6 2.94074e-7 1 0 2.36915e-7 1 0 3.75858e-7 1 3.07033e-6 1.66591e-7 1 -8.70681e-6 4.44538e-7 1 7.435e-7 5.44123e-7 1 4.96643e-6 0 1 -3.38753e-6 7.47126e-7 1 -7.82895e-6 0 -1 -1.68298e-6 -1.49523e-7 -1 1.05561e-6 0 -1 -2.44201e-6 -2.64841e-7 -1 0 0 -1 1.02788e-6 -1.99703e-6 -1 -4.15857e-6 0 -1 3.81627e-6 -1.24175e-6 -1 -2.18374e-6 1.05848e-6 -1 2.39871e-6 1.73045e-6 -1 2.04883e-5 4.10805e-7 -1 2.94361e-6 0 -1 -7.06115e-5 0 -1 2.09993e-5 0 -1 5.25634e-6 0 -1 3.75188e-6 7.65006e-7 -1 -2.38955e-5 0 -1 1.4446e-6 7.88373e-7 -1 5.7001e-7 -5.18528e-7 -1 -4.67621e-6 1.51012e-6 -1 5.74511e-6 1.48655e-5 -1 2.11202e-5 0 -1 -3.30738e-6 -1.20468e-6 -1 -5.20206e-6 5.57463e-7 -1 6.04594e-6 9.54579e-7 -1 0 9.79914e-7 -1 1.31212e-6 1.13294e-6 -1 7.44171e-7 8.16357e-7 -1 4.50392e-6 8.27305e-7 -1 -1.88571e-6 6.0221e-7 -1 -1.90019e-7 1.32576e-6 -1 2.63949e-7 3.32101e-7 -1 -1.01525e-5 2.3829e-7 -1 -2.60028e-6 1.49198e-6 -1 3.90142e-6 -1.315e-5 -1 0 -2.32352e-7 -1 1.0337e-6 -1.19982e-6 -1 4.26727e-6 -1.30667e-7 -1 0 -2.78989e-7 -1 8.07913e-7 -4.22609e-7 -1 1.667e-6 1.04505e-6 -1 0 6.00558e-6 -1 0 -2.69548e-7 -1 2.45339e-6 5.48658e-7 -1 1.49605e-6 3.07939e-7 -1 2.28635e-6 5.61843e-7 -1 3.92724e-6 8.00694e-7 -1 7.53507e-7 1.25926e-6 -1 0 0 -1 5.76935e-6 4.89517e-7 -1 2.97185e-6 0 -1 2.7081e-7 0 -1 1.80333e-6 0 -1 0 0 -1 1.65975e-7 0 -1 4.28229e-6 0 -1 -2.22042e-6 0 -1 5.53243e-6 0 -1 -1.7342e-6 0 -1 2.00015e-7 -6.16229e-7 -1 1.7069e-6 0 -1 -7.3214e-6 -2.30312e-6 -1 -1.98239e-5 -4.52975e-7 -1 2.49682e-6 -8.9971e-7 -1 6.15312e-6 0 -1 2.41141e-5 0 -1 3.53107e-5 -7.39031e-7 -1 0 1.45851e-7 -1 -7.99651e-6 -1.4504e-6 -1 -3.39357e-6 -9.74522e-7 -1 1.2496e-6 -2.78548e-6 -1 -8.7054e-6 -2.50966e-6 -1 2.08047e-6 -2.36186e-7 -1 1.09923e-6 -3.77543e-7 -1 0 -2.93722e-7 -1 1.27375e-6 -3.21248e-7 -1 0 -2.66335e-7 -1 5.97825e-6 -3.47662e-7 -1 1.3591e-7 -2.04018e-7 -1 3.96726e-6 -4.08708e-7 -1 0 -4.88243e-7 -1 -8.39871e-6 -1.20687e-7 -1 0 -6.22614e-7 -1 3.38137e-7 0 -1 0 0.6122883 0 0.7906346 0.6122902 0 0.7906331 0.6122885 0 0.7906344 0.6122905 0 0.790633 0.7403002 0 0.6722764 0.7402993 0 0.6722775 0.7403002 0 0.6722766 0.7402992 0 0.6722776 0.8457747 0 0.5335404 0.8457745 0 0.5335407 0.8457746 0 0.5335404 0.8457745 0 0.5335408 0.9255719 0 0.3785719 0.9772592 0 0.2120482 0.977259 0 0.2120494 0.9772593 0 0.2120484 0.9772589 0 0.2120495 0.9992325 0 0.03917193 0.9992325 0 0.03917187 0.9992325 0 0.03917187 0.9992325 0 0.03917181 0.9908568 0 -0.134918 0.9908535 -3.80482e-6 -0.1349421 0.9908564 -4.69506e-7 -0.134921 0.9908531 -4.27433e-6 -0.134945 0.9523482 -4.2743e-6 -0.305013 0.9523558 -4.69508e-7 -0.3049894 0.9523493 -3.8048e-6 -0.3050101 0.9523568 0 -0.3049865 0.8849381 0 -0.465709 0.8849388 0 -0.4657074 0.8849381 0 -0.4657087 0.884939 0 -0.4657072 0.7906734 0 -0.6122382 0.7906637 -3.8047e-6 -0.6122506 0.7906723 -4.69506e-7 -0.6122398 0.7906627 -4.2742e-6 -0.6122522 0.6722636 -2.13713e-6 -0.7403119 0.6722739 -2.34753e-7 -0.7403026 0.6722649 -1.90238e-6 -0.7403107 0.6722752 0 -0.7403014 0.5335801 0 -0.8457496 0.5335819 0 -0.8457485 0.5335803 0 -0.8457494 0.5335821 0 -0.8457484 0.3785434 0 -0.9255836 0.378544 0 -0.9255833 0.3785434 0 -0.9255836 0.3785442 0 -0.9255833 0.2120399 0 -0.9772611 0.2120375 0 -0.9772616 0.2120396 0 -0.9772611 0.2120372 0 -0.9772616 0.03918874 0 -0.9992318 0.03918868 0 -0.9992318 0.03918874 0 -0.9992318 0.03918868 0 -0.9992318 -0.1349548 0 -0.9908518 -0.1349584 0 -0.9908514 -0.1349552 0 -0.9908518 -0.1349588 0 -0.9908512 -0.304982 0 -0.9523581 -0.3049852 0 -0.9523571 -0.3049824 0 -0.952358 -0.3049855 0 -0.952357 -0.4656836 0 -0.8849513 -0.4656859 0 -0.8849502 -0.4656839 0 -0.8849512 -0.4656861 0 -0.8849501 -0.5410587 0 -0.8409848 -0.5410583 0 -0.8409852 -0.5410583 0 -0.8409852 -0.6122915 0 -0.7906322 -0.6123 0 -0.7906255 -0.6122925 0 -0.7906314 -0.6123012 0 -0.7906247 -0.7402765 0 -0.6723027 -0.7402828 0 -0.6722956 -0.7402772 0 -0.6723018 -0.7402836 0 -0.6722947 -0.8457818 0 -0.533529 -0.8457819 0 -0.5335291 -0.9255821 0 -0.3785471 -0.9255821 0 -0.3785471 -0.9772507 0 -0.2120879 -0.9772505 0 -0.2120883 -0.9772506 0 -0.2120879 -0.9772506 0 -0.2120884 -0.9992336 0 -0.03914564 -0.9992326 4.28033e-6 -0.03916943 -0.9992334 5.28192e-7 -0.03914862 -0.9992325 4.80852e-6 -0.03917235 -0.9908529 4.80868e-6 0.1349465 -0.9908497 5.28198e-7 0.1349706 -0.9908525 4.28048e-6 0.1349495 -0.9908492 0 0.1349736 -0.9523674 0 0.3049531 -0.952368 0 0.3049513 -0.9523674 0 0.3049529 -0.952368 0 0.3049511 -0.8849453 0 0.4656953 -0.8849421 0 0.4657011 -0.8849448 0 0.4656959 -0.8849417 0 0.4657019 -0.7906348 0 0.612288 -0.7906291 0 0.6122954 -0.7906341 0 0.612289 -0.7906284 0 0.6122963 -0.6722821 0 0.7402951 -0.6722989 0 0.7402799 -0.6722842 0 0.7402932 -0.6723009 0 0.7402781 -0.5335122 0 0.8457923 -0.5335102 0 0.8457937 -0.533512 0 0.8457926 -0.53351 0 0.8457939 -0.3785824 0 0.9255676 -0.3785781 1.42684e-6 0.9255694 -0.3785819 1.76066e-7 0.9255678 -0.3785775 1.60291e-6 0.9255696 -0.2120867 1.06855e-6 0.9772508 -0.2120667 0 0.9772553 -0.2120842 9.51175e-7 0.9772515 -0.2120642 0 0.9772558 -0.03915351 0 0.9992333 -0.03915345 0 0.9992333 -0.03915351 0 0.9992333 -0.03915345 0 0.9992333 0.1349296 0 0.9908552 0.1349444 0 0.9908532 0.1349315 0 0.990855 0.1349462 0 0.990853 0.3049668 0 0.9523631 0.304953 0 0.9523674 0.3049651 0 0.9523636 0.3049513 0 0.952368 0.4657062 0 0.8849395 0.4656926 0 0.8849467 0.4657045 0 0.8849403 0.4656909 0 0.8849474 0.5410583 0 0.8409852 0.5410583 0 0.8409851 0.5410589 0 0.8409848 0.5410589 0 0.8409847 0.6384956 0 0.7696255 0.6384853 0 0.7696341 0.8041099 0 0.5944807 0.8041103 0 0.5944802 0.8041102 0 0.5944802 0.8041099 0 0.5944807 0.9230319 0 0.3847234 0.9230289 0 0.3847307 0.9230287 0 0.3847314 0.9230322 0 0.3847228 0.9882718 0 0.1527048 0.9882723 0 0.1527028 0.9882723 0 0.1527026 0.9882719 0 0.152705 0.9960961 -3.77148e-6 -0.0882768 0.9960993 -2.95095e-7 -0.08823949 0.9960997 0 -0.08823633 0.9960958 -4.06657e-6 -0.08827996 0.9460361 -2.95086e-7 -0.3240612 0.9460274 -3.7714e-6 -0.3240867 0.9460266 -4.06648e-6 -0.3240889 0.9460369 0 -0.3240591 0.8409885 0 -0.541053 0.8409886 0 -0.5410531 0.6870476 0 -0.7266125 0.6870589 0 -0.7266017 0.6870599 0 -0.7266008 0.6870466 0 -0.7266134 0.4932084 0 -0.8699112 0.493224 0 -0.8699023 0.4932254 0 -0.8699015 0.4932071 0 -0.869912 0.2706978 0 -0.9626644 0.2707185 0 -0.9626586 0.2707203 0 -0.9626581 0.2706961 0 -0.9626649 0.03245615 0 -0.9994732 0.03247839 0 -0.9994724 0.03248029 0 -0.9994724 0.03245431 0 -0.9994732 -0.2077102 0 -0.9781905 -0.2076886 0 -0.978195 -0.2076868 0 -0.9781954 -0.207712 0 -0.9781901 -0.4357274 0 -0.9000787 -0.4357404 0 -0.9000724 -0.638501 0 -0.769621 -0.6385039 0 -0.7696186 -0.6385012 0 -0.7696208 -0.638504 0 -0.7696185 -0.804132 0 -0.5944508 -0.8041328 0 -0.5944498 -0.9229998 0 -0.3848004 -0.9230012 0 -0.3847975 -0.9882786 0 -0.1526613 -0.9882786 0 -0.1526615 -0.9961033 0 0.08819502 -0.9961032 0 0.08819556 -0.9460389 0 0.3240535 -0.8409148 0 0.5411677 -0.8409125 0 0.5411712 -0.687171 0 0.7264958 -0.6871672 0 0.7264994 -0.4931084 0 0.869968 -0.4931126 0 0.8699656 -0.2707373 0 0.9626533 -0.2707429 0 0.9626517 0.2076628 0 0.9782006 0.2076476 -8.13386e-7 0.9782037 0.4357485 -1.62661e-6 0.9000685 0.435743 0 0.9000712 0.4357481 -1.50857e-6 0.9000687 0.4357425 0 0.9000714 0.6384548 0 0.7696594 0.6384541 0 0.7696601 0.6384547 0 0.7696594 0.638454 0 0.7696601 0.804135 0 0.5944468 0.8041331 0 0.5944494 0.9230262 0 0.3847373 0.9230256 0 0.3847389 0.9882666 0 0.1527392 0.9960958 0 -0.08827912 0.9960958 0 -0.08827906 0.9460532 0 -0.3240115 0.9460527 0 -0.3240127 0.8409912 0 -0.5410489 0.8409916 0 -0.5410483 0.6870725 0 -0.7265889 0.6870729 0 -0.7265885 0.4932471 0 -0.8698893 0.4932527 0 -0.8698862 0.2705877 0 -0.9626954 0.2705903 0 -0.9626946 0.03244119 0 -0.9994737 0.03244763 0 -0.9994735 -0.2076473 0 -0.9782038 -0.2076407 0 -0.9782052 -0.4357254 0 -0.9000796 -0.4357255 0 -0.9000797 -0.6384786 0 -0.7696396 -0.6384628 0 -0.7696527 -0.8041101 0 -0.5944804 -0.8041173 0 -0.5944707 -0.8041179 0 -0.5944699 -0.8041096 0 -0.5944813 -0.9230136 0 -0.3847674 -0.9230169 0 -0.3847596 -0.9230172 0 -0.3847588 -0.9230133 0 -0.3847681 -0.9882724 0 -0.1527014 -0.9882724 0 -0.1527016 -0.9882724 0 -0.1527016 -0.9882724 0 -0.1527014 -0.9960958 0 0.08828002 -0.996096 0 0.08827817 -0.9960959 0 0.08827799 -0.9960957 0 0.0882802 -0.9460355 4.52585e-6 0.324063 -0.9460246 3.54107e-7 0.3240949 -0.9460237 0 0.3240976 -0.9460365 4.87996e-6 0.3240604 -0.840995 4.00751e-6 0.5410431 -0.840988 3.3123e-6 0.5410539 -0.8409873 3.25329e-6 0.5410547 -0.8409956 4.06652e-6 0.5410422 -0.6870536 2.36071e-7 0.7266067 -0.687071 3.01711e-6 0.7265903 -0.6870725 3.25318e-6 0.7265889 -0.6870522 0 0.7266082 -0.4932213 1.88585e-6 0.869904 -0.4932063 1.47546e-7 0.8699125 -0.493205 0 0.8699131 -0.4932225 2.0334e-6 0.8699032 -0.2706845 0 0.9626682 -0.2706879 1.13144e-6 0.9626672 -0.2706882 1.21997e-6 0.9626671 -0.2706843 0 0.9626682 -0.0324555 0 0.9994732 -0.03245556 0 0.9994732 -0.03245556 0 0.9994732 -0.0324555 0 0.9994733 0.2076612 0 0.9782008 0.2076615 0 0.9782008 0.2076612 0 0.9782009 0.4357473 0 0.9000691 0 1 -5.76936e-6 -5.45143e-7 1 3.61072e-7 -7.54674e-7 1 -3.69668e-6 -5.23633e-7 1 2.03795e-6 -1.20792e-6 1 -8.49428e-6 -1.122e-6 1 2.62623e-5 -4.77593e-7 1 -5.19965e-6 0 1 3.46227e-6 0 1 1.81096e-6 0 1 -1.31215e-5 0 1 3.36383e-5 0 1 -1.53917e-7 0 1 -6.10721e-6 0 1 -2.7779e-6 0 1 1.81332e-6 0 1 -1.6188e-6 0 1 -4.18037e-7 0 1 3.93603e-7 7.57214e-7 1 3.77133e-6 2.04138e-6 1 3.80038e-7 4.87079e-7 1 1.46594e-6 1.07625e-6 1 1.01527e-5 -2.2156e-7 1 1.44757e-5 -1.06314e-6 1 -1.56071e-6 -6.98146e-7 1 -1.98409e-5 -1.65809e-6 1 -2.22265e-6 1.21345e-6 1 1.03371e-6 0 1 -1.57729e-6 2.01039e-6 1 0 0 1 5.90299e-7 1.47698e-7 1 -6.92304e-7 0 1 2.30759e-5 0 1 0 1.23419e-7 1 3.66488e-7 2.94106e-7 1 -3.52683e-6 0 1 1.07112e-6 -5.32793e-7 1 -1.77361e-6 0 1 4.31567e-6 -6.75244e-7 1 3.81307e-6 -7.76782e-6 1 -3.3325e-5 -9.9847e-7 1 4.61743e-7 -1.81842e-6 1 -2.26578e-5 -1.33956e-6 1 0 2.17394e-7 1 -1.46687e-6 -4.4187e-7 1 3.91768e-6 5.65624e-7 1 6.43922e-6 -1.53828e-7 1 -1.71312e-6 -1.05217e-6 1 0 -9.5617e-7 1 9.85726e-7 -9.05066e-7 1 2.00013e-7 -8.15195e-7 1 1.78829e-7 -7.15059e-7 1 0 -4.901e-7 1 -1.73245e-7 -1.2451e-6 1 -5.03336e-7 -1.68692e-7 1 0 -1.74789e-7 1 1.206e-7 -1.22544e-6 1 6.10618e-7 1.43652e-5 1 0 -7.61922e-7 1 -2.50566e-5 2.71165e-7 1 0 0 1 3.23424e-6 3.52863e-7 1 -3.54286e-6 2.76616e-7 1 3.02427e-6 4.78266e-7 1 -9.61643e-7 -1.04504e-6 1 1.15375e-5 -6.00579e-6 1 0 -1.44149e-7 1 3.40945e-6 6.1623e-7 1 -1.2764e-5 0 1 1.1755e-6 1.43472e-6 1 1.02994e-5 1.07201e-6 1 1.73951e-6 2.42665e-6 1 0 2.22375e-6 1 9.84007e-6 2.65905e-7 1 -7.61171e-7 3.4872e-7 1 0 3.20629e-7 1 -3.15895e-6 2.9407e-7 1 5.40588e-6 2.36916e-7 1 4.22211e-6 3.75854e-7 1 2.67243e-6 1.66596e-7 1 0 4.44546e-7 1 -1.32884e-6 5.44112e-7 1 -3.97476e-6 0 1 0 7.47109e-7 1 -7.53959e-6 0 -1 -5.85638e-7 -1.49522e-7 -1 -3.29293e-7 0 -1 -1.33959e-6 -2.64845e-7 -1 -1.13681e-6 0 -1 1.39822e-6 -1.99706e-6 -1 -4.42986e-6 0 -1 -1.13893e-5 -1.24177e-6 -1 -2.18377e-6 1.05849e-6 -1 3.46756e-6 1.73039e-6 -1 3.00964e-5 4.1081e-7 -1 -3.52495e-6 0 -1 7.05866e-5 0 -1 2.07608e-6 0 -1 2.09547e-6 0 -1 -1.0743e-6 7.65027e-7 -1 3.67362e-6 0 -1 -5.41473e-6 7.88397e-7 -1 -1.0636e-6 -5.18525e-7 -1 -4.87363e-6 1.51009e-6 -1 2.7045e-6 1.48686e-5 -1 8.25926e-5 0 -1 -3.46825e-6 -1.20464e-6 -1 -2.86633e-6 5.57523e-7 -1 -6.53823e-6 9.54582e-7 -1 -1.81325e-6 9.79915e-7 -1 -1.94255e-6 1.13292e-6 -1 -2.10306e-6 8.16354e-7 -1 -3.936e-7 8.27293e-7 -1 -2.05817e-6 6.02242e-7 -1 0 1.32576e-6 -1 1.32779e-6 3.32082e-7 -1 0 2.38279e-7 -1 2.80427e-7 1.49201e-6 -1 2.69663e-6 0 -1 2.26598e-5 -1.31482e-5 -1 2.31673e-6 -2.32364e-7 -1 -1.01162e-6 -1.19975e-6 -1 0 -1.30681e-7 -1 -8.73966e-7 -2.79003e-7 -1 2.84139e-6 -4.22615e-7 -1 1.34798e-6 1.04504e-6 -1 1.25756e-5 6.00579e-6 -1 3.53048e-5 -2.69547e-7 -1 -9.41025e-7 5.48662e-7 -1 1.25595e-6 3.0794e-7 -1 4.38986e-7 5.61843e-7 -1 2.82968e-6 8.00695e-7 -1 -4.26648e-7 1.25925e-6 -1 -2.8179e-7 0 -1 -1.15387e-5 4.89513e-7 -1 -1.71864e-7 0 -1 3.34829e-5 0 -1 2.67984e-6 0 -1 2.26578e-5 0 -1 -2.70567e-6 0 -1 -2.33884e-7 0 -1 -1.01524e-5 0 -1 -1.90014e-7 0 -1 -1.37113e-6 0 -1 4.60231e-6 0 -1 -2.52199e-6 0 -1 4.92113e-6 -6.16208e-7 -1 -4.42139e-6 -2.30312e-6 -1 -8.57666e-6 -4.52962e-7 -1 -1.15315e-6 -8.99708e-7 -1 -3.41906e-6 0 -1 2.20381e-5 0 -1 -3.53082e-5 -7.39076e-7 -1 0 1.45815e-7 -1 -3.7514e-6 -1.45039e-6 -1 -3.39598e-6 -9.74597e-7 -1 -4.65483e-7 -2.78551e-6 -1 -8.70524e-6 -2.50978e-6 -1 2.09963e-6 -2.36186e-7 -1 -1.0297e-6 -3.77542e-7 -1 4.22349e-6 -2.93724e-7 -1 -3.75114e-7 -3.21245e-7 -1 4.65692e-7 -2.66336e-7 -1 -4.53748e-6 -3.47657e-7 -1 0 -2.04022e-7 -1 0 -4.08714e-7 -1 0 -4.88257e-7 -1 -6.13757e-6 -1.20688e-7 -1 0 -6.22596e-7 -1 -7.03379e-6 0 -1 0 0.6122961 0 0.7906286 0.6122961 0 0.7906286 0.7403001 0 0.6722767 0.7403005 0 0.6722761 0.7403001 0 0.6722766 0.7403006 0 0.6722761 0.8457609 0 0.5335621 0.8457626 0 0.5335594 0.8457611 0 0.5335618 0.8457628 0 0.5335591 0.9255809 0 0.3785499 0.9255816 0 0.3785482 0.925581 0 0.3785497 0.9255817 0 0.378548 0.9772564 0 0.2120611 0.9772562 0 0.2120622 0.9772565 0 0.2120612 0.9772562 0 0.2120624 0.9992325 0 0.03917181 0.9908568 0 -0.1349184 0.9908567 0 -0.1349182 0.9908568 0 -0.1349184 0.9908567 0 -0.1349182 0.9523563 0 -0.3049875 0.9523493 -3.80478e-6 -0.3050095 0.9523555 -4.69504e-7 -0.3049902 0.9523485 -4.27428e-6 -0.3050122 0.884928 -4.27431e-6 -0.465728 0.8849369 -4.69501e-7 -0.4657109 0.8849291 -3.80482e-6 -0.4657258 0.884938 0 -0.4657088 0.7906875 0 -0.6122202 0.7906768 -3.80475e-6 -0.6122337 0.7906861 -4.69501e-7 -0.6122218 0.7906756 -4.27425e-6 -0.6122354 0.6722492 -2.13708e-6 -0.7403249 0.6722611 -2.34752e-7 -0.7403141 0.6722507 -1.90233e-6 -0.7403237 0.6722626 0 -0.7403128 0.5335724 0 -0.8457545 0.5335751 0 -0.8457528 0.5335728 0 -0.8457543 0.5335754 0 -0.8457526 0.378556 0 -0.9255784 0.3785438 -9.51183e-7 -0.9255834 0.3785546 0 -0.925579 0.3785423 -1.06856e-6 -0.925584 0.2120392 -1.06853e-6 -0.9772613 0.2120418 0 -0.9772606 0.2120395 -9.51158e-7 -0.9772611 0.2120421 0 -0.9772605 0.03918743 0 -0.9992319 0.03918749 0 -0.9992319 0.03918743 0 -0.9992319 0.03918749 0 -0.9992319 -0.1349542 0 -0.9908519 -0.1349543 0 -0.9908518 -0.1349542 0 -0.9908519 -0.1349543 0 -0.9908519 -0.3049846 0 -0.9523574 -0.3049851 0 -0.9523571 -0.3049847 0 -0.9523574 -0.3049852 0 -0.9523572 -0.4656962 0 -0.8849447 -0.4656966 0 -0.8849444 -0.4656963 0 -0.8849447 -0.4656966 0 -0.8849444 -0.5410587 0 -0.8409849 -0.5410587 0 -0.8409848 -0.6122648 0 -0.7906529 -0.6122657 0 -0.7906522 -0.6122649 0 -0.7906528 -0.6122658 0 -0.790652 -0.7402904 0 -0.6722874 -0.7402908 0 -0.6722868 -0.7402904 0 -0.6722873 -0.8457934 0 -0.5335106 -0.8457891 0 -0.5335175 -0.8457929 0 -0.5335115 -0.8457886 0 -0.5335184 -0.925584 0 -0.3785425 -0.9255841 0 -0.378542 -0.925584 0 -0.3785424 -0.9255841 0 -0.378542 -0.9772504 0 -0.2120889 -0.9992325 0 -0.03917247 -0.9992325 0 -0.03917247 -0.9908528 0 0.1349472 -0.9908531 0 0.134945 -0.9908528 0 0.134947 -0.9908531 0 0.1349447 -0.952359 0 0.3049793 -0.9523597 0 0.3049771 -0.9523591 0 0.304979 -0.9523598 0 0.3049768 -0.8849486 0 0.4656888 -0.8849484 0 0.4656892 -0.8849485 0 0.4656889 -0.8849483 0 0.4656893 -0.7906337 0 0.6122895 -0.7906332 0 0.6122901 -0.7906337 0 0.6122896 -0.7906332 0 0.6122902 -0.6722717 0 0.7403046 -0.6722795 0 0.7402974 -0.6722726 0 0.7403037 -0.6722805 0 0.7402966 -0.5335356 0 0.8457778 -0.533544 0 0.8457723 -0.5335366 0 0.845777 -0.533545 0 0.8457717 -0.3785276 0 0.92559 -0.378541 0 0.9255845 -0.3785292 0 0.9255893 -0.3785427 0 0.9255839 -0.2120913 0 0.9772499 -0.2120913 0 0.9772499 -0.03916937 0 0.9992327 -0.03916931 0 0.9992326 -0.03916937 0 0.9992326 -0.03916931 0 0.9992327 0.1349326 0 0.9908548 0.1349478 0 0.9908527 0.1349345 0 0.9908546 0.1349496 0 0.9908525 0.3049656 0 0.9523634 0.3049799 0 0.9523588 0.3049674 0 0.9523629 0.3049817 0 0.9523583 0.4657053 0 0.88494 0.4657029 0 0.8849412 0.465705 0 0.88494 0.4657026 0 0.8849413 0.5410587 0 0.840985 0.5410587 0 0.8409849 0.5410581 0 0.8409852 0.5410581 0 0.8409852 0.6384994 0 0.7696224 0.6385041 0 0.7696185 0.8041102 0 0.5944805 0.8041173 0 0.5944707 0.8041179 0 0.5944699 0.8041096 0 0.5944813 0.9230136 0 0.3847674 0.9230169 0 0.3847596 0.9230172 0 0.3847588 0.9230133 0 0.3847681 0.9882718 0 0.1527052 0.9882721 0 0.1527034 0.9882721 0 0.1527032 0.9882718 0 0.1527054 0.996096 0 -0.08827817 0.9960958 0 -0.08828002 0.9960957 0 -0.0882802 0.9960959 0 -0.08827799 0.9460466 0 -0.3240308 0.946049 0 -0.3240236 0.9460492 0 -0.324023 0.9460464 0 -0.3240314 0.8409692 0 -0.5410833 0.8409757 0 -0.5410732 0.8409762 0 -0.5410723 0.8409685 0 -0.5410841 0.687074 -3.01712e-6 -0.7265876 0.6870921 -2.36072e-7 -0.7265704 0.6870936 0 -0.7265689 0.6870724 -3.25318e-6 -0.726589 0.4932242 -1.77052e-7 -0.8699022 0.4932268 -2.2628e-6 -0.8699009 0.493227 -2.43985e-6 -0.8699007 0.493224 0 -0.8699024 0.2706833 -1.13139e-6 -0.9626685 0.2706725 0 -0.9626715 0.2706716 0 -0.9626718 0.2706842 -1.21991e-6 -0.9626683 0.03240716 0 -0.9994748 0.03245049 -1.4143e-7 -0.9994733 0.03245419 -1.52495e-7 -0.9994733 0.03240352 0 -0.9994749 -0.2076612 0 -0.9782008 -0.2076615 0 -0.9782008 -0.2076612 0 -0.9782009 -0.4357421 0 -0.9000716 -0.4357557 0 -0.900065 -0.6385102 0 -0.7696135 -0.6385073 0 -0.7696158 -0.6385099 0 -0.7696136 -0.6385071 0 -0.769616 -0.8041492 0 -0.5944276 -0.8041465 0 -0.5944312 -0.9229865 0 -0.3848326 -0.9230003 3.25316e-6 -0.3847993 -0.9882787 6.50663e-6 -0.152661 -0.9882722 0 -0.1527026 -0.9960995 0 0.08823662 -0.9460518 0 0.3240154 -0.9460514 0 0.3240167 -0.8409041 0 0.5411844 -0.687169 0 0.7264977 -0.6871663 0 0.7265002 -0.4930937 0 0.8699762 -0.4930945 0 0.8699759 -0.2707531 0 0.9626489 -0.2707474 0 0.9626504 -0.0324282 0 0.9994741 0.2076532 0 0.9782025 0.2076327 -8.13353e-7 0.9782069 0.4357692 -1.62666e-6 0.9000586 0.4357579 0 0.9000639 0.4357683 -1.50862e-6 0.9000589 0.4357572 0 0.9000643</float_array>
          <technique_common>
            <accessor source="#wheel_loader_v1_062-mesh-normals-array" count="16079" stride="3">
              <param name="X" type="float"/>
              <param name="Y" type="float"/>
              <param name="Z" type="float"/>
            </accessor>
          </technique_common>
        </source>
        <vertices id="wheel_loader_v1_062-mesh-vertices">
          <input semantic="POSITION" source="#wheel_loader_v1_062-mesh-positions"/>
        </vertices>
        <triangles material="main_color-material" count="2928">
          <input semantic="VERTEX" source="#wheel_loader_v1_062-mesh-vertices" offset="0"/>
          <input semantic="NORMAL" source="#wheel_loader_v1_062-mesh-normals" offset="1"/>
          <p>0 0 1 1 2 1 2 1 1 1 3 0 2 2 3 2 4 2 2 2 4 2 5 2 5 3 4 3 6 3 5 4 6 4 7 4 7 5 6 5 8 5 7 6 8 6 9 6 9 7 8 7 10 7 9 8 10 8 11 8 11 9 10 9 12 9 11 9 12 9 13 9 13 10 12 10 14 10 13 11 14 11 15 11 15 12 14 12 16 12 15 12 16 12 17 12 17 13 16 13 18 13 17 13 18 13 19 13 19 14 18 14 20 14 19 14 20 14 21 14 21 15 20 15 22 15 21 15 22 15 23 15 23 16 22 16 24 16 23 17 24 17 25 17 25 18 24 19 26 20 26 20 24 19 27 21 28 22 29 23 30 24 30 24 29 23 31 25 30 26 31 26 32 26 30 27 32 27 33 27 33 28 32 28 34 28 33 29 34 29 35 29 35 30 34 30 36 30 35 30 36 30 37 30 37 31 36 31 38 31 37 31 38 31 39 31 39 32 38 32 40 32 39 32 40 32 41 32 41 33 40 33 42 33 41 34 42 34 43 34 43 35 42 35 44 35 43 36 44 36 45 36 45 37 44 37 46 37 45 37 46 37 47 37 47 38 46 38 48 38 47 38 48 38 49 38 49 39 48 39 50 39 49 40 50 40 51 40 51 41 50 41 52 41 51 41 52 41 53 41 53 42 52 42 54 42 54 42 52 42 55 42 56 43 57 44 58 44 58 44 57 44 59 43 58 45 59 45 60 45 58 46 60 46 61 46 61 47 60 47 62 47 61 48 62 48 63 48 64 49 65 50 66 50 66 50 65 50 67 49 66 51 67 51 68 51 66 2 68 2 69 2 69 52 68 52 70 52 69 52 70 52 71 52 71 53 70 53 72 53 71 53 72 53 73 53 73 54 72 54 74 54 73 55 74 55 75 55 75 56 74 56 76 56 75 57 76 57 77 57 77 58 76 58 78 58 77 58 78 58 79 58 79 59 78 59 80 59 79 59 80 59 81 59 81 60 80 60 82 60 81 60 82 60 83 60 83 61 82 61 84 61 83 62 84 62 85 62 85 63 84 63 86 63 85 63 86 63 87 63 87 41 86 41 88 41 87 41 88 41 89 41 89 64 88 65 90 65 90 65 88 65 91 64 92 66 93 67 94 68 94 68 93 67 95 69 94 70 95 70 96 70 94 71 96 71 97 71 97 72 96 72 98 72 97 73 98 73 99 73 99 74 98 74 100 74 99 75 100 75 101 75 101 76 100 76 102 76 101 76 102 76 103 76 103 77 102 77 104 77 103 78 104 78 105 78 105 79 104 79 106 79 105 79 106 79 107 79 107 80 106 80 108 80 107 81 108 81 109 81 109 82 108 82 110 82 109 83 110 83 111 83 111 84 110 84 112 84 111 85 112 85 113 85 113 86 112 86 114 86 113 87 114 87 115 87 116 0 117 88 118 89 118 89 117 88 119 90 118 91 119 91 120 91 118 2 120 2 121 2 121 92 120 92 122 92 121 93 122 93 123 93 123 94 122 94 124 94 123 6 124 6 125 6 125 95 124 95 126 95 125 96 126 96 127 96 127 97 126 97 128 97 127 98 128 98 129 98 129 10 128 10 130 10 129 11 130 11 131 11 131 99 130 99 132 99 131 100 132 100 133 100 133 101 132 101 134 101 133 102 134 102 135 102 135 14 134 14 136 14 135 103 136 103 137 103 137 104 136 104 138 104 137 105 138 105 139 105 139 106 138 106 140 106 139 107 140 107 141 107 141 108 140 109 142 110 142 110 140 109 143 111 144 112 145 113 146 114 146 114 145 113 147 115 146 116 147 116 148 116 146 117 148 117 149 117 149 118 148 118 150 118 149 119 150 119 151 119 151 120 150 120 152 120 151 121 152 121 153 121 153 122 152 122 154 122 153 31 154 31 155 31 155 32 154 32 156 32 155 123 156 123 157 123 157 124 156 124 158 124 157 125 158 125 159 125 159 36 158 36 160 36 159 126 160 126 161 126 161 37 160 37 162 37 161 127 162 127 163 127 163 128 162 128 164 128 163 129 164 129 165 129 165 130 164 130 166 130 165 131 166 131 167 131 167 132 166 132 168 132 167 133 168 133 169 133 169 134 168 135 170 136 170 136 168 135 171 137 172 49 173 138 174 139 174 139 173 138 175 140 174 141 175 141 176 141 174 142 176 142 177 142 177 52 176 52 178 52 177 52 178 52 179 52 179 143 178 143 180 143 179 144 180 144 181 144 181 145 180 145 182 145 181 146 182 146 183 146 183 147 182 147 184 147 183 148 184 148 185 148 185 149 184 149 186 149 185 150 186 150 187 150 187 151 186 151 188 151 187 152 188 152 189 152 189 153 188 153 190 153 189 154 190 154 191 154 191 155 190 155 192 155 191 156 192 156 193 156 193 157 192 157 194 157 193 158 194 158 195 158 195 159 194 159 196 159 195 160 196 160 197 160 197 161 196 162 198 163 198 163 196 162 199 164 200 165 201 166 202 167 202 167 201 166 203 43 202 45 203 45 204 45 202 45 204 45 205 45 205 48 204 48 206 48 205 168 206 168 207 168 206 169 208 169 207 169 207 170 208 170 209 170 209 171 208 171 210 171 209 172 210 172 211 172 211 173 210 174 212 175 212 175 210 174 213 176 201 177 200 178 214 179 200 178 215 179 214 179 215 180 216 181 214 181 214 181 216 181 217 180 217 182 216 183 218 184 217 182 218 184 219 185 219 186 218 187 220 188 219 186 220 188 221 189 221 190 220 191 222 192 221 190 222 192 223 193 223 194 222 195 224 196 223 194 224 196 225 197 225 198 224 199 226 200 225 198 226 200 227 201 227 202 226 203 228 204 227 202 228 204 229 205 229 206 228 207 230 208 229 206 230 208 231 209 231 210 230 211 232 212 231 210 232 212 233 213 233 214 232 215 234 216 233 214 234 216 235 217 235 218 234 219 236 220 235 218 236 220 237 221 237 222 236 223 238 224 237 222 238 224 239 225 239 226 238 227 240 228 239 226 240 228 241 229 241 230 240 231 242 232 241 230 242 232 243 233 243 234 242 235 244 236 243 234 244 236 245 237 245 238 244 239 246 240 245 238 246 240 247 241 247 242 246 243 248 244 247 242 248 244 249 245 249 245 248 244 250 246 248 244 251 247 250 246 250 248 251 249 252 250 252 250 251 249 253 251 252 252 253 253 254 254 254 254 253 253 255 255 254 256 255 257 256 258 256 258 255 257 257 259 256 260 257 261 258 262 257 261 259 263 258 262 259 263 260 264 258 262 258 262 260 264 261 265 261 266 260 267 262 268 261 266 262 268 263 269 263 270 262 271 264 272 263 270 264 272 265 273 265 274 264 275 266 276 265 274 266 276 267 277 267 278 266 279 268 280 267 278 268 280 269 281 269 282 268 283 270 284 269 282 270 284 271 285 271 286 270 287 272 288 271 286 272 288 273 289 273 290 272 291 274 292 273 290 274 292 275 293 275 294 274 295 276 296 275 294 276 296 277 297 277 298 276 299 278 300 277 298 278 300 279 301 279 302 278 303 280 304 279 302 280 304 281 305 281 306 280 307 282 308 281 306 282 308 283 309 283 310 282 311 284 312 283 310 284 312 285 313 285 314 284 315 286 316 285 314 286 316 287 317 287 318 286 319 288 320 287 318 288 320 289 321 289 322 288 323 290 324 289 322 290 324 291 325 291 326 290 327 292 328 291 326 292 328 293 329 293 330 292 331 213 332 292 331 212 333 213 332 198 334 199 335 294 336 294 336 199 335 295 337 294 338 295 338 296 338 294 339 296 339 297 339 297 340 296 340 298 340 297 341 298 341 299 341 299 342 298 342 300 342 299 343 300 343 301 343 301 344 300 344 302 344 301 345 302 345 303 345 303 346 302 346 304 346 303 347 304 347 305 347 305 348 304 348 306 348 305 349 306 349 307 349 307 350 306 350 308 350 307 351 308 351 309 351 309 352 308 352 310 352 309 353 310 353 311 353 311 354 310 354 312 354 311 355 312 355 313 355 313 356 312 356 314 356 313 357 314 357 315 357 315 358 314 358 316 358 315 359 316 359 317 359 317 360 316 361 172 362 172 362 316 361 173 363 170 364 171 365 318 366 318 366 171 365 319 367 318 368 319 368 320 368 318 369 320 369 321 369 321 370 320 370 322 370 321 371 322 371 323 371 323 372 322 372 324 372 323 373 324 373 325 373 325 374 324 374 326 374 325 375 326 375 327 375 327 376 326 376 328 376 327 377 328 377 329 377 329 378 328 378 330 378 329 379 330 379 331 379 331 380 330 380 332 380 331 381 332 381 333 381 333 382 332 382 334 382 333 383 334 383 335 383 335 384 334 384 336 384 335 385 336 385 337 385 337 386 336 386 338 386 337 387 338 387 339 387 339 388 338 388 340 388 339 389 340 389 341 389 341 390 340 391 144 392 144 392 340 391 145 393 142 394 143 395 342 396 342 396 143 395 343 397 342 398 343 398 344 398 342 399 344 399 345 399 345 400 344 400 346 400 345 401 346 401 347 401 347 402 346 402 348 402 347 403 348 403 349 403 349 404 348 404 350 404 349 405 350 405 351 405 351 406 350 406 352 406 351 407 352 407 353 407 353 408 352 408 354 408 353 409 354 409 355 409 355 410 354 410 356 410 355 411 356 411 357 411 357 412 356 412 358 412 357 413 358 413 359 413 359 414 358 414 360 414 359 415 360 415 361 415 361 416 360 416 362 416 361 417 362 417 363 417 363 418 362 418 364 418 363 419 364 419 365 419 365 420 364 421 116 422 116 422 364 421 117 423 293 424 213 425 366 426 213 425 367 427 366 426 213 425 116 428 367 427 116 428 368 429 367 427 368 429 369 430 367 427 368 429 370 431 369 430 291 432 293 424 289 433 293 424 371 434 289 433 293 424 366 426 371 434 289 433 371 434 287 435 371 434 172 436 287 435 172 436 285 437 287 435 172 436 283 438 285 437 172 436 372 439 283 438 372 439 281 440 283 438 372 439 373 441 281 440 373 441 374 442 281 440 374 442 279 443 281 440 374 442 375 444 279 443 375 444 376 445 279 443 376 445 277 446 279 443 376 445 377 447 277 446 377 447 275 448 277 446 377 447 378 449 275 448 378 449 379 450 275 448 379 450 273 451 275 448 379 450 380 452 273 451 380 452 271 453 273 451 380 452 381 454 271 453 381 454 382 455 271 453 382 455 269 456 271 453 382 455 383 457 269 456 383 457 267 458 269 456 383 457 384 459 267 458 384 459 265 460 267 458 384 459 263 461 265 460 261 432 263 461 258 462 263 461 384 459 258 462 256 463 258 462 385 464 258 462 386 465 385 464 258 462 387 466 386 465 254 467 256 463 250 468 256 463 388 469 250 468 256 463 389 470 388 469 254 467 250 468 252 471 388 469 390 472 250 468 390 472 249 473 250 468 390 472 391 474 249 473 391 474 392 475 249 473 392 475 393 476 249 473 393 476 394 477 249 473 394 477 395 478 249 473 395 478 396 479 249 473 395 478 397 480 396 479 397 480 398 481 396 479 397 480 399 482 398 481 399 482 400 483 398 481 399 482 401 484 400 483 401 484 402 485 400 483 401 484 403 486 402 485 403 486 404 487 402 485 403 486 405 488 404 487 247 432 249 473 245 489 249 473 406 490 245 489 249 473 396 479 406 490 245 489 406 490 243 491 406 490 241 492 243 491 406 490 407 432 241 492 407 432 239 493 241 492 407 432 408 494 239 493 408 494 237 495 239 493 408 494 409 496 237 495 409 496 410 497 237 495 410 497 235 498 237 495 410 497 411 499 235 498 411 499 233 500 235 498 411 499 412 432 233 500 412 432 413 501 233 500 413 501 231 502 233 500 413 501 414 503 231 502 414 503 229 504 231 502 414 503 415 432 229 504 415 432 416 505 229 504 416 505 227 506 229 504 416 505 417 507 227 506 417 507 418 508 227 506 418 508 225 432 227 506 418 508 144 509 225 432 144 509 223 510 225 432 144 509 221 511 223 510 144 509 419 512 221 511 419 512 219 513 221 511 419 512 214 514 219 513 214 514 217 515 219 513 419 512 420 516 214 514 420 516 201 517 214 514 420 516 421 518 201 517 421 518 116 428 201 517 421 518 422 519 116 428 204 432 201 432 208 432 201 517 213 425 208 520 201 517 116 428 213 425 403 486 422 519 405 488 422 519 423 521 405 488 422 519 424 522 423 521 424 522 422 519 421 518 370 431 368 429 425 523 368 429 426 524 425 523 426 524 427 525 425 523 426 524 428 526 427 525 426 524 429 527 428 526 429 527 430 528 428 526 429 527 431 529 430 528 431 529 432 530 430 528 431 529 433 531 432 530 433 531 434 532 432 530 433 531 435 533 434 532 435 533 258 462 434 532 435 533 436 534 258 462 436 534 437 535 258 462 437 535 387 466 258 462 434 532 258 462 384 459 389 470 256 463 385 464 216 536 215 537 218 538 215 537 438 539 218 538 215 537 439 540 438 539 218 538 438 539 220 541 438 539 222 542 220 541 438 539 440 543 222 542 440 543 224 544 222 542 440 543 441 545 224 544 441 545 226 545 224 544 441 545 442 545 226 545 442 545 443 545 226 545 443 545 228 545 226 545 443 545 444 545 228 545 444 545 230 545 228 545 444 545 445 545 230 545 445 545 446 545 230 545 446 545 232 546 230 545 446 545 447 547 232 546 447 547 234 548 232 546 447 547 448 549 234 548 448 549 449 550 234 548 449 550 236 551 234 548 449 550 450 552 236 551 450 552 451 553 236 551 451 553 238 554 236 551 451 553 171 555 238 554 171 555 240 556 238 554 171 555 242 557 240 556 171 555 452 558 242 557 452 558 244 559 242 557 452 558 248 560 244 559 248 560 246 545 244 559 251 561 248 560 453 562 248 560 454 563 453 562 248 560 455 564 454 563 253 565 251 561 257 566 251 561 143 567 257 566 251 561 456 568 143 567 253 565 257 566 255 569 259 570 257 566 457 571 257 566 458 572 457 571 257 566 459 573 458 572 260 545 259 574 262 545 259 574 460 575 262 545 259 574 461 576 460 575 461 576 462 577 460 575 461 576 463 578 462 577 463 578 464 579 462 577 463 578 465 580 464 579 262 545 460 575 264 581 460 575 199 582 264 581 199 582 266 583 264 581 199 582 268 584 266 583 199 582 466 545 268 584 466 545 270 585 268 584 466 545 467 586 270 585 467 586 468 587 270 585 468 587 272 588 270 585 468 587 469 545 272 588 469 545 470 589 272 588 470 589 274 590 272 588 470 589 471 591 274 590 471 591 276 592 274 590 471 591 472 593 276 592 472 593 473 594 276 592 473 594 278 595 276 592 473 594 474 545 278 595 474 545 280 596 278 595 474 545 475 545 280 596 475 545 476 597 280 596 476 597 282 598 280 596 476 597 477 599 282 598 477 599 284 600 282 598 477 599 478 601 284 600 478 601 286 602 284 600 478 601 288 603 286 602 290 545 288 603 292 604 288 603 478 601 292 604 212 605 292 604 479 606 292 604 480 607 479 606 292 604 478 601 480 607 478 601 481 608 480 607 481 608 482 609 480 607 481 608 483 610 482 609 209 545 212 545 205 545 212 605 200 611 205 545 212 605 484 612 200 611 484 612 485 613 200 611 484 612 486 614 485 613 485 613 439 540 200 611 439 540 215 537 200 611 487 615 92 616 488 617 92 616 489 618 488 617 92 616 490 619 489 618 491 620 487 615 212 605 487 615 492 621 212 605 487 615 488 617 492 621 491 620 212 605 479 606 481 608 493 622 483 610 493 622 494 623 483 610 493 622 495 624 494 623 495 624 496 625 494 623 495 624 497 626 496 625 497 626 498 627 496 625 497 626 499 628 498 627 497 626 500 629 499 628 500 629 501 630 499 628 500 629 502 631 501 630 502 631 503 632 501 630 502 631 463 578 503 632 461 633 259 570 457 571 257 566 504 634 459 573 504 634 505 635 459 573 504 634 506 636 505 635 506 636 507 637 505 635 506 636 508 638 507 637 506 636 509 639 508 638 509 639 510 640 508 638 509 639 511 641 510 640 511 641 512 642 510 640 511 641 513 643 512 642 513 643 514 644 512 642 513 643 515 645 514 644 515 645 516 646 514 644 515 645 517 647 516 646 515 645 518 648 517 647 518 648 92 616 517 647 518 648 519 649 92 616 519 649 490 619 92 616 465 580 463 578 520 650 463 578 502 631 520 650 486 614 484 612 521 651 484 612 522 652 521 651 484 612 523 653 522 652 523 653 524 654 522 652 523 653 525 655 524 654 523 653 526 656 525 655 526 656 527 657 525 655 526 656 528 658 527 657 528 658 529 659 527 657 528 658 530 660 529 659 530 660 531 661 529 659 530 660 532 662 531 661 532 662 248 560 531 661 532 662 533 663 248 560 533 663 534 664 248 560 534 664 455 564 248 560 531 661 248 560 452 558 456 568 251 561 453 562 484 612 212 605 492 621 504 634 257 566 143 567 535 665 536 666 461 667 461 667 536 666 463 668 115 669 114 670 537 669 537 669 114 670 538 671 537 672 538 673 539 673 539 673 538 673 540 672 539 674 540 675 461 676 461 676 540 675 535 677 463 678 536 679 503 680 503 680 536 679 541 681 503 682 541 683 501 684 501 684 541 683 542 685 501 686 542 686 499 686 499 686 542 686 543 686 499 687 543 688 498 689 498 689 543 688 544 690 498 691 544 692 496 693 496 693 544 692 545 694 496 695 545 696 494 697 494 697 545 696 546 698 494 699 546 700 483 701 483 701 546 700 547 700 483 702 547 703 482 704 482 704 547 703 548 705 482 706 548 707 480 708 480 708 548 707 549 709 480 710 549 711 550 712 480 710 550 712 479 713 479 714 550 715 551 716 479 714 551 716 491 717 491 718 551 719 552 720 491 718 552 720 487 721 552 722 93 723 487 724 487 724 93 723 92 725 90 726 91 726 553 726 553 726 91 726 554 726 553 727 554 727 555 727 553 727 555 727 556 727 556 728 555 728 557 728 556 728 557 728 558 728 558 729 557 729 559 729 558 729 559 729 560 729 560 404 559 404 561 404 560 404 561 404 562 404 562 730 561 730 563 730 562 731 563 731 564 731 564 349 563 349 565 349 564 349 565 349 566 349 566 351 565 351 567 351 566 351 567 351 568 351 568 353 567 353 569 353 568 353 569 353 570 353 570 732 569 732 571 732 570 732 571 732 572 732 572 357 571 357 573 357 572 357 573 357 574 357 574 359 573 359 575 359 574 359 575 359 576 359 576 360 575 360 64 360 64 360 575 360 65 360 577 733 579 734 578 735 579 734 580 736 578 735 580 327 581 737 578 737 578 737 581 737 582 327 582 738 581 323 583 738 582 738 583 738 584 323 584 739 583 740 585 739 584 739 585 739 586 740 586 741 585 742 587 743 586 741 587 743 588 317 588 312 587 313 589 744 588 312 589 744 590 311 590 745 589 746 591 745 590 745 591 745 592 746 592 747 591 305 593 747 592 747 593 747 594 305 594 301 593 301 595 301 594 301 595 301 596 301 596 748 595 749 597 750 596 748 597 750 598 751 598 752 597 753 599 754 598 752 599 754 600 755 600 287 599 287 601 287 600 287 601 287 602 287 602 756 601 283 603 756 602 756 603 756 604 283 604 279 603 279 605 279 604 279 605 279 606 279 606 757 605 758 607 757 606 757 607 757 608 758 608 759 607 760 609 759 608 759 609 759 610 760 610 761 609 762 611 761 610 761 611 761 612 762 612 763 611 763 613 764 612 763 613 764 614 765 614 765 613 764 615 766 613 764 616 767 615 766 615 768 616 769 617 770 617 770 616 769 618 771 617 772 618 773 619 774 619 774 618 773 620 255 619 775 620 776 621 776 621 776 620 776 622 775 621 777 622 778 623 779 622 778 624 780 623 779 624 780 625 781 623 779 623 779 625 781 626 782 626 783 625 784 627 783 626 783 627 783 628 784 628 785 627 786 629 785 628 785 629 785 630 786 630 787 629 788 631 789 630 787 631 789 632 787 632 790 631 790 633 790 632 790 633 790 634 790 634 791 633 792 635 793 634 791 635 793 636 794 636 795 635 795 637 795 636 795 637 795 638 795 638 796 637 797 639 796 638 796 639 796 640 797 640 798 639 799 641 798 640 798 641 798 642 799 642 800 641 207 643 800 642 800 643 800 644 207 644 801 643 802 645 801 644 801 645 801 646 802 646 803 645 804 647 805 646 803 647 805 648 806 648 807 647 808 649 809 648 807 649 809 650 810 650 811 649 812 651 811 650 811 651 811 652 812 652 813 651 814 653 813 652 813 653 813 654 814 654 815 653 815 655 815 654 815 655 815 656 815 656 816 655 817 657 816 656 816 657 816 658 817 658 818 657 819 56 820 657 819 57 821 56 820 62 822 659 822 63 822 63 822 659 822 660 822 660 171 659 171 661 171 660 171 661 171 662 171 662 176 661 176 577 176 577 176 661 176 579 176 54 823 55 823 663 823 663 823 55 823 664 823 663 824 664 824 665 824 663 824 665 824 666 824 666 825 665 825 667 825 666 825 667 825 668 825 668 826 667 826 669 826 668 826 669 826 670 826 670 344 669 344 671 344 670 344 671 344 672 344 672 827 671 827 673 827 672 828 673 828 674 828 674 829 673 829 675 829 674 830 675 830 676 830 676 831 675 831 677 831 676 380 677 380 678 380 678 382 677 382 679 382 678 382 679 382 680 382 680 832 679 832 681 832 680 832 681 832 682 832 682 386 681 386 683 386 682 386 683 386 684 386 684 833 683 833 685 833 684 833 685 833 686 833 686 834 685 835 28 835 28 835 685 835 29 834 61 545 660 836 56 837 56 837 660 836 577 838 56 839 577 840 687 841 687 841 577 840 688 842 688 842 577 840 689 843 688 842 689 843 690 844 689 843 577 840 691 845 691 845 577 840 578 846 691 845 578 846 692 847 692 847 578 846 584 848 692 847 584 848 586 849 578 846 582 545 584 848 586 849 588 850 692 847 692 847 588 850 693 545 693 545 588 850 590 851 693 545 590 851 694 852 694 852 590 851 592 853 694 852 592 853 695 854 695 854 592 853 696 855 696 855 592 853 594 856 696 855 594 856 697 857 697 857 594 856 596 858 697 857 596 858 698 859 698 859 596 858 699 860 699 860 596 858 598 861 699 860 598 861 700 862 700 862 598 861 600 863 700 862 600 863 701 545 701 545 600 863 702 545 702 545 600 863 602 864 702 545 602 864 703 545 703 545 602 864 704 865 704 865 602 864 604 866 704 865 604 866 91 867 91 867 604 866 606 868 91 867 606 868 608 869 91 867 608 869 705 870 705 870 608 869 610 871 705 870 610 871 614 872 614 872 610 871 612 873 615 874 706 875 614 872 614 872 706 875 707 876 614 872 707 876 708 877 617 545 621 878 615 874 615 874 621 878 27 879 615 874 27 879 709 880 617 545 619 545 621 878 623 881 710 882 621 878 621 878 710 882 711 883 621 878 711 883 27 879 626 884 628 885 623 881 623 881 628 885 712 886 623 881 712 886 713 887 628 885 630 888 712 886 712 886 630 888 55 889 55 889 630 888 632 556 55 889 632 556 634 890 55 889 634 890 714 891 714 891 634 890 636 892 714 891 636 892 715 893 715 893 636 892 716 894 716 894 636 892 638 895 716 894 638 895 717 896 717 896 638 895 718 897 718 897 638 895 640 898 718 897 640 898 719 899 719 899 640 898 642 900 719 899 642 900 720 901 720 901 642 900 721 902 721 902 642 900 644 903 721 902 644 903 722 904 722 904 644 903 646 905 722 904 646 905 723 906 723 906 646 905 724 907 724 907 646 905 648 908 724 907 648 908 725 909 725 909 648 908 650 910 725 909 650 910 726 911 726 911 650 910 652 912 726 911 652 912 654 913 656 914 658 915 654 913 654 913 658 915 726 911 726 911 658 915 727 916 727 916 658 915 56 839 727 916 56 839 728 917 728 917 56 839 687 841 728 917 687 841 729 918 729 918 687 841 730 919 730 919 687 841 731 920 731 920 687 841 732 921 731 920 732 921 733 922 733 922 732 921 734 923 734 923 732 921 735 924 734 923 735 924 736 925 736 925 735 924 737 926 736 925 737 926 738 927 738 927 737 926 739 928 738 927 739 928 713 887 713 887 739 928 740 929 713 887 740 929 623 881 623 881 740 929 741 930 623 881 741 930 742 931 690 844 743 932 688 842 688 842 743 932 744 933 688 842 744 933 745 934 745 934 744 933 746 935 745 934 746 935 747 936 745 934 747 936 748 937 748 937 747 936 749 938 748 937 749 938 750 939 750 939 749 938 751 940 750 939 751 940 752 941 752 941 751 940 753 942 752 941 753 942 754 943 754 943 753 942 614 872 754 943 614 872 755 944 755 944 614 872 756 945 756 945 614 872 708 877 753 942 705 870 614 872 709 880 706 875 615 874 742 931 757 946 623 881 623 881 757 946 758 947 623 881 758 947 710 882 26 397 27 948 759 949 759 949 27 948 760 950 759 951 760 951 761 951 759 952 761 952 762 952 762 953 761 953 763 953 762 953 763 953 764 953 764 954 763 954 765 954 764 954 765 954 766 954 766 955 765 955 767 955 766 956 767 956 768 956 768 957 767 957 769 957 768 406 769 406 770 406 770 408 769 408 771 408 770 408 771 408 772 408 772 410 771 410 773 410 772 410 773 410 774 410 774 958 773 958 775 958 774 382 775 382 776 382 776 414 775 414 777 414 776 414 777 414 778 414 778 417 777 417 779 417 778 417 779 417 780 417 780 419 779 419 781 419 780 959 781 959 782 959 782 960 781 961 0 962 0 962 781 961 1 963 60 432 57 432 659 432 57 964 579 965 659 966 57 964 783 967 579 965 783 967 784 968 579 965 784 968 552 969 579 965 784 968 785 970 552 969 785 970 93 971 552 969 785 970 786 972 93 971 786 972 787 973 93 971 787 973 788 974 93 971 788 974 789 975 93 971 789 976 790 977 93 978 789 976 791 979 790 977 791 979 792 980 790 977 791 979 793 981 792 980 580 982 579 965 550 983 579 965 551 984 550 983 579 965 552 969 551 984 581 432 580 982 583 985 580 982 794 986 583 985 580 982 549 987 794 986 549 987 795 988 794 986 549 987 548 989 795 988 548 989 547 990 795 988 547 990 796 991 795 988 547 990 546 992 796 991 546 992 797 993 796 991 546 992 545 994 797 993 545 994 798 995 797 993 545 994 544 996 798 995 544 996 543 997 798 995 543 997 799 998 798 995 543 997 542 999 799 998 542 999 800 1000 799 998 542 999 541 1001 800 1000 541 1001 536 1002 800 1000 536 1002 801 1003 800 1000 536 1002 802 1004 801 1003 583 985 794 986 585 1005 794 986 587 1006 585 1005 794 986 803 432 587 1006 803 432 589 1007 587 1006 803 432 804 1008 589 1007 804 1008 591 1009 589 1007 804 1008 805 1010 591 1009 805 1010 806 1011 591 1009 806 1011 593 1012 591 1009 806 1011 807 1013 593 1012 807 1013 595 1014 593 1012 807 1013 808 1015 595 1014 808 1015 809 1016 595 1014 809 1016 597 1017 595 1014 809 1016 810 1018 597 1017 810 1018 599 1019 597 1017 810 1018 811 432 599 1019 811 432 812 432 599 1019 812 432 601 1020 599 1019 812 432 813 432 601 1020 813 432 814 1021 601 1020 814 1021 603 1022 601 1020 814 1021 90 1023 603 1022 90 1023 605 1024 603 1022 90 1023 607 1025 605 1024 90 1023 815 1026 607 1025 815 1026 609 1027 607 1025 815 1026 613 1028 609 1027 613 1028 611 1029 609 1027 616 1030 613 1028 816 1031 613 1028 535 1032 816 1031 613 1028 815 1026 535 1032 815 1026 817 1033 535 1032 817 1033 536 1002 535 1032 817 1033 818 1034 536 1002 818 1034 802 1004 536 1002 618 432 616 1030 622 1035 616 1030 26 1036 622 1035 616 1030 819 1037 26 1036 618 432 622 1035 620 432 624 1038 622 1035 820 1039 622 1035 821 1040 820 1039 622 1035 26 1036 821 1040 625 432 624 1038 627 1041 624 1038 822 1042 627 1041 624 1038 823 1043 822 1042 627 1041 822 1042 629 1044 822 1042 54 1045 629 1044 54 1045 631 1046 629 1044 54 1045 633 1047 631 1046 54 1045 824 1048 633 1047 824 1048 635 1049 633 1047 824 1048 825 1050 635 1049 825 1050 826 1051 635 1049 826 1051 637 1052 635 1049 826 1051 827 432 637 1052 827 432 828 1053 637 1052 828 1053 639 1054 637 1052 828 1053 829 1055 639 1054 829 1055 641 1056 639 1054 829 1055 830 432 641 1056 830 432 831 1057 641 1056 831 1057 643 1058 641 1056 831 1057 832 1059 643 1058 832 1059 645 1060 643 1058 832 1059 833 1061 645 1060 833 1061 834 1062 645 1060 834 1062 647 1063 645 1060 834 1062 835 1064 647 1063 835 1064 649 1065 647 1063 835 1064 836 1066 649 1065 836 1066 651 1067 649 1065 836 1066 653 1068 651 1067 655 1069 653 1068 657 1070 653 1068 836 1066 657 1070 836 1066 837 1071 657 1070 837 1071 57 964 657 1070 837 1071 838 1072 57 964 838 1072 783 967 57 964 838 1072 839 1073 783 967 839 1073 840 1074 783 967 840 1074 841 1075 783 967 841 1075 842 1076 783 967 841 1075 843 1077 842 1076 843 1077 844 1078 842 1076 844 1078 845 1079 842 1076 844 1078 846 1080 845 1079 846 1080 847 1081 845 1079 846 1080 848 1082 847 1081 848 1082 849 1083 847 1081 848 1082 823 1043 849 1083 823 1043 850 1084 849 1083 823 1043 624 1038 850 1084 624 1038 851 1085 850 1084 624 1038 852 1086 851 1085 549 987 580 982 550 983 791 979 853 1087 793 981 853 1087 854 1088 793 981 853 1087 855 1089 854 1088 855 1089 856 1090 854 1088 855 1089 857 1091 856 1090 857 1091 858 1092 856 1090 857 1091 859 1093 858 1092 859 1093 860 1094 858 1092 859 1093 861 1095 860 1094 859 1093 819 1037 861 1095 819 1037 862 1096 861 1095 819 1037 616 1030 862 1096 616 1030 863 1097 862 1096 616 1030 816 1031 863 1097 852 1086 624 1038 864 1098 624 1038 865 1099 864 1098 624 1038 820 1039 865 1099 2864 7595 2865 1 2866 7596 2866 7596 2865 1 2867 0 2866 7597 2867 7597 2868 7597 2866 7598 2868 7598 2869 7598 2869 3 2868 3 2870 3 2869 7599 2870 7599 2871 7599 2871 7600 2870 7600 2872 7600 2871 7601 2872 7601 2873 7601 2873 7602 2872 7602 2874 7602 2873 7603 2874 7603 2875 7603 2875 7604 2874 7604 2876 7604 2875 7605 2876 7605 2877 7605 2877 7606 2876 7606 2878 7606 2877 7607 2878 7607 2879 7607 2879 12 2878 12 2880 12 2879 12 2880 12 2881 12 2881 7608 2880 7608 2882 7608 2881 7609 2882 7609 2883 7609 2883 7610 2882 7610 2884 7610 2883 7611 2884 7611 2885 7611 2885 7612 2884 7612 2886 7612 2885 7613 2886 7613 2887 7613 2887 7614 2886 7614 2888 7614 2887 7615 2888 7615 2889 7615 2889 7616 2888 7617 2890 7618 2890 7618 2888 7617 2891 7619 2892 7620 2893 7621 2894 7622 2894 7622 2893 7621 2895 7623 2894 7624 2895 7624 2896 7624 2894 7625 2896 7625 2897 7625 2897 7626 2896 7626 2898 7626 2897 118 2898 118 2899 118 2899 7627 2898 7627 2900 7627 2899 7628 2900 7628 2901 7628 2901 7629 2900 7629 2902 7629 2901 7630 2902 7630 2903 7630 2903 7631 2902 7631 2904 7631 2903 7632 2904 7632 2905 7632 2905 7633 2904 7633 2906 7633 2905 7634 2906 7634 2907 7634 2907 36 2906 36 2908 36 2907 36 2908 36 2909 36 2909 7635 2908 7635 2910 7635 2909 7635 2910 7635 2911 7635 2911 7636 2910 7636 2912 7636 2911 7637 2912 7637 2913 7637 2913 7638 2912 7638 2914 7638 2913 7639 2914 7639 2915 7639 2915 7640 2914 7640 2916 7640 2915 7641 2916 7641 2917 7641 2917 7642 2916 7643 2918 7644 2918 7644 2916 7643 2919 7645 2920 7646 2921 7647 2922 7648 2922 7648 2921 7647 2923 7649 2922 7650 2923 7650 2924 7650 2922 7651 2924 7651 2925 7651 2925 7652 2924 7652 2926 7652 2925 7653 2926 7653 2927 7653 2928 7654 2929 7655 2930 7656 2930 7656 2929 7655 2931 7657 2930 7658 2931 7658 2932 7658 2930 7659 2932 7659 2933 7659 2933 7660 2932 7660 2934 7660 2933 7661 2934 7661 2935 7661 2935 7662 2934 7662 2936 7662 2935 7663 2936 7663 2937 7663 2937 7664 2936 7664 2938 7664 2937 7665 2938 7665 2939 7665 2939 7666 2938 7666 2940 7666 2939 7604 2940 7604 2941 7604 2941 7667 2940 7667 2942 7667 2941 7668 2942 7668 2943 7668 2943 7669 2942 7669 2944 7669 2943 7670 2944 7670 2945 7670 2945 7671 2944 7671 2946 7671 2945 7672 2946 7672 2947 7672 2947 7673 2946 7673 2948 7673 2947 7674 2948 7674 2949 7674 2949 7675 2948 7675 2950 7675 2949 7676 2950 7676 2951 7676 2951 7677 2950 7677 2952 7677 2951 7678 2952 7678 2953 7678 2953 7679 2952 7680 2954 7681 2954 7681 2952 7680 2955 7682 2956 7683 2957 7684 2958 7685 2958 7685 2957 7684 2959 7686 2958 7687 2959 7687 2960 7687 2958 7688 2960 7688 2961 7688 2961 7689 2960 7689 2962 7689 2961 7689 2962 7689 2963 7689 2963 7690 2962 7690 2964 7690 2963 7691 2964 7691 2965 7691 2965 7692 2964 7692 2966 7692 2965 7693 2966 7693 2967 7693 2967 7694 2966 7694 2968 7694 2967 7695 2968 7695 2969 7695 2969 7696 2968 7696 2970 7696 2969 79 2970 79 2971 79 2971 7697 2970 7697 2972 7697 2971 7698 2972 7698 2973 7698 2973 7699 2972 7699 2974 7699 2973 7700 2974 7700 2975 7700 2975 7701 2974 7701 2976 7701 2975 7702 2976 7702 2977 7702 2977 7703 2976 7703 2978 7703 2977 7704 2978 7704 2979 7704 2980 0 2981 1 2982 1 2982 1 2981 1 2983 0 2982 2 2983 2 2984 2 2982 2 2984 2 2985 2 2985 3 2984 3 2986 3 2985 7705 2986 7705 2987 7705 2987 7601 2986 7601 2988 7601 2987 7600 2988 7600 2989 7600 2989 8 2988 8 2990 8 2989 7 2990 7 2991 7 2991 7706 2990 7706 2992 7706 2991 7706 2992 7706 2993 7706 2993 7707 2992 7707 2994 7707 2993 7708 2994 7708 2995 7708 2995 12 2994 12 2996 12 2995 12 2996 12 2997 12 2997 7609 2996 7609 2998 7609 2997 7609 2998 7609 2999 7609 2999 7611 2998 7611 3000 7611 2999 7611 3000 7611 3001 7611 3001 7613 3000 7613 3002 7613 3001 7709 3002 7709 3003 7709 3003 7710 3002 7710 3004 7710 3003 7615 3004 7615 3005 7615 3005 7711 3004 7712 3006 7713 3006 7713 3004 7712 3007 7714 3008 7715 3009 7715 3010 7715 3010 7715 3009 7715 3011 7715 3010 7716 3011 7716 3012 7716 3010 7716 3012 7716 3013 7716 3013 29 3012 29 3014 29 3013 29 3014 29 3015 29 3015 7717 3014 7717 3016 7717 3015 7717 3016 7717 3017 7717 3017 31 3016 31 3018 31 3017 31 3018 31 3019 31 3019 9 3018 9 3020 9 3019 9 3020 9 3021 9 3021 11 3020 11 3022 11 3021 11 3022 11 3023 11 3023 36 3022 36 3024 36 3023 36 3024 36 3025 36 3025 7635 3024 7635 3026 7635 3025 7635 3026 7635 3027 7635 3027 7718 3026 7718 3028 7718 3027 7719 3028 7719 3029 7719 3029 7720 3028 7720 3030 7720 3029 7721 3030 7721 3031 7721 3031 7722 3030 7722 3032 7722 3031 41 3032 41 3033 41 3033 7723 3032 7724 3034 7724 3034 7724 3032 7724 3035 7723 3036 7725 3037 7726 3038 7726 3038 7726 3037 7726 3039 7725 3038 7658 3039 7658 3040 7658 3038 7659 3040 7659 3041 7659 3041 52 3040 52 3042 52 3041 52 3042 52 3043 52 3043 7600 3042 7600 3044 7600 3043 7600 3044 7600 3045 7600 3045 7727 3044 7727 3046 7727 3045 7727 3046 7727 3047 7727 3047 7666 3046 7666 3048 7666 3047 7604 3048 7604 3049 7604 3049 7728 3048 7728 3050 7728 3049 7728 3050 7728 3051 7728 3051 7729 3050 7729 3052 7729 3051 7729 3052 7729 3053 7729 3053 7730 3052 7730 3054 7730 3053 7730 3054 7730 3055 7730 3055 7731 3054 7731 3056 7731 3055 7732 3056 7732 3057 7732 3057 7733 3056 7733 3058 7733 3057 7733 3058 7733 3059 7733 3059 7615 3058 7615 3060 7615 3059 7615 3060 7615 3061 7615 3061 7734 3060 7734 3062 7734 3062 7734 3060 7734 3063 7734 3064 7649 3065 7735 3066 7735 3066 7735 3065 7735 3067 7649 3066 7651 3067 7651 3068 7651 3066 7651 3068 7651 3069 7651 3069 7736 3068 7736 3070 7736 3069 7736 3070 7736 3071 7736 3070 7737 3072 7737 3071 7737 3071 7738 3072 7738 3073 7738 3073 7739 3072 7739 3074 7739 3073 7740 3074 7740 3075 7740 3075 7741 3074 7742 3076 7743 3076 7743 3074 7742 3077 7744 3065 7745 3064 7746 3078 7747 3064 7746 3079 7748 3078 7747 3079 7749 3080 7750 3078 7750 3078 7750 3080 7750 3081 7751 3081 7752 3080 7752 3082 7752 3081 7752 3082 7752 3083 7752 3083 7753 3082 7754 3084 7755 3083 7753 3084 7755 3085 7756 3085 7757 3084 7758 3086 7759 3085 7757 3086 7759 3087 7760 3087 7761 3086 7761 3088 7761 3087 7761 3088 7761 3089 7761 3089 804 3088 804 3090 804 3089 804 3090 804 3091 804 3091 801 3090 802 3092 801 3091 801 3092 801 3093 802 3093 800 3092 207 3094 800 3093 800 3094 800 3095 207 3095 7762 3094 7763 3096 7764 3095 7762 3096 7764 3097 7765 3097 796 3096 797 3098 796 3097 796 3098 796 3099 797 3099 7766 3098 7766 3100 7766 3099 7766 3100 7766 3101 7766 3101 7767 3100 7768 3102 7769 3101 7767 3102 7769 3103 7770 3103 7771 3102 7772 3104 7773 3103 7771 3104 7773 3105 7774 3105 7775 3104 7776 3106 7777 3105 7775 3106 7777 3107 7778 3107 7779 3106 7779 3108 7779 3107 7779 3108 7779 3109 7779 3109 7780 3108 7781 3110 7780 3109 7780 3110 7780 3111 7781 3111 7782 3110 7783 3112 7784 3111 7782 3112 7784 3113 7785 3113 7785 3112 7784 3114 7786 3112 7784 3115 7787 3114 7786 3114 7788 3115 7789 3116 7790 3116 7790 3115 7789 3117 7791 3116 7792 3117 7793 3118 7794 3118 7794 3117 7793 3119 7795 3118 7796 3119 7797 3120 7797 3120 7797 3119 7797 3121 7796 3120 7798 3121 7799 3122 7800 3121 7799 3123 7801 3122 7800 3123 7801 3124 763 3122 7800 3122 7800 3124 763 3125 763 3125 7802 3124 7802 3126 7802 3125 7802 3126 7802 3127 7802 3127 7803 3126 7804 3128 7803 3127 7803 3128 7803 3129 7804 3129 7805 3128 7805 3130 7805 3129 7805 3130 7805 3131 7805 3131 7806 3130 7807 3132 7806 3131 7806 3132 7806 3133 7807 3133 7808 3132 7809 3134 7808 3133 7808 3134 7808 3135 7809 3135 7810 3134 7810 3136 7810 3135 7810 3136 7810 3137 7810 3137 7811 3136 7812 3138 7813 3137 7811 3138 7813 3139 7814 3139 7815 3138 7816 3140 7817 3139 7815 3140 7817 3141 7818 3141 7819 3140 7820 3142 7819 3141 7819 3142 7819 3143 7820 3143 7821 3142 7822 3144 7821 3143 7821 3144 7821 3145 7822 3145 7823 3144 7824 3146 7823 3145 7823 3146 7823 3147 7824 3147 7825 3146 7826 3148 7827 3147 7825 3148 7827 3149 7828 3149 7829 3148 7830 3150 7831 3149 7829 3150 7831 3151 7832 3151 7833 3150 7833 3152 7833 3151 7833 3152 7833 3153 7833 3153 7834 3152 7835 3154 7834 3153 7834 3154 7834 3155 7835 3155 7836 3154 7837 3156 7838 3155 7836 3156 7838 3157 7839 3157 7840 3156 7841 3077 7842 3156 7841 3076 7843 3077 7842 3062 7844 3063 7845 3158 7845 3158 7845 3063 7845 3159 7844 3158 7846 3159 7846 3160 7846 3158 7846 3160 7846 3161 7846 3161 7847 3160 7847 3162 7847 3161 7847 3162 7847 3163 7847 3163 954 3162 954 3164 954 3163 954 3164 954 3165 954 3165 7848 3164 7848 3166 7848 3165 7849 3166 7849 3167 7849 3167 7850 3166 7850 3168 7850 3167 7851 3168 7851 3169 7851 3169 7852 3168 7852 3170 7852 3169 7852 3170 7852 3171 7852 3171 7853 3170 7853 3172 7853 3171 7853 3172 7853 3173 7853 3173 7854 3172 7854 3174 7854 3173 7854 3174 7854 3175 7854 3175 7855 3174 7855 3176 7855 3175 7855 3176 7855 3177 7855 3177 7856 3176 7856 3178 7856 3177 7856 3178 7856 3179 7856 3179 7857 3178 7857 3180 7857 3179 7857 3180 7857 3181 7857 3181 7858 3180 7858 3036 7858 3036 7858 3180 7858 3037 7858 3034 7859 3035 7860 3182 7860 3182 7860 3035 7860 3183 7859 3182 7861 3183 7861 3184 7861 3182 7861 3184 7861 3185 7861 3185 7862 3184 7862 3186 7862 3185 7862 3186 7862 3187 7862 3187 7863 3186 7863 3188 7863 3187 7863 3188 7863 3189 7863 3189 7864 3188 7864 3190 7864 3189 7864 3190 7864 3191 7864 3191 827 3190 827 3192 827 3191 828 3192 828 3193 828 3193 378 3192 378 3194 378 3193 378 3194 378 3195 378 3195 7865 3194 7865 3196 7865 3195 7865 3196 7865 3197 7865 3197 7866 3196 7866 3198 7866 3197 7866 3198 7866 3199 7866 3199 7867 3198 7867 3200 7867 3199 7868 3200 7868 3201 7868 3201 7869 3200 7869 3202 7869 3201 7870 3202 7870 3203 7870 3203 7871 3202 7871 3204 7871 3203 7871 3204 7871 3205 7871 3205 963 3204 7872 3008 7872 3008 7872 3204 7872 3009 963 3006 7873 3007 7874 3206 7874 3206 7874 3007 7874 3207 7873 3206 7846 3207 7846 3208 7846 3206 7846 3208 7846 3209 7846 3209 7875 3208 7875 3210 7875 3209 7875 3210 7875 3211 7875 3211 7876 3210 7876 3212 7876 3211 7876 3212 7876 3213 7876 3213 404 3212 404 3214 404 3213 404 3214 404 3215 404 3215 7851 3214 7851 3216 7851 3215 7851 3216 7851 3217 7851 3217 7877 3216 7877 3218 7877 3217 7877 3218 7877 3219 7877 3219 7878 3218 7878 3220 7878 3219 7878 3220 7878 3221 7878 3221 7879 3220 7879 3222 7879 3221 7880 3222 7880 3223 7880 3223 7881 3222 7881 3224 7881 3223 7882 3224 7882 3225 7882 3225 7883 3224 7883 3226 7883 3225 7884 3226 7884 3227 7884 3227 7885 3226 7885 3228 7885 3227 7885 3228 7885 3229 7885 3229 834 3228 7886 2980 7887 2980 7887 3228 7886 2981 7888 3157 7889 3077 7890 3230 7891 3077 7890 3231 7892 3230 7891 3077 7890 2980 7893 3231 7892 2980 7893 3232 7894 3231 7892 3232 7894 3233 7895 3231 7892 3232 7894 3234 7896 3233 7895 3155 432 3157 7889 3153 7897 3157 7889 3235 7898 3153 7897 3157 7889 3230 7891 3235 7898 3153 7897 3235 7898 3151 7899 3235 7898 3036 7900 3151 7899 3036 7900 3149 7901 3151 7899 3036 7900 3147 7902 3149 7901 3036 7900 3236 7903 3147 7902 3236 7903 3145 7904 3147 7902 3236 7903 3237 7905 3145 7904 3237 7905 3238 7906 3145 7904 3238 7906 3143 7907 3145 7904 3238 7906 3239 432 3143 7907 3239 432 3240 7908 3143 7907 3240 7908 3141 7909 3143 7907 3240 7908 3241 7910 3141 7909 3241 7910 3139 7911 3141 7909 3241 7910 3242 7912 3139 7911 3242 7912 3243 7913 3139 7911 3243 7913 3137 7914 3139 7911 3243 7913 3244 7915 3137 7914 3244 7915 3135 7916 3137 7914 3244 7915 3245 432 3135 7916 3245 432 3246 7917 3135 7916 3246 7917 3133 7918 3135 7916 3246 7917 3247 7919 3133 7918 3247 7919 3131 7920 3133 7918 3247 7919 3248 7921 3131 7920 3248 7921 3129 7922 3131 7920 3248 7921 3127 7923 3129 7922 3125 432 3127 7923 3122 7924 3127 7923 3248 7921 3122 7924 3120 7925 3122 7924 3249 7926 3122 7924 3250 7927 3249 7926 3122 7924 3251 7928 3250 7927 3118 7929 3120 7925 3114 7930 3120 7925 3252 7931 3114 7930 3120 7925 3253 7932 3252 7931 3118 7929 3114 7930 3116 7933 3252 7931 3254 7934 3114 7930 3254 7934 3113 7935 3114 7930 3254 7934 3255 7936 3113 7935 3255 7936 3256 7937 3113 7935 3256 7937 3257 7938 3113 7935 3257 7938 3258 7939 3113 7935 3258 7939 3259 7940 3113 7935 3259 7940 3260 7941 3113 7935 3259 7940 3261 7942 3260 7941 3261 7942 3262 7943 3260 7941 3261 7942 3263 7944 3262 7943 3263 7944 3264 7945 3262 7943 3263 7944 3265 7946 3264 7945 3265 7946 3266 7947 3264 7945 3265 7946 3267 7948 3266 7947 3267 7948 3268 7949 3266 7947 3267 7948 3269 7950 3268 7949 3111 432 3113 7935 3109 7951 3113 7935 3270 7952 3109 7951 3113 7935 3260 7941 3270 7952 3109 7951 3270 7952 3107 7953 3270 7952 3105 7954 3107 7953 3270 7952 3271 432 3105 7954 3271 432 3103 7955 3105 7954 3271 432 3272 7956 3103 7955 3272 7956 3101 7957 3103 7955 3272 7956 3273 7958 3101 7957 3273 7958 3274 7959 3101 7957 3274 7959 3099 7960 3101 7957 3274 7959 3275 7961 3099 7960 3275 7961 3097 7962 3099 7960 3275 7961 3276 7963 3097 7962 3276 7963 3277 7964 3097 7962 3277 7964 3095 7965 3097 7962 3277 7964 3278 7966 3095 7965 3278 7966 3093 7967 3095 7965 3278 7966 3279 7968 3093 7967 3279 7968 3280 7969 3093 7967 3280 7969 3091 7970 3093 7967 3280 7969 3281 7971 3091 7970 3281 7971 3282 432 3091 7970 3282 432 3089 432 3091 7970 3282 432 3008 7972 3089 432 3008 7972 3087 7973 3089 432 3008 7972 3085 7974 3087 7973 3008 7972 3283 7975 3085 7974 3283 7975 3083 7976 3085 7974 3283 7975 3078 7977 3083 7976 3078 7977 3081 7978 3083 7976 3283 7975 3284 7979 3078 7977 3284 7979 3065 7980 3078 7977 3284 7979 3285 7981 3065 7980 3285 7981 2980 7893 3065 7980 3285 7981 3286 7982 2980 7893 3068 432 3065 432 3072 432 3065 7980 3077 7890 3072 7983 3065 7980 2980 7893 3077 7890 3267 7948 3286 7982 3269 7950 3286 7982 3287 7984 3269 7950 3286 7982 3288 7985 3287 7984 3288 7985 3286 7982 3285 7981 3234 7896 3232 7894 3289 7986 3232 7894 3290 7987 3289 7986 3290 7987 3291 7988 3289 7986 3290 7987 3292 7989 3291 7988 3290 7987 3293 7990 3292 7989 3293 7990 3294 7991 3292 7989 3293 7990 3295 7992 3294 7991 3295 7992 3296 7993 3294 7991 3295 7992 3297 7994 3296 7993 3297 7994 3298 7995 3296 7993 3297 7994 3299 7996 3298 7995 3299 7996 3122 7924 3298 7995 3299 7996 3300 7997 3122 7924 3300 7997 3301 7998 3122 7924 3301 7998 3251 7928 3122 7924 3298 7995 3122 7924 3248 7921 3253 7932 3120 7925 3249 7926 3080 7999 3079 8000 3082 8001 3079 8000 3302 8002 3082 8001 3079 8000 3303 8003 3302 8002 3082 8001 3302 8002 3084 8004 3302 8002 3086 8005 3084 8004 3302 8002 3304 8006 3086 8005 3304 8006 3088 8007 3086 8005 3304 8006 3305 545 3088 8007 3305 545 3090 8008 3088 8007 3305 545 3306 545 3090 8008 3306 545 3307 8009 3090 8008 3307 8009 3092 8010 3090 8008 3307 8009 3308 8011 3092 8010 3308 8011 3094 8012 3092 8010 3308 8011 3309 8013 3094 8012 3309 8013 3310 545 3094 8012 3310 545 3096 8014 3094 8012 3310 545 3311 8015 3096 8014 3311 8015 3098 8016 3096 8014 3311 8015 3312 545 3098 8016 3312 545 3313 8017 3098 8016 3313 8017 3100 8018 3098 8016 3313 8017 3314 8019 3100 8018 3314 8019 3315 8020 3100 8018 3315 8020 3102 8021 3100 8018 3315 8020 3035 8022 3102 8021 3035 8022 3104 8023 3102 8021 3035 8022 3106 8024 3104 8023 3035 8022 3316 8025 3106 8024 3316 8025 3108 8026 3106 8024 3316 8025 3112 8027 3108 8026 3112 8027 3110 545 3108 8026 3115 8028 3112 8027 3317 8029 3112 8027 3318 8030 3317 8029 3112 8027 3319 8031 3318 8030 3117 8032 3115 8028 3121 8033 3115 8028 3007 8034 3121 8033 3115 8028 3320 8035 3007 8034 3117 8032 3121 8033 3119 8036 3123 8037 3121 8033 3321 8038 3121 8033 3322 8039 3321 8038 3121 8033 3323 8040 3322 8039 3124 545 3123 8041 3126 545 3123 8041 3324 8042 3126 545 3123 8041 3325 8043 3324 8042 3325 8043 3326 8044 3324 8042 3325 8043 3327 8045 3326 8044 3327 8045 3328 8046 3326 8044 3327 8045 3329 8047 3328 8046 3126 545 3324 8042 3128 8048 3324 8042 3063 8049 3128 8048 3063 8049 3130 8050 3128 8048 3063 8049 3132 8051 3130 8050 3063 8049 3330 8052 3132 8051 3330 8052 3134 8053 3132 8051 3330 8052 3331 8054 3134 8053 3331 8054 3332 8055 3134 8053 3332 8055 3136 8056 3134 8053 3332 8055 3333 8057 3136 8056 3333 8057 3334 8058 3136 8056 3334 8058 3138 8059 3136 8056 3334 8058 3335 8060 3138 8059 3335 8060 3140 8061 3138 8059 3335 8060 3336 545 3140 8061 3336 545 3337 8062 3140 8061 3337 8062 3142 8063 3140 8061 3337 8062 3338 8064 3142 8063 3338 8064 3144 8065 3142 8063 3338 8064 3339 545 3144 8065 3339 545 3340 545 3144 8065 3340 545 3146 545 3144 8065 3340 545 3341 545 3146 545 3341 545 3148 8066 3146 545 3341 545 3342 8067 3148 8066 3342 8067 3150 8068 3148 8066 3342 8067 3152 8069 3150 8068 3154 8070 3152 8069 3156 8071 3152 8069 3342 8067 3156 8071 3076 8072 3156 8071 3343 8073 3156 8071 3344 8074 3343 8073 3156 8071 3342 8067 3344 8074 3342 8067 3345 8075 3344 8074 3345 8075 3346 8076 3344 8074 3345 8075 3347 8077 3346 8076 3073 8078 3076 8078 3069 8078 3076 8072 3064 8079 3069 545 3076 8072 3348 8080 3064 8079 3348 8080 3349 8081 3064 8079 3348 8080 3350 8082 3349 8081 3349 8081 3303 8003 3064 8079 3303 8003 3079 8000 3064 8079 3351 8083 2956 8084 3352 8085 2956 8084 3353 8086 3352 8085 2956 8084 3354 8087 3353 8086 3355 8088 3351 8083 3076 8072 3351 8083 3356 8089 3076 8072 3351 8083 3352 8085 3356 8089 3355 8088 3076 8072 3343 8073 3345 8075 3357 8090 3347 8077 3357 8090 3358 8091 3347 8077 3357 8090 3359 8092 3358 8091 3359 8092 3360 8093 3358 8091 3359 8092 3361 8094 3360 8093 3361 8094 3362 8095 3360 8093 3361 8094 3363 8096 3362 8095 3361 8094 3364 8097 3363 8096 3364 8097 3365 8098 3363 8096 3364 8097 3366 8099 3365 8098 3366 8099 3367 8100 3365 8098 3366 8099 3327 8045 3367 8100 3325 8101 3123 8037 3321 8038 3121 8033 3368 8102 3323 8040 3368 8102 3369 8103 3323 8040 3368 8102 3370 8104 3369 8103 3370 8104 3371 8105 3369 8103 3370 8104 3372 8106 3371 8105 3370 8104 3373 8107 3372 8106 3373 8107 3374 8108 3372 8106 3373 8107 3375 8109 3374 8108 3375 8109 3376 8110 3374 8108 3375 8109 3377 8111 3376 8110 3377 8111 3378 8112 3376 8110 3377 8111 3379 8113 3378 8112 3379 8113 3380 8114 3378 8112 3379 8113 3381 8115 3380 8114 3379 8113 3382 8116 3381 8115 3382 8116 2956 8084 3381 8115 3382 8116 3383 8117 2956 8084 3383 8117 3354 8087 2956 8084 3329 8047 3327 8045 3384 8118 3327 8045 3366 8099 3384 8118 3350 8082 3348 8080 3385 8119 3348 8080 3386 8120 3385 8119 3348 8080 3387 8121 3386 8120 3387 8121 3388 8122 3386 8120 3387 8121 3389 8123 3388 8122 3387 8121 3390 8124 3389 8123 3390 8124 3391 8125 3389 8123 3390 8124 3392 8126 3391 8125 3392 8126 3393 8127 3391 8125 3392 8126 3394 8128 3393 8127 3394 8128 3395 8129 3393 8127 3394 8128 3396 8130 3395 8129 3396 8130 3112 8027 3395 8129 3396 8130 3397 8131 3112 8027 3397 8131 3398 8132 3112 8027 3398 8132 3319 8031 3112 8027 3395 8129 3112 8027 3316 8025 3320 8035 3115 8028 3317 8029 3348 8080 3076 8072 3356 8089 3368 8102 3121 8033 3007 8034 3399 8133 3400 8134 3325 8135 3325 8135 3400 8134 3327 8136 2979 8137 2978 8138 3401 8139 3401 8139 2978 8138 3402 8140 3401 8141 3402 8142 3403 8143 3403 8143 3402 8142 3404 672 3403 8144 3404 8145 3325 8146 3325 8146 3404 8145 3399 8147 3327 8148 3400 8148 3367 8148 3367 8148 3400 8148 3405 8148 3367 8149 3405 8150 3365 8149 3365 8149 3405 8150 3406 8151 3365 8152 3406 8153 3363 8153 3363 8153 3406 8153 3407 8152 3363 8154 3407 8155 3362 8156 3362 8156 3407 8155 3408 8157 3362 8158 3408 8159 3360 8158 3360 8158 3408 8159 3409 8160 3360 8161 3409 8162 3358 8163 3358 8163 3409 8162 3410 8164 3358 8165 3410 8166 3347 8167 3347 8167 3410 8166 3411 8168 3347 8169 3411 8170 3346 8171 3346 8171 3411 8170 3412 8172 3346 8173 3412 8174 3344 8175 3344 8175 3412 8174 3413 8176 3344 8177 3413 8178 3414 8179 3344 8177 3414 8179 3343 8180 3343 8181 3414 8182 3415 8183 3343 8181 3415 8183 3355 8184 3355 8185 3415 8186 3416 8187 3355 8185 3416 8187 3351 8188 3416 8189 2957 8190 3351 8190 3351 8190 2957 8190 2956 8189 2954 8191 2955 8192 3417 8193 3417 8193 2955 8192 3418 8194 3417 8195 3418 8195 3419 8195 3417 8196 3419 8196 3420 8196 3420 8197 3419 8197 3421 8197 3420 8198 3421 8198 3422 8198 3422 8199 3421 8199 3423 8199 3422 8200 3423 8200 3424 8200 3424 7849 3423 7849 3425 7849 3424 7848 3425 7848 3426 7848 3426 8201 3425 8201 3427 8201 3426 8202 3427 8202 3428 8202 3428 7852 3427 7852 3429 7852 3428 8203 3429 8203 3430 8203 3430 7853 3429 7853 3431 7853 3430 8204 3431 8204 3432 8204 3432 7854 3431 7854 3433 7854 3432 8205 3433 8205 3434 8205 3434 8206 3433 8206 3435 8206 3434 7855 3435 7855 3436 7855 3436 7856 3435 7856 3437 7856 3436 8207 3437 8207 3438 8207 3438 7857 3437 7857 3439 7857 3438 8208 3439 8208 3440 8208 3440 8209 3439 8210 2928 8211 2928 8211 3439 8210 2929 8212 3441 8213 3443 8214 3442 8215 3443 8214 3444 8216 3442 8215 3444 7837 3445 8217 3442 8218 3442 8218 3445 8217 3446 8219 3446 8220 3445 7835 3447 8221 3446 8220 3447 8221 3448 8222 3448 8223 3447 8224 3449 8225 3448 8223 3449 8225 3450 8226 3450 8227 3449 8228 3451 8229 3450 8227 3451 8229 3452 8230 3452 8231 3451 8232 3453 8233 3452 8231 3453 8233 3454 7826 3454 8234 3453 8235 3455 8236 3454 8234 3455 8236 3456 7824 3456 8237 3455 8238 3457 8239 3456 8237 3457 8239 3458 7822 3458 8240 3457 8241 3459 8242 3458 8240 3459 8242 3460 7820 3460 8243 3459 7816 3461 7817 3460 8243 3461 7817 3462 7818 3462 8244 3461 8245 3463 8246 3462 8244 3463 8246 3464 8247 3464 8248 3463 7810 3465 8249 3464 8248 3465 8249 3466 8250 3466 8251 3465 8252 3467 8253 3466 8251 3467 8253 3468 8254 3468 8255 3467 7807 3469 8256 3468 8255 3469 8256 3470 8257 3470 8258 3469 8259 3471 8260 3470 8258 3471 8260 3472 8261 3472 8262 3471 7804 3473 8263 3472 8262 3473 8263 3474 8264 3474 8265 3473 8266 3475 8267 3474 8265 3475 8267 3476 8268 3476 8269 3475 8270 3477 8271 3476 8269 3477 8271 3478 8272 3478 8272 3477 8271 3479 8273 3477 8271 3480 8274 3479 8273 3479 8275 3480 8276 3481 8277 3481 8277 3480 8276 3482 7796 3481 8278 3482 8279 3483 8280 3483 8280 3482 8279 3484 7795 3483 8281 3484 8282 3485 8282 3485 8282 3484 8282 3486 8281 3485 8283 3486 8284 3487 8285 3486 8284 3488 8286 3487 8285 3488 8286 3489 8287 3487 8285 3487 8285 3489 8287 3490 8288 3490 8289 3489 8290 3491 8291 3490 8289 3491 8291 3492 8292 3492 8293 3491 8294 3493 8295 3492 8293 3493 8295 3494 8296 3494 8297 3493 8298 3495 8299 3494 8297 3495 8299 3496 8300 3496 8301 3495 8302 3497 8303 3496 8301 3497 8303 3498 7774 3498 8304 3497 8305 3499 8306 3498 8304 3499 8306 3500 8307 3500 8308 3499 8309 3501 8310 3500 8308 3501 8310 3502 8311 3502 8312 3501 8313 3503 8314 3502 8312 3503 8314 3504 8315 3504 8316 3503 7765 3505 8317 3504 8316 3505 8317 3506 7763 3506 8318 3505 8319 3507 8320 3506 8318 3507 8320 3508 8321 3508 202 3507 203 3509 204 3508 202 3509 204 3510 205 3510 8322 3509 804 3511 8323 3510 8322 3511 8323 3512 8324 3512 8325 3511 8326 3513 8327 3512 8325 3513 8327 3514 8328 3514 8329 3513 8330 3515 8331 3514 8329 3515 8331 3516 8332 3516 8333 3515 8334 3517 8335 3516 8333 3517 8335 3518 8336 3518 182 3517 183 3519 184 3518 182 3519 184 3520 185 3520 8337 3519 8338 3521 8339 3520 8337 3521 8339 3522 8340 3522 8341 3521 8342 2920 8343 3521 8342 2921 8344 2920 8343 2926 8345 3523 8345 2927 8345 2927 7737 3523 7737 3524 7737 3524 8346 3523 8346 3525 8346 3524 8347 3525 8347 3526 8347 3526 8348 3525 8349 3441 8350 3441 8350 3525 8349 3443 8351 2918 8352 2919 8353 3527 8354 3527 8354 2919 8353 3528 364 3527 8355 3528 8355 3529 8355 3527 8356 3529 8356 3530 8356 3530 8357 3529 8357 3531 8357 3530 8358 3531 8358 3532 8358 3532 8359 3531 8359 3533 8359 3532 8360 3533 8360 3534 8360 3534 8361 3533 8361 3535 8361 3534 8362 3535 8362 3536 8362 3536 8363 3535 8363 3537 8363 3536 828 3537 828 3538 828 3538 8364 3537 8364 3539 8364 3538 8365 3539 8365 3540 8365 3540 8366 3539 8366 3541 8366 3540 8366 3541 8366 3542 8366 3542 7866 3541 7866 3543 7866 3542 7866 3543 7866 3544 7866 3544 8367 3543 8367 3545 8367 3544 8368 3545 8368 3546 8368 3546 8369 3545 8369 3547 8369 3546 8370 3547 8370 3548 8370 3548 8371 3547 8371 3549 8371 3548 8372 3549 8372 3550 8372 3550 8373 3549 8374 2892 8375 2892 8375 3549 8374 2893 8376 2925 545 3524 8377 2920 8378 2920 8378 3524 8377 3441 8379 2920 8380 3441 8381 3551 8382 3551 8382 3441 8381 3552 8383 3552 8383 3441 8381 3553 8384 3552 8383 3553 8384 3554 8385 3553 8384 3441 8381 3555 8386 3555 8386 3441 8381 3442 8387 3555 8386 3442 8387 3556 8388 3556 8388 3442 8387 3448 8389 3556 8388 3448 8389 3450 8390 3442 8387 3446 545 3448 8389 3450 8390 3452 8391 3556 8388 3556 8388 3452 8391 3557 8392 3557 8392 3452 8391 3454 8393 3557 8392 3454 8393 3558 8394 3558 8394 3454 8393 3456 8395 3558 8394 3456 8395 3559 8396 3559 8396 3456 8395 3560 8397 3560 8397 3456 8395 3458 545 3560 8397 3458 545 3561 545 3561 545 3458 545 3460 545 3561 545 3460 545 3562 545 3562 545 3460 545 3563 8398 3563 8398 3460 545 3462 8399 3563 8398 3462 8399 3564 8400 3564 8400 3462 8399 3464 8401 3564 8400 3464 8401 3565 8402 3565 8402 3464 8401 3566 8403 3566 8403 3464 8401 3466 8404 3566 8403 3466 8404 3567 8405 3567 8405 3466 8404 3568 8406 3568 8406 3466 8404 3468 8407 3568 8406 3468 8407 2955 8408 2955 8408 3468 8407 3470 8409 2955 8408 3470 8409 3472 8410 2955 8408 3472 8410 3569 8411 3569 8411 3472 8410 3474 8412 3569 8411 3474 8412 3478 8413 3478 8413 3474 8412 3476 8414 3479 8415 3570 8416 3478 8413 3478 8413 3570 8416 3571 8417 3478 8413 3571 8417 3572 8418 3481 8419 3485 8420 3479 8415 3479 8415 3485 8420 2891 8421 3479 8415 2891 8421 3573 8422 3481 8419 3483 8423 3485 8420 3487 8424 3574 8425 3485 8420 3485 8420 3574 8425 3575 8426 3485 8420 3575 8426 2891 8421 3490 545 3492 8427 3487 8424 3487 8424 3492 8427 3576 8428 3487 8424 3576 8428 3577 8429 3492 8427 3494 8430 3576 8428 3576 8428 3494 8430 2919 8431 2919 8431 3494 8430 3496 8432 2919 8431 3496 8432 3498 8433 2919 8431 3498 8433 3578 8434 3578 8434 3498 8433 3500 8435 3578 8434 3500 8435 3579 8436 3579 8436 3500 8435 3580 8437 3580 8437 3500 8435 3502 8438 3580 8437 3502 8438 3581 8439 3581 8439 3502 8438 3582 8440 3582 8440 3502 8438 3504 8441 3582 8440 3504 8441 3583 8442 3583 8442 3504 8441 3506 8443 3583 8442 3506 8443 3584 8444 3584 8444 3506 8443 3585 8445 3585 8445 3506 8443 3508 8446 3585 8445 3508 8446 3586 8447 3586 8447 3508 8446 3510 8448 3586 8447 3510 8448 3587 8449 3587 8449 3510 8448 3588 8450 3588 8450 3510 8448 3512 8451 3588 8450 3512 8451 3589 8452 3589 8452 3512 8451 3514 8453 3589 8452 3514 8453 3590 8454 3590 8454 3514 8453 3516 8455 3590 8454 3516 8455 3518 8456 3520 8457 3522 8458 3518 8456 3518 8456 3522 8458 3590 8454 3590 8454 3522 8458 3591 8459 3591 8459 3522 8458 2920 8380 3591 8459 2920 8380 3592 8460 3592 8460 2920 8380 3551 8382 3592 8460 3551 8382 3593 8461 3593 8461 3551 8382 3594 8462 3594 8462 3551 8382 3595 8463 3595 8463 3551 8382 3596 8464 3595 8463 3596 8464 3597 8465 3597 8465 3596 8464 3598 8466 3598 8466 3596 8464 3599 8467 3598 8466 3599 8467 3600 8468 3600 8468 3599 8467 3601 8469 3600 8468 3601 8469 3602 8470 3602 8470 3601 8469 3603 8471 3602 8470 3603 8471 3577 8429 3577 8429 3603 8471 3604 8472 3577 8429 3604 8472 3487 8424 3487 8424 3604 8472 3605 8473 3487 8424 3605 8473 3606 8474 3554 8385 3607 8475 3552 8383 3552 8383 3607 8475 3608 8476 3552 8383 3608 8476 3609 8477 3609 8477 3608 8476 3610 8478 3609 8477 3610 8478 3611 8479 3609 8477 3611 8479 3612 8480 3612 8480 3611 8479 3613 8481 3612 8480 3613 8481 3614 8482 3614 8482 3613 8481 3615 8483 3614 8482 3615 8483 3616 8484 3616 8484 3615 8483 3617 8485 3616 8484 3617 8485 3618 8486 3618 8486 3617 8485 3478 8413 3618 8486 3478 8413 3619 8487 3619 8487 3478 8413 3620 8488 3620 8488 3478 8413 3572 8418 3617 8485 3569 8411 3478 8413 3573 8422 3570 8416 3479 8415 3606 8474 3621 8489 3487 8424 3487 8424 3621 8489 3622 8490 3487 8424 3622 8490 3574 8425 2890 8491 2891 8492 3623 8493 3623 8493 2891 8492 3624 8494 3623 8495 3624 8495 3625 8495 3623 8496 3625 8496 3626 8496 3626 8497 3625 8497 3627 8497 3626 8497 3627 8497 3628 8497 3628 8498 3627 8498 3629 8498 3628 8498 3629 8498 3630 8498 3630 955 3629 955 3631 955 3630 7864 3631 7864 3632 7864 3632 8499 3631 8499 3633 8499 3632 8500 3633 8500 3634 8500 3634 8501 3633 8501 3635 8501 3634 8502 3635 8502 3636 8502 3636 7878 3635 7878 3637 7878 3636 7878 3637 7878 3638 7878 3638 8503 3637 8503 3639 8503 3638 8504 3639 8504 3640 8504 3640 8505 3639 8505 3641 8505 3640 8506 3641 8506 3642 8506 3642 7884 3641 7884 3643 7884 3642 8507 3643 8507 3644 8507 3644 7885 3643 7885 3645 7885 3644 8508 3645 8508 3646 8508 3646 8509 3645 8510 2864 8511 2864 8511 3645 8510 2865 8512 2924 432 2921 432 3523 432 2921 8513 3443 8514 3523 8515 2921 8513 3647 8516 3443 8514 3647 8516 3648 8517 3443 8514 3648 8517 3416 8518 3443 8514 3648 8517 3649 8519 3416 8518 3649 8519 2957 8520 3416 8518 3649 8519 3650 8521 2957 8520 3650 8521 3651 8522 2957 8520 3651 8522 3652 8523 2957 8520 3652 8523 3653 8524 2957 8520 3653 8525 3654 8526 2957 8527 3653 8525 3655 8528 3654 8526 3655 8528 3656 8529 3654 8526 3655 8528 3657 8530 3656 8529 3444 8531 3443 8514 3414 8532 3443 8514 3415 8533 3414 8532 3443 8514 3416 8518 3415 8533 3445 432 3444 8531 3447 8534 3444 8531 3658 8535 3447 8534 3444 8531 3413 8536 3658 8535 3413 8536 3659 8537 3658 8535 3413 8536 3412 8538 3659 8537 3412 8538 3411 8539 3659 8537 3411 8539 3660 8540 3659 8537 3411 8539 3410 8541 3660 8540 3410 8541 3661 8542 3660 8540 3410 8541 3409 8543 3661 8542 3409 8543 3662 8544 3661 8542 3409 8543 3408 8545 3662 8544 3408 8545 3407 8546 3662 8544 3407 8546 3663 8547 3662 8544 3407 8546 3406 8548 3663 8547 3406 8548 3664 8549 3663 8547 3406 8548 3405 8550 3664 8549 3405 8550 3400 8551 3664 8549 3400 8551 3665 8552 3664 8549 3400 8551 3666 8553 3665 8552 3447 8534 3658 8535 3449 8554 3658 8535 3451 8555 3449 8554 3658 8535 3667 8556 3451 8555 3667 8556 3453 8557 3451 8555 3667 8556 3668 8558 3453 8557 3668 8558 3455 8559 3453 8557 3668 8558 3669 8560 3455 8559 3669 8560 3670 8561 3455 8559 3670 8561 3457 432 3455 8559 3670 8561 3671 8562 3457 432 3671 8562 3459 8563 3457 432 3671 8562 3672 8564 3459 8563 3672 8564 3673 8565 3459 8563 3673 8565 3461 8566 3459 8563 3673 8565 3674 8567 3461 8566 3674 8567 3463 8568 3461 8566 3674 8567 3675 432 3463 8568 3675 432 3676 8569 3463 8568 3676 8569 3465 8570 3463 8568 3676 8569 3677 8571 3465 8570 3677 8571 3678 8572 3465 8570 3678 8572 3467 8573 3465 8570 3678 8572 2954 8574 3467 8573 2954 8574 3469 8575 3467 8573 2954 8574 3471 8576 3469 8575 2954 8574 3679 8577 3471 8576 3679 8577 3473 8578 3471 8576 3679 8577 3477 8579 3473 8578 3477 8579 3475 8580 3473 8578 3480 8581 3477 8579 3680 8582 3477 8579 3399 8583 3680 8582 3477 8579 3679 8577 3399 8583 3679 8577 3681 8584 3399 8583 3681 8584 3400 8551 3399 8583 3681 8584 3682 8585 3400 8551 3682 8585 3666 8553 3400 8551 3482 8586 3480 8581 3486 8587 3480 8581 2890 8588 3486 8587 3480 8581 3683 8589 2890 8588 3482 8586 3486 8587 3484 432 3488 8590 3486 8587 3684 8591 3486 8587 3685 8592 3684 8591 3486 8587 2890 8588 3685 8592 3489 8593 3488 8590 3491 8594 3488 8590 3686 8595 3491 8594 3488 8590 3687 8596 3686 8595 3491 8594 3686 8595 3493 8597 3686 8595 2918 8598 3493 8597 2918 8598 3495 8599 3493 8597 2918 8598 3497 8600 3495 8599 2918 8598 3688 8601 3497 8600 3688 8601 3499 8602 3497 8600 3688 8601 3689 8603 3499 8602 3689 8603 3690 8604 3499 8602 3690 8604 3501 8605 3499 8602 3690 8604 3691 8606 3501 8605 3691 8606 3692 8607 3501 8605 3692 8607 3503 8608 3501 8605 3692 8607 3693 8609 3503 8608 3693 8609 3505 432 3503 8608 3693 8609 3694 432 3505 432 3694 432 3695 432 3505 432 3695 432 3507 432 3505 432 3695 432 3696 432 3507 432 3696 432 3509 8610 3507 432 3696 432 3697 432 3509 8610 3697 432 3698 8611 3509 8610 3698 8611 3511 8612 3509 8610 3698 8611 3699 8613 3511 8612 3699 8613 3513 8614 3511 8612 3699 8613 3700 8615 3513 8614 3700 8615 3515 8616 3513 8614 3700 8615 3517 8617 3515 8616 3519 8618 3517 8617 3521 8619 3517 8617 3700 8615 3521 8619 3700 8615 3701 8620 3521 8619 3701 8620 2921 8513 3521 8619 3701 8620 3702 8621 2921 8513 3702 8621 3647 8516 2921 8513 3702 8621 3703 8622 3647 8516 3703 8622 3704 8623 3647 8516 3704 8623 3705 8624 3647 8516 3705 8624 3706 8625 3647 8516 3705 8624 3707 8626 3706 8625 3707 8626 3708 8627 3706 8625 3708 8627 3709 8628 3706 8625 3708 8627 3710 8629 3709 8628 3710 8629 3711 8630 3709 8628 3710 8629 3712 8631 3711 8630 3712 8631 3713 8632 3711 8630 3712 8631 3687 8596 3713 8632 3687 8596 3714 8633 3713 8632 3687 8596 3488 8590 3714 8633 3488 8590 3715 8634 3714 8633 3488 8590 3716 8635 3715 8634 3413 8536 3444 8531 3414 8532 3655 8528 3717 8636 3657 8530 3717 8636 3718 8637 3657 8530 3717 8636 3719 8638 3718 8637 3719 8638 3720 8639 3718 8637 3719 8638 3721 8640 3720 8639 3721 8640 3722 8641 3720 8639 3721 8640 3723 8642 3722 8641 3723 8642 3724 8643 3722 8641 3723 8642 3725 8644 3724 8643 3723 8642 3683 8589 3725 8644 3683 8589 3726 8645 3725 8644 3683 8589 3480 8581 3726 8645 3480 8581 3727 8646 3726 8645 3480 8581 3680 8582 3727 8646 3716 8635 3488 8590 3728 8647 3488 8590 3729 8648 3728 8647 3488 8590 3684 8591 3729 8648 5729 15163 5730 15164 5731 15165 5731 15165 5730 15164 5732 15166 5731 15167 5732 15167 5733 15167 5731 15168 5733 15168 5734 15168 5734 15169 5733 15169 5735 15169 5734 15169 5735 15169 5736 15169 5736 15170 5735 15170 5737 15170 5736 15171 5737 15171 5738 15171 5738 15172 5737 15172 5739 15172 5738 15173 5739 15173 5740 15173 5740 15174 5739 15174 5741 15174 5740 15174 5741 15174 5742 15174 5742 15175 5741 15175 5743 15175 5742 15176 5743 15176 5744 15176 5744 15177 5743 15177 5745 15177 5744 15178 5745 15178 5746 15178 5746 15179 5745 15179 5747 15179 5746 15180 5747 15180 5748 15180 5748 15181 5747 15181 5749 15181 5748 15182 5749 15182 5750 15182 5750 15183 5749 15183 5751 15183 5750 15184 5751 15184 5752 15184 5752 15185 5751 15185 5753 15185 5752 15186 5753 15186 5754 15186 5754 15187 5753 15188 5755 15189 5755 15189 5753 15188 5756 15190 5757 15191 5759 15191 5758 15191 5759 15192 5760 15192 5758 15192 5759 15193 5761 15194 5760 15195 5759 15193 5762 15196 5761 15194 5762 15197 5763 15198 5761 15199 5762 15197 5764 15200 5763 15198 5764 15201 5765 15202 5763 15203 5764 15201 5766 15204 5765 15202 5766 15205 5767 15206 5765 15207 5766 15205 5768 15208 5767 15206 5768 15209 5769 15210 5767 15211 5768 15209 5770 15212 5769 15210 5770 15213 5771 15214 5769 15215 5770 15213 5772 15216 5771 15214 5772 15217 5773 15218 5771 15219 5772 15217 5774 15220 5773 15218 5774 15221 5775 15222 5773 15223 5774 15221 5776 15224 5775 15222 5776 15225 5777 15226 5775 15227 5776 15225 5778 15228 5777 15226 5778 15229 5779 15230 5777 15231 5778 15229 5780 15232 5779 15230 5780 15233 5781 15234 5779 15235 5780 15233 5782 15236 5781 15234 5782 15237 5783 15237 5781 15237 5783 15238 5784 15238 5781 15238 5785 15239 5786 15240 5787 15241 5787 15241 5786 15240 5788 15242 5787 15241 5788 15242 5789 15243 5789 15243 5788 15242 5790 15244 5789 15243 5790 15244 5729 15245 5729 15245 5790 15244 5791 15246 5729 15245 5791 15246 5792 15247 5793 15248 5794 15249 5792 15247 5792 15247 5794 15249 5795 15250 5792 15247 5795 15250 5729 15245 5796 15251 5797 15252 5793 15248 5793 15248 5797 15252 5798 15253 5793 15248 5798 15253 5794 15249 5799 15254 5800 15255 5796 15251 5796 15251 5800 15255 5801 15256 5796 15251 5801 15256 5797 15252 5800 15255 5799 15254 5802 15257 5802 15257 5799 15254 5803 15258 5802 15257 5803 15258 5804 15259 5804 15259 5803 15258 5805 15260 5804 15259 5805 15260 5806 15261 5806 15261 5805 15260 5807 15262 5807 15262 5805 15260 5808 15263 5807 15262 5808 15263 5809 15264 5809 15264 5808 15263 5810 15265 5810 15265 5808 15263 5811 15266 5810 15265 5811 15266 5812 15267 5812 15267 5811 15266 5813 15268 5812 15267 5813 15268 5814 15269 5812 15267 5814 15269 5815 15270 5815 15270 5814 15269 5816 15271 5815 15270 5816 15271 5817 545 5818 15272 5819 15273 5815 15270 5815 15270 5819 15273 5820 15274 5815 15270 5820 15274 5812 15267 5821 545 5822 545 5818 15272 5818 15272 5822 545 5823 15275 5818 15272 5823 15275 5824 15276 5824 15276 5823 15275 5825 15277 5824 15276 5825 15277 5826 15278 5824 15276 5826 15278 5827 15279 5827 15279 5826 15278 5828 15280 5827 15279 5828 15280 5829 15281 5829 15281 5828 15280 5830 15282 5830 15282 5828 15280 5831 15283 5830 15282 5831 15283 5832 15284 5832 15284 5831 15283 5833 15285 5833 15285 5831 15283 5834 15286 5833 15285 5834 15286 5835 15287 5835 15287 5834 15286 5836 15288 5835 15287 5836 15288 5837 15289 5837 15289 5836 15288 5838 15290 5837 15289 5838 15290 5839 15291 5839 15291 5838 15290 5840 15292 5840 15292 5838 15290 5841 15293 5840 15292 5841 15293 5842 15294 5842 15294 5841 15293 5843 15295 5843 15295 5841 15293 5844 15296 5843 15295 5844 15296 5845 15297 5845 15297 5844 15296 5757 15298 5757 15298 5844 15296 5846 15299 5757 15298 5846 15299 5847 15300 5757 15298 5847 15300 5848 15301 5848 15301 5847 15300 5849 15302 5848 15301 5849 15302 5850 15303 5850 15303 5849 15302 5851 15304 5850 15303 5851 15304 5852 15305 5850 15303 5787 15241 5848 15301 5848 15301 5787 15241 5789 15243 5848 15301 5789 15243 5853 15306 5824 15276 5819 15273 5818 15272 5820 15274 5819 15273 5854 15307 5854 15307 5819 15273 5855 15308 5854 15307 5855 15308 5856 15309 5856 15309 5855 15308 5857 15310 5856 15309 5857 15310 5858 15311 5858 15311 5857 15310 5859 15312 5858 15311 5859 15312 5860 15313 5858 15311 5860 15313 5861 15314 5861 15314 5860 15313 5862 15315 5861 15314 5862 15315 5863 15316 5863 15316 5862 15315 5864 15317 5864 15317 5862 15315 5865 15318 5864 15317 5865 15318 5866 15319 5866 15319 5865 15318 5867 15320 5866 15319 5867 15320 5868 15321 5866 15319 5868 15321 5869 15322 5869 15322 5868 15321 5870 15323 5869 15322 5870 15323 5853 15306 5853 15306 5870 15323 5848 15301 5871 15324 5873 15325 5872 15326 5873 15325 5874 15327 5872 15326 5873 15325 5875 15328 5874 15327 5875 15328 5876 15329 5874 15327 5876 15329 5756 15330 5874 15327 5876 15329 5877 15331 5756 15330 5877 15331 5878 15332 5756 15330 5878 15332 5879 15333 5756 15330 5878 15332 5880 15334 5879 15333 5881 15335 5871 15324 5882 15336 5871 15324 5883 15337 5882 15336 5871 15324 5872 15326 5883 15337 5872 15326 5884 15338 5883 15337 5872 15326 5784 15339 5884 15338 5784 15339 5885 15340 5884 15338 5784 15339 5886 15341 5885 15340 5887 15342 5886 15341 5888 15343 5886 15341 5889 15344 5888 15343 5886 15341 5784 15339 5889 15344 5890 15345 5887 15342 5891 15346 5887 15342 5892 15347 5891 15346 5887 15342 5888 15343 5892 15347 5893 15348 5890 15345 5894 15349 5890 15345 5895 15350 5894 15349 5890 15345 5891 15346 5895 15350 5894 15349 5896 15351 5893 15348 5896 15351 5897 15352 5893 15348 5896 15351 5898 15353 5897 15352 5898 15353 5899 15354 5897 15352 5898 15353 5900 15355 5899 15354 5900 15355 5901 15356 5899 15354 5901 15356 5902 15357 5899 15354 5901 15356 5903 432 5902 15357 5903 432 5904 15358 5902 15357 5904 15358 5905 15359 5902 15357 5904 15358 5906 15360 5905 15359 5906 15360 5907 15361 5905 15359 5906 15360 5908 15362 5907 15361 5906 15360 5909 15363 5908 15362 5909 15363 5910 15364 5908 15362 5909 15363 5911 15365 5910 15364 5906 15360 5912 15366 5909 15363 5912 15366 5913 15367 5909 15363 5912 15366 5914 15368 5913 15367 5914 15368 5915 15369 5913 15367 5915 15369 5916 15370 5913 15367 5915 15369 5917 15371 5916 15370 5918 432 5913 15367 5919 15372 5913 15367 5916 15370 5919 15372 5917 15371 5915 15369 5920 15373 5915 15369 5921 15374 5920 15373 5921 15374 5922 15375 5920 15373 5921 15374 5923 432 5922 15375 5923 432 5924 15376 5922 15375 5924 15376 5925 15377 5922 15375 5924 15376 5926 432 5925 15377 5926 432 5927 15378 5925 15377 5927 15378 5928 15379 5925 15377 5927 15378 5929 15380 5928 15379 5929 15380 5930 15381 5928 15379 5929 15380 5931 15382 5930 15381 5931 15382 5932 15383 5930 15381 5931 15382 5933 15384 5932 15383 5933 15384 5934 15385 5932 15383 5934 15385 5935 15386 5932 15383 5934 15385 5936 15387 5935 15386 5936 15387 5880 15334 5935 15386 5880 15334 5878 15332 5935 15386 5875 15328 5873 15325 5937 15388 5873 15325 5938 15389 5937 15388 5874 15327 5939 15390 5872 15326 5939 15390 5940 15391 5872 15326 5939 15390 5941 15392 5940 15391 5941 15392 5942 15393 5940 15391 5941 15392 5943 15394 5942 15393 5943 15394 5944 15395 5942 15393 5943 15394 5945 15396 5944 15395 5943 15394 5946 15397 5945 15396 5946 15397 5947 15398 5945 15396 5946 15397 5948 15399 5947 15398 5948 15399 5949 15400 5947 15398 5949 15400 5950 15401 5947 15398 5949 15400 5951 15402 5950 15401 5951 15402 5952 15403 5950 15401 5951 15402 5953 15404 5952 15403 5951 15402 5954 15405 5953 15404 5954 15405 5955 15406 5953 15404 5954 15405 5956 15407 5955 15406 5956 15407 5912 15366 5955 15406 5956 15407 5914 15368 5912 15366 5787 15408 5913 15409 5785 15410 5785 15410 5913 15409 5918 15411 5785 15412 5918 15413 5786 15414 5786 15414 5918 15413 5919 15415 5786 15416 5919 15417 5788 15418 5788 15418 5919 15417 5916 15419 5788 15420 5916 15420 5790 15420 5790 15420 5916 15420 5917 15420 5790 15421 5917 15422 5791 15423 5791 15423 5917 15422 5920 15424 5791 15425 5920 15426 5792 15427 5792 15427 5920 15426 5922 15428 5792 15429 5922 15430 5793 15431 5793 15431 5922 15430 5925 15432 5793 15433 5925 15434 5796 15435 5796 15435 5925 15434 5928 15436 5796 15437 5928 15438 5799 15439 5799 15439 5928 15438 5930 15440 5799 15441 5930 15442 5803 15443 5803 15443 5930 15442 5932 15444 5803 15445 5932 15446 5805 15447 5805 15447 5932 15446 5935 15448 5805 15449 5935 15450 5808 15451 5808 15451 5935 15450 5878 15452 5808 15453 5878 15454 5811 15455 5811 15455 5878 15454 5877 15456 5811 15457 5877 15458 5813 15459 5813 15459 5877 15458 5876 15460 5813 15461 5876 15462 5814 15463 5814 15463 5876 15462 5875 15464 5814 15465 5875 15466 5816 15467 5816 15467 5875 15466 5937 15468 5816 15469 5937 15470 5817 15471 5817 15471 5937 15470 5938 15472 5817 15473 5938 15474 5815 15475 5815 15475 5938 15474 5873 15476 5815 15477 5873 15477 5818 15478 5873 15477 5871 15479 5818 15478 5818 15480 5871 15481 5821 15482 5821 15482 5871 15481 5881 15483 5821 15484 5881 15485 5822 15486 5822 15486 5881 15485 5882 15487 5822 15488 5882 15489 5823 15489 5823 15489 5882 15489 5883 15488 5823 15490 5883 15491 5825 15491 5825 15491 5883 15491 5884 15490 5825 15492 5884 15493 5826 15494 5826 15494 5884 15493 5885 15495 5826 15496 5885 15497 5828 15498 5828 15498 5885 15497 5886 15499 5828 15500 5886 15501 5831 15502 5831 15502 5886 15501 5887 15503 5831 15504 5887 15505 5834 15506 5834 15506 5887 15505 5890 15507 5834 15508 5890 15509 5836 15510 5836 15510 5890 15509 5893 15511 5836 15512 5893 15513 5838 15514 5838 15514 5893 15513 5897 15515 5838 15516 5897 15517 5841 15518 5841 15518 5897 15517 5899 15519 5841 15520 5899 15521 5844 15522 5844 15522 5899 15521 5902 15523 5844 15524 5902 15525 5846 15526 5846 15526 5902 15525 5905 15527 5846 15528 5905 15529 5847 15530 5847 15530 5905 15529 5907 15531 5847 15532 5907 15533 5849 15534 5849 15534 5907 15533 5908 15535 5849 15536 5908 15537 5851 15538 5851 15538 5908 15537 5910 15539 5851 15540 5910 15541 5852 15542 5852 15542 5910 15541 5911 15543 5852 15544 5911 15545 5850 15546 5850 15546 5911 15545 5909 15547 5850 15548 5909 15549 5787 15550 5909 15549 5913 15551 5787 15550 5783 15552 5957 15552 5784 15552 5957 15553 5958 15553 5784 15553 5957 15554 5959 15555 5958 15556 5957 15554 5960 15557 5959 15555 5960 15558 5961 15559 5959 15560 5960 15558 5962 15561 5961 15559 5962 15562 5963 15563 5961 15564 5962 15562 5964 15565 5963 15563 5964 15566 5965 15567 5963 15568 5964 15566 5966 15569 5965 15567 5966 15570 5967 15571 5965 15572 5966 15570 5968 15573 5967 15571 5968 15574 5969 15574 5967 15575 5968 15574 5970 15575 5969 15574 5970 15576 5971 15577 5969 15578 5970 15576 5972 15579 5971 15577 5972 15580 5973 15581 5971 15582 5972 15580 5974 15583 5973 15581 5974 15584 5975 15585 5973 15586 5974 15584 5976 15587 5975 15585 5976 15588 5977 15589 5975 15590 5976 15588 5978 15591 5977 15589 5978 15592 5979 15593 5977 15594 5978 15592 5980 15595 5979 15593 5980 15596 5757 15596 5979 15596 5757 15597 5758 15597 5979 15597 5755 15598 5756 15599 5981 15600 5981 15600 5756 15599 5982 15601 5981 15602 5982 15602 5983 15602 5981 15603 5983 15603 5984 15603 5984 15604 5983 15604 5985 15604 5984 15605 5985 15605 5986 15605 5986 15606 5985 15606 5987 15606 5986 15607 5987 15607 5988 15607 5988 15608 5987 15608 5989 15608 5988 15609 5989 15609 5990 15609 5990 15610 5989 15610 5991 15610 5990 15610 5991 15610 5992 15610 5992 15611 5991 15611 5993 15611 5992 15612 5993 15612 5994 15612 5994 15613 5993 15613 5995 15613 5994 15614 5995 15614 5996 15614 5996 15615 5995 15615 5997 15615 5996 15616 5997 15616 5998 15616 5998 15617 5997 15617 5999 15617 5998 15618 5999 15618 6000 15618 6000 15231 5999 15231 6001 15231 6000 15231 6001 15231 6002 15231 6002 15619 6001 15619 6003 15619 6002 15620 6003 15620 6004 15620 6004 15621 6003 15622 5729 15623 5729 15623 6003 15622 5730 15624 6005 15625 6006 15626 6007 15627 6007 15627 6006 15626 6008 15628 6007 15629 6008 15629 6009 15629 6007 15630 6009 15630 6010 15630 6010 15631 6009 15631 6011 15631 6010 15632 6011 15632 6012 15632 6012 15633 6011 15633 6013 15633 6012 15633 6013 15633 6014 15633 6014 15634 6013 15634 6015 15634 6014 15635 6015 15635 6016 15635 6016 15636 6015 15636 6017 15636 6016 15637 6017 15637 6018 15637 6018 15638 6017 15638 6019 15638 6018 15639 6019 15639 6020 15639 6020 15640 6019 15640 6021 15640 6020 15641 6021 15641 6022 15641 6022 15642 6021 15642 6023 15642 6022 15643 6023 15643 6024 15643 6024 15644 6023 15644 6025 15644 6024 15645 6025 15645 6026 15645 6026 15646 6025 15646 6027 15646 6026 15647 6027 15647 6028 15647 6028 15648 6027 15648 6029 15648 6028 15649 6029 15649 6030 15649 6030 15650 6029 15651 6031 15651 6031 15651 6029 15651 6032 15650 6033 15652 6035 15652 6034 15652 6035 15653 6036 15653 6034 15653 6035 15654 6037 15655 6036 15656 6035 15654 6038 15657 6037 15655 6038 15658 6039 15659 6037 15660 6038 15658 6040 15661 6039 15659 6040 15662 6041 15663 6039 15664 6040 15662 6042 15665 6041 15663 6042 15666 6043 15667 6041 15668 6042 15666 6044 15669 6043 15667 6044 15670 6045 15671 6043 15672 6044 15670 6046 15673 6045 15671 6046 15674 6047 15675 6045 15676 6046 15674 6048 15677 6047 15675 6048 15678 6049 15679 6047 15680 6048 15678 6050 15681 6049 15679 6050 15682 6051 15683 6049 15684 6050 15682 6052 15685 6051 15683 6052 15686 6053 15687 6051 15688 6052 15686 6054 15689 6053 15687 6054 15690 6055 15691 6053 15692 6054 15690 6056 15693 6055 15691 6056 15694 6057 15695 6055 15695 6056 15694 6058 15696 6057 15695 6058 15697 6059 15697 6057 15697 6059 15697 6060 15697 6057 15697 6061 545 6062 15698 6063 15699 6063 15699 6062 15698 6064 15700 6063 15699 6064 15700 6065 15701 6065 15701 6064 15700 6066 15702 6065 15701 6066 15702 6005 15703 6005 15703 6066 15702 6067 15704 6005 15703 6067 15704 6068 15705 6069 15706 6070 15707 6068 15705 6068 15705 6070 15707 6071 15708 6068 15705 6071 15708 6005 15703 6072 15709 6073 15710 6069 15706 6069 15706 6073 15710 6074 15711 6069 15706 6074 15711 6070 15707 6075 15712 6076 15713 6072 15709 6072 15709 6076 15713 6077 15714 6072 15709 6077 15714 6073 15710 6076 15713 6075 15712 6078 15715 6078 15715 6075 15712 6079 15716 6078 15715 6079 15716 6080 15717 6080 15717 6079 15716 6081 15718 6080 15717 6081 15718 6082 15719 6082 15719 6081 15718 6083 15720 6083 15720 6081 15718 6084 15721 6083 15720 6084 15721 6085 15722 6085 15722 6084 15721 6086 15723 6086 15723 6084 15721 6087 15724 6086 15723 6087 15724 6088 15725 6088 15725 6087 15724 6089 15726 6088 15725 6089 15726 6090 15727 6088 15725 6090 15727 6091 15728 6091 15728 6090 15727 6092 15729 6091 15728 6092 15729 6093 545 6094 15730 6095 15731 6091 15728 6091 15728 6095 15731 6096 15732 6091 15728 6096 15732 6088 15725 6097 545 6098 545 6094 15730 6094 15730 6098 545 6099 15733 6094 15730 6099 15733 6100 15734 6100 15734 6099 15733 6101 15735 6100 15734 6101 15735 6102 15736 6100 15734 6102 15736 6103 15737 6103 15737 6102 15736 6104 15738 6103 15737 6104 15738 6105 15739 6105 15739 6104 15738 6106 15740 6106 15740 6104 15738 6107 15741 6106 15740 6107 15741 6108 15742 6108 15742 6107 15741 6109 15743 6109 15743 6107 15741 6110 15744 6109 15743 6110 15744 6111 15745 6111 15745 6110 15744 6112 15746 6111 15745 6112 15746 6113 15747 6113 15747 6112 15746 6114 15748 6113 15747 6114 15748 6115 15749 6115 15749 6114 15748 6116 15750 6116 15750 6114 15748 6117 15751 6116 15750 6117 15751 6118 15752 6118 15752 6117 15751 6119 15753 6119 15753 6117 15751 6120 15754 6119 15753 6120 15754 6121 15755 6121 15755 6120 15754 6033 15756 6033 15756 6120 15754 6122 15757 6033 15756 6122 15757 6123 15758 6033 15756 6123 15758 6124 15759 6124 15759 6123 15758 6125 15760 6124 15759 6125 15760 6126 15761 6126 15761 6125 15760 6127 15762 6126 15761 6127 15762 6128 15763 6126 15761 6063 15699 6124 15759 6124 15759 6063 15699 6065 15701 6124 15759 6065 15701 6129 15764 6100 15734 6095 15731 6094 15730 6096 15732 6095 15731 6130 15765 6130 15765 6095 15731 6131 15766 6130 15765 6131 15766 6132 15767 6132 15767 6131 15766 6133 15768 6132 15767 6133 15768 6134 15769 6134 15769 6133 15768 6135 15770 6134 15769 6135 15770 6136 15771 6134 15769 6136 15771 6137 15772 6137 15772 6136 15771 6138 15773 6137 15772 6138 15773 6139 15774 6139 15774 6138 15773 6140 15775 6140 15775 6138 15773 6141 15776 6140 15775 6141 15776 6142 15777 6142 15777 6141 15776 6143 15778 6142 15777 6143 15778 6144 15779 6142 15777 6144 15779 6145 15780 6145 15780 6144 15779 6146 15781 6145 15780 6146 15781 6129 15764 6129 15764 6146 15781 6124 15759 6147 15782 6149 15783 6148 15784 6149 15783 6150 15785 6148 15784 6149 15783 6151 15786 6150 15785 6151 15786 6152 15787 6150 15785 6152 15787 6032 15788 6150 15785 6152 15787 6153 15789 6032 15788 6153 15789 6154 15790 6032 15788 6154 15790 6155 15791 6032 15788 6154 15790 6156 15792 6155 15791 6157 15793 6147 15782 6158 15794 6147 15782 6159 15795 6158 15794 6147 15782 6148 15784 6159 15795 6148 15784 6160 15796 6159 15795 6148 15784 6060 15797 6160 15796 6060 15797 6161 15798 6160 15796 6060 15797 6162 15799 6161 15798 6163 15800 6162 15799 6164 15801 6162 15799 6165 15802 6164 15801 6162 15799 6060 15797 6165 15802 6166 15803 6163 15800 6167 15804 6163 15800 6168 15805 6167 15804 6163 15800 6164 15801 6168 15805 6169 15806 6166 15803 6170 15807 6166 15803 6171 15808 6170 15807 6166 15803 6167 15804 6171 15808 6170 15807 6172 15809 6169 15806 6172 15809 6173 15810 6169 15806 6172 15809 6174 15811 6173 15810 6174 15811 6175 15812 6173 15810 6174 15811 6176 15813 6175 15812 6176 15813 6177 15814 6175 15812 6177 15814 6178 15815 6175 15812 6177 15814 6179 15816 6178 15815 6179 15816 6180 15817 6178 15815 6180 15817 6181 15818 6178 15815 6180 15817 6182 15819 6181 15818 6182 15819 6183 15820 6181 15818 6182 15819 6184 15821 6183 15820 6182 15819 6185 15822 6184 15821 6185 15822 6186 15823 6184 15821 6185 15822 6187 15824 6186 15823 6182 15819 6188 15825 6185 15822 6188 15825 6189 15826 6185 15822 6188 15825 6190 15827 6189 15826 6190 15827 6191 15828 6189 15826 6191 15828 6192 15829 6189 15826 6191 15828 6193 15830 6192 15829 6194 432 6189 15826 6195 15831 6189 15826 6192 15829 6195 15831 6193 15830 6191 15828 6196 15832 6191 15828 6197 15833 6196 15832 6197 15833 6198 15834 6196 15832 6197 15833 6199 15835 6198 15834 6199 15835 6200 15836 6198 15834 6200 15836 6201 15837 6198 15834 6200 15836 6202 15838 6201 15837 6202 15838 6203 15839 6201 15837 6203 15839 6204 15840 6201 15837 6203 15839 6205 15841 6204 15840 6205 15841 6206 15842 6204 15840 6205 15841 6207 15843 6206 15842 6207 15843 6208 15844 6206 15842 6207 15843 6209 432 6208 15844 6209 432 6210 15845 6208 15844 6210 15845 6211 15846 6208 15844 6210 15845 6212 15847 6211 15846 6212 15847 6156 15792 6211 15846 6156 15792 6154 15790 6211 15846 6151 15786 6149 15783 6213 15848 6149 15783 6214 15849 6213 15848 6150 15785 6215 15850 6148 15784 6215 15850 6216 15851 6148 15784 6215 15850 6217 15852 6216 15851 6217 15852 6218 15853 6216 15851 6217 15852 6219 15854 6218 15853 6219 15854 6220 15855 6218 15853 6219 15854 6221 15856 6220 15855 6219 15854 6222 15857 6221 15856 6222 15857 6223 15858 6221 15856 6222 15857 6224 15859 6223 15858 6224 15859 6225 15860 6223 15858 6225 15860 6226 15861 6223 15858 6225 15860 6227 15862 6226 15861 6227 15862 6228 15863 6226 15861 6227 15862 6229 15864 6228 15863 6227 15862 6230 15865 6229 15864 6230 15865 6231 15866 6229 15864 6230 15865 6232 15867 6231 15866 6232 15867 6188 15825 6231 15866 6232 15867 6190 15827 6188 15825 6063 15868 6189 15869 6061 15869 6061 15869 6189 15869 6194 15868 6061 15870 6194 15871 6062 15872 6062 15872 6194 15871 6195 15873 6062 15874 6195 15875 6064 15876 6064 15876 6195 15875 6192 15877 6064 15878 6192 15879 6066 15880 6066 15880 6192 15879 6193 15881 6066 15882 6193 15883 6067 15884 6067 15884 6193 15883 6196 15885 6067 15886 6196 15886 6068 15886 6068 15886 6196 15886 6198 15886 6068 15887 6198 15888 6069 15889 6069 15889 6198 15888 6201 15890 6069 15891 6201 15892 6072 15893 6072 15893 6201 15892 6204 15894 6072 15895 6204 15896 6075 15897 6075 15897 6204 15896 6206 15898 6075 15899 6206 15900 6079 15901 6079 15901 6206 15900 6208 15902 6079 15903 6208 15904 6081 15905 6081 15905 6208 15904 6211 15906 6081 15907 6211 15908 6084 15909 6084 15909 6211 15908 6154 15910 6084 15911 6154 15912 6087 15913 6087 15913 6154 15912 6153 15914 6087 15915 6153 15916 6089 15917 6089 15917 6153 15916 6152 15918 6089 15919 6152 15920 6090 15921 6090 15921 6152 15920 6151 15922 6090 15923 6151 15924 6092 15925 6092 15925 6151 15924 6213 15926 6092 15927 6213 15928 6093 15929 6093 15929 6213 15928 6214 15930 6093 15931 6214 15932 6091 15933 6091 15933 6214 15932 6149 15934 6091 15477 6149 15477 6094 15935 6149 15477 6147 15936 6094 15935 6094 15937 6147 15938 6097 15939 6097 15939 6147 15938 6157 15940 6097 15941 6157 15942 6098 15943 6098 15943 6157 15942 6158 15942 6098 15944 6158 15945 6099 15946 6099 15946 6158 15945 6159 15947 6099 15948 6159 15949 6101 15950 6101 15950 6159 15949 6160 15951 6101 15952 6160 15952 6102 15952 6102 15952 6160 15952 6161 15952 6102 15953 6161 15954 6104 15954 6104 15954 6161 15954 6162 15953 6104 15955 6162 15956 6107 15957 6107 15957 6162 15956 6163 15958 6107 15959 6163 15960 6110 15961 6110 15961 6163 15960 6166 15962 6110 15963 6166 15964 6112 15965 6112 15965 6166 15964 6169 15966 6112 15967 6169 15968 6114 15969 6114 15969 6169 15968 6173 15970 6114 15971 6173 15972 6117 15973 6117 15973 6173 15972 6175 15974 6117 15975 6175 15976 6120 15977 6120 15977 6175 15976 6178 15978 6120 15979 6178 15980 6122 15981 6122 15981 6178 15980 6181 15982 6122 15983 6181 15984 6123 15984 6123 15984 6181 15984 6183 15983 6123 15985 6183 15986 6125 15987 6125 15987 6183 15986 6184 15988 6125 15989 6184 15990 6127 15991 6127 15991 6184 15990 6186 15992 6127 15993 6186 15994 6128 15995 6128 15995 6186 15994 6187 15996 6128 15997 6187 15998 6126 15999 6126 15999 6187 15998 6185 16000 6126 16001 6185 16002 6063 16003 6185 16002 6189 16004 6063 16003 6059 16005 6233 16005 6060 16005 6233 16006 6234 16006 6060 16006 6233 16007 6235 16008 6234 16009 6233 16007 6236 16010 6235 16008 6236 16011 6237 16012 6235 16013 6236 16011 6238 16014 6237 16012 6238 16015 6239 16016 6237 16017 6238 16015 6240 16018 6239 16016 6240 16019 6241 16020 6239 16021 6240 16019 6242 16022 6241 16020 6242 16023 6243 16024 6241 16025 6242 16023 6244 16026 6243 16024 6244 16027 6245 16028 6243 16029 6244 16027 6246 16030 6245 16028 6246 16031 6247 16032 6245 16033 6246 16031 6248 16034 6247 16032 6248 16035 6249 16036 6247 16037 6248 16035 6250 16038 6249 16036 6250 16039 6251 16040 6249 16041 6250 16039 6252 16042 6251 16040 6252 16043 6253 16044 6251 16045 6252 16043 6254 16046 6253 16044 6254 16047 6255 16048 6253 16048 6254 16047 6256 16049 6255 16048 6256 16050 6033 16050 6255 16050 6033 16051 6034 16051 6255 16051 6031 16052 6032 16053 6257 16054 6257 16054 6032 16053 6258 16055 6257 16056 6258 16056 6259 16056 6257 16057 6259 16057 6260 16057 6260 16058 6259 16058 6261 16058 6260 16059 6261 16059 6262 16059 6262 16060 6261 16060 6263 16060 6262 16061 6263 16061 6264 16061 6264 16062 6263 16062 6265 16062 6264 16062 6265 16062 6266 16062 6266 16063 6265 16063 6267 16063 6266 16064 6267 16064 6268 16064 6268 16065 6267 16065 6269 16065 6268 16065 6269 16065 6270 16065 6270 16066 6269 16066 6271 16066 6270 16067 6271 16067 6272 16067 6272 16068 6271 16068 6273 16068 6272 16069 6273 16069 6274 16069 6274 16070 6273 16070 6275 16070 6274 16071 6275 16071 6276 16071 6276 16072 6275 16072 6277 16072 6276 16072 6277 16072 6278 16072 6278 16073 6277 16073 6279 16073 6278 16074 6279 16074 6280 16074 6280 16075 6279 16076 6005 16077 6005 16077 6279 16076 6006 16078</p>
        </triangles>
        <triangles material="silver-material" count="7674">
          <input semantic="VERTEX" source="#wheel_loader_v1_062-mesh-vertices" offset="0"/>
          <input semantic="NORMAL" source="#wheel_loader_v1_062-mesh-normals" offset="1"/>
          <p>866 1100 867 1101 868 1102 868 1102 867 1101 869 1103 868 1104 869 1104 870 1104 870 1105 869 1105 871 1105 870 1106 871 1106 872 1106 872 1107 871 1107 873 1107 872 1108 873 1108 874 1108 874 1109 873 1109 875 1109 874 1110 875 1110 876 1110 876 1111 875 1111 877 1111 876 1112 877 1112 878 1112 878 1113 877 1113 879 1113 878 1114 879 1114 880 1114 880 1115 879 1115 881 1115 880 1116 881 1116 882 1116 882 1117 881 1117 883 1117 882 1118 883 1118 884 1118 884 1119 883 1119 885 1119 884 1120 885 1120 886 1120 886 1121 885 1121 887 1121 886 1122 887 1122 888 1122 888 1123 887 1123 889 1123 888 1124 889 1124 890 1124 890 1125 889 1125 891 1125 890 1126 891 1126 892 1126 892 1127 891 1127 893 1127 892 1128 893 1128 894 1128 894 1129 893 1129 895 1129 894 1130 895 1130 896 1130 896 1131 895 1132 897 1133 896 1131 897 1133 898 1134 896 1135 898 1136 899 1137 899 1137 898 1136 900 1138 899 1139 900 1140 901 1141 901 1141 900 1140 902 1142 901 1143 902 1144 903 1145 903 1145 902 1144 904 1146 903 1147 904 1148 905 1149 905 1149 904 1148 906 1150 905 1151 906 1152 907 1153 907 1153 906 1152 908 1154 907 1155 908 1156 909 1157 910 1158 911 1159 909 1160 909 1160 911 1159 912 1161 909 1157 912 1162 907 1155 907 1163 912 1164 913 1165 907 1166 913 1167 914 1168 914 1169 913 1170 915 1171 914 1172 915 1173 916 1174 916 1175 915 1176 917 1177 916 1178 917 1179 918 1180 918 1181 917 1182 919 1183 918 1184 919 1185 920 1186 920 1187 919 1188 921 1189 920 1190 921 1191 886 1192 886 1193 921 1194 884 1195 912 1196 911 1197 922 1198 922 1198 911 1197 923 1199 922 1200 923 1201 924 1202 924 1202 923 1201 925 1203 924 1204 925 1205 926 1206 926 1206 925 1205 927 1207 926 1208 927 1209 928 1210 928 1210 927 1209 929 1211 928 1212 929 1213 930 1214 930 1214 929 1213 931 1215 930 1216 931 1217 932 1218 932 1218 931 1217 933 1219 932 1220 933 1221 934 1222 934 1222 933 1221 935 1223 934 1224 935 1225 936 1226 934 1224 936 1226 937 1227 937 1228 936 1229 938 1230 937 1228 938 1230 939 1231 939 1232 938 1233 940 1234 939 1232 940 1234 941 1235 941 1236 940 1237 942 1238 941 1236 942 1238 943 1239 943 1240 942 1241 944 1242 943 1240 944 1242 945 1243 945 1244 944 1245 946 1246 945 1244 946 1246 947 1247 947 1248 946 1249 948 1250 947 1248 948 1250 949 1251 949 1252 948 1253 950 1254 949 1252 950 1254 951 1255 949 1256 951 1257 952 1258 952 1258 951 1257 953 1259 952 1260 953 1261 954 1262 954 1262 953 1261 955 1263 954 1264 955 1265 956 1266 956 1266 955 1265 957 1267 956 1268 957 1269 958 1270 958 1270 957 1269 959 1271 958 1272 959 1273 960 1274 960 1274 959 1273 961 1275 960 1276 961 1277 868 1278 868 1278 961 1277 866 1279 960 1280 868 1281 962 1282 962 1282 868 1281 870 1283 962 1284 870 1285 963 1286 963 1286 870 1285 872 1287 963 1288 872 1289 964 1290 964 1290 872 1289 874 1291 964 1292 874 1293 965 1294 965 1294 874 1293 876 1295 965 1296 876 1297 966 1298 966 1298 876 1297 878 1299 966 1300 878 1301 967 1302 967 1302 878 1301 880 1303 967 1304 880 1305 968 1306 968 1306 880 1305 882 1307 968 1308 882 1309 969 1310 969 1310 882 1309 884 1311 969 1312 884 1195 921 1194 958 1313 960 1314 970 1315 970 1315 960 1314 962 1316 970 1317 962 1318 971 1319 971 1319 962 1318 963 1320 971 1321 963 1322 972 1323 972 1323 963 1322 964 1324 972 1325 964 1326 973 1327 973 1327 964 1326 965 1328 973 1329 965 1330 974 1331 974 1331 965 1330 966 1332 974 1333 966 1334 975 1335 975 1335 966 1334 967 1336 975 1337 967 1338 976 1339 976 1339 967 1338 968 1340 976 1341 968 1342 977 1343 977 1343 968 1342 969 1344 977 1345 969 1346 978 1347 978 1347 969 1346 921 1348 978 1349 921 1189 919 1188 956 1350 958 1351 979 1352 979 1352 958 1351 970 1353 979 1354 970 1355 980 1356 980 1356 970 1355 971 1357 980 1358 971 1359 981 1360 981 1360 971 1359 972 1361 981 1362 972 1363 982 1364 982 1364 972 1363 973 1365 982 1366 973 1367 983 1368 983 1368 973 1367 974 1369 983 1370 974 1371 984 1372 984 1372 974 1371 975 1373 984 1374 975 1375 985 1376 985 1376 975 1375 976 1377 985 1378 976 1379 986 1380 986 1380 976 1379 977 1381 986 1382 977 1383 987 1384 987 1384 977 1383 978 1385 987 1386 978 1387 988 1388 988 1388 978 1387 919 1389 988 1390 919 1183 917 1182 954 1391 956 1392 989 1393 989 1393 956 1392 979 1394 989 1395 979 1396 990 1397 990 1397 979 1396 980 1398 990 1399 980 1400 991 1401 991 1401 980 1400 981 1402 991 1403 981 1404 992 1405 992 1405 981 1404 982 1406 992 1407 982 1408 993 1409 993 1409 982 1408 983 1410 993 1411 983 1412 994 1413 994 1413 983 1412 984 1414 994 1415 984 1416 995 1417 995 1417 984 1416 985 1418 995 1419 985 1420 996 1421 996 1421 985 1420 986 1422 996 1423 986 1424 997 1425 997 1425 986 1424 987 1426 997 1427 987 1428 998 1429 998 1429 987 1428 988 1430 998 1431 988 1432 999 1433 999 1433 988 1432 917 1434 999 1435 917 1177 915 1176 947 1436 949 1437 952 1438 952 1439 954 1440 1000 1441 1000 1441 954 1440 989 1442 1000 1443 989 1444 1001 1445 1001 1445 989 1444 990 1446 1001 1447 990 1448 1002 1449 1002 1449 990 1448 991 1450 1002 1451 991 1452 1003 1453 1003 1453 991 1452 992 1454 1003 1455 992 1456 1004 1457 1004 1457 992 1456 993 1458 1004 1459 993 1460 1005 1461 1005 1461 993 1460 994 1462 1005 1463 994 1464 1006 1465 1006 1465 994 1464 995 1466 1006 1467 995 1468 1007 1469 1007 1469 995 1468 996 1470 1007 1471 996 1472 1008 1473 1008 1473 996 1472 997 1474 1008 1475 997 1476 1009 1477 1009 1477 997 1476 998 1478 1009 1479 998 1480 1010 1481 1010 1481 998 1480 999 1482 1010 1483 999 1484 1011 1485 1011 1485 999 1484 915 1486 1011 1487 915 1171 913 1170 945 1488 947 1489 1000 1490 1000 1491 947 1436 952 1438 945 1488 1000 1490 1001 1492 943 1493 945 1494 1001 1495 943 1493 1001 1495 1002 1496 941 1497 943 1498 1002 1499 941 1497 1002 1499 1003 1500 939 1501 941 1502 1003 1503 939 1501 1003 1503 1004 1504 937 1505 939 1506 1004 1507 937 1505 1004 1507 1005 1508 934 1509 937 1510 1005 1511 934 1509 1005 1511 1006 1512 932 1513 934 1514 1006 1515 932 1513 1006 1515 1007 1516 930 1517 932 1518 1007 1519 930 1517 1007 1519 1008 1520 928 1521 930 1522 1008 1523 928 1521 1008 1523 1009 1524 886 1192 888 1525 920 1190 920 1526 888 1527 1012 1528 920 1186 1012 1529 918 1184 918 1530 1012 1531 1013 1532 918 1180 1013 1533 916 1178 916 1534 1013 1535 1014 1536 916 1174 1014 1537 914 1172 914 1538 1014 1539 905 1540 914 1168 905 1541 907 1166 926 1542 928 1543 1009 1544 926 1542 1009 1544 1010 1545 888 1527 890 1546 1012 1528 1012 1547 890 1548 1015 1549 1012 1531 1015 1550 1013 1532 1013 1551 1015 1552 1016 1553 1013 1535 1016 1554 1014 1536 1014 1555 1016 1556 903 1557 1014 1539 903 1558 905 1540 924 1559 926 1560 1010 1561 924 1559 1010 1561 1011 1562 890 1548 892 1563 1015 1549 1015 1564 892 1565 1017 1566 1015 1552 1017 1567 1016 1553 1016 1568 1017 1569 901 1570 1016 1556 901 1571 903 1557 922 1572 924 1573 1011 1574 922 1572 1011 1574 913 1575 892 1565 894 1576 1017 1566 1017 1577 894 1578 899 1579 1017 1569 899 1580 901 1570 896 1581 899 1579 894 1578 912 1164 922 1582 913 1165 1018 1583 1019 1584 1020 1585 1020 1585 1019 1584 1021 1586 1020 1587 1021 1588 1022 1589 1022 1589 1021 1588 1023 1590 1022 1591 1023 1592 1024 1593 1024 1593 1023 1592 1025 1594 1024 1595 1025 1596 1026 1597 1026 1597 1025 1596 1027 1598 1026 1599 1027 1600 1028 1601 1028 1601 1027 1600 1029 1602 1028 1603 1029 1604 1030 1605 1030 1605 1029 1604 1031 1606 1030 1607 1031 1608 1032 1609 1032 1609 1031 1608 1033 1610 1032 1611 1033 1612 1034 1613 1032 1611 1034 1613 1035 1614 1035 1615 1034 1616 1036 1617 1035 1615 1036 1617 1037 1618 1037 1619 1036 1620 1038 1621 1037 1619 1038 1621 1039 1622 1039 1623 1038 1624 1040 1625 1039 1623 1040 1625 1041 1626 1041 1627 1040 1628 1042 1629 1041 1627 1042 1629 1043 1630 1041 1631 1043 1632 1044 1633 1044 1633 1043 1632 1045 1634 1044 1635 1045 1636 1046 1637 1046 1637 1045 1636 1047 1638 1046 1639 1047 1640 1048 1641 1048 1641 1047 1640 1049 1642 1048 1643 1049 1644 1050 1645 1050 1645 1049 1644 1051 1646 1050 1647 1051 1647 1052 1647 1052 1648 1051 1648 1053 1648 1052 1649 1054 1649 1050 1649 1050 1650 1054 1651 1055 1652 1050 1653 1055 1654 1056 1655 1056 1656 1055 1657 1057 1658 1056 1659 1057 1660 1058 1661 1058 1662 1057 1663 1059 1664 1058 1665 1059 1666 1060 1667 1060 1668 1059 1669 1061 1670 1060 1671 1061 1672 1032 1673 1032 1674 1061 1675 1030 1676 1054 1677 1062 1678 1055 1679 1055 1680 1062 1680 1063 1680 1055 1657 1063 1681 1057 1658 1057 1682 1063 1683 1064 1684 1057 1663 1064 1685 1059 1664 1059 1686 1064 1687 1065 1688 1059 1669 1065 1689 1061 1670 1061 1690 1065 1691 1066 1692 1061 1675 1066 1693 1030 1676 1030 1694 1066 1695 1028 1696 1062 1697 1067 1698 1063 1699 1063 1700 1067 1700 1068 1700 1063 1683 1068 1701 1064 1684 1064 1702 1068 1703 1069 1704 1064 1687 1069 1705 1065 1688 1065 1706 1069 1707 1070 1708 1065 1691 1070 1709 1066 1692 1066 1710 1070 1711 1071 1712 1066 1695 1071 1713 1028 1696 1028 1714 1071 1715 1026 1716 1067 1717 1072 1717 1068 1717 1068 1718 1072 1718 1073 1718 1068 1703 1073 1719 1069 1704 1069 1720 1073 1721 1074 1722 1069 1707 1074 1723 1070 1708 1070 1724 1074 1725 1075 1726 1070 1711 1075 1727 1071 1712 1071 1728 1075 1729 1076 1730 1071 1715 1076 1731 1026 1716 1026 1732 1076 1733 1024 1734 1072 1735 1077 1735 1073 1736 1073 1737 1077 1737 1078 1737 1073 1721 1078 1738 1074 1722 1074 1739 1078 1740 1079 1741 1074 1725 1079 1742 1075 1726 1075 1743 1079 1744 1080 1745 1075 1729 1080 1746 1076 1730 1076 1747 1080 1748 1081 1749 1076 1733 1081 1750 1024 1734 1024 1751 1081 1752 1022 1753 1077 1754 1082 1754 1078 1754 1078 1755 1082 1755 1083 1755 1078 1740 1083 1756 1079 1741 1079 1757 1083 1758 1084 1759 1079 1744 1084 1760 1080 1745 1080 1761 1084 1762 1085 1763 1080 1748 1085 1764 1081 1749 1081 1765 1085 1766 1086 1767 1081 1752 1086 1768 1022 1753 1022 1769 1086 1770 1020 1771 1082 1772 1087 1772 1083 1772 1083 1773 1087 1773 1088 1773 1083 1758 1088 1774 1084 1759 1084 1775 1088 1776 1089 1777 1084 1762 1089 1778 1085 1763 1085 1779 1089 1780 1090 1781 1085 1766 1090 1782 1086 1767 1086 1783 1090 1784 1091 1785 1086 1770 1091 1786 1020 1771 1020 1787 1091 1788 1018 1789 1087 1790 1092 1790 1088 1790 1088 1791 1092 1791 1093 1791 1088 1776 1093 1792 1089 1777 1089 1793 1093 1794 1094 1795 1089 1780 1094 1796 1090 1781 1090 1797 1094 1798 1095 1799 1090 1784 1095 1800 1091 1785 1091 1801 1095 1802 1096 1803 1091 1788 1096 1804 1018 1789 1092 1805 1097 1806 1093 1807 1093 1808 1097 1808 1098 1808 1093 1794 1098 1809 1094 1795 1094 1810 1098 1811 1099 1812 1094 1798 1099 1813 1095 1799 1095 1814 1099 1815 1100 1816 1095 1814 1100 1816 1101 1817 1097 1818 1102 1818 1098 1818 1098 1819 1102 1819 1103 1819 1098 1811 1103 1820 1099 1812 1099 1821 1103 1822 1104 1823 1099 1821 1104 1823 1100 1824 1102 1825 1105 1825 1103 1825 1103 1826 1105 1826 1104 1826 1105 1827 1106 1827 1104 1827 1101 1828 1096 1803 1095 1802 1060 1671 1032 1673 1035 1829 1060 1830 1035 1831 1107 1832 1107 1832 1035 1831 1037 1833 1107 1834 1037 1835 1108 1836 1108 1836 1037 1835 1039 1837 1108 1838 1039 1839 1044 1840 1044 1840 1039 1839 1041 1841 1060 1667 1107 1842 1058 1665 1058 1843 1107 1844 1109 1845 1058 1661 1109 1846 1056 1659 1056 1847 1109 1848 1048 1849 1056 1655 1048 1850 1050 1653 1109 1845 1107 1844 1108 1851 1044 1852 1046 1853 1108 1854 1108 1854 1046 1853 1109 1855 1046 1856 1048 1849 1109 1848 1110 1857 1112 1858 1111 1859 1112 1858 1113 1860 1111 1859 1112 1861 1114 1862 1113 1863 1114 1862 1115 1864 1113 1863 1114 1865 1116 1866 1115 1867 1116 1866 1117 1868 1115 1867 1116 1869 1118 1870 1117 1871 1118 1870 1119 1872 1117 1871 1120 1873 1121 1874 950 1875 1121 1874 1122 1876 950 1875 1121 1877 1123 1877 1122 1877 1123 1878 1124 1878 1122 1878 1123 1879 1125 1879 1124 1879 1125 1880 1126 1880 1124 1880 1125 1881 1127 1881 1126 1881 1127 1882 1128 1882 1126 1882 1127 1883 1129 1883 1128 1883 1129 1884 1130 1884 1128 1884 1129 1885 1131 1885 1130 1885 1131 1886 1132 1886 1130 1886 1131 1887 1133 1887 1132 1887 1133 1888 1134 1888 1132 1888 1133 1889 1135 1889 1134 1889 1135 1890 1136 1890 1134 1890 1135 1891 1137 1891 1136 1891 1137 1892 1138 1892 1136 1892 1137 1893 1139 1893 1138 1893 1139 1894 1140 1894 1138 1894 1139 1895 1141 1895 1140 1895 1141 1896 1142 1896 1140 1896 1141 1897 1143 1897 1142 1897 1143 1898 1144 1898 1142 1898 1143 1899 1145 1899 1144 1899 1145 1900 1146 1900 1144 1900 1145 1901 1147 1901 1146 1901 1147 1902 1148 1902 1146 1902 1147 1903 1149 1903 1148 1903 1149 1904 1150 1904 1148 1904 1149 1905 1151 1905 1150 1905 1151 1906 910 1907 1150 1908 1151 1906 1152 1909 910 1907 1152 1910 1151 1911 1153 1912 1151 1911 1154 1913 1153 1912 1151 1914 1149 1915 1154 1916 1149 1915 1155 1917 1154 1916 1149 1918 1147 1919 1155 1920 1147 1919 1156 1921 1155 1920 1147 1922 1145 1923 1156 1924 1145 1923 1157 1925 1156 1924 1145 1926 1143 1927 1157 1928 1143 1927 1158 1929 1157 1928 1143 1930 1141 1931 1158 1932 1141 1931 1159 1933 1158 1932 1141 1934 1160 1934 1159 1934 1160 1935 1161 1935 1159 1935 1161 1936 1162 1936 1159 1936 1161 1937 1163 1937 1162 1937 1163 1938 1164 1938 1162 1938 1164 1939 1165 1939 1162 1939 1164 1940 1166 1940 1165 1940 1166 1941 1167 1941 1165 1941 1166 1942 1168 1943 1167 1944 1168 1943 1169 1945 1167 1944 1168 1946 1170 1946 1169 1946 1170 1947 1156 1948 1169 1949 1170 1947 1155 1950 1156 1948 1153 1951 1154 1952 1171 1953 1154 1952 1172 1954 1171 1953 1154 1955 1155 1956 1172 1957 1155 1956 1170 1958 1172 1957 1171 1959 1172 1959 1173 1959 1172 1960 1174 1960 1173 1960 1172 1961 1170 1961 1174 1961 1170 1962 1168 1962 1174 1962 1141 1963 1139 1963 1160 1963 1139 1964 1175 1965 1160 1966 1139 1964 1137 1967 1175 1965 1137 1968 1135 1969 1175 1970 1175 1970 1135 1969 1176 1971 1135 1972 1133 1972 1176 1972 1176 1973 1133 1973 1177 1973 1133 1974 1131 1974 1177 1974 1131 1975 1178 1975 1177 1975 1178 1976 1179 1976 1177 1976 1178 1977 1180 1977 1179 1977 1180 1978 1181 1978 1179 1978 1180 1979 1182 1979 1181 1979 1180 1980 1183 1980 1182 1980 1183 1981 1184 1981 1182 1981 1183 1982 1185 1982 1184 1982 1185 1983 1186 1984 1184 1985 1185 1983 1187 1986 1186 1984 1187 1987 1188 1987 1186 1987 1187 1988 1189 1989 1188 1990 1189 1991 1190 1992 1188 1993 1189 1994 1121 1995 1190 1996 1121 1997 1120 1998 1190 1999 1186 2000 1188 2000 1191 2000 1188 2001 1192 2001 1191 2001 1188 1993 1190 1992 1192 2002 1190 2003 1193 2004 1192 2005 1190 1999 1120 1998 1193 2006 1191 2007 1192 2007 1119 2007 1192 2008 1194 2008 1119 2008 1192 2005 1193 2004 1194 2009 1121 1995 1189 1994 1123 2010 1189 2011 1195 2012 1123 2013 1189 1989 1187 1988 1195 2014 1187 2015 1185 2016 1195 2017 1123 2013 1195 2012 1125 2018 1195 2019 1196 2020 1125 2021 1195 2017 1185 2016 1196 2022 1185 2023 1183 2024 1196 2025 1125 2021 1196 2020 1127 2026 1196 2027 1197 2028 1127 2029 1196 2025 1183 2024 1197 2030 1183 2031 1180 2032 1197 2033 1127 2029 1197 2028 1129 2034 1197 2035 1178 2036 1129 2037 1197 2033 1180 2032 1178 2038 1131 2039 1129 2037 1178 2036 1165 2040 1159 2041 1162 2042 1165 2040 1158 2043 1159 2041 1167 2044 1158 2045 1165 2046 1167 2044 1157 2047 1158 2045 1169 2048 1157 2049 1167 2050 1169 2048 1156 2051 1157 2049 1105 2052 1198 2052 1106 2052 1106 2053 1198 2053 1199 2053 1106 2054 1199 2054 1200 2054 1105 2055 1102 2055 1198 2055 1198 2056 1102 2057 1201 2058 1198 2056 1201 2058 1202 2059 1202 2060 1201 2060 1203 2060 1203 2061 1201 2062 1204 2063 1203 2064 1204 2064 1205 2064 1205 2065 1204 2066 1206 2067 1205 2068 1206 2068 1207 2068 1207 2069 1206 2070 1208 2071 1207 2072 1208 2072 1209 2072 1209 2073 1208 2074 1210 2075 1209 2076 1210 2076 1211 2076 1211 2077 1210 2078 1212 2079 1211 2080 1212 2080 1213 2080 1213 2081 1212 2082 1214 2083 1213 2084 1214 2084 1215 2084 1215 2085 1214 2086 1216 2087 1215 2088 1216 2088 1217 2088 1217 2089 1216 2090 1218 2091 1217 2092 1218 2092 1219 2092 1219 2093 1218 2094 1220 2095 1219 2096 1220 2096 1221 2096 1221 2097 1220 2097 1222 2097 1222 2098 1220 2098 1052 2098 1222 2099 1052 2099 1053 2099 1102 2100 1097 2100 1201 2100 1201 2062 1097 2101 1204 2063 1097 1806 1092 1805 1204 2102 1204 2066 1092 2103 1206 2067 1092 2104 1087 2104 1206 2104 1206 2070 1087 2105 1208 2071 1087 2106 1082 2106 1208 2106 1208 2074 1082 2107 1210 2075 1082 2108 1077 2108 1210 2108 1210 2078 1077 2109 1212 2079 1077 2110 1072 2110 1212 2110 1212 2082 1072 2111 1214 2083 1072 2112 1067 2112 1214 2112 1214 2086 1067 2113 1216 2087 1067 1698 1062 1697 1216 2114 1216 2090 1062 2115 1218 2091 1062 2116 1054 2116 1218 2116 1218 2094 1054 2117 1220 2095 1054 2118 1052 2118 1220 2118 1202 2119 1199 2119 1198 2119 1223 2120 1042 2121 1224 2122 1042 2121 1019 2123 1224 2122 1042 2121 1040 2124 1019 2123 1040 2124 1021 2125 1019 2123 1040 2124 1038 2126 1021 2125 1038 2126 1023 2127 1021 2125 1038 2126 1036 2128 1023 2127 1036 2128 1025 2129 1023 2127 1036 2128 1034 2130 1025 2129 1034 2130 1027 2131 1025 2129 1034 2130 1033 2132 1027 2131 1033 2132 1029 2133 1027 2131 1033 2132 1031 432 1029 2133 1224 2122 1225 2134 1223 2120 1225 2134 1226 2135 1223 2120 1225 2134 1227 2136 1226 2135 1227 2136 1228 2137 1226 2135 1227 2136 1229 2138 1228 2137 1229 2138 1230 2139 1228 2137 1229 2138 1231 2140 1230 2139 1231 2140 1232 2141 1230 2139 1231 2140 1233 2142 1232 2141 1222 2143 1053 2143 1234 2143 1234 2144 1053 2144 1235 2144 1234 2145 1235 2145 1236 2145 1236 2146 1235 2147 1237 2148 1236 2149 1237 2149 1238 2149 1238 2150 1237 2151 1239 2152 1238 2153 1239 2153 1240 2153 1240 2154 1239 2155 1241 2156 1240 2157 1241 2157 1242 2157 1242 2158 1241 2159 1243 2160 1242 2161 1243 2161 1244 2161 1244 2162 1243 2163 1245 2164 1244 2165 1245 2165 1246 2165 1246 2166 1245 2167 1247 2168 1246 2169 1247 2169 1248 2169 1248 2170 1247 2171 1249 2172 1248 2173 1249 2173 1250 2173 1250 2174 1249 2175 1251 2176 1250 2177 1251 2177 1252 2177 1252 2178 1251 2179 1253 2180 1252 2181 1253 2181 1254 2181 1254 2182 1253 2183 1255 2184 1254 2185 1255 2185 1256 2185 1256 2186 1255 2186 1200 2186 1200 2187 1255 2187 1257 2187 1200 2188 1257 2188 1106 2188 1053 2189 1258 2189 1235 2189 1235 2190 1258 2190 1259 2190 1235 2147 1259 2191 1237 2148 1237 2192 1259 2192 1260 2192 1237 2151 1260 2193 1239 2152 1239 2194 1260 2195 1261 2196 1239 2155 1261 2197 1241 2156 1241 2198 1261 2198 1262 2198 1241 2159 1262 2199 1243 2160 1243 2200 1262 2200 1263 2200 1243 2163 1263 2201 1245 2164 1245 2202 1263 2202 1264 2202 1245 2167 1264 2203 1247 2168 1247 2204 1264 2204 1265 2204 1247 2171 1265 2205 1249 2172 1249 2206 1265 2206 1266 2206 1249 2175 1266 2207 1251 2176 1251 2208 1266 2209 1267 2210 1251 2179 1267 2211 1253 2180 1253 2212 1267 2212 1268 2212 1253 2183 1268 2213 1255 2184 1255 2214 1268 2214 1257 2214 895 2215 1222 2216 897 2217 1222 2216 1269 2218 897 2217 1222 2216 1270 2219 1269 2218 1270 2219 1271 2220 1269 2218 1270 2219 1272 2221 1271 2220 1272 2221 1273 2222 1271 2220 1272 2221 1274 2223 1273 2222 1274 2223 1275 2224 1273 2222 1274 2223 1276 2225 1275 2224 1276 2225 1277 2226 1275 2224 1276 2225 1278 2227 1277 2226 1278 2227 1279 432 1277 2226 1278 2227 1280 2228 1279 432 1278 2227 1281 2229 1280 2228 1281 2229 1282 2230 1280 2228 1281 2229 1283 2231 1282 2230 1283 2231 1284 2232 1282 2230 1283 2231 1285 2233 1284 2232 1285 2233 1286 2234 1284 2232 1285 2233 1287 2235 1286 2234 1287 2235 1288 2236 1286 2234 1287 2235 1289 2237 1288 2236 1289 2237 1290 2238 1288 2236 1289 2237 1291 2239 1290 2238 1289 2237 1292 2240 1291 2239 1292 2240 1293 2241 1291 2239 1292 2240 1294 2242 1293 2241 1294 2242 867 2243 1293 2241 1294 2242 1295 2244 867 2243 1295 2244 869 2245 867 2243 1295 2244 1296 2246 869 2245 1296 2246 871 2247 869 2245 1296 2246 1297 2248 871 2247 1297 2248 873 2249 871 2247 1297 2248 875 432 873 2249 1297 2248 1298 432 875 432 1298 432 877 432 875 432 1298 432 1299 432 877 432 1299 432 879 432 877 432 1299 432 1300 2250 879 432 1300 2250 881 2251 879 432 1300 2250 1301 2252 881 2251 1301 2252 883 2253 881 2251 1301 2252 1302 2254 883 2253 1302 2254 885 2255 883 2253 1302 2254 887 2256 885 2255 1302 2254 1303 2257 887 2256 1303 2257 889 2258 887 2256 1303 2257 1304 2259 889 2258 1304 2259 891 2260 889 2258 1304 2259 1305 2261 891 2260 1305 2261 893 2262 891 2260 1305 2261 1306 2263 893 2262 1306 2263 895 2215 893 2262 1306 2263 1222 2216 895 2215 948 2264 1307 2265 950 2266 1307 2265 1120 2267 950 2266 1307 2268 1193 2269 1120 2270 1307 2268 1308 2271 1193 2269 1308 2272 1194 2273 1193 2274 1308 2272 1309 2275 1194 2273 1309 2276 1119 2276 1194 2276 1309 2277 1117 2277 1119 2277 1309 2278 1310 2278 1117 2278 1310 2279 1115 2279 1117 2279 1310 2280 1311 2280 1115 2280 1311 2281 1312 2282 1115 2283 1311 2284 1313 2285 1312 2286 1313 2287 1314 2288 1312 2289 1313 2290 1315 2291 1314 2292 1315 2293 1316 2294 1314 2295 1315 2296 940 2296 1316 2296 940 2297 938 2297 1316 2297 938 2298 1317 2298 1316 2298 938 2299 936 2299 1317 2299 936 2300 1318 2300 1317 2300 936 2301 935 2301 1318 2301 935 2302 1319 2302 1318 2302 935 2303 933 2303 1319 2303 933 2304 1320 2304 1319 2304 933 2305 931 2305 1320 2305 931 2306 1321 2306 1320 2306 931 2307 929 2307 1321 2307 929 2308 1322 2308 1321 2308 929 2309 927 2309 1322 2309 927 2310 1323 2310 1322 2310 927 2311 925 2311 1323 2311 925 2312 1324 2312 1323 2312 925 2313 923 2313 1324 2313 923 2314 1325 2314 1324 2314 923 2315 911 2315 1325 2315 911 2316 1326 2316 1325 2316 911 2317 910 2318 1326 2319 910 2318 1152 2320 1326 2319 1152 2321 1327 2322 1326 2323 1152 2321 1153 2324 1327 2322 1153 2325 1328 2326 1327 2327 1153 2325 1171 2328 1328 2326 1171 2329 1173 2329 1328 2329 1173 2330 1329 2330 1328 2330 1329 2331 1330 2331 1328 2331 1329 2332 1331 2332 1330 2332 1331 2333 1332 2333 1330 2333 1331 2334 1333 2335 1332 2336 1333 2337 1334 2338 1332 2339 1333 2337 1335 2340 1334 2338 1335 2341 1324 2342 1334 2343 1335 2341 1323 2344 1324 2342 1115 2283 1312 2282 1113 2345 1312 2346 1336 2346 1113 2346 1312 2289 1314 2288 1336 2347 1314 2348 1337 2349 1336 2350 1314 2295 1316 2294 1337 2351 1316 2352 1338 2352 1337 2352 1316 2353 1317 2353 1338 2353 1317 2354 1339 2354 1338 2354 1317 2355 1318 2355 1339 2355 1318 2356 1340 2357 1339 2358 1318 2356 1319 2359 1340 2357 1319 2360 1320 2361 1340 2362 1113 2363 1336 2363 1111 2363 1336 2364 1341 2364 1111 2364 1336 2350 1337 2349 1341 2365 1337 2366 1342 2366 1341 2366 1337 2367 1338 2367 1342 2367 1111 2368 1341 2368 1343 2368 1341 2369 1342 2369 1343 2369 1340 2362 1320 2361 1344 2370 1320 2371 1321 2371 1344 2371 1321 2372 1345 2372 1344 2372 1345 2373 1346 2373 1344 2373 1345 2374 1347 2374 1346 2374 1347 2375 1348 2375 1346 2375 1347 2376 1349 2376 1348 2376 1347 2377 1350 2377 1349 2377 1350 2378 1351 2378 1349 2378 1350 2379 1333 2379 1351 2379 1333 2335 1331 2334 1351 2380 940 2381 1315 2381 942 2381 1315 2382 1352 2382 942 2382 1315 2291 1313 2290 1352 2383 1313 2384 1353 2385 1352 2386 1313 2285 1311 2284 1353 2387 1311 2388 1310 2389 1353 2390 942 2391 1352 2391 944 2391 1352 2392 1354 2392 944 2392 1352 2386 1353 2385 1354 2393 1353 2394 1355 2395 1354 2396 1353 2390 1310 2389 1355 2397 1310 2398 1309 2399 1355 2400 944 2401 1354 2401 946 2401 1354 2402 1356 2402 946 2402 1354 2396 1355 2395 1356 2403 1355 2404 1308 2405 1356 2406 1355 2400 1309 2399 1308 2407 946 2408 1356 2408 948 2408 1356 2409 1307 2409 948 2409 1356 2406 1308 2405 1307 2410 1322 2411 1345 2412 1321 2413 1345 2414 1357 2415 1347 2416 1357 2415 1350 2417 1347 2416 1357 2418 1335 2419 1350 2420 1335 2419 1333 2421 1350 2420 1323 2422 1357 2423 1322 2424 1357 2425 1345 2412 1322 2411 1323 2422 1335 2426 1357 2423 1334 2427 1358 2428 1332 2429 1358 2428 1330 2430 1332 2429 1358 2431 1327 2432 1330 2433 1327 2432 1328 2434 1330 2433 1324 2435 1325 2436 1334 2437 1325 2436 1358 2438 1334 2437 1325 2439 1326 2440 1358 2441 1326 2440 1327 2442 1358 2441 1338 2443 1110 2444 1342 2445 1110 2444 1343 2446 1342 2445 1110 2444 1111 2447 1343 2446 1118 2448 1359 2448 1119 2448 1359 2448 1191 2448 1119 2448 1359 2449 1360 2450 1191 2451 1360 2450 1186 2452 1191 2451 1360 2453 1361 2454 1186 2455 1361 2454 1184 2456 1186 2455 1361 2457 1362 2458 1184 2459 1362 2458 1182 2460 1184 2459 1182 2461 1362 2462 1181 2463 1362 2462 1179 2464 1181 2463 1362 2462 1177 2465 1179 2464 1160 2466 1363 2467 1161 2468 1363 2467 1163 2469 1161 2468 1363 2467 1164 2470 1163 2469 1164 2471 1363 2472 1166 2473 1363 2472 1364 2474 1166 2473 1364 2475 1168 2475 1166 2476 1364 2475 1365 2476 1168 2475 1365 2477 1366 2478 1168 2479 1366 2478 1174 2480 1168 2479 1366 2481 1367 2482 1174 2482 1367 2482 1173 2481 1174 2482 1367 2483 1368 2484 1173 2485 1368 2484 1329 2486 1173 2485 1368 2487 1369 2488 1329 2489 1369 2488 1331 2490 1329 2489 1369 2491 1370 2492 1331 2493 1370 2492 1351 2494 1331 2493 1370 2495 1371 2496 1351 2497 1371 2496 1349 2498 1351 2497 1349 2499 1371 2500 1348 2501 1371 2500 1346 2502 1348 2501 1371 2500 1344 2503 1346 2502 1338 545 1339 2504 1110 2505 1110 2505 1339 2504 1371 2506 1110 2505 1371 2506 1362 2507 1362 2507 1371 2506 1363 2508 1362 2507 1363 2508 1175 2509 1175 2509 1363 2508 1160 2510 1339 2504 1340 545 1371 2506 1371 2506 1340 545 1344 545 1371 2506 1370 2511 1363 2508 1363 2508 1370 2511 1364 2512 1364 2512 1370 2511 1365 545 1365 545 1370 2511 1369 545 1365 545 1369 545 1366 545 1366 545 1369 545 1368 545 1366 545 1368 545 1367 545 1175 2509 1176 2513 1362 2507 1362 2507 1176 2513 1177 545 1362 2507 1361 2514 1110 2505 1110 2505 1361 2514 1112 2515 1112 2515 1361 2514 1360 2516 1112 2515 1360 2516 1114 2517 1114 2517 1360 2516 1359 2518 1114 2517 1359 2518 1116 2519 1116 2519 1359 2518 1118 545 1053 2520 1051 2520 1258 2520 1258 2521 1051 2521 1372 2521 1258 2522 1372 2522 1259 2522 1259 2523 1372 2523 1373 2523 1259 2524 1373 2524 1260 2524 1260 2525 1373 2525 1374 2525 1260 2195 1374 2526 1261 2196 1261 2527 1374 2527 1375 2527 1261 2528 1375 2528 1262 2528 1262 2529 1375 2529 1376 2529 1262 2530 1376 2530 1263 2530 1263 2531 1376 2531 1377 2531 1263 2532 1377 2532 1264 2532 1264 2533 1377 2533 1378 2533 1264 2534 1378 2534 1265 2534 1265 2535 1378 2535 1379 2535 1265 2536 1379 2536 1266 2536 1266 2537 1379 2537 1380 2537 1266 2209 1380 2538 1267 2210 1267 2539 1380 2539 1381 2539 1267 2540 1381 2540 1268 2540 1268 2541 1381 2541 1382 2541 1268 2542 1382 2542 1257 2542 1257 2543 1382 2543 1104 2543 1257 2544 1104 2544 1106 2544 1372 2545 1051 2546 1383 2547 1383 2547 1051 2546 1049 2548 1383 2549 1049 2550 1384 2551 1384 2551 1049 2550 1047 2552 1384 2553 1047 2554 1045 2555 1384 2553 1045 2555 1385 2556 1385 2557 1045 2558 1043 2559 1385 2557 1043 2559 1386 2560 1386 2561 1043 2562 1042 2563 1386 2561 1042 2563 1223 2564 1386 2565 1223 2566 1387 2567 1387 2567 1223 2566 1226 2568 1387 2569 1226 2570 1388 2571 1388 2571 1226 2570 1228 2572 1388 2573 1228 2574 1389 2575 1389 2575 1228 2574 1230 2576 1389 2577 1230 2578 1390 2579 1390 2579 1230 2578 1232 2580 1390 2581 1232 2582 1391 2583 1391 2583 1232 2582 1233 2584 1391 2585 1233 2586 1392 2587 1392 2587 1233 2586 1231 2588 1392 2589 1231 2590 1229 2591 1392 2589 1229 2591 1393 2592 1393 2593 1229 2594 1227 2595 1393 2593 1227 2595 1394 2596 1394 2597 1227 2598 1225 2599 1394 2597 1225 2599 1395 2600 1395 2601 1225 2602 1224 2603 1395 2601 1224 2603 1396 2604 1396 2605 1224 2606 1019 2607 1396 2605 1019 2607 1018 2608 1396 2609 1018 2610 1397 2611 1397 2611 1018 2610 1096 2612 1397 2613 1096 2614 1398 2615 1398 2615 1096 2614 1101 2616 1398 2617 1101 2618 1399 2619 1399 2619 1101 2618 1100 2620 1399 2621 1100 2622 1382 2623 1382 2623 1100 2622 1104 2624 1385 2625 1386 2626 1400 2627 1400 2627 1386 2626 1387 2628 1400 2629 1387 2630 1401 2631 1401 2631 1387 2630 1388 2632 1401 2633 1388 2634 1402 2635 1402 2635 1388 2634 1389 2636 1402 2637 1389 2638 1403 2639 1403 2639 1389 2638 1390 2640 1403 2641 1390 2642 1404 2643 1404 2643 1390 2642 1391 2644 1404 2645 1391 2646 1405 2647 1405 2647 1391 2646 1392 2648 1405 2649 1392 2650 1406 2651 1406 2651 1392 2650 1393 2652 1406 2653 1393 2654 1407 2655 1407 2655 1393 2654 1394 2656 1407 2657 1394 2658 1408 2659 1408 2659 1394 2658 1395 2660 1408 2661 1395 2662 1397 2663 1397 2663 1395 2662 1396 2664 1384 2665 1385 2666 1409 2667 1409 2667 1385 2666 1400 2668 1409 2669 1400 2670 1410 2671 1410 2671 1400 2670 1401 2672 1410 2673 1401 2674 1411 2675 1411 2675 1401 2674 1402 2676 1411 2677 1402 2678 1412 2679 1412 2679 1402 2678 1403 2680 1412 2681 1403 2682 1413 2683 1413 2683 1403 2682 1404 2684 1413 2685 1404 2686 1414 2687 1414 2687 1404 2686 1405 2688 1414 2689 1405 2690 1415 2691 1415 2691 1405 2690 1406 2692 1415 2693 1406 2694 1416 2695 1416 2695 1406 2694 1407 2696 1416 2697 1407 2698 1417 2699 1417 2699 1407 2698 1408 2700 1417 2701 1408 2702 1398 2703 1398 2703 1408 2702 1397 2704 1373 2705 1372 2706 1383 2707 1383 2708 1384 2709 1418 2710 1418 2710 1384 2709 1409 2711 1418 2712 1409 2713 1419 2714 1419 2714 1409 2713 1410 2715 1419 2716 1410 2717 1420 2718 1420 2718 1410 2717 1411 2719 1420 2720 1411 2721 1421 2722 1421 2722 1411 2721 1412 2723 1421 2724 1412 2725 1422 2726 1422 2726 1412 2725 1413 2727 1422 2728 1413 2729 1423 2730 1423 2730 1413 2729 1414 2731 1423 2732 1414 2733 1424 2734 1424 2734 1414 2733 1415 2735 1424 2736 1415 2737 1425 2738 1425 2738 1415 2737 1416 2739 1425 2740 1416 2741 1426 2742 1426 2742 1416 2741 1417 2743 1426 2744 1417 2745 1399 2746 1399 2746 1417 2745 1398 2747 1374 2748 1373 2749 1418 2750 1418 2751 1373 2705 1383 2707 1374 2748 1418 2750 1419 2752 1375 2753 1374 2754 1419 2755 1375 2753 1419 2755 1420 2756 1376 2757 1375 2758 1420 2759 1376 2757 1420 2759 1421 2760 1377 2761 1376 2762 1421 2763 1377 2761 1421 2763 1422 2764 1378 2765 1377 2766 1422 2767 1378 2765 1422 2767 1423 2768 1379 2769 1378 2770 1423 2771 1379 2769 1423 2771 1424 2772 1380 2773 1379 2774 1424 2775 1380 2773 1424 2775 1425 2776 1381 2777 1380 2778 1425 2779 1381 2777 1425 2779 1426 2780 1382 2781 1381 2782 1426 2783 1382 2781 1426 2783 1399 2784 1150 2785 910 2786 1427 2787 1427 2787 910 2786 909 2788 1427 2789 909 2790 1428 2791 1428 2791 909 2790 908 2792 1428 2793 908 2794 1429 2795 1429 2795 908 2794 906 2796 1429 2797 906 2798 1430 2799 1430 2799 906 2798 904 2800 1430 2801 904 2802 1431 2803 1431 2803 904 2802 902 2804 1431 2805 902 2806 1432 2807 1432 2807 902 2806 900 2808 1432 2809 900 2810 1433 2811 1433 2811 900 2810 898 2812 1433 2813 898 2814 897 2815 897 2815 1269 2816 1433 2813 1433 2817 1269 2817 1434 2817 1433 2818 1434 2819 1435 2820 1435 2821 1434 2822 1436 2823 1435 2824 1436 2825 1437 2826 1437 2827 1436 2828 1438 2829 1437 2830 1438 2831 1439 2832 1439 2833 1438 2834 1440 2835 1439 2836 1440 2837 1441 2838 1441 2839 1440 2840 1442 2841 1441 2842 1442 2843 1443 2844 1443 2845 1442 2846 1444 2847 1443 2848 1444 2849 1445 2850 1445 2851 1444 2852 1446 2853 1445 2854 1446 2855 1138 2856 1138 2856 1446 2855 1136 2857 1136 2858 1446 2859 1134 2860 1134 2860 1446 2859 1447 2861 1134 2862 1447 2863 1132 2864 1132 2864 1447 2863 1448 2865 1132 2866 1448 2867 1130 2868 1130 2868 1448 2867 1449 2869 1130 2870 1449 2871 1128 2872 1128 2872 1449 2871 1450 2873 1128 2874 1450 2875 1126 2876 1126 2876 1450 2875 1451 2877 1126 2878 1451 2879 1124 2880 1124 2880 1451 2879 1452 2881 1124 2882 1452 2883 1122 2884 1122 2884 1452 2883 1453 2885 1122 2886 1453 2887 951 2888 951 2889 1453 2890 1454 2891 951 2889 1454 2891 953 2892 953 2893 1454 2894 955 2895 955 2895 1454 2894 1455 2896 955 2897 1455 2898 957 2899 957 2899 1455 2898 1456 2900 957 2901 1456 2902 959 2903 959 2903 1456 2902 1457 2904 959 2905 1457 2906 961 2907 961 2907 1457 2906 1458 2908 961 2909 1458 2910 866 2911 866 2911 1458 2910 1459 2912 866 2913 1459 2914 867 2915 867 2915 1459 2914 1293 2916 1293 2917 1459 2917 1460 2917 1293 2918 1460 2918 1291 2918 1291 2919 1460 2919 1461 2919 1291 2920 1461 2920 1290 2920 1290 2921 1461 2921 1462 2921 1290 2922 1462 2922 1288 2922 1288 2923 1462 2923 1463 2923 1288 2924 1463 2924 1286 2924 1286 2925 1463 2925 1464 2925 1286 2926 1464 2926 1284 2926 1284 2927 1464 2927 1465 2927 1284 2928 1465 2928 1282 2928 1282 2929 1465 2929 1466 2929 1282 2930 1466 2930 1280 2930 1280 2931 1466 2931 1467 2931 1280 2932 1467 2932 1279 2932 1279 2933 1467 2933 1468 2933 1279 2934 1468 2934 1277 2934 1277 2935 1468 2935 1469 2935 1277 2936 1469 2936 1275 2936 1275 2937 1469 2937 1470 2937 1275 2938 1470 2938 1273 2938 1273 2939 1470 2939 1471 2939 1273 2940 1471 2940 1271 2940 1271 2941 1471 2941 1434 2941 1271 2942 1434 2942 1269 2942 951 2888 950 2943 1122 2886 1138 2944 1140 2945 1445 2946 1445 2946 1140 2945 1472 2947 1445 2850 1472 2948 1443 2848 1443 2949 1472 2950 1473 2951 1443 2844 1473 2952 1441 2842 1441 2953 1473 2954 1474 2955 1441 2838 1474 2956 1439 2836 1439 2957 1474 2958 1475 2959 1439 2832 1475 2960 1437 2830 1437 2961 1475 2962 1476 2963 1437 2826 1476 2964 1435 2824 1435 2965 1476 2966 1432 2967 1435 2820 1432 2968 1433 2818 1140 2969 1142 2970 1472 2971 1472 2971 1142 2970 1477 2972 1472 2950 1477 2973 1473 2951 1473 2974 1477 2975 1478 2976 1473 2954 1478 2977 1474 2955 1474 2978 1478 2979 1479 2980 1474 2958 1479 2981 1475 2959 1475 2982 1479 2983 1480 2984 1475 2962 1480 2985 1476 2963 1476 2986 1480 2987 1431 2988 1476 2966 1431 2989 1432 2967 1142 2990 1144 2991 1477 2992 1477 2992 1144 2991 1481 2993 1477 2975 1481 2994 1478 2976 1478 2995 1481 2996 1482 2997 1478 2979 1482 2998 1479 2980 1479 2999 1482 3000 1483 3001 1479 2983 1483 3002 1480 2984 1480 3003 1483 3004 1430 3005 1480 2987 1430 3006 1431 2988 1144 3007 1146 3008 1481 3009 1481 3009 1146 3008 1484 3010 1481 2996 1484 3011 1482 2997 1482 3012 1484 3013 1485 3014 1482 3000 1485 3015 1483 3001 1483 3016 1485 3017 1429 3018 1483 3004 1429 3019 1430 3005 1146 3020 1148 3021 1484 3022 1484 3022 1148 3021 1486 3023 1484 3013 1486 3024 1485 3014 1485 3025 1486 3026 1428 3027 1485 3017 1428 3028 1429 3018 1148 3029 1150 3030 1486 3031 1486 3031 1150 3030 1427 3032 1486 3026 1427 3033 1428 3027 1434 2822 1471 3034 1436 2823 1436 3035 1471 3036 1487 3037 1436 2828 1487 3038 1438 2829 1438 3039 1487 3040 1488 3041 1438 2834 1488 3042 1440 2835 1440 3043 1488 3044 1489 3045 1440 2840 1489 3046 1442 2841 1442 3047 1489 3048 1490 3049 1442 2846 1490 3050 1444 2847 1444 3051 1490 3052 1491 3053 1444 2852 1491 3054 1446 2853 1446 3055 1491 3056 1447 3057 1471 3036 1470 3058 1487 3037 1487 3059 1470 3060 1492 3061 1487 3040 1492 3062 1488 3041 1488 3063 1492 3064 1493 3065 1488 3044 1493 3066 1489 3045 1489 3067 1493 3068 1494 3069 1489 3048 1494 3070 1490 3049 1490 3071 1494 3072 1495 3073 1490 3052 1495 3074 1491 3053 1491 3075 1495 3076 1496 3077 1491 3056 1496 3078 1447 3057 1447 3079 1496 3080 1448 3081 1470 3060 1469 3082 1492 3061 1492 3083 1469 3084 1497 3085 1492 3064 1497 3086 1493 3065 1493 3087 1497 3088 1498 3089 1493 3068 1498 3090 1494 3069 1494 3091 1498 3092 1499 3093 1494 3072 1499 3094 1495 3073 1495 3095 1499 3096 1500 3097 1495 3076 1500 3098 1496 3077 1496 3099 1500 3100 1501 3101 1496 3080 1501 3102 1448 3081 1448 3103 1501 3104 1449 3105 1469 3084 1468 3106 1497 3085 1497 3107 1468 3108 1502 3109 1497 3088 1502 3110 1498 3089 1498 3111 1502 3112 1503 3113 1498 3092 1503 3114 1499 3093 1499 3115 1503 3116 1504 3117 1499 3096 1504 3118 1500 3097 1500 3119 1504 3120 1505 3121 1500 3100 1505 3122 1501 3101 1501 3123 1505 3124 1506 3125 1501 3104 1506 3126 1449 3105 1449 3127 1506 3128 1450 3129 1468 3108 1467 3130 1502 3109 1502 3131 1467 3132 1507 3133 1502 3112 1507 3134 1503 3113 1503 3135 1507 3136 1508 3137 1503 3116 1508 3138 1504 3117 1504 3139 1508 3140 1509 3141 1504 3120 1509 3142 1505 3121 1505 3143 1509 3144 1510 3145 1505 3124 1510 3146 1506 3125 1506 3147 1510 3148 1511 3149 1506 3128 1511 3150 1450 3129 1450 3151 1511 3152 1451 3153 1467 3132 1466 3154 1507 3133 1507 3155 1466 3156 1512 3157 1507 3136 1512 3158 1508 3137 1508 3159 1512 3160 1513 3161 1508 3140 1513 3162 1509 3141 1509 3163 1513 3164 1514 3165 1509 3144 1514 3166 1510 3145 1510 3167 1514 3168 1515 3169 1510 3148 1515 3170 1511 3149 1511 3171 1515 3172 1516 3173 1511 3152 1516 3174 1451 3153 1451 3175 1516 3176 1452 3177 1466 3156 1465 3178 1512 3157 1512 3179 1465 3180 1517 3181 1512 3160 1517 3182 1513 3161 1513 3183 1517 3184 1518 3185 1513 3164 1518 3186 1514 3165 1514 3187 1518 3188 1519 3189 1514 3168 1519 3190 1515 3169 1515 3191 1519 3192 1520 3193 1515 3172 1520 3194 1516 3173 1516 3195 1520 3196 1521 3197 1516 3176 1521 3198 1452 3177 1452 3199 1521 3200 1453 3201 1465 3180 1464 3202 1517 3181 1517 3203 1464 3204 1522 3205 1517 3184 1522 3206 1518 3185 1518 3207 1522 3208 1523 3209 1518 3188 1523 3210 1519 3189 1519 3211 1523 3212 1524 3213 1519 3192 1524 3214 1520 3193 1520 3215 1524 3216 1525 3217 1520 3196 1525 3218 1521 3197 1521 3219 1525 3220 1454 3221 1521 3200 1454 3222 1453 3201 1464 3204 1463 3223 1522 3205 1522 3224 1463 3225 1526 3226 1522 3208 1526 3227 1523 3209 1523 3228 1526 3229 1527 3230 1523 3212 1527 3231 1524 3213 1524 3232 1527 3233 1528 3234 1524 3216 1528 3235 1525 3217 1525 3236 1528 3237 1455 3238 1525 3220 1455 3239 1454 3221 1463 3225 1462 3240 1526 3226 1526 3241 1462 3242 1529 3243 1526 3229 1529 3244 1527 3230 1527 3245 1529 3246 1530 3247 1527 3233 1530 3248 1528 3234 1528 3249 1530 3250 1456 3251 1528 3237 1456 3252 1455 3238 1462 3242 1461 3253 1529 3243 1529 3254 1461 3255 1531 3256 1529 3246 1531 3257 1530 3247 1530 3258 1531 3259 1457 3260 1530 3250 1457 3261 1456 3251 1461 3255 1460 3262 1531 3256 1531 3263 1460 3264 1458 3265 1531 3259 1458 3266 1457 3260 1459 3267 1458 3265 1460 3264 1532 3268 1533 3269 1534 3270 1534 3270 1533 3269 1535 3271 1534 3272 1535 3272 1536 3272 1536 3273 1535 3273 1537 3273 1536 3274 1537 3274 1538 3274 1538 3275 1537 3275 1539 3275 1538 3276 1539 3276 1540 3276 1540 3277 1539 3277 1541 3277 1540 3278 1541 3278 1542 3278 1542 3279 1541 3279 1543 3279 1542 3280 1543 3280 1544 3280 1544 3281 1543 3281 1545 3281 1544 3282 1545 3282 1546 3282 1546 3283 1545 3283 1547 3283 1546 3284 1547 3284 1548 3284 1548 3285 1547 3285 1549 3285 1548 3286 1549 3286 1550 3286 1550 3287 1549 3287 1551 3287 1550 3288 1551 3288 1552 3288 1552 3289 1551 3289 1553 3289 1552 3290 1553 3290 1554 3290 1554 3291 1553 3291 1555 3291 1554 3292 1555 3292 1556 3292 1556 3293 1555 3293 1557 3293 1556 3294 1557 3294 1558 3294 1558 3295 1557 3295 1559 3295 1558 3296 1559 3296 1560 3296 1560 3297 1559 3297 1561 3297 1560 3298 1561 3298 1562 3298 1562 3299 1561 3300 1563 3301 1562 3299 1563 3301 1564 3302 1562 3303 1564 3304 1565 3305 1565 3305 1564 3304 1566 3306 1565 3307 1566 3308 1567 3309 1567 3309 1566 3308 1568 3310 1567 3311 1568 3312 1569 3313 1569 3313 1568 3312 1570 3314 1569 3315 1570 3316 1571 3317 1571 3317 1570 3316 1572 3318 1571 3319 1572 3320 1573 3321 1573 3321 1572 3320 1574 3322 1573 3323 1574 3324 1575 3325 1576 3326 1577 3327 1575 3328 1575 3328 1577 3327 1578 3329 1575 3325 1578 3330 1573 3323 1573 3331 1578 3332 1579 3333 1573 3334 1579 3335 1580 3336 1580 3337 1579 3338 1581 3339 1580 3340 1581 3341 1582 3342 1582 3343 1581 3344 1583 3345 1582 3346 1583 3347 1584 3348 1584 3349 1583 3350 1585 3351 1584 3352 1585 3353 1586 3354 1586 3355 1585 3356 1587 3357 1586 3358 1587 3359 1552 3360 1552 3361 1587 3362 1550 3363 1578 3364 1577 3365 1588 3366 1588 3366 1577 3365 1589 3367 1588 3368 1589 3369 1590 3370 1590 3370 1589 3369 1591 3371 1590 3372 1591 3373 1592 3374 1592 3374 1591 3373 1593 3375 1592 3376 1593 3377 1594 3378 1594 3378 1593 3377 1595 3379 1594 3380 1595 3381 1596 3382 1596 3382 1595 3381 1597 3383 1596 3384 1597 3385 1598 3386 1598 3386 1597 3385 1599 3387 1598 3388 1599 3389 1600 3390 1600 3390 1599 3389 1601 3391 1600 3392 1601 3393 1602 3394 1600 3392 1602 3394 1603 3395 1603 3396 1602 3397 1604 3398 1603 3396 1604 3398 1605 3399 1605 3400 1604 3401 1606 3402 1605 3400 1606 3402 1607 3403 1607 3404 1606 3405 1608 3406 1607 3404 1608 3406 1609 3407 1609 3408 1608 3409 1610 3410 1609 3408 1610 3410 1611 3411 1611 3412 1610 3413 1612 3414 1611 3412 1612 3414 1613 3415 1613 3416 1612 3417 1614 3418 1613 3416 1614 3418 1615 3419 1615 3420 1614 3421 1616 3422 1615 3420 1616 3422 1617 3423 1615 3424 1617 3425 1618 3426 1618 3426 1617 3425 1619 3427 1618 3428 1619 3429 1620 3430 1620 3430 1619 3429 1621 3431 1620 3432 1621 3433 1622 3434 1622 3434 1621 3433 1623 3435 1622 3436 1623 3437 1624 3438 1624 3438 1623 3437 1625 3439 1624 3440 1625 3441 1626 3442 1626 3442 1625 3441 1627 3443 1626 3444 1627 3445 1534 3446 1534 3446 1627 3445 1532 3447 1626 3448 1534 3449 1628 3450 1628 3450 1534 3449 1536 3451 1628 3452 1536 3453 1629 3454 1629 3454 1536 3453 1538 3455 1629 3456 1538 3457 1630 3458 1630 3458 1538 3457 1540 3459 1630 3460 1540 3461 1631 3462 1631 3462 1540 3461 1542 3463 1631 3464 1542 3465 1632 3466 1632 3466 1542 3465 1544 3467 1632 3468 1544 3469 1633 3470 1633 3470 1544 3469 1546 3471 1633 3472 1546 3473 1634 3474 1634 3474 1546 3473 1548 3475 1634 3476 1548 3477 1635 3478 1635 3478 1548 3477 1550 3479 1635 3480 1550 3363 1587 3362 1624 3481 1626 3482 1636 3483 1636 3483 1626 3482 1628 3484 1636 3485 1628 3486 1637 3487 1637 3487 1628 3486 1629 3488 1637 3489 1629 3490 1638 3491 1638 3491 1629 3490 1630 3492 1638 3493 1630 3494 1639 3495 1639 3495 1630 3494 1631 3496 1639 3497 1631 3498 1640 3499 1640 3499 1631 3498 1632 3500 1640 3501 1632 3502 1641 3503 1641 3503 1632 3502 1633 3504 1641 3505 1633 3506 1642 3507 1642 3507 1633 3506 1634 3508 1642 3509 1634 3510 1643 3511 1643 3511 1634 3510 1635 3512 1643 3513 1635 3514 1644 3515 1644 3515 1635 3514 1587 3516 1644 3517 1587 3357 1585 3356 1622 3518 1624 3519 1645 3520 1645 3520 1624 3519 1636 3521 1645 3522 1636 3523 1646 3524 1646 3524 1636 3523 1637 3525 1646 3526 1637 3527 1647 3528 1647 3528 1637 3527 1638 3529 1647 3530 1638 3531 1648 3532 1648 3532 1638 3531 1639 3533 1648 3534 1639 3535 1649 3536 1649 3536 1639 3535 1640 3537 1649 3538 1640 3539 1650 3540 1650 3540 1640 3539 1641 3541 1650 3542 1641 3543 1651 3544 1651 3544 1641 3543 1642 3545 1651 3546 1642 3547 1652 3548 1652 3548 1642 3547 1643 3549 1652 3550 1643 3551 1653 3552 1653 3552 1643 3551 1644 3553 1653 3554 1644 3555 1654 3556 1654 3556 1644 3555 1585 3557 1654 3558 1585 3351 1583 3350 1620 3559 1622 3560 1655 3561 1655 3561 1622 3560 1645 3562 1655 3563 1645 3564 1656 3565 1656 3565 1645 3564 1646 3566 1656 3567 1646 3568 1657 3569 1657 3569 1646 3568 1647 3570 1657 3571 1647 3572 1658 3573 1658 3573 1647 3572 1648 3574 1658 3575 1648 3576 1659 3577 1659 3577 1648 3576 1649 3578 1659 3579 1649 3580 1660 3581 1660 3581 1649 3580 1650 3582 1660 3583 1650 3584 1661 3585 1661 3585 1650 3584 1651 3586 1661 3587 1651 3588 1662 3589 1662 3589 1651 3588 1652 3590 1662 3591 1652 3592 1663 3593 1663 3593 1652 3592 1653 3594 1663 3595 1653 3596 1664 3597 1664 3597 1653 3596 1654 3598 1664 3599 1654 3600 1665 3601 1665 3601 1654 3600 1583 3602 1665 3603 1583 3345 1581 3344 1613 3604 1615 3605 1618 3606 1618 3607 1620 3608 1666 3609 1666 3609 1620 3608 1655 3610 1666 3611 1655 3612 1667 3613 1667 3613 1655 3612 1656 3614 1667 3615 1656 3616 1668 3617 1668 3617 1656 3616 1657 3618 1668 3619 1657 3620 1669 3621 1669 3621 1657 3620 1658 3622 1669 3623 1658 3624 1670 3625 1670 3625 1658 3624 1659 3626 1670 3627 1659 3628 1671 3629 1671 3629 1659 3628 1660 3630 1671 3631 1660 3632 1672 3633 1672 3633 1660 3632 1661 3634 1672 3635 1661 3636 1673 3637 1673 3637 1661 3636 1662 3638 1673 3639 1662 3640 1674 3641 1674 3641 1662 3640 1663 3642 1674 3643 1663 3644 1675 3645 1675 3645 1663 3644 1664 3646 1675 3647 1664 3648 1676 3649 1676 3649 1664 3648 1665 3650 1676 3651 1665 3652 1677 3653 1677 3653 1665 3652 1581 3654 1677 3655 1581 3339 1579 3338 1611 3656 1613 3657 1666 3658 1666 3659 1613 3604 1618 3606 1611 3656 1666 3658 1667 3660 1609 3661 1611 3662 1667 3663 1609 3661 1667 3663 1668 3664 1607 3665 1609 3666 1668 3667 1607 3665 1668 3667 1669 3668 1605 3669 1607 3670 1669 3671 1605 3669 1669 3671 1670 3672 1603 3673 1605 3674 1670 3675 1603 3673 1670 3675 1671 3676 1600 3677 1603 3678 1671 3679 1600 3677 1671 3679 1672 3680 1598 3681 1600 3682 1672 3683 1598 3681 1672 3683 1673 3684 1596 3685 1598 3686 1673 3687 1596 3685 1673 3687 1674 3688 1594 3689 1596 3690 1674 3691 1594 3689 1674 3691 1675 3692 1552 3360 1554 3693 1586 3358 1586 3694 1554 3695 1678 3696 1586 3354 1678 3697 1584 3352 1584 3698 1678 3699 1679 3700 1584 3348 1679 3701 1582 3346 1582 3702 1679 3703 1680 3704 1582 3342 1680 3705 1580 3340 1580 3706 1680 3707 1571 3708 1580 3336 1571 3709 1573 3334 1592 3710 1594 3711 1675 3712 1592 3710 1675 3712 1676 3713 1554 3695 1556 3714 1678 3696 1678 3715 1556 3716 1681 3717 1678 3699 1681 3718 1679 3700 1679 3719 1681 3720 1682 3721 1679 3703 1682 3722 1680 3704 1680 3723 1682 3724 1569 3725 1680 3707 1569 3726 1571 3708 1590 3727 1592 3728 1676 3729 1590 3727 1676 3729 1677 3730 1556 3716 1558 3731 1681 3717 1681 3732 1558 3733 1683 3734 1681 3720 1683 3735 1682 3721 1682 3736 1683 3737 1567 3738 1682 3724 1567 3739 1569 3725 1588 3740 1590 3741 1677 3742 1588 3740 1677 3742 1579 3743 1558 3733 1560 3744 1683 3734 1683 3745 1560 3746 1565 3747 1683 3737 1565 3748 1567 3738 1562 3749 1565 3747 1560 3746 1578 3332 1588 3750 1579 3333 1684 3751 1685 3752 1686 3753 1686 3753 1685 3752 1687 3754 1686 3755 1687 3756 1688 3757 1688 3757 1687 3756 1689 3758 1688 3759 1689 3760 1690 3761 1690 3761 1689 3760 1691 3762 1690 3763 1691 3764 1692 3765 1692 3765 1691 3764 1693 3766 1692 3767 1693 3768 1694 3769 1694 3769 1693 3768 1695 3770 1694 3771 1695 3772 1696 3773 1696 3773 1695 3772 1697 3774 1696 3775 1697 3776 1698 3777 1698 3777 1697 3776 1699 3778 1698 3779 1699 3780 1700 3781 1698 3779 1700 3781 1701 3782 1701 3783 1700 3784 1702 3785 1701 3783 1702 3785 1703 3786 1703 3787 1702 3788 1704 3789 1703 3787 1704 3789 1705 3790 1705 3791 1704 3792 1706 3793 1705 3791 1706 3793 1707 3794 1707 3795 1706 3796 1708 3797 1707 3795 1708 3797 1709 3798 1707 3799 1709 3800 1710 3801 1710 3801 1709 3800 1711 3802 1710 3803 1711 3804 1712 3805 1712 3805 1711 3804 1713 3806 1712 3807 1713 3808 1714 3809 1714 3809 1713 3808 1715 3810 1714 3811 1715 3812 1716 3813 1716 3813 1715 3812 1717 3814 1716 3815 1717 3815 1718 3815 1718 3816 1717 3816 1719 3816 1718 3817 1720 3817 1716 3817 1716 3818 1720 3818 1721 3818 1716 3819 1721 3820 1722 3821 1722 3822 1721 3823 1723 3824 1722 3825 1723 3826 1724 3827 1724 3828 1723 3829 1725 3830 1724 3831 1725 3832 1726 3833 1726 3834 1725 3835 1727 3836 1726 3837 1727 3838 1698 3839 1698 3840 1727 3841 1696 3842 1720 3843 1728 3843 1721 3843 1721 3844 1728 3844 1729 3844 1721 3823 1729 3845 1723 3824 1723 3846 1729 3847 1730 3848 1723 3829 1730 3849 1725 3830 1725 3850 1730 3851 1731 3852 1725 3835 1731 3853 1727 3836 1727 3854 1731 3855 1732 3856 1727 3841 1732 3857 1696 3842 1696 3858 1732 3859 1694 3860 1728 3861 1733 3862 1729 3863 1729 3864 1733 3864 1734 3864 1729 3847 1734 3865 1730 3848 1730 3866 1734 3867 1735 3868 1730 3851 1735 3869 1731 3852 1731 3870 1735 3871 1736 3872 1731 3855 1736 3873 1732 3856 1732 3874 1736 3875 1737 3876 1732 3859 1737 3877 1694 3860 1694 3878 1737 3879 1692 3880 1733 3881 1738 3881 1734 3881 1734 3882 1738 3882 1739 3882 1734 3867 1739 3883 1735 3868 1735 3884 1739 3885 1740 3886 1735 3871 1740 3887 1736 3872 1736 3888 1740 3889 1741 3890 1736 3875 1741 3891 1737 3876 1737 3892 1741 3893 1742 3894 1737 3879 1742 3895 1692 3880 1692 3896 1742 3897 1690 3898 1738 3899 1743 3899 1739 3899 1739 3900 1743 3900 1744 3900 1739 3885 1744 3901 1740 3886 1740 3902 1744 3903 1745 3904 1740 3889 1745 3905 1741 3890 1741 3906 1745 3907 1746 3908 1741 3893 1746 3909 1742 3894 1742 3910 1746 3911 1747 3912 1742 3897 1747 3913 1690 3898 1690 3914 1747 3915 1688 3916 1743 3917 1748 3917 1744 3917 1744 3918 1748 3918 1749 3918 1744 3903 1749 3919 1745 3904 1745 3920 1749 3921 1750 3922 1745 3907 1750 3923 1746 3908 1746 3924 1750 3925 1751 3926 1746 3911 1751 3927 1747 3912 1747 3928 1751 3929 1752 3930 1747 3915 1752 3931 1688 3916 1688 3932 1752 3933 1686 3934 1748 3935 1753 3935 1749 3935 1749 3936 1753 3936 1754 3936 1749 3921 1754 3937 1750 3922 1750 3938 1754 3939 1755 3940 1750 3925 1755 3941 1751 3926 1751 3942 1755 3943 1756 3944 1751 3929 1756 3945 1752 3930 1752 3946 1756 3947 1757 3948 1752 3933 1757 3949 1686 3934 1686 3950 1757 3951 1684 3952 1753 3953 1758 3953 1754 3953 1754 3954 1758 3954 1759 3954 1754 3939 1759 3955 1755 3940 1755 3956 1759 3957 1760 3958 1755 3943 1760 3959 1756 3944 1756 3960 1760 3961 1761 3962 1756 3947 1761 3963 1757 3948 1757 3964 1761 3965 1762 3966 1757 3951 1762 3967 1684 3952 1758 3968 1763 3969 1759 3970 1759 3971 1763 3971 1764 3971 1759 3957 1764 3972 1760 3958 1760 3973 1764 3974 1765 3975 1760 3961 1765 3976 1761 3962 1761 3977 1765 3978 1766 3979 1761 3977 1766 3979 1767 3980 1763 3981 1768 3981 1764 3981 1764 3982 1768 3982 1769 3982 1764 3974 1769 3983 1765 3975 1765 3984 1769 3985 1770 3986 1765 3984 1770 3986 1766 3987 1768 3988 1771 3988 1769 3988 1769 3989 1771 3989 1770 3989 1771 3990 1772 3990 1770 3990 1767 3991 1762 3966 1761 3965 1726 3837 1698 3839 1701 3992 1726 3993 1701 3994 1773 3995 1773 3995 1701 3994 1703 3996 1773 3997 1703 3998 1774 3999 1774 3999 1703 3998 1705 4000 1774 4001 1705 4002 1710 4003 1710 4003 1705 4002 1707 4004 1726 3833 1773 4005 1724 3831 1724 4006 1773 4007 1775 4008 1724 3827 1775 4009 1722 3825 1722 4010 1775 4011 1714 4012 1722 3821 1714 4013 1716 3819 1775 4008 1773 4007 1774 4014 1710 4015 1712 4016 1774 4017 1774 4017 1712 4016 1775 4018 1712 4019 1714 4012 1775 4011 1776 4020 1778 4021 1777 4022 1778 4021 1779 4023 1777 4022 1778 4024 1780 4025 1779 4026 1780 4025 1781 1861 1779 4026 1780 4027 1782 4028 1781 4029 1782 4028 1783 4030 1781 4029 1782 4031 1784 4032 1783 4033 1784 4032 1785 4034 1783 4033 1786 4035 1787 4036 1616 4037 1787 4036 1788 4038 1616 4037 1787 4039 1789 4039 1788 4039 1789 4040 1790 4040 1788 4040 1789 4041 1791 4041 1790 4041 1791 4042 1792 4042 1790 4042 1791 4043 1793 4043 1792 4043 1793 4044 1794 4044 1792 4044 1793 4045 1795 4045 1794 4045 1795 4046 1796 4046 1794 4046 1795 4047 1797 4047 1796 4047 1797 4048 1798 4048 1796 4048 1797 4049 1799 4049 1798 4049 1799 4050 1800 4050 1798 4050 1799 4051 1801 4051 1800 4051 1801 4052 1802 4052 1800 4052 1801 4053 1803 4053 1802 4053 1803 4054 1804 4054 1802 4054 1803 4055 1805 4055 1804 4055 1805 4056 1806 4056 1804 4056 1805 4057 1807 4057 1806 4057 1807 4058 1808 4058 1806 4058 1807 4059 1809 4059 1808 4059 1809 4060 1810 4060 1808 4060 1809 4061 1811 4061 1810 4061 1811 4062 1812 4062 1810 4062 1811 4063 1813 4063 1812 4063 1813 4064 1814 4064 1812 4064 1813 4065 1815 4065 1814 4065 1815 4066 1816 4066 1814 4066 1815 4067 1817 4067 1816 4067 1817 4068 1576 4069 1816 4070 1817 4068 1818 4071 1576 4069 1818 4072 1817 4073 1819 4074 1817 4073 1820 4075 1819 4074 1817 4076 1815 4077 1820 4078 1815 4077 1821 4079 1820 4078 1815 4080 1813 4081 1821 4082 1813 4081 1822 4083 1821 4082 1813 4084 1811 4085 1822 4086 1811 4085 1823 4087 1822 4086 1811 4088 1809 4089 1823 4090 1809 4089 1824 4091 1823 4090 1809 4092 1807 4093 1824 4094 1807 4093 1825 4095 1824 4094 1807 4096 1826 4096 1825 4096 1826 4097 1827 4097 1825 4097 1827 4098 1828 4098 1825 4098 1827 4099 1829 4099 1828 4099 1829 4100 1830 4100 1828 4100 1830 4101 1831 4101 1828 4101 1830 4102 1832 4102 1831 4102 1832 4103 1833 4103 1831 4103 1832 4104 1834 4105 1833 4106 1834 4105 1835 4107 1833 4106 1834 4108 1836 4108 1835 4108 1836 4109 1822 4110 1835 4111 1836 4109 1821 4112 1822 4110 1819 4113 1820 4114 1837 4115 1820 4114 1838 4116 1837 4115 1820 4117 1821 4118 1838 4119 1821 4118 1836 4120 1838 4119 1837 4121 1838 4121 1839 4121 1838 4122 1840 4122 1839 4122 1838 4123 1836 4123 1840 4123 1836 4124 1834 4124 1840 4124 1807 4125 1805 4125 1826 4125 1805 4126 1841 4126 1826 4126 1805 4127 1803 4127 1841 4127 1803 4128 1801 4129 1841 4130 1841 4130 1801 4129 1842 4131 1801 4132 1799 4132 1842 4132 1842 4133 1799 4133 1843 4133 1799 4134 1797 4134 1843 4134 1797 4135 1844 4135 1843 4135 1844 4136 1845 4136 1843 4136 1844 4137 1846 4137 1845 4137 1846 4138 1847 4138 1845 4138 1846 4139 1848 4139 1847 4139 1846 4140 1849 4140 1848 4140 1849 4141 1850 4141 1848 4141 1849 4142 1851 4142 1850 4142 1851 4143 1852 4144 1850 4145 1851 4143 1853 4146 1852 4144 1853 4147 1854 4147 1852 4147 1853 4148 1855 4149 1854 4150 1855 4151 1856 4152 1854 4153 1855 4154 1787 4155 1856 4156 1787 4157 1786 4158 1856 4159 1852 4160 1854 4160 1857 4160 1854 4161 1858 4161 1857 4161 1854 4153 1856 4152 1858 4162 1856 4163 1859 4164 1858 4165 1856 4159 1786 4158 1859 4166 1857 4167 1858 4167 1785 4167 1858 4168 1860 4168 1785 4168 1858 4165 1859 4164 1860 4169 1787 4155 1855 4154 1789 4170 1855 4171 1861 4172 1789 4173 1855 4149 1853 4148 1861 4174 1853 4175 1851 4176 1861 4177 1789 4173 1861 4172 1791 4178 1861 4179 1862 4180 1791 4181 1861 4177 1851 4176 1862 4182 1851 4183 1849 4184 1862 4185 1791 4181 1862 4180 1793 4186 1862 4187 1863 4188 1793 4189 1862 4185 1849 4184 1863 4190 1849 4191 1846 4192 1863 4193 1793 4189 1863 4188 1795 4194 1863 4195 1844 4196 1795 4197 1863 4193 1846 4192 1844 4198 1797 4199 1795 4197 1844 4196 1831 4200 1825 4201 1828 4202 1831 4200 1824 4203 1825 4201 1833 4204 1824 4205 1831 4206 1833 4204 1823 4207 1824 4205 1835 4208 1823 4209 1833 4210 1835 4208 1822 4211 1823 4209 1771 4212 1864 4212 1772 4212 1772 4213 1864 4213 1865 4213 1772 4214 1865 4214 1866 4214 1771 4215 1768 4215 1864 4215 1864 4216 1768 4217 1867 4216 1864 4216 1867 4216 1868 4218 1868 4219 1867 4219 1869 4219 1869 4220 1867 4221 1870 4222 1869 4223 1870 4223 1871 4223 1871 4224 1870 4225 1872 4226 1871 4227 1872 4227 1873 4227 1873 4228 1872 4229 1874 4230 1873 4231 1874 4231 1875 4231 1875 4232 1874 4233 1876 4234 1875 2076 1876 2076 1877 2076 1877 4235 1876 4236 1878 4237 1877 4238 1878 4238 1879 4238 1879 4239 1878 4240 1880 4241 1879 4242 1880 4242 1881 4242 1881 4243 1880 4244 1882 4245 1881 4246 1882 4246 1883 4246 1883 4247 1882 4248 1884 4249 1883 4250 1884 4250 1885 4250 1885 4251 1884 4252 1886 4253 1885 4254 1886 4254 1887 4254 1887 4255 1886 4255 1888 4255 1888 4256 1886 4256 1718 4256 1888 4257 1718 4257 1719 4257 1768 4258 1763 4258 1867 4258 1867 4221 1763 4259 1870 4222 1763 3969 1758 3968 1870 4260 1870 4225 1758 4261 1872 4226 1758 4262 1753 4262 1872 4262 1872 4229 1753 4263 1874 4230 1753 4264 1748 4264 1874 4264 1874 4233 1748 4265 1876 4234 1748 4266 1743 4266 1876 4266 1876 4236 1743 4267 1878 4237 1743 4268 1738 4268 1878 4268 1878 4240 1738 4269 1880 4241 1738 4270 1733 4270 1880 4270 1880 4244 1733 4271 1882 4245 1733 3862 1728 3861 1882 4272 1882 4248 1728 4273 1884 4249 1728 4274 1720 4274 1884 4274 1884 4252 1720 4275 1886 4253 1720 4276 1718 4276 1886 4276 1868 4277 1865 4277 1864 4277 1889 4278 1708 4279 1890 4280 1708 4279 1685 4281 1890 4280 1708 4279 1706 4282 1685 4281 1706 4282 1687 4283 1685 4281 1706 4282 1704 4284 1687 4283 1704 4284 1689 4285 1687 4283 1704 4284 1702 4286 1689 4285 1702 4286 1691 4287 1689 4285 1702 4286 1700 4288 1691 4287 1700 4288 1693 4289 1691 4287 1700 4288 1699 4290 1693 4289 1699 4290 1695 4291 1693 4289 1699 4290 1697 4292 1695 4291 1890 4280 1891 4293 1889 4278 1891 4293 1892 4294 1889 4278 1891 4293 1893 4295 1892 4294 1893 4295 1894 4296 1892 4294 1893 4295 1895 4297 1894 4296 1895 4297 1896 4298 1894 4296 1895 4297 1897 4299 1896 4298 1897 4299 1898 4300 1896 4298 1897 4299 1899 4301 1898 4300 1888 4302 1719 4302 1900 4302 1900 4303 1719 4303 1901 4303 1900 4304 1901 4304 1902 4304 1902 4305 1901 4306 1903 4307 1902 4308 1903 4308 1904 4308 1904 4309 1903 4310 1905 4311 1904 4312 1905 4312 1906 4312 1906 4313 1905 4314 1907 4315 1906 4316 1907 4316 1908 4316 1908 4317 1907 4318 1909 4319 1908 4320 1909 4320 1910 4320 1910 4321 1909 4322 1911 4323 1910 4324 1911 4324 1912 4324 1912 4325 1911 4326 1913 4327 1912 4328 1913 4328 1914 4328 1914 4329 1913 4330 1915 4331 1914 4332 1915 4332 1916 4332 1916 4333 1915 4334 1917 4335 1916 4336 1917 4336 1918 4336 1918 4337 1917 4338 1919 4339 1918 4340 1919 4340 1920 4340 1920 4341 1919 4342 1921 4343 1920 4344 1921 4344 1922 4344 1922 4345 1921 4345 1866 4345 1866 4346 1921 4346 1923 4346 1866 4347 1923 4347 1772 4347 1719 4348 1924 4348 1901 4348 1901 4349 1924 4349 1925 4349 1901 4306 1925 4350 1903 4307 1903 4351 1925 4351 1926 4351 1903 4310 1926 4352 1905 4311 1905 4353 1926 4354 1927 4355 1905 4314 1927 4356 1907 4315 1907 4357 1927 4357 1928 4357 1907 4318 1928 4358 1909 4319 1909 4359 1928 4359 1929 4359 1909 4322 1929 4360 1911 4323 1911 4361 1929 4361 1930 4361 1911 4326 1930 4362 1913 4327 1913 4363 1930 4363 1931 4363 1913 4330 1931 4364 1915 4331 1915 4365 1931 4365 1932 4365 1915 4334 1932 4366 1917 4335 1917 4367 1932 4368 1933 4369 1917 4338 1933 4370 1919 4339 1919 4371 1933 4371 1934 4371 1919 4342 1934 4372 1921 4343 1921 4373 1934 4373 1923 4373 1561 4374 1888 4375 1563 4376 1888 4375 1935 4377 1563 4376 1888 4375 1936 4378 1935 4377 1936 4378 1937 4379 1935 4377 1936 4378 1938 4380 1937 4379 1938 4380 1939 4381 1937 4379 1938 4380 1940 4382 1939 4381 1940 4382 1941 4383 1939 4381 1940 4382 1942 4384 1941 4383 1942 4384 1943 4385 1941 4383 1942 4384 1944 4386 1943 4385 1944 4386 1945 4387 1943 4385 1944 4386 1946 4388 1945 4387 1944 4386 1947 4389 1946 4388 1947 4389 1948 4390 1946 4388 1947 4389 1949 4391 1948 4390 1949 4391 1950 4392 1948 4390 1949 4391 1951 4393 1950 4392 1951 4393 1952 432 1950 4392 1951 4393 1953 432 1952 432 1953 432 1954 4394 1952 432 1953 432 1955 4395 1954 4394 1955 4395 1956 4396 1954 4394 1955 4395 1957 4397 1956 4396 1955 4395 1958 4398 1957 4397 1958 4398 1959 4399 1957 4397 1958 4398 1960 4400 1959 4399 1960 4400 1533 4401 1959 4399 1960 4400 1961 4402 1533 4401 1961 4402 1535 4403 1533 4401 1961 4402 1962 4404 1535 4403 1962 4404 1537 4405 1535 4403 1962 4404 1963 4406 1537 4405 1963 4406 1539 4407 1537 4405 1963 4406 1541 4408 1539 4407 1963 4406 1964 4409 1541 4408 1964 4409 1543 4410 1541 4408 1964 4409 1965 4411 1543 4410 1965 4411 1545 4412 1543 4410 1965 4411 1966 4413 1545 4412 1966 4413 1547 4414 1545 4412 1966 4413 1967 4415 1547 4414 1967 4415 1549 4416 1547 4414 1967 4415 1968 4417 1549 4416 1968 4417 1551 432 1549 4416 1968 4417 1553 4418 1551 432 1968 4417 1969 4419 1553 4418 1969 4419 1555 4420 1553 4418 1969 4419 1970 4421 1555 4420 1970 4421 1557 4422 1555 4420 1970 4421 1971 4423 1557 4422 1971 4423 1559 4424 1557 4422 1971 4423 1972 4425 1559 4424 1972 4425 1561 4374 1559 4424 1972 4425 1888 4375 1561 4374 1614 4426 1973 4427 1616 4428 1973 4427 1786 4429 1616 4428 1973 4430 1859 4431 1786 4432 1973 4430 1974 4433 1859 4431 1974 4434 1860 4435 1859 4436 1974 4434 1975 4437 1860 4435 1975 4438 1785 4438 1860 4438 1975 4439 1783 4439 1785 4439 1975 4440 1976 4440 1783 4440 1976 4441 1781 4441 1783 4441 1976 4442 1977 4442 1781 4442 1977 4443 1978 4444 1781 4445 1977 4446 1979 4447 1978 4448 1979 4449 1980 4450 1978 4451 1979 4452 1981 4453 1980 4454 1981 4455 1982 4456 1980 4457 1981 4458 1606 4458 1982 4458 1606 4459 1604 4459 1982 4459 1604 4460 1983 4460 1982 4460 1604 4461 1602 4461 1983 4461 1602 4462 1984 4462 1983 4462 1602 4463 1601 4463 1984 4463 1601 4464 1985 4464 1984 4464 1601 4465 1599 4465 1985 4465 1599 4466 1986 4466 1985 4466 1599 4467 1597 4467 1986 4467 1597 4468 1987 4468 1986 4468 1597 4469 1595 4469 1987 4469 1595 4470 1988 4470 1987 4470 1595 4471 1593 4471 1988 4471 1593 4472 1989 4472 1988 4472 1593 4473 1591 4473 1989 4473 1591 4474 1990 4474 1989 4474 1591 4475 1589 4475 1990 4475 1589 4476 1991 4476 1990 4476 1589 4477 1577 4477 1991 4477 1577 4478 1992 4478 1991 4478 1577 4479 1576 4480 1992 4481 1576 4480 1818 4482 1992 4481 1818 4483 1993 4484 1992 4485 1818 4483 1819 4486 1993 4484 1819 4487 1994 4488 1993 4489 1819 4487 1837 4490 1994 4488 1837 4491 1839 4491 1994 4491 1839 4492 1995 4492 1994 4492 1995 4493 1996 4493 1994 4493 1995 4494 1997 4494 1996 4494 1997 4495 1998 4495 1996 4495 1997 4496 1999 4497 1998 4498 1999 4499 2000 4500 1998 4501 1999 4499 2001 4502 2000 4500 2001 4503 1990 4504 2000 4505 2001 4503 1989 4506 1990 4504 1781 4445 1978 4444 1779 4507 1978 4508 2002 4508 1779 4508 1978 4451 1980 4450 2002 4509 1980 4510 2003 4511 2002 4512 1980 4457 1982 4456 2003 4513 1982 4514 2004 4514 2003 4514 1982 4515 1983 4515 2004 4515 1983 4516 2005 4517 2004 4518 1983 4516 1984 4519 2005 4517 1984 4520 2006 4521 2005 4522 1984 4520 1985 4523 2006 4521 1985 4524 1986 4524 2006 4524 1779 4525 2002 4525 1777 4525 2002 4526 2007 4526 1777 4526 2002 4512 2003 4511 2007 4527 2003 4528 2008 4528 2007 4528 2003 4529 2004 4529 2008 4529 1777 4530 2007 4530 2009 4530 2007 4531 2008 4531 2009 4531 2006 4532 1986 4532 2010 4532 1986 4533 1987 4533 2010 4533 1987 4534 2011 4534 2010 4534 2011 4535 2012 4535 2010 4535 2011 4536 2013 4536 2012 4536 2013 4537 2014 4537 2012 4537 2013 4538 2015 4538 2014 4538 2013 4539 2016 4539 2015 4539 2016 4540 2017 4540 2015 4540 2016 4541 1999 4541 2017 4541 1999 4497 1997 4496 2017 4542 1606 4543 1981 4543 1608 4543 1981 4544 2018 4544 1608 4544 1981 4453 1979 4452 2018 4545 1979 4546 2019 4547 2018 4548 1979 4447 1977 4446 2019 4549 1977 4550 1976 4551 2019 4552 1608 4553 2018 4553 1610 4553 2018 4554 2020 4554 1610 4554 2018 4548 2019 4547 2020 4555 2019 4556 2021 4557 2020 4558 2019 4552 1976 4551 2021 4559 1976 4560 1975 4561 2021 4562 1610 4563 2020 4563 1612 4563 2020 4564 2022 4564 1612 4564 2020 4558 2021 4557 2022 4565 2021 4566 1974 4567 2022 4568 2021 4562 1975 4561 1974 4569 1612 4570 2022 4570 1614 4570 2022 4571 1973 4571 1614 4571 2022 4568 1974 4567 1973 4572 1988 4573 2011 4574 1987 4575 2011 4576 2023 4577 2013 4578 2023 4577 2016 4579 2013 4578 2023 4580 2001 4581 2016 4582 2001 4581 1999 4583 2016 4582 1989 4584 2023 4585 1988 4586 2023 4587 2011 4574 1988 4573 1989 4584 2001 4588 2023 4585 2000 4589 2024 4590 1998 4591 2024 4590 1996 4592 1998 4591 2024 4593 1993 4594 1996 4595 1993 4594 1994 4596 1996 4595 1990 4597 1991 4598 2000 4599 1991 4598 2024 4600 2000 4599 1991 4601 1992 4602 2024 4603 1992 4602 1993 4604 2024 4603 2004 4605 1776 4606 2008 4607 1776 4606 2009 4608 2008 4607 1776 4606 1777 4609 2009 4608 1784 4610 2025 4611 1785 4612 2025 4611 1857 4613 1785 4612 2025 4614 2026 4615 1857 4616 2026 4615 1852 4617 1857 4616 2026 4618 2027 4619 1852 4620 2027 4619 1850 4621 1852 4620 2027 4622 2028 4623 1850 4624 2028 4623 1848 4625 1850 4624 1848 4626 2028 4627 1847 4628 2028 4627 1845 4629 1847 4628 2028 4627 1843 4630 1845 4629 1826 4631 2029 4632 1827 4633 2029 4632 1829 4634 1827 4633 2029 4632 1830 4635 1829 4634 1830 4636 2029 4637 1832 4638 2029 4637 2030 4639 1832 4638 2030 4640 1834 4641 1832 4642 2030 4640 2031 4643 1834 4641 2031 4644 2032 4645 1834 4646 2032 4645 1840 4647 1834 4646 2032 4648 2033 4648 1840 4648 2033 4648 1839 4648 1840 4648 2033 4649 2034 4650 1839 4651 2034 4650 1995 4652 1839 4651 2034 4653 2035 4654 1995 4655 2035 4654 1997 4656 1995 4655 2035 4657 2036 4658 1997 4658 2036 4658 2017 4657 1997 4658 2036 4659 2037 4660 2017 4661 2037 4660 2015 4662 2017 4661 2015 4663 2037 4664 2014 4665 2037 4664 2012 4666 2014 4665 2037 4664 2010 4667 2012 4666 2004 4668 2005 4669 1776 4670 1776 4670 2005 4669 2037 4671 1776 4670 2037 4671 2028 4672 2028 4672 2037 4671 2029 4673 2028 4672 2029 4673 1841 4674 1841 4674 2029 4673 1826 4675 2005 4669 2006 545 2037 4671 2037 4671 2006 545 2010 545 2037 4671 2036 4676 2029 4673 2029 4673 2036 4676 2030 4677 2030 4677 2036 4676 2031 545 2031 545 2036 4676 2035 545 2031 545 2035 545 2032 4678 2032 4678 2035 545 2034 4679 2032 4678 2034 4679 2033 4680 1841 4674 1842 4681 2028 4672 2028 4672 1842 4681 1843 545 2028 4672 2027 4682 1776 4670 1776 4670 2027 4682 1778 4683 1778 4683 2027 4682 2026 4684 1778 4683 2026 4684 1780 4685 1780 4685 2026 4684 2025 4686 1780 4685 2025 4686 1782 4687 1782 4687 2025 4686 1784 4688 1719 4689 1717 4689 1924 4689 1924 4690 1717 4690 2038 4690 1924 4691 2038 4691 1925 4691 1925 4692 2038 4692 2039 4692 1925 4693 2039 4693 1926 4693 1926 4694 2039 4694 2040 4694 1926 4354 2040 4695 1927 4355 1927 4696 2040 4696 2041 4696 1927 4697 2041 4697 1928 4697 1928 4698 2041 4698 2042 4698 1928 4699 2042 4699 1929 4699 1929 4700 2042 4700 2043 4700 1929 4701 2043 4701 1930 4701 1930 4702 2043 4702 2044 4702 1930 4703 2044 4703 1931 4703 1931 4704 2044 4704 2045 4704 1931 4705 2045 4705 1932 4705 1932 4706 2045 4706 2046 4706 1932 4368 2046 4707 1933 4369 1933 4708 2046 4708 2047 4708 1933 4709 2047 4709 1934 4709 1934 4710 2047 4710 2048 4710 1934 4711 2048 4711 1923 4711 1923 4712 2048 4712 1770 4712 1923 4713 1770 4713 1772 4713 2038 4714 1717 4715 2049 4716 2049 4716 1717 4715 1715 4717 2049 4718 1715 4719 2050 4720 2050 4720 1715 4719 1713 4721 2050 4722 1713 4723 1711 4724 2050 4722 1711 4724 2051 4725 2051 4726 1711 4727 1709 4728 2051 4726 1709 4728 2052 4729 2052 4730 1709 4731 1708 4732 2052 4730 1708 4732 1889 4733 2052 4734 1889 4735 2053 4736 2053 4736 1889 4735 1892 4737 2053 4738 1892 4739 2054 4740 2054 4740 1892 4739 1894 4741 2054 4742 1894 4743 2055 4744 2055 4744 1894 4743 1896 4745 2055 4746 1896 4747 2056 4748 2056 4748 1896 4747 1898 4749 2056 4750 1898 4751 2057 4752 2057 4752 1898 4751 1899 4753 2057 4754 1899 4755 2058 4756 2058 4756 1899 4755 1897 4757 2058 4758 1897 4759 1895 4760 2058 4758 1895 4760 2059 4761 2059 4762 1895 4763 1893 4764 2059 4762 1893 4764 2060 4765 2060 4766 1893 4767 1891 4768 2060 4766 1891 4768 2061 4769 2061 4770 1891 4771 1890 4772 2061 4770 1890 4772 2062 4773 2062 4774 1890 4775 1685 4776 2062 4774 1685 4776 1684 4777 2062 4778 1684 4779 2063 4780 2063 4780 1684 4779 1762 4781 2063 4782 1762 4783 2064 4784 2064 4784 1762 4783 1767 4785 2064 4786 1767 4787 2065 4788 2065 4788 1767 4787 1766 4789 2065 4790 1766 4791 2048 4792 2048 4792 1766 4791 1770 4793 2051 4794 2052 4795 2066 4796 2066 4796 2052 4795 2053 4797 2066 4798 2053 4799 2067 4800 2067 4800 2053 4799 2054 4801 2067 4802 2054 4803 2068 4804 2068 4804 2054 4803 2055 4805 2068 4806 2055 4807 2069 4808 2069 4808 2055 4807 2056 4809 2069 4810 2056 4811 2070 4812 2070 4812 2056 4811 2057 4813 2070 4814 2057 4815 2071 4816 2071 4816 2057 4815 2058 4817 2071 4818 2058 4819 2072 4820 2072 4820 2058 4819 2059 4821 2072 4822 2059 4823 2073 4824 2073 4824 2059 4823 2060 4825 2073 4826 2060 4827 2074 4828 2074 4828 2060 4827 2061 4829 2074 4830 2061 4831 2063 4832 2063 4832 2061 4831 2062 4833 2050 4834 2051 4835 2075 4836 2075 4836 2051 4835 2066 4837 2075 4838 2066 4839 2076 4840 2076 4840 2066 4839 2067 4841 2076 4842 2067 4843 2077 4844 2077 4844 2067 4843 2068 4845 2077 4846 2068 4847 2078 4848 2078 4848 2068 4847 2069 4849 2078 4850 2069 4851 2079 4852 2079 4852 2069 4851 2070 4853 2079 4854 2070 4855 2080 4856 2080 4856 2070 4855 2071 4857 2080 4858 2071 4859 2081 4860 2081 4860 2071 4859 2072 4861 2081 4862 2072 4863 2082 4864 2082 4864 2072 4863 2073 4865 2082 4866 2073 4867 2083 4868 2083 4868 2073 4867 2074 4869 2083 4870 2074 4871 2064 4872 2064 4872 2074 4871 2063 4873 2039 4874 2038 4875 2049 4876 2049 4877 2050 4878 2084 4879 2084 4879 2050 4878 2075 4880 2084 4881 2075 4882 2085 4883 2085 4883 2075 4882 2076 4884 2085 4885 2076 4886 2086 4887 2086 4887 2076 4886 2077 4888 2086 4889 2077 4890 2087 4891 2087 4891 2077 4890 2078 4892 2087 4893 2078 4894 2088 4895 2088 4895 2078 4894 2079 4896 2088 4897 2079 4898 2089 4899 2089 4899 2079 4898 2080 4900 2089 4901 2080 4902 2090 4903 2090 4903 2080 4902 2081 4904 2090 4905 2081 4906 2091 4907 2091 4907 2081 4906 2082 4908 2091 4909 2082 4910 2092 4911 2092 4911 2082 4910 2083 4912 2092 4913 2083 4914 2065 4915 2065 4915 2083 4914 2064 4916 2040 4917 2039 4918 2084 4919 2084 4920 2039 4874 2049 4876 2040 4917 2084 4919 2085 4921 2041 4922 2040 4923 2085 4924 2041 4922 2085 4924 2086 4925 2042 4926 2041 4927 2086 4928 2042 4926 2086 4928 2087 4929 2043 4930 2042 4931 2087 4932 2043 4930 2087 4932 2088 4933 2044 4934 2043 4935 2088 4936 2044 4934 2088 4936 2089 4937 2045 4938 2044 4939 2089 4940 2045 4938 2089 4940 2090 4941 2046 4942 2045 4943 2090 4944 2046 4942 2090 4944 2091 4945 2047 4946 2046 4947 2091 4948 2047 4946 2091 4948 2092 4949 2048 4950 2047 4951 2092 4952 2048 4950 2092 4952 2065 4953 1816 4954 1576 4955 2093 4956 2093 4956 1576 4955 1575 4957 2093 4958 1575 4959 2094 4960 2094 4960 1575 4959 1574 4961 2094 4962 1574 4963 2095 4964 2095 4964 1574 4963 1572 4965 2095 4966 1572 4967 2096 4968 2096 4968 1572 4967 1570 4969 2096 4970 1570 4971 2097 4972 2097 4972 1570 4971 1568 4973 2097 4974 1568 4975 2098 4976 2098 4976 1568 4975 1566 4977 2098 4978 1566 4979 2099 4980 2099 4980 1566 4979 1564 4981 2099 4982 1564 4983 1563 4984 1563 4984 1935 4985 2099 4982 2099 4986 1935 4986 2100 4986 2099 4987 2100 4988 2101 4989 2101 4990 2100 4991 2102 4992 2101 4993 2102 4994 2103 4995 2103 4996 2102 4997 2104 4998 2103 4999 2104 5000 2105 5001 2105 5002 2104 5003 2106 5004 2105 5005 2106 5006 2107 5007 2107 5008 2106 5009 2108 5010 2107 5011 2108 5012 2109 5013 2109 5014 2108 5015 2110 5016 2109 5017 2110 5018 2111 5019 2111 5020 2110 5021 2112 5022 2111 5023 2112 5024 1804 5025 1804 5025 2112 5024 1802 5026 1802 5027 2112 5028 1800 5029 1800 5029 2112 5028 2113 5030 1800 5031 2113 5032 1798 5033 1798 5033 2113 5032 2114 5034 1798 5035 2114 5036 1796 5037 1796 5037 2114 5036 2115 5038 1796 5039 2115 5040 1794 5041 1794 5041 2115 5040 2116 5042 1794 5043 2116 5044 1792 5045 1792 5045 2116 5044 2117 5046 1792 5047 2117 5048 1790 5049 1790 5049 2117 5048 2118 5050 1790 5051 2118 5052 1788 5053 1788 5053 2118 5052 2119 5054 1788 5055 2119 5056 1617 5057 1617 5058 2119 5059 2120 5060 1617 5058 2120 5060 1619 5061 1619 5062 2120 5063 1621 5064 1621 5064 2120 5063 2121 5065 1621 5066 2121 5067 1623 5068 1623 5068 2121 5067 2122 5069 1623 5070 2122 5071 1625 5072 1625 5072 2122 5071 2123 5073 1625 5074 2123 5075 1627 5076 1627 5076 2123 5075 2124 5077 1627 5078 2124 5079 1532 5080 1532 5080 2124 5079 2125 5081 1532 5082 2125 5083 1533 5084 1533 5084 2125 5083 1959 5085 1959 5086 2125 5086 2126 5086 1959 5087 2126 5087 1957 5087 1957 5088 2126 5088 2127 5088 1957 5089 2127 5089 1956 5089 1956 5090 2127 5090 2128 5090 1956 5091 2128 5091 1954 5091 1954 5092 2128 5092 2129 5092 1954 5093 2129 5093 1952 5093 1952 5094 2129 5094 2130 5094 1952 5095 2130 5095 1950 5095 1950 5096 2130 5096 2131 5096 1950 5097 2131 5097 1948 5097 1948 5098 2131 5098 2132 5098 1948 5099 2132 5099 1946 5099 1946 5100 2132 5100 2133 5100 1946 5101 2133 5101 1945 5101 1945 5102 2133 5102 2134 5102 1945 5103 2134 5103 1943 5103 1943 5104 2134 5104 2135 5104 1943 5105 2135 5105 1941 5105 1941 5106 2135 5106 2136 5106 1941 5107 2136 5107 1939 5107 1939 5108 2136 5108 2137 5108 1939 5109 2137 5109 1937 5109 1937 5110 2137 5110 2100 5110 1937 5111 2100 5111 1935 5111 1617 5057 1616 5112 1788 5055 1804 5113 1806 5114 2111 5115 2111 5115 1806 5114 2138 5116 2111 5019 2138 5117 2109 5017 2109 5118 2138 5119 2139 5120 2109 5013 2139 5121 2107 5011 2107 5122 2139 5123 2140 5124 2107 5007 2140 5125 2105 5005 2105 5126 2140 5127 2141 5128 2105 5001 2141 5129 2103 4999 2103 5130 2141 5131 2142 5132 2103 4995 2142 5133 2101 4993 2101 5134 2142 5135 2098 5136 2101 4989 2098 5137 2099 4987 1806 5138 1808 5139 2138 5140 2138 5140 1808 5139 2143 5141 2138 5119 2143 5142 2139 5120 2139 5143 2143 5144 2144 5145 2139 5123 2144 5146 2140 5124 2140 5147 2144 5148 2145 5149 2140 5127 2145 5150 2141 5128 2141 5151 2145 5152 2146 5153 2141 5131 2146 5154 2142 5132 2142 5155 2146 5156 2097 5157 2142 5135 2097 5158 2098 5136 1808 5159 1810 5160 2143 5161 2143 5161 1810 5160 2147 5162 2143 5144 2147 5163 2144 5145 2144 5164 2147 5165 2148 5166 2144 5148 2148 5167 2145 5149 2145 5168 2148 5169 2149 5170 2145 5152 2149 5171 2146 5153 2146 5172 2149 5173 2096 5174 2146 5156 2096 5175 2097 5157 1810 5176 1812 5177 2147 5178 2147 5178 1812 5177 2150 5179 2147 5165 2150 5180 2148 5166 2148 5181 2150 5182 2151 5183 2148 5169 2151 5184 2149 5170 2149 5185 2151 5186 2095 5187 2149 5173 2095 5188 2096 5174 1812 5189 1814 5190 2150 5191 2150 5191 1814 5190 2152 5192 2150 5182 2152 5193 2151 5183 2151 5194 2152 5195 2094 5196 2151 5186 2094 5197 2095 5187 1814 5198 1816 5199 2152 5200 2152 5200 1816 5199 2093 5201 2152 5195 2093 5202 2094 5196 2100 4991 2137 5203 2102 4992 2102 5204 2137 5205 2153 5206 2102 4997 2153 5207 2104 4998 2104 5208 2153 5209 2154 5210 2104 5003 2154 5211 2106 5004 2106 5212 2154 5213 2155 5214 2106 5009 2155 5215 2108 5010 2108 5216 2155 5217 2156 5218 2108 5015 2156 5219 2110 5016 2110 5220 2156 5221 2157 5222 2110 5021 2157 5223 2112 5022 2112 5224 2157 5225 2113 5226 2137 5205 2136 5227 2153 5206 2153 5228 2136 5229 2158 5230 2153 5209 2158 5231 2154 5210 2154 5232 2158 5233 2159 5234 2154 5213 2159 5235 2155 5214 2155 5236 2159 5237 2160 5238 2155 5217 2160 5239 2156 5218 2156 5240 2160 5241 2161 5242 2156 5221 2161 5243 2157 5222 2157 5244 2161 5245 2162 5246 2157 5225 2162 5247 2113 5226 2113 5248 2162 5249 2114 5250 2136 5229 2135 5251 2158 5230 2158 5252 2135 5253 2163 5254 2158 5233 2163 5255 2159 5234 2159 5256 2163 5257 2164 5258 2159 5237 2164 5259 2160 5238 2160 5260 2164 5261 2165 5262 2160 5241 2165 5263 2161 5242 2161 5264 2165 5265 2166 5266 2161 5245 2166 5267 2162 5246 2162 5268 2166 5269 2167 5270 2162 5249 2167 5271 2114 5250 2114 5272 2167 5273 2115 5274 2135 5253 2134 5275 2163 5254 2163 5276 2134 5277 2168 5278 2163 5257 2168 5279 2164 5258 2164 5280 2168 5281 2169 5282 2164 5261 2169 5283 2165 5262 2165 5284 2169 5285 2170 5286 2165 5265 2170 5287 2166 5266 2166 5288 2170 5289 2171 5290 2166 5269 2171 5291 2167 5270 2167 5292 2171 5293 2172 5294 2167 5273 2172 5295 2115 5274 2115 5296 2172 5297 2116 5298 2134 5277 2133 5299 2168 5278 2168 5300 2133 5301 2173 5302 2168 5281 2173 5303 2169 5282 2169 5304 2173 5305 2174 5306 2169 5285 2174 5307 2170 5286 2170 5308 2174 5309 2175 5310 2170 5289 2175 5311 2171 5290 2171 5312 2175 5313 2176 5314 2171 5293 2176 5315 2172 5294 2172 5316 2176 5317 2177 5318 2172 5297 2177 5319 2116 5298 2116 5320 2177 5321 2117 5322 2133 5301 2132 5323 2173 5302 2173 5324 2132 5325 2178 5326 2173 5305 2178 5327 2174 5306 2174 5328 2178 5329 2179 5330 2174 5309 2179 5331 2175 5310 2175 5332 2179 5333 2180 5334 2175 5313 2180 5335 2176 5314 2176 5336 2180 5337 2181 5338 2176 5317 2181 5339 2177 5318 2177 5340 2181 5341 2182 5342 2177 5321 2182 5343 2117 5322 2117 5344 2182 5345 2118 5346 2132 5325 2131 5347 2178 5326 2178 5348 2131 5349 2183 5350 2178 5329 2183 5351 2179 5330 2179 5352 2183 5353 2184 5354 2179 5333 2184 5355 2180 5334 2180 5356 2184 5357 2185 5358 2180 5337 2185 5359 2181 5338 2181 5360 2185 5361 2186 5362 2181 5341 2186 5363 2182 5342 2182 5364 2186 5365 2187 5366 2182 5345 2187 5367 2118 5346 2118 5368 2187 5369 2119 5370 2131 5349 2130 5371 2183 5350 2183 5372 2130 5373 2188 5374 2183 5353 2188 5375 2184 5354 2184 5376 2188 5377 2189 5378 2184 5357 2189 5379 2185 5358 2185 5380 2189 5381 2190 5382 2185 5361 2190 5383 2186 5362 2186 5384 2190 5385 2191 5386 2186 5365 2191 5387 2187 5366 2187 5388 2191 5389 2120 5390 2187 5369 2120 5391 2119 5370 2130 5373 2129 5392 2188 5374 2188 5393 2129 5394 2192 5395 2188 5377 2192 5396 2189 5378 2189 5397 2192 5398 2193 5399 2189 5381 2193 5400 2190 5382 2190 5401 2193 5402 2194 5403 2190 5385 2194 5404 2191 5386 2191 5405 2194 5406 2121 5407 2191 5389 2121 5408 2120 5390 2129 5394 2128 5409 2192 5395 2192 5410 2128 5411 2195 5412 2192 5398 2195 5413 2193 5399 2193 5414 2195 5415 2196 5416 2193 5402 2196 5417 2194 5403 2194 5418 2196 5419 2122 5420 2194 5406 2122 5421 2121 5407 2128 5411 2127 5422 2195 5412 2195 5423 2127 5424 2197 5425 2195 5415 2197 5426 2196 5416 2196 5427 2197 5428 2123 5429 2196 5419 2123 5430 2122 5420 2127 5424 2126 5431 2197 5425 2197 5432 2126 5433 2124 5434 2197 5428 2124 5435 2123 5429 2125 5436 2124 5434 2126 5433 2198 5437 2199 5438 2200 5439 2200 5439 2199 5438 2201 5440 2200 5441 2201 5441 2202 5441 2202 5442 2201 5442 2203 5442 2202 5443 2203 5443 2204 5443 2204 5444 2203 5444 2205 5444 2204 5445 2205 5445 2206 5445 2206 5446 2205 5446 2207 5446 2206 5447 2207 5447 2208 5447 2208 5448 2207 5448 2209 5448 2208 5449 2209 5449 2210 5449 2210 5450 2209 5450 2211 5450 2210 5451 2211 5451 2212 5451 2212 5452 2211 5452 2213 5452 2212 5453 2213 5453 2214 5453 2214 5454 2213 5454 2215 5454 2214 5455 2215 5455 2216 5455 2216 5456 2215 5456 2217 5456 2216 5457 2217 5457 2218 5457 2218 5458 2217 5458 2219 5458 2218 5459 2219 5459 2220 5459 2220 5460 2219 5460 2221 5460 2220 5461 2221 5461 2222 5461 2222 5462 2221 5462 2223 5462 2222 5463 2223 5463 2224 5463 2224 5464 2223 5464 2225 5464 2224 5465 2225 5465 2226 5465 2226 5466 2225 5466 2227 5466 2226 5467 2227 5467 2228 5467 2228 5468 2227 5469 2229 5470 2228 5468 2229 5470 2230 5471 2228 5472 2230 5473 2231 5474 2231 5474 2230 5473 2232 5475 2231 5476 2232 5477 2233 5478 2233 5478 2232 5477 2234 5479 2233 5480 2234 5481 2235 5482 2235 5482 2234 5481 2236 5483 2235 5484 2236 5485 2237 5486 2237 5486 2236 5485 2238 5487 2237 5488 2238 5489 2239 5490 2239 5490 2238 5489 2240 5491 2239 5492 2240 5493 2241 5494 2242 5495 2243 5496 2241 5497 2241 5497 2243 5496 2244 5498 2241 5494 2244 5499 2239 5492 2239 5500 2244 5501 2245 5502 2239 5503 2245 5504 2246 5505 2246 5506 2245 5507 2247 5508 2246 5509 2247 5510 2248 5511 2248 5512 2247 5513 2249 5514 2248 5515 2249 5516 2250 5517 2250 5518 2249 5519 2251 5520 2250 5521 2251 5522 2252 5523 2252 5524 2251 5525 2253 5526 2252 5527 2253 5528 2218 5529 2218 5530 2253 5531 2216 5532 2244 5533 2243 5534 2254 5535 2254 5535 2243 5534 2255 5536 2254 5537 2255 5538 2256 5539 2256 5539 2255 5538 2257 5540 2256 5541 2257 5542 2258 5543 2258 5543 2257 5542 2259 5544 2258 5545 2259 5546 2260 5547 2260 5547 2259 5546 2261 5548 2260 5549 2261 5550 2262 5551 2262 5551 2261 5550 2263 5552 2262 5553 2263 5554 2264 5555 2264 5555 2263 5554 2265 5556 2264 5557 2265 5558 2266 5559 2266 5559 2265 5558 2267 5560 2266 5561 2267 5562 2268 5563 2266 5561 2268 5563 2269 5564 2269 5565 2268 5566 2270 5567 2269 5565 2270 5567 2271 5568 2271 5569 2270 5570 2272 5571 2271 5569 2272 5571 2273 5572 2273 5573 2272 5574 2274 5575 2273 5573 2274 5575 2275 5576 2275 5577 2274 5578 2276 5579 2275 5577 2276 5579 2277 5580 2277 5581 2276 5582 2278 5583 2277 5581 2278 5583 2279 5584 2279 5585 2278 5586 2280 5587 2279 5585 2280 5587 2281 5588 2281 5589 2280 5590 2282 5591 2281 5589 2282 5591 2283 5592 2281 5593 2283 5594 2284 5595 2284 5595 2283 5594 2285 5596 2284 5597 2285 5598 2286 5599 2286 5599 2285 5598 2287 5600 2286 5601 2287 5602 2288 5603 2288 5603 2287 5602 2289 5604 2288 5605 2289 5606 2290 5607 2290 5607 2289 5606 2291 5608 2290 5609 2291 5610 2292 5611 2292 5611 2291 5610 2293 5612 2292 5613 2293 5614 2200 5615 2200 5615 2293 5614 2198 5616 2292 5617 2200 5618 2294 5619 2294 5619 2200 5618 2202 5620 2294 5621 2202 5622 2295 5623 2295 5623 2202 5622 2204 5624 2295 5625 2204 5626 2296 5627 2296 5627 2204 5626 2206 5628 2296 5629 2206 5630 2297 5631 2297 5631 2206 5630 2208 5632 2297 5633 2208 5634 2298 5635 2298 5635 2208 5634 2210 5636 2298 5637 2210 5638 2299 5639 2299 5639 2210 5638 2212 5640 2299 5641 2212 5642 2300 5643 2300 5643 2212 5642 2214 5644 2300 5645 2214 5646 2301 5647 2301 5647 2214 5646 2216 5648 2301 5649 2216 5532 2253 5531 2290 5650 2292 5651 2302 5652 2302 5652 2292 5651 2294 5653 2302 5654 2294 5655 2303 5656 2303 5656 2294 5655 2295 5657 2303 5658 2295 5659 2304 5660 2304 5660 2295 5659 2296 5661 2304 5662 2296 5663 2305 5664 2305 5664 2296 5663 2297 5665 2305 5666 2297 5667 2306 5668 2306 5668 2297 5667 2298 5669 2306 5670 2298 5671 2307 5672 2307 5672 2298 5671 2299 5673 2307 5674 2299 5675 2308 5676 2308 5676 2299 5675 2300 5677 2308 5678 2300 5679 2309 5680 2309 5680 2300 5679 2301 5681 2309 5682 2301 5683 2310 5684 2310 5684 2301 5683 2253 5685 2310 5686 2253 5526 2251 5525 2288 5687 2290 5688 2311 5689 2311 5689 2290 5688 2302 5690 2311 5691 2302 5692 2312 5693 2312 5693 2302 5692 2303 5694 2312 5695 2303 5696 2313 5697 2313 5697 2303 5696 2304 5698 2313 5699 2304 5700 2314 5701 2314 5701 2304 5700 2305 5702 2314 5703 2305 5704 2315 5705 2315 5705 2305 5704 2306 5706 2315 5707 2306 5708 2316 5709 2316 5709 2306 5708 2307 5710 2316 5711 2307 5712 2317 5713 2317 5713 2307 5712 2308 5714 2317 5715 2308 5716 2318 5717 2318 5717 2308 5716 2309 5718 2318 5719 2309 5720 2319 5721 2319 5721 2309 5720 2310 5722 2319 5723 2310 5724 2320 5725 2320 5725 2310 5724 2251 5726 2320 5727 2251 5520 2249 5519 2286 5728 2288 5729 2321 5730 2321 5730 2288 5729 2311 5731 2321 5732 2311 5733 2322 5734 2322 5734 2311 5733 2312 5735 2322 5736 2312 5737 2323 5738 2323 5738 2312 5737 2313 5739 2323 5740 2313 5741 2324 5742 2324 5742 2313 5741 2314 5743 2324 5744 2314 5745 2325 5746 2325 5746 2314 5745 2315 5747 2325 5748 2315 5749 2326 5750 2326 5750 2315 5749 2316 5751 2326 5752 2316 5753 2327 5754 2327 5754 2316 5753 2317 5755 2327 5756 2317 5757 2328 5758 2328 5758 2317 5757 2318 5759 2328 5760 2318 5761 2329 5762 2329 5762 2318 5761 2319 5763 2329 5764 2319 5765 2330 5766 2330 5766 2319 5765 2320 5767 2330 5768 2320 5769 2331 5770 2331 5770 2320 5769 2249 5771 2331 5772 2249 5514 2247 5513 2279 5773 2281 5774 2284 5775 2284 5776 2286 5777 2332 5778 2332 5778 2286 5777 2321 5779 2332 5780 2321 5781 2333 5782 2333 5782 2321 5781 2322 5783 2333 5784 2322 5785 2334 5786 2334 5786 2322 5785 2323 5787 2334 5788 2323 5789 2335 5790 2335 5790 2323 5789 2324 5791 2335 5792 2324 5793 2336 5794 2336 5794 2324 5793 2325 5795 2336 5796 2325 5797 2337 5798 2337 5798 2325 5797 2326 5799 2337 5800 2326 5801 2338 5802 2338 5802 2326 5801 2327 5803 2338 5804 2327 5805 2339 5806 2339 5806 2327 5805 2328 5807 2339 5808 2328 5809 2340 5810 2340 5810 2328 5809 2329 5811 2340 5812 2329 5813 2341 5814 2341 5814 2329 5813 2330 5815 2341 5816 2330 5817 2342 5818 2342 5818 2330 5817 2331 5819 2342 5820 2331 5821 2343 5822 2343 5822 2331 5821 2247 5823 2343 5824 2247 5508 2245 5507 2277 5825 2279 5826 2332 5827 2332 5828 2279 5773 2284 5775 2277 5825 2332 5827 2333 5829 2275 5830 2277 5831 2333 5832 2275 5830 2333 5832 2334 5833 2273 5834 2275 5835 2334 5836 2273 5834 2334 5836 2335 5837 2271 5838 2273 5839 2335 5840 2271 5838 2335 5840 2336 5841 2269 5842 2271 5843 2336 5844 2269 5842 2336 5844 2337 5845 2266 5846 2269 5847 2337 5848 2266 5846 2337 5848 2338 5849 2264 5850 2266 5851 2338 5852 2264 5850 2338 5852 2339 5853 2262 5854 2264 5855 2339 5856 2262 5854 2339 5856 2340 5857 2260 5858 2262 5859 2340 5860 2260 5858 2340 5860 2341 5861 2218 5529 2220 5862 2252 5527 2252 5863 2220 5864 2344 5865 2252 5523 2344 5866 2250 5521 2250 5867 2344 5868 2345 5869 2250 5517 2345 5870 2248 5515 2248 5871 2345 5872 2346 5873 2248 5511 2346 5874 2246 5509 2246 5875 2346 5876 2237 5877 2246 5505 2237 5878 2239 5503 2258 5879 2260 5880 2341 5881 2258 5879 2341 5881 2342 5882 2220 5864 2222 5883 2344 5865 2344 5884 2222 5885 2347 5886 2344 5868 2347 5887 2345 5869 2345 5888 2347 5889 2348 5890 2345 5872 2348 5891 2346 5873 2346 5892 2348 5893 2235 5894 2346 5876 2235 5895 2237 5877 2256 5896 2258 5897 2342 5898 2256 5896 2342 5898 2343 5899 2222 5885 2224 5900 2347 5886 2347 5901 2224 5902 2349 5903 2347 5889 2349 5904 2348 5890 2348 5905 2349 5906 2233 5907 2348 5893 2233 5908 2235 5894 2254 5909 2256 5910 2343 5911 2254 5909 2343 5911 2245 5912 2224 5902 2226 5913 2349 5903 2349 5914 2226 5915 2231 5916 2349 5906 2231 5917 2233 5907 2228 5918 2231 5916 2226 5915 2244 5501 2254 5919 2245 5502 2350 5920 2351 5921 2352 5922 2352 5922 2351 5921 2353 5923 2352 5924 2353 5925 2354 5926 2354 5926 2353 5925 2355 5927 2354 5928 2355 5929 2356 5930 2356 5930 2355 5929 2357 5931 2356 5932 2357 5933 2358 5934 2358 5934 2357 5933 2359 5935 2358 5936 2359 5937 2360 5938 2360 5938 2359 5937 2361 5939 2360 5940 2361 5941 2362 5942 2362 5942 2361 5941 2363 5943 2362 5944 2363 5945 2364 5946 2364 5946 2363 5945 2365 5947 2364 5948 2365 5949 2366 5950 2364 5948 2366 5950 2367 5951 2367 5952 2366 5953 2368 5954 2367 5952 2368 5954 2369 5955 2369 5956 2368 5957 2370 5958 2369 5956 2370 5958 2371 5959 2371 5960 2370 5961 2372 5962 2371 5960 2372 5962 2373 5963 2373 5964 2372 5965 2374 5966 2373 5964 2374 5966 2375 5967 2373 5968 2375 5969 2376 5970 2376 5970 2375 5969 2377 5971 2376 5972 2377 5973 2378 5974 2378 5974 2377 5973 2379 5975 2378 5976 2379 5977 2380 5978 2380 5978 2379 5977 2381 5979 2380 5980 2381 5981 2382 5982 2382 5982 2381 5981 2383 5983 2382 5984 2383 5984 2384 5984 2384 5985 2383 5985 2385 5985 2384 5986 2386 5986 2382 5986 2382 5987 2386 5987 2387 5987 2382 5988 2387 5989 2388 5990 2388 5991 2387 5992 2389 5993 2388 5994 2389 5995 2390 5996 2390 5997 2389 5998 2391 5999 2390 6000 2391 6001 2392 6002 2392 6003 2391 6004 2393 6005 2392 6006 2393 6007 2364 6008 2364 6009 2393 6010 2362 6011 2386 6012 2394 6012 2387 6012 2387 6013 2394 6013 2395 6013 2387 5992 2395 6014 2389 5993 2389 6015 2395 6016 2396 6017 2389 5998 2396 6018 2391 5999 2391 6019 2396 6020 2397 6021 2391 6004 2397 6022 2393 6005 2393 6023 2397 6024 2398 6025 2393 6010 2398 6026 2362 6011 2362 6027 2398 6028 2360 6029 2394 6030 2399 6031 2395 6032 2395 6033 2399 6033 2400 6033 2395 6016 2400 6034 2396 6017 2396 6035 2400 6036 2401 6037 2396 6020 2401 6038 2397 6021 2397 6039 2401 6040 2402 6041 2397 6024 2402 6042 2398 6025 2398 6043 2402 6044 2403 6045 2398 6028 2403 6046 2360 6029 2360 6047 2403 6048 2358 6049 2399 6050 2404 6050 2400 6050 2400 6051 2404 6051 2405 6051 2400 6036 2405 6052 2401 6037 2401 6053 2405 6054 2406 6055 2401 6040 2406 6056 2402 6041 2402 6057 2406 6058 2407 6059 2402 6044 2407 6060 2403 6045 2403 6061 2407 6062 2408 6063 2403 6048 2408 6064 2358 6049 2358 6065 2408 6066 2356 6067 2404 6068 2409 6068 2405 6068 2405 6069 2409 6069 2410 6069 2405 6054 2410 6070 2406 6055 2406 6071 2410 6072 2411 6073 2406 6058 2411 6074 2407 6059 2407 6075 2411 6076 2412 6077 2407 6062 2412 6078 2408 6063 2408 6079 2412 6080 2413 6081 2408 6066 2413 6082 2356 6067 2356 6083 2413 6084 2354 6085 2409 6086 2414 6086 2410 6086 2410 6087 2414 6087 2415 6087 2410 6072 2415 6088 2411 6073 2411 6089 2415 6090 2416 6091 2411 6076 2416 6092 2412 6077 2412 6093 2416 6094 2417 6095 2412 6080 2417 6096 2413 6081 2413 6097 2417 6098 2418 6099 2413 6084 2418 6100 2354 6085 2354 6101 2418 6102 2352 6103 2414 6104 2419 6104 2415 6104 2415 6105 2419 6105 2420 6105 2415 6090 2420 6106 2416 6091 2416 6107 2420 6108 2421 6109 2416 6094 2421 6110 2417 6095 2417 6111 2421 6112 2422 6113 2417 6098 2422 6114 2418 6099 2418 6115 2422 6116 2423 6117 2418 6102 2423 6118 2352 6103 2352 6119 2423 6120 2350 6121 2419 6122 2424 6122 2420 6122 2420 6123 2424 6123 2425 6123 2420 6108 2425 6124 2421 6109 2421 6125 2425 6126 2426 6127 2421 6112 2426 6128 2422 6113 2422 6129 2426 6130 2427 6131 2422 6116 2427 6132 2423 6117 2423 6133 2427 6134 2428 6135 2423 6120 2428 6136 2350 6121 2424 6137 2429 6138 2425 6139 2425 6140 2429 6140 2430 6140 2425 6126 2430 6141 2426 6127 2426 6142 2430 6143 2431 6144 2426 6130 2431 6145 2427 6131 2427 6146 2431 6147 2432 6148 2427 6146 2432 6148 2433 6149 2429 6150 2434 6150 2430 6150 2430 6151 2434 6151 2435 6151 2430 6143 2435 6152 2431 6144 2431 6153 2435 6154 2436 6155 2431 6153 2436 6155 2432 6156 2434 6157 2437 6157 2435 6157 2435 6158 2437 6158 2436 6158 2437 6159 2438 6159 2436 6159 2433 6160 2428 6135 2427 6134 2392 6006 2364 6008 2367 6161 2392 6162 2367 6163 2439 6164 2439 6164 2367 6163 2369 6165 2439 6166 2369 6167 2440 6168 2440 6168 2369 6167 2371 6169 2440 6170 2371 6171 2376 6172 2376 6172 2371 6171 2373 6173 2392 6002 2439 6174 2390 6000 2390 6175 2439 6176 2441 6177 2390 5996 2441 6178 2388 5994 2388 6179 2441 6180 2380 6181 2388 5990 2380 6182 2382 5988 2441 6177 2439 6176 2440 6183 2376 6184 2378 6185 2440 6186 2440 6186 2378 6185 2441 6187 2378 6188 2380 6181 2441 6180 2442 6189 2444 6190 2443 6191 2444 6190 2445 6192 2443 6191 2444 6193 2446 6193 2445 6194 2446 6193 2447 6195 2445 6194 2446 6196 2448 6197 2447 6197 2448 6197 2449 6196 2447 6197 2448 6198 2450 6199 2449 6200 2450 6199 2451 6201 2449 6200 2452 6202 2453 6203 2282 6204 2453 6203 2454 6205 2282 6204 2453 6206 2455 6206 2454 6206 2455 6207 2456 6207 2454 6207 2455 6208 2457 6208 2456 6208 2457 6209 2458 6209 2456 6209 2457 6210 2459 6210 2458 6210 2459 6211 2460 6211 2458 6211 2459 6212 2461 6212 2460 6212 2461 6213 2462 6213 2460 6213 2461 6214 2463 6214 2462 6214 2463 6215 2464 6215 2462 6215 2463 6216 2465 6216 2464 6216 2465 6217 2466 6217 2464 6217 2465 6218 2467 6218 2466 6218 2467 6219 2468 6219 2466 6219 2467 6220 2469 6220 2468 6220 2469 6221 2470 6221 2468 6221 2469 6222 2471 6222 2470 6222 2471 6223 2472 6223 2470 6223 2471 6224 2473 6224 2472 6224 2473 6225 2474 6225 2472 6225 2473 6226 2475 6226 2474 6226 2475 6227 2476 6227 2474 6227 2475 6228 2477 6228 2476 6228 2477 6229 2478 6229 2476 6229 2477 6230 2479 6230 2478 6230 2479 6231 2480 6231 2478 6231 2479 6232 2481 6232 2480 6232 2481 6233 2482 6233 2480 6233 2481 6234 2483 6234 2482 6234 2483 6235 2242 6236 2482 6237 2483 6235 2484 6238 2242 6236 2484 6239 2483 6240 2485 6241 2483 6240 2486 6242 2485 6241 2483 6243 2481 6244 2486 6245 2481 6244 2487 6246 2486 6245 2481 6247 2479 6248 2487 6249 2479 6248 2488 6250 2487 6249 2479 6251 2477 6252 2488 6253 2477 6252 2489 6254 2488 6253 2477 6255 2475 6256 2489 6257 2475 6256 2490 6258 2489 6257 2475 6259 2473 6260 2490 6261 2473 6260 2491 6262 2490 6261 2473 6263 2492 6263 2491 6263 2492 6264 2493 6264 2491 6264 2493 6265 2494 6265 2491 6265 2493 6266 2495 6266 2494 6266 2495 6267 2496 6267 2494 6267 2496 6268 2497 6268 2494 6268 2496 6269 2498 6269 2497 6269 2498 6270 2499 6270 2497 6270 2498 6271 2500 6272 2499 6273 2500 6272 2501 6274 2499 6273 2500 6275 2502 6275 2501 6275 2502 6276 2488 6277 2501 6278 2502 6276 2487 6279 2488 6277 2485 6280 2486 6281 2503 6282 2486 6281 2504 6283 2503 6282 2486 6284 2487 6285 2504 6286 2487 6285 2502 6287 2504 6286 2503 6288 2504 6288 2505 6288 2504 6289 2506 6289 2505 6289 2504 6290 2502 6290 2506 6290 2502 6291 2500 6291 2506 6291 2473 6292 2471 6292 2492 6292 2471 6293 2507 6294 2492 6295 2471 6293 2469 6296 2507 6294 2469 6297 2467 6298 2507 6299 2507 6299 2467 6298 2508 6300 2467 6301 2465 6301 2508 6301 2508 6302 2465 6302 2509 6302 2465 6303 2463 6303 2509 6303 2463 6304 2510 6304 2509 6304 2510 6305 2511 6305 2509 6305 2510 6306 2512 6306 2511 6306 2512 6307 2513 6307 2511 6307 2512 6308 2514 6308 2513 6308 2512 6309 2515 6309 2514 6309 2515 6310 2516 6310 2514 6310 2515 6311 2517 6311 2516 6311 2517 6312 2518 6313 2516 6314 2517 6312 2519 6315 2518 6313 2519 6316 2520 6316 2518 6316 2519 6317 2521 6318 2520 6319 2521 6320 2522 6321 2520 6322 2521 6323 2453 6324 2522 6325 2453 6326 2452 6327 2522 6328 2518 6329 2520 6329 2523 6329 2520 6330 2524 6330 2523 6330 2520 6322 2522 6321 2524 6331 2522 6332 2525 6333 2524 6334 2522 6328 2452 6327 2525 6335 2523 6336 2524 6336 2451 6336 2524 6337 2526 6337 2451 6337 2524 6334 2525 6333 2526 6338 2453 6324 2521 6323 2455 6339 2521 6340 2527 6341 2455 6342 2521 6318 2519 6317 2527 6343 2519 6344 2517 6345 2527 6346 2455 6342 2527 6341 2457 6347 2527 6348 2528 6349 2457 6350 2527 6346 2517 6345 2528 6351 2517 6352 2515 6353 2528 6354 2457 6350 2528 6349 2459 6355 2528 6356 2529 6357 2459 6358 2528 6354 2515 6353 2529 6359 2515 6360 2512 6361 2529 6362 2459 6358 2529 6357 2461 6363 2529 6364 2510 6365 2461 6366 2529 6362 2512 6361 2510 6367 2463 6368 2461 6366 2510 6365 2497 6369 2491 6370 2494 6371 2497 6369 2490 6372 2491 6370 2499 6373 2490 6374 2497 6375 2499 6373 2489 6376 2490 6374 2501 6377 2489 6378 2499 6379 2501 6377 2488 6380 2489 6378 2437 6381 2530 6381 2438 6381 2438 6382 2530 6382 2531 6382 2438 6383 2531 6383 2532 6383 2437 6384 2434 6384 2530 6384 2530 6385 2434 6386 2533 6387 2530 6385 2533 6387 2534 6388 2534 6389 2533 6389 2535 6389 2535 6390 2533 6391 2536 6392 2535 6393 2536 6393 2537 6393 2537 6394 2536 6395 2538 6396 2537 6397 2538 6397 2539 6397 2539 6398 2538 6399 2540 6400 2539 6401 2540 6401 2541 6401 2541 6402 2540 6403 2542 6404 2541 6405 2542 6405 2543 6405 2543 6406 2542 6407 2544 6408 2543 6409 2544 6409 2545 6409 2545 6410 2544 6411 2546 6412 2545 6413 2546 6413 2547 6413 2547 6414 2546 6415 2548 6416 2547 6417 2548 6417 2549 6417 2549 6418 2548 6419 2550 6420 2549 6421 2550 6421 2551 6421 2551 6422 2550 6423 2552 6424 2551 6425 2552 6425 2553 6425 2553 6426 2552 6426 2554 6426 2554 6427 2552 6427 2384 6427 2554 6428 2384 6428 2385 6428 2434 6429 2429 6429 2533 6429 2533 6391 2429 6430 2536 6392 2429 6138 2424 6137 2536 6431 2536 6395 2424 6432 2538 6396 2424 6433 2419 6433 2538 6433 2538 6399 2419 6434 2540 6400 2419 6435 2414 6435 2540 6435 2540 6403 2414 6436 2542 6404 2414 6437 2409 6437 2542 6437 2542 6407 2409 6438 2544 6408 2409 6439 2404 6439 2544 6439 2544 6411 2404 6440 2546 6412 2404 6441 2399 6441 2546 6441 2546 6415 2399 6442 2548 6416 2399 6031 2394 6030 2548 6443 2548 6419 2394 6444 2550 6420 2394 6445 2386 6445 2550 6445 2550 6423 2386 6446 2552 6424 2386 6447 2384 6447 2552 6447 2534 6448 2531 6448 2530 6448 2555 6449 2374 6450 2556 6451 2374 6450 2351 6452 2556 6451 2374 6450 2372 6453 2351 6452 2372 6453 2353 6454 2351 6452 2372 6453 2370 6455 2353 6454 2370 6455 2355 6456 2353 6454 2370 6455 2368 6457 2355 6456 2368 6457 2357 6458 2355 6456 2368 6457 2366 6459 2357 6458 2366 6459 2359 6460 2357 6458 2366 6459 2365 6461 2359 6460 2365 6461 2361 6462 2359 6460 2365 6461 2363 432 2361 6462 2556 6451 2557 6463 2555 6449 2557 6463 2558 6464 2555 6449 2557 6463 2559 6465 2558 6464 2559 6465 2560 6466 2558 6464 2559 6465 2561 6467 2560 6466 2561 6467 2562 6468 2560 6466 2561 6467 2563 432 2562 6468 2563 432 2564 432 2562 6468 2563 432 2565 432 2564 432 2554 6469 2385 6469 2566 6469 2566 6470 2385 6470 2567 6470 2566 6471 2567 6471 2568 6471 2568 6472 2567 6473 2569 6474 2568 6475 2569 6475 2570 6475 2570 6476 2569 6477 2571 6478 2570 6479 2571 6479 2572 6479 2572 6480 2571 6481 2573 6482 2572 6483 2573 6483 2574 6483 2574 6484 2573 6485 2575 6486 2574 6487 2575 6487 2576 6487 2576 6488 2575 6489 2577 6490 2576 6491 2577 6491 2578 6491 2578 6492 2577 6493 2579 6494 2578 6495 2579 6495 2580 6495 2580 6496 2579 6497 2581 6498 2580 6499 2581 6499 2582 6499 2582 6500 2581 6501 2583 6502 2582 6503 2583 6503 2584 6503 2584 6504 2583 6505 2585 6506 2584 6507 2585 6507 2586 6507 2586 6508 2585 6509 2587 6510 2586 6511 2587 6511 2588 6511 2588 6512 2587 6512 2532 6512 2532 6513 2587 6513 2589 6513 2532 6514 2589 6514 2438 6514 2385 6515 2590 6515 2567 6515 2567 6516 2590 6516 2591 6516 2567 6473 2591 6517 2569 6474 2569 6518 2591 6518 2592 6518 2569 6477 2592 6519 2571 6478 2571 6520 2592 6521 2593 6522 2571 6481 2593 6523 2573 6482 2573 6524 2593 6524 2594 6524 2573 6485 2594 6525 2575 6486 2575 6526 2594 6526 2595 6526 2575 6489 2595 6527 2577 6490 2577 6528 2595 6528 2596 6528 2577 6493 2596 6529 2579 6494 2579 6530 2596 6530 2597 6530 2579 6497 2597 6531 2581 6498 2581 6532 2597 6532 2598 6532 2581 6501 2598 6533 2583 6502 2583 6534 2598 6535 2599 6536 2583 6505 2599 6537 2585 6506 2585 6538 2599 6538 2600 6538 2585 6509 2600 6539 2587 6510 2587 6540 2600 6540 2589 6540 2227 6541 2554 6542 2229 6543 2554 6542 2601 6544 2229 6543 2554 6542 2602 6545 2601 6544 2602 6545 2603 6546 2601 6544 2602 6545 2604 432 2603 6546 2604 432 2605 432 2603 6546 2604 432 2606 6547 2605 432 2606 6547 2607 6548 2605 432 2606 6547 2608 6549 2607 6548 2608 6549 2609 6550 2607 6548 2608 6549 2610 6551 2609 6550 2610 6551 2611 6552 2609 6550 2610 6551 2612 432 2611 6552 2610 6551 2613 6553 2612 432 2613 6553 2614 6554 2612 432 2613 6553 2615 6555 2614 6554 2615 6555 2616 6556 2614 6554 2615 6555 2617 6557 2616 6556 2617 6557 2618 432 2616 6556 2617 6557 2619 6558 2618 432 2619 6558 2620 6559 2618 432 2619 6558 2621 6560 2620 6559 2621 6560 2622 6561 2620 6559 2621 6560 2623 6562 2622 6561 2621 6560 2624 6563 2623 6562 2624 6563 2625 6564 2623 6562 2624 6563 2626 6565 2625 6564 2626 6565 2199 6566 2625 6564 2626 6565 2627 6567 2199 6566 2627 6567 2201 6568 2199 6566 2627 6567 2628 6569 2201 6568 2628 6569 2203 6570 2201 6568 2628 6569 2629 6571 2203 6570 2629 6571 2205 6572 2203 6570 2629 6571 2207 6573 2205 6572 2629 6571 2630 6574 2207 6573 2630 6574 2209 6575 2207 6573 2630 6574 2631 432 2209 6575 2631 432 2211 432 2209 6575 2631 432 2632 432 2211 432 2632 432 2213 6576 2211 432 2632 432 2633 6577 2213 6576 2633 6577 2215 6578 2213 6576 2633 6577 2634 6579 2215 6578 2634 6579 2217 6580 2215 6578 2634 6579 2219 6581 2217 6580 2634 6579 2635 6582 2219 6581 2635 6582 2221 6583 2219 6581 2635 6582 2636 6584 2221 6583 2636 6584 2223 6585 2221 6583 2636 6584 2637 6586 2223 6585 2637 6586 2225 6587 2223 6585 2637 6586 2638 6588 2225 6587 2638 6588 2227 6541 2225 6587 2638 6588 2554 6542 2227 6541 2280 6589 2639 6590 2282 6591 2639 6590 2452 6592 2282 6591 2639 6593 2525 6594 2452 6595 2639 6593 2640 6596 2525 6594 2640 6597 2526 6598 2525 6599 2640 6597 2641 6600 2526 6598 2641 6601 2451 6601 2526 6601 2641 6602 2449 6602 2451 6602 2641 6603 2642 6603 2449 6603 2642 6604 2447 6604 2449 6604 2642 6605 2643 6605 2447 6605 2643 6606 2644 6607 2447 6608 2643 6609 2645 6610 2644 6611 2645 6612 2646 6613 2644 6614 2645 6615 2647 6616 2646 6617 2647 6618 2648 6619 2646 6620 2647 6621 2272 6621 2648 6621 2272 6622 2270 6622 2648 6622 2270 6623 2649 6623 2648 6623 2270 6624 2268 6624 2649 6624 2268 6625 2650 6625 2649 6625 2268 6626 2267 6626 2650 6626 2267 6627 2651 6627 2650 6627 2267 6628 2265 6628 2651 6628 2265 6629 2652 6629 2651 6629 2265 6630 2263 6630 2652 6630 2263 6631 2653 6631 2652 6631 2263 6632 2261 6632 2653 6632 2261 6633 2654 6633 2653 6633 2261 6634 2259 6634 2654 6634 2259 6635 2655 6635 2654 6635 2259 6636 2257 6636 2655 6636 2257 6637 2656 6637 2655 6637 2257 6638 2255 6638 2656 6638 2255 6639 2657 6639 2656 6639 2255 6640 2243 6640 2657 6640 2243 6641 2658 6641 2657 6641 2243 6642 2242 6643 2658 6644 2242 6643 2484 6645 2658 6644 2484 6646 2659 6647 2658 6648 2484 6646 2485 6649 2659 6647 2485 6650 2660 6651 2659 6652 2485 6650 2503 6653 2660 6651 2503 6654 2505 6654 2660 6654 2505 6655 2661 6655 2660 6655 2661 6656 2662 6656 2660 6656 2661 6657 2663 6657 2662 6657 2663 6658 2664 6658 2662 6658 2663 6659 2665 6660 2664 6661 2665 6662 2666 6663 2664 6664 2665 6662 2667 6665 2666 6663 2667 6666 2656 6667 2666 6668 2667 6666 2655 6669 2656 6667 2447 6608 2644 6607 2445 6670 2644 6671 2668 6671 2445 6671 2644 6614 2646 6613 2668 6672 2646 6673 2669 6674 2668 6675 2646 6620 2648 6619 2669 6676 2648 6677 2670 6677 2669 6677 2648 6678 2649 6678 2670 6678 2649 6679 2671 6679 2670 6679 2649 6680 2650 6680 2671 6680 2650 6681 2672 6682 2671 6683 2650 6681 2651 6684 2672 6682 2651 6685 2652 6686 2672 6687 2445 6688 2668 6688 2443 6688 2668 6689 2673 6689 2443 6689 2668 6675 2669 6674 2673 6690 2669 6691 2674 6691 2673 6691 2669 6692 2670 6692 2674 6692 2443 6693 2673 6693 2675 6693 2673 6694 2674 6694 2675 6694 2672 6687 2652 6686 2676 6695 2652 6696 2653 6696 2676 6696 2653 6697 2677 6697 2676 6697 2677 6698 2678 6698 2676 6698 2677 6699 2679 6699 2678 6699 2679 6700 2680 6700 2678 6700 2679 6701 2681 6701 2680 6701 2679 6702 2682 6702 2681 6702 2682 6703 2683 6703 2681 6703 2682 6704 2665 6704 2683 6704 2665 6660 2663 6659 2683 6705 2272 6706 2647 6706 2274 6706 2647 6707 2684 6707 2274 6707 2647 6616 2645 6615 2684 6708 2645 6709 2685 6710 2684 6711 2645 6610 2643 6609 2685 6712 2643 6713 2642 6714 2685 6715 2274 6716 2684 6716 2276 6716 2684 6717 2686 6717 2276 6717 2684 6711 2685 6710 2686 6718 2685 6719 2687 6720 2686 6721 2685 6715 2642 6714 2687 6722 2642 6723 2641 6724 2687 6725 2276 6726 2686 6726 2278 6726 2686 6727 2688 6727 2278 6727 2686 6721 2687 6720 2688 6728 2687 6729 2640 6730 2688 6731 2687 6725 2641 6724 2640 6732 2278 6733 2688 6733 2280 6733 2688 6734 2639 6734 2280 6734 2688 6731 2640 6730 2639 6735 2654 6736 2677 6737 2653 6738 2677 6739 2689 6740 2679 6741 2689 6740 2682 6742 2679 6741 2689 6743 2667 6744 2682 6745 2667 6744 2665 6746 2682 6745 2655 6747 2689 6748 2654 6749 2689 6750 2677 6737 2654 6736 2655 6747 2667 6751 2689 6748 2666 6752 2690 6753 2664 6754 2690 6753 2662 6755 2664 6754 2690 6756 2659 6757 2662 6758 2659 6757 2660 6759 2662 6758 2656 6760 2657 6761 2666 6762 2657 6761 2690 6763 2666 6762 2657 6764 2658 6765 2690 6766 2658 6765 2659 6767 2690 6766 2670 6768 2442 6769 2674 6770 2442 6769 2675 6771 2674 6770 2442 6769 2443 6772 2675 6771 2450 6773 2691 6774 2451 6775 2691 6774 2523 6776 2451 6775 2691 6777 2692 6778 2523 6779 2692 6778 2518 6780 2523 6779 2692 6781 2693 6782 2518 6782 2693 6782 2516 6781 2518 6782 2693 6783 2694 6784 2516 6784 2694 6784 2514 6783 2516 6784 2514 6785 2694 6786 2513 6787 2694 6786 2511 6788 2513 6787 2694 6786 2509 6789 2511 6788 2492 6790 2695 6791 2493 6792 2695 6791 2495 6793 2493 6792 2695 6791 2496 6794 2495 6793 2496 6795 2695 6796 2498 6797 2695 6796 2696 6798 2498 6797 2696 6799 2500 6800 2498 6801 2696 6799 2697 6802 2500 6800 2697 6803 2698 6804 2500 6805 2698 6804 2506 6806 2500 6805 2698 6807 2699 6808 2506 6809 2699 6808 2505 6810 2506 6809 2699 6811 2700 6812 2505 6813 2700 6812 2661 6814 2505 6813 2700 6815 2701 6816 2661 6817 2701 6816 2663 6818 2661 6817 2701 6819 2702 4658 2663 4658 2702 4658 2683 6819 2663 4658 2702 6820 2703 6821 2683 6822 2703 6821 2681 6823 2683 6822 2681 6824 2703 6825 2680 6826 2703 6825 2678 6827 2680 6826 2703 6825 2676 6828 2678 6827 2670 545 2671 6829 2442 6830 2442 6830 2671 6829 2703 6831 2442 6830 2703 6831 2694 6832 2694 6832 2703 6831 2695 6833 2694 6832 2695 6833 2507 6834 2507 6834 2695 6833 2492 6835 2671 6829 2672 6836 2703 6831 2703 6831 2672 6836 2676 545 2703 6831 2702 6837 2695 6833 2695 6833 2702 6837 2696 6838 2696 6838 2702 6837 2697 545 2697 545 2702 6837 2701 545 2697 545 2701 545 2698 545 2698 545 2701 545 2700 545 2698 545 2700 545 2699 545 2507 6834 2508 6839 2694 6832 2694 6832 2508 6839 2509 545 2694 6832 2693 6840 2442 6830 2442 6830 2693 6840 2444 6841 2444 6841 2693 6840 2692 6842 2444 6841 2692 6842 2446 6843 2446 6843 2692 6842 2691 6844 2446 6843 2691 6844 2448 6845 2448 6845 2691 6844 2450 6846 2385 6847 2383 6847 2590 6847 2590 6848 2383 6848 2704 6848 2590 6849 2704 6849 2591 6849 2591 6850 2704 6850 2705 6850 2591 6851 2705 6851 2592 6851 2592 6852 2705 6852 2706 6852 2592 6521 2706 6853 2593 6522 2593 6854 2706 6854 2707 6854 2593 6855 2707 6855 2594 6855 2594 6856 2707 6856 2708 6856 2594 6857 2708 6857 2595 6857 2595 6858 2708 6858 2709 6858 2595 6859 2709 6859 2596 6859 2596 6860 2709 6860 2710 6860 2596 6861 2710 6861 2597 6861 2597 6862 2710 6862 2711 6862 2597 6863 2711 6863 2598 6863 2598 6864 2711 6864 2712 6864 2598 6535 2712 6865 2599 6536 2599 6866 2712 6866 2713 6866 2599 6867 2713 6867 2600 6867 2600 6868 2713 6868 2714 6868 2600 6869 2714 6869 2589 6869 2589 6870 2714 6870 2436 6870 2589 6871 2436 6871 2438 6871 2704 6872 2383 6873 2715 6874 2715 6874 2383 6873 2381 6875 2715 6876 2381 6877 2716 6878 2716 6878 2381 6877 2379 6879 2716 6880 2379 6881 2377 6882 2716 6880 2377 6882 2717 6883 2717 6884 2377 6885 2375 6886 2717 6884 2375 6886 2718 6887 2718 6888 2375 6889 2374 6890 2718 6888 2374 6890 2555 6891 2718 6892 2555 6893 2719 6894 2719 6894 2555 6893 2558 6895 2719 6896 2558 6897 2720 6898 2720 6898 2558 6897 2560 6899 2720 6900 2560 6901 2721 6902 2721 6902 2560 6901 2562 6903 2721 6904 2562 6905 2722 6906 2722 6906 2562 6905 2564 6907 2722 6908 2564 6909 2723 6910 2723 6910 2564 6909 2565 6911 2723 6912 2565 6913 2724 6914 2724 6914 2565 6913 2563 6915 2724 6916 2563 6917 2561 6918 2724 6916 2561 6918 2725 6919 2725 6920 2561 6921 2559 6922 2725 6920 2559 6922 2726 6923 2726 6924 2559 6925 2557 6926 2726 6924 2557 6926 2727 6927 2727 6928 2557 6929 2556 6930 2727 6928 2556 6930 2728 6931 2728 6932 2556 6933 2351 6934 2728 6932 2351 6934 2350 6935 2728 6936 2350 6937 2729 6938 2729 6938 2350 6937 2428 6939 2729 6940 2428 6941 2730 6942 2730 6942 2428 6941 2433 6943 2730 6944 2433 6945 2731 6946 2731 6946 2433 6945 2432 6947 2731 6948 2432 6949 2714 6950 2714 6950 2432 6949 2436 6951 2717 6952 2718 6953 2732 6954 2732 6954 2718 6953 2719 6955 2732 6956 2719 6957 2733 6958 2733 6958 2719 6957 2720 6959 2733 6960 2720 6961 2734 6962 2734 6962 2720 6961 2721 6963 2734 6964 2721 6965 2735 6966 2735 6966 2721 6965 2722 6967 2735 6968 2722 6969 2736 6970 2736 6970 2722 6969 2723 6971 2736 6972 2723 6973 2737 6974 2737 6974 2723 6973 2724 6975 2737 6976 2724 6977 2738 6978 2738 6978 2724 6977 2725 6979 2738 6980 2725 6981 2739 6982 2739 6982 2725 6981 2726 6983 2739 6984 2726 6985 2740 6986 2740 6986 2726 6985 2727 6987 2740 6988 2727 6989 2729 6990 2729 6990 2727 6989 2728 6991 2716 6992 2717 6993 2741 6994 2741 6994 2717 6993 2732 6995 2741 6996 2732 6997 2742 6998 2742 6998 2732 6997 2733 6999 2742 7000 2733 7001 2743 7002 2743 7002 2733 7001 2734 7003 2743 7004 2734 7005 2744 7006 2744 7006 2734 7005 2735 7007 2744 7008 2735 7009 2745 7010 2745 7010 2735 7009 2736 7011 2745 7012 2736 7013 2746 7014 2746 7014 2736 7013 2737 7015 2746 7016 2737 7017 2747 7018 2747 7018 2737 7017 2738 7019 2747 7020 2738 7021 2748 7022 2748 7022 2738 7021 2739 7023 2748 7024 2739 7025 2749 7026 2749 7026 2739 7025 2740 7027 2749 7028 2740 7029 2730 7030 2730 7030 2740 7029 2729 7031 2705 7032 2704 7033 2715 7034 2715 7035 2716 7036 2750 7037 2750 7037 2716 7036 2741 7038 2750 7039 2741 7040 2751 7041 2751 7041 2741 7040 2742 7042 2751 7043 2742 7044 2752 7045 2752 7045 2742 7044 2743 7046 2752 7047 2743 7048 2753 7049 2753 7049 2743 7048 2744 7050 2753 7051 2744 7052 2754 7053 2754 7053 2744 7052 2745 7054 2754 7055 2745 7056 2755 7057 2755 7057 2745 7056 2746 7058 2755 7059 2746 7060 2756 7061 2756 7061 2746 7060 2747 7062 2756 7063 2747 7064 2757 7065 2757 7065 2747 7064 2748 7066 2757 7067 2748 7068 2758 7069 2758 7069 2748 7068 2749 7070 2758 7071 2749 7072 2731 7073 2731 7073 2749 7072 2730 7074 2706 7075 2705 7076 2750 7077 2750 7078 2705 7032 2715 7034 2706 7075 2750 7077 2751 7079 2707 7080 2706 7081 2751 7082 2707 7080 2751 7082 2752 7083 2708 7084 2707 7085 2752 7086 2708 7084 2752 7086 2753 7087 2709 7088 2708 7089 2753 7090 2709 7088 2753 7090 2754 7091 2710 7092 2709 7093 2754 7094 2710 7092 2754 7094 2755 7095 2711 7096 2710 7097 2755 7098 2711 7096 2755 7098 2756 7099 2712 7100 2711 7101 2756 7102 2712 7100 2756 7102 2757 7103 2713 7104 2712 7105 2757 7106 2713 7104 2757 7106 2758 7107 2714 7108 2713 7109 2758 7110 2714 7108 2758 7110 2731 7111 2482 7112 2242 7113 2759 7114 2759 7114 2242 7113 2241 7115 2759 7116 2241 7117 2760 7118 2760 7118 2241 7117 2240 7119 2760 7120 2240 7121 2761 7122 2761 7122 2240 7121 2238 7123 2761 7124 2238 7125 2762 7126 2762 7126 2238 7125 2236 7127 2762 7128 2236 7129 2763 7130 2763 7130 2236 7129 2234 7131 2763 7132 2234 7133 2764 7134 2764 7134 2234 7133 2232 7135 2764 7136 2232 7137 2765 7138 2765 7138 2232 7137 2230 7139 2765 7140 2230 7141 2229 7142 2229 7142 2601 7143 2765 7140 2765 7144 2601 7144 2766 7144 2765 7145 2766 7146 2767 7147 2767 7148 2766 7149 2768 7150 2767 7151 2768 7152 2769 7153 2769 7154 2768 7155 2770 7156 2769 7157 2770 7158 2771 7159 2771 7160 2770 7161 2772 7162 2771 7163 2772 7164 2773 7165 2773 7166 2772 7167 2774 7168 2773 7169 2774 7170 2775 7171 2775 7172 2774 7173 2776 7174 2775 7175 2776 7176 2777 7177 2777 7178 2776 7179 2778 7180 2777 7181 2778 7182 2470 7183 2470 7183 2778 7182 2468 7184 2468 7185 2778 7186 2466 7187 2466 7187 2778 7186 2779 7188 2466 7189 2779 7190 2464 7191 2464 7191 2779 7190 2780 7192 2464 7193 2780 7194 2462 7195 2462 7195 2780 7194 2781 7196 2462 7197 2781 7198 2460 7199 2460 7199 2781 7198 2782 7200 2460 7201 2782 7202 2458 7203 2458 7203 2782 7202 2783 7204 2458 7205 2783 7206 2456 7207 2456 7207 2783 7206 2784 7208 2456 7209 2784 7210 2454 7211 2454 7211 2784 7210 2785 7212 2454 7213 2785 7214 2283 7215 2283 7216 2785 7217 2786 7218 2283 7216 2786 7218 2285 7219 2285 7220 2786 7221 2287 7222 2287 7222 2786 7221 2787 7223 2287 7224 2787 7225 2289 7226 2289 7226 2787 7225 2788 7227 2289 7228 2788 7229 2291 7230 2291 7230 2788 7229 2789 7231 2291 7232 2789 7233 2293 7234 2293 7234 2789 7233 2790 7235 2293 7236 2790 7237 2198 7238 2198 7238 2790 7237 2791 7239 2198 7240 2791 7241 2199 7242 2199 7242 2791 7241 2625 7243 2625 7244 2791 7244 2792 7244 2625 7245 2792 7245 2623 7245 2623 7246 2792 7246 2793 7246 2623 7247 2793 7247 2622 7247 2622 7248 2793 7248 2794 7248 2622 7249 2794 7249 2620 7249 2620 7250 2794 7250 2795 7250 2620 7251 2795 7251 2618 7251 2618 7252 2795 7252 2796 7252 2618 7253 2796 7253 2616 7253 2616 7254 2796 7254 2797 7254 2616 7255 2797 7255 2614 7255 2614 7256 2797 7256 2798 7256 2614 7257 2798 7257 2612 7257 2612 7258 2798 7258 2799 7258 2612 7259 2799 7259 2611 7259 2611 7260 2799 7260 2800 7260 2611 7261 2800 7261 2609 7261 2609 7262 2800 7262 2801 7262 2609 7263 2801 7263 2607 7263 2607 7264 2801 7264 2802 7264 2607 7265 2802 7265 2605 7265 2605 7266 2802 7266 2803 7266 2605 7267 2803 7267 2603 7267 2603 7268 2803 7268 2766 7268 2603 7269 2766 7269 2601 7269 2283 7215 2282 7270 2454 7213 2470 7271 2472 7272 2777 7273 2777 7273 2472 7272 2804 7274 2777 7177 2804 7275 2775 7175 2775 7276 2804 7277 2805 7278 2775 7171 2805 7279 2773 7169 2773 7280 2805 7281 2806 7282 2773 7165 2806 7283 2771 7163 2771 7284 2806 7285 2807 7286 2771 7159 2807 7287 2769 7157 2769 7288 2807 7289 2808 7290 2769 7153 2808 7291 2767 7151 2767 7292 2808 7293 2764 7294 2767 7147 2764 7295 2765 7145 2472 7296 2474 7297 2804 7298 2804 7298 2474 7297 2809 7299 2804 7277 2809 7300 2805 7278 2805 7301 2809 7302 2810 7303 2805 7281 2810 7304 2806 7282 2806 7305 2810 7306 2811 7307 2806 7285 2811 7308 2807 7286 2807 7309 2811 7310 2812 7311 2807 7289 2812 7312 2808 7290 2808 7313 2812 7314 2763 7315 2808 7293 2763 7316 2764 7294 2474 7317 2476 7318 2809 7319 2809 7319 2476 7318 2813 7320 2809 7302 2813 7321 2810 7303 2810 7322 2813 7323 2814 7324 2810 7306 2814 7325 2811 7307 2811 7326 2814 7327 2815 7328 2811 7310 2815 7329 2812 7311 2812 7330 2815 7331 2762 7332 2812 7314 2762 7333 2763 7315 2476 7334 2478 7335 2813 7336 2813 7336 2478 7335 2816 7337 2813 7323 2816 7338 2814 7324 2814 7339 2816 7340 2817 7341 2814 7327 2817 7342 2815 7328 2815 7343 2817 7344 2761 7345 2815 7331 2761 7346 2762 7332 2478 7347 2480 7348 2816 7349 2816 7349 2480 7348 2818 7350 2816 7340 2818 7351 2817 7341 2817 7352 2818 7353 2760 7354 2817 7344 2760 7355 2761 7345 2480 7356 2482 7357 2818 7358 2818 7358 2482 7357 2759 7359 2818 7353 2759 7360 2760 7354 2766 7149 2803 7361 2768 7150 2768 7362 2803 7363 2819 7364 2768 7155 2819 7365 2770 7156 2770 7366 2819 7367 2820 7368 2770 7161 2820 7369 2772 7162 2772 7370 2820 7371 2821 7372 2772 7167 2821 7373 2774 7168 2774 7374 2821 7375 2822 7376 2774 7173 2822 7377 2776 7174 2776 7378 2822 7379 2823 7380 2776 7179 2823 7381 2778 7180 2778 7382 2823 7383 2779 7384 2803 7363 2802 7385 2819 7364 2819 7386 2802 7387 2824 7388 2819 7367 2824 7389 2820 7368 2820 7390 2824 7391 2825 7392 2820 7371 2825 7393 2821 7372 2821 7394 2825 7395 2826 7396 2821 7375 2826 7397 2822 7376 2822 7398 2826 7399 2827 7400 2822 7379 2827 7401 2823 7380 2823 7402 2827 7403 2828 7404 2823 7383 2828 7405 2779 7384 2779 7406 2828 7407 2780 7408 2802 7387 2801 7409 2824 7388 2824 7410 2801 7411 2829 7412 2824 7391 2829 7413 2825 7392 2825 7414 2829 7415 2830 7416 2825 7395 2830 7417 2826 7396 2826 7418 2830 7419 2831 7420 2826 7399 2831 7421 2827 7400 2827 7422 2831 7423 2832 7424 2827 7403 2832 7425 2828 7404 2828 7426 2832 7427 2833 7428 2828 7407 2833 7429 2780 7408 2780 7430 2833 7431 2781 7432 2801 7411 2800 7433 2829 7412 2829 7434 2800 7435 2834 7436 2829 7415 2834 7437 2830 7416 2830 7438 2834 7439 2835 7440 2830 7419 2835 7441 2831 7420 2831 7442 2835 7443 2836 7444 2831 7423 2836 7445 2832 7424 2832 7446 2836 7447 2837 7448 2832 7427 2837 7449 2833 7428 2833 7450 2837 7451 2838 7452 2833 7431 2838 7453 2781 7432 2781 7454 2838 7455 2782 7456 2800 7435 2799 7457 2834 7436 2834 7458 2799 7459 2839 7460 2834 7439 2839 7461 2835 7440 2835 7462 2839 7463 2840 7464 2835 7443 2840 7465 2836 7444 2836 7466 2840 7467 2841 7468 2836 7447 2841 7469 2837 7448 2837 7470 2841 7471 2842 7472 2837 7451 2842 7473 2838 7452 2838 7474 2842 7475 2843 7476 2838 7455 2843 7477 2782 7456 2782 7478 2843 7479 2783 7480 2799 7459 2798 7481 2839 7460 2839 7482 2798 7483 2844 7484 2839 7463 2844 7485 2840 7464 2840 7486 2844 7487 2845 7488 2840 7467 2845 7489 2841 7468 2841 7490 2845 7491 2846 7492 2841 7471 2846 7493 2842 7472 2842 7494 2846 7495 2847 7496 2842 7475 2847 7497 2843 7476 2843 7498 2847 7499 2848 7500 2843 7479 2848 7501 2783 7480 2783 7502 2848 7503 2784 7504 2798 7483 2797 7505 2844 7484 2844 7506 2797 7507 2849 7508 2844 7487 2849 7509 2845 7488 2845 7510 2849 7511 2850 7512 2845 7491 2850 7513 2846 7492 2846 7514 2850 7515 2851 7516 2846 7495 2851 7517 2847 7496 2847 7518 2851 7519 2852 7520 2847 7499 2852 7521 2848 7500 2848 7522 2852 7523 2853 7524 2848 7503 2853 7525 2784 7504 2784 7526 2853 7527 2785 7528 2797 7507 2796 7529 2849 7508 2849 7530 2796 7531 2854 7532 2849 7511 2854 7533 2850 7512 2850 7534 2854 7535 2855 7536 2850 7515 2855 7537 2851 7516 2851 7538 2855 7539 2856 7540 2851 7519 2856 7541 2852 7520 2852 7542 2856 7543 2857 7544 2852 7523 2857 7545 2853 7524 2853 7546 2857 7547 2786 7548 2853 7527 2786 7549 2785 7528 2796 7531 2795 7550 2854 7532 2854 7551 2795 7552 2858 7553 2854 7535 2858 7554 2855 7536 2855 7555 2858 7556 2859 7557 2855 7539 2859 7558 2856 7540 2856 7559 2859 7560 2860 7561 2856 7543 2860 7562 2857 7544 2857 7563 2860 7564 2787 7565 2857 7547 2787 7566 2786 7548 2795 7552 2794 7567 2858 7553 2858 7568 2794 7569 2861 7570 2858 7556 2861 7571 2859 7557 2859 7572 2861 7573 2862 7574 2859 7560 2862 7575 2860 7561 2860 7576 2862 7577 2788 7578 2860 7564 2788 7579 2787 7565 2794 7569 2793 7580 2861 7570 2861 7581 2793 7582 2863 7583 2861 7573 2863 7584 2862 7574 2862 7585 2863 7586 2789 7587 2862 7577 2789 7588 2788 7578 2793 7582 2792 7589 2863 7583 2863 7590 2792 7591 2790 7592 2863 7586 2790 7593 2789 7587 2791 7594 2790 7592 2792 7591 3730 8649 3731 8650 3732 8651 3732 8651 3731 8650 3733 8652 3732 8653 3733 8653 3734 8653 3734 8654 3733 8654 3735 8654 3734 8655 3735 8655 3736 8655 3736 8656 3735 8656 3737 8656 3736 8657 3737 8657 3738 8657 3738 8658 3737 8658 3739 8658 3738 8659 3739 8659 3740 8659 3740 8660 3739 8660 3741 8660 3740 8661 3741 8661 3742 8661 3742 8662 3741 8662 3743 8662 3742 8663 3743 8663 3744 8663 3744 8664 3743 8664 3745 8664 3744 8665 3745 8665 3746 8665 3746 8666 3745 8666 3747 8666 3746 8667 3747 8667 3748 8667 3748 8668 3747 8668 3749 8668 3748 8669 3749 8669 3750 8669 3750 8670 3749 8670 3751 8670 3750 8671 3751 8671 3752 8671 3752 8672 3751 8672 3753 8672 3752 8673 3753 8673 3754 8673 3754 8674 3753 8674 3755 8674 3754 8675 3755 8675 3756 8675 3756 8676 3755 8676 3757 8676 3756 8677 3757 8677 3758 8677 3758 8678 3757 8678 3759 8678 3758 8679 3759 8679 3760 8679 3760 8680 3759 8681 3761 8682 3760 8680 3761 8682 3762 8683 3760 8684 3762 8685 3763 8686 3763 8686 3762 8685 3764 8687 3763 8688 3764 8689 3765 8690 3765 8690 3764 8689 3766 8691 3765 8692 3766 8693 3767 8694 3767 8694 3766 8693 3768 8695 3767 8696 3768 8697 3769 8698 3769 8698 3768 8697 3770 8699 3769 8700 3770 8701 3771 8702 3771 8702 3770 8701 3772 8703 3771 8704 3772 8705 3773 8706 3774 8707 3775 8708 3773 8709 3773 8709 3775 8708 3776 8710 3773 8706 3776 8711 3771 8704 3771 8712 3776 8713 3777 8714 3771 8715 3777 8716 3778 8717 3778 8718 3777 8719 3779 8720 3778 8721 3779 8722 3780 8723 3780 8724 3779 8725 3781 8726 3780 8727 3781 8728 3782 8729 3782 8730 3781 8731 3783 8732 3782 8733 3783 8734 3784 8735 3784 8736 3783 8737 3785 8738 3784 8739 3785 8740 3750 8741 3750 8742 3785 8743 3748 8744 3776 8745 3775 8746 3786 8747 3786 8747 3775 8746 3787 8748 3786 8749 3787 8750 3788 8751 3788 8751 3787 8750 3789 8752 3788 8753 3789 8754 3790 8755 3790 8755 3789 8754 3791 8756 3790 8757 3791 8758 3792 8759 3792 8759 3791 8758 3793 8760 3792 8761 3793 8762 3794 8763 3794 8763 3793 8762 3795 8764 3794 8765 3795 8766 3796 8767 3796 8767 3795 8766 3797 8768 3796 8769 3797 8770 3798 8771 3798 8771 3797 8770 3799 8772 3798 8773 3799 8774 3800 8775 3798 8773 3800 8775 3801 8776 3801 8777 3800 8778 3802 8779 3801 8777 3802 8779 3803 8780 3803 8781 3802 8782 3804 8783 3803 8781 3804 8783 3805 8784 3805 8785 3804 8786 3806 8787 3805 8785 3806 8787 3807 8788 3807 8789 3806 8790 3808 8791 3807 8789 3808 8791 3809 8792 3809 8793 3808 8794 3810 8795 3809 8793 3810 8795 3811 8796 3811 8797 3810 8798 3812 8799 3811 8797 3812 8799 3813 8800 3813 8801 3812 8802 3814 8803 3813 8801 3814 8803 3815 8804 3813 8805 3815 8806 3816 8807 3816 8807 3815 8806 3817 8808 3816 8809 3817 8810 3818 8811 3818 8811 3817 8810 3819 8812 3818 8813 3819 8814 3820 8815 3820 8815 3819 8814 3821 8816 3820 8817 3821 8818 3822 8819 3822 8819 3821 8818 3823 8820 3822 8821 3823 8822 3824 8823 3824 8823 3823 8822 3825 8824 3824 8825 3825 8826 3732 8827 3732 8827 3825 8826 3730 8828 3824 8829 3732 8830 3826 8831 3826 8831 3732 8830 3734 8832 3826 8833 3734 8834 3827 8835 3827 8835 3734 8834 3736 8836 3827 8837 3736 8838 3828 8839 3828 8839 3736 8838 3738 8840 3828 8841 3738 8842 3829 8843 3829 8843 3738 8842 3740 8844 3829 8845 3740 8846 3830 8847 3830 8847 3740 8846 3742 8848 3830 8849 3742 8850 3831 8851 3831 8851 3742 8850 3744 8852 3831 8853 3744 8854 3832 8855 3832 8855 3744 8854 3746 8856 3832 8857 3746 8858 3833 8859 3833 8859 3746 8858 3748 8860 3833 8861 3748 8744 3785 8743 3822 8862 3824 8863 3834 8864 3834 8864 3824 8863 3826 8865 3834 8866 3826 8867 3835 8868 3835 8868 3826 8867 3827 8869 3835 8870 3827 8871 3836 8872 3836 8872 3827 8871 3828 8873 3836 8874 3828 8875 3837 8876 3837 8876 3828 8875 3829 8877 3837 8878 3829 8879 3838 8880 3838 8880 3829 8879 3830 8881 3838 8882 3830 8883 3839 8884 3839 8884 3830 8883 3831 8885 3839 8886 3831 8887 3840 8888 3840 8888 3831 8887 3832 8889 3840 8890 3832 8891 3841 8892 3841 8892 3832 8891 3833 8893 3841 8894 3833 8895 3842 8896 3842 8896 3833 8895 3785 8897 3842 8898 3785 8738 3783 8737 3820 8899 3822 8900 3843 8901 3843 8901 3822 8900 3834 8902 3843 8903 3834 8904 3844 8905 3844 8905 3834 8904 3835 8906 3844 8907 3835 8908 3845 8909 3845 8909 3835 8908 3836 8910 3845 8911 3836 8912 3846 8913 3846 8913 3836 8912 3837 8914 3846 8915 3837 8916 3847 8917 3847 8917 3837 8916 3838 8918 3847 8919 3838 8920 3848 8921 3848 8921 3838 8920 3839 8922 3848 8923 3839 8924 3849 8925 3849 8925 3839 8924 3840 8926 3849 8927 3840 8928 3850 8929 3850 8929 3840 8928 3841 8930 3850 8931 3841 8932 3851 8933 3851 8933 3841 8932 3842 8934 3851 8935 3842 8936 3852 8937 3852 8937 3842 8936 3783 8938 3852 8939 3783 8732 3781 8731 3818 8940 3820 8941 3853 8942 3853 8942 3820 8941 3843 8943 3853 8944 3843 8945 3854 8946 3854 8946 3843 8945 3844 8947 3854 8948 3844 8949 3855 8950 3855 8950 3844 8949 3845 8951 3855 8952 3845 8953 3856 8954 3856 8954 3845 8953 3846 8955 3856 8956 3846 8957 3857 8958 3857 8958 3846 8957 3847 8959 3857 8960 3847 8961 3858 8962 3858 8962 3847 8961 3848 8963 3858 8964 3848 8965 3859 8966 3859 8966 3848 8965 3849 8967 3859 8968 3849 8969 3860 8970 3860 8970 3849 8969 3850 8971 3860 8972 3850 8973 3861 8974 3861 8974 3850 8973 3851 8975 3861 8976 3851 8977 3862 8978 3862 8978 3851 8977 3852 8979 3862 8980 3852 8981 3863 8982 3863 8982 3852 8981 3781 8983 3863 8984 3781 8726 3779 8725 3811 8985 3813 8986 3816 8987 3816 8988 3818 8989 3864 8990 3864 8990 3818 8989 3853 8991 3864 8992 3853 8993 3865 8994 3865 8994 3853 8993 3854 8995 3865 8996 3854 8997 3866 8998 3866 8998 3854 8997 3855 8999 3866 9000 3855 9001 3867 9002 3867 9002 3855 9001 3856 9003 3867 9004 3856 9005 3868 9006 3868 9006 3856 9005 3857 9007 3868 9008 3857 9009 3869 9010 3869 9010 3857 9009 3858 9011 3869 9012 3858 9013 3870 9014 3870 9014 3858 9013 3859 9015 3870 9016 3859 9017 3871 9018 3871 9018 3859 9017 3860 9019 3871 9020 3860 9021 3872 9022 3872 9022 3860 9021 3861 9023 3872 9024 3861 9025 3873 9026 3873 9026 3861 9025 3862 9027 3873 9028 3862 9029 3874 9030 3874 9030 3862 9029 3863 9031 3874 9032 3863 9033 3875 9034 3875 9034 3863 9033 3779 9035 3875 9036 3779 8720 3777 8719 3809 9037 3811 9038 3864 9039 3864 9040 3811 8985 3816 8987 3809 9037 3864 9039 3865 9041 3807 9042 3809 9043 3865 9044 3807 9042 3865 9044 3866 9045 3805 9046 3807 9047 3866 9048 3805 9046 3866 9048 3867 9049 3803 9050 3805 9051 3867 9052 3803 9050 3867 9052 3868 9053 3801 9054 3803 9055 3868 9056 3801 9054 3868 9056 3869 9057 3798 9058 3801 9059 3869 9060 3798 9058 3869 9060 3870 9061 3796 9062 3798 9063 3870 9064 3796 9062 3870 9064 3871 9065 3794 9066 3796 9067 3871 9068 3794 9066 3871 9068 3872 9069 3792 9070 3794 9071 3872 9072 3792 9070 3872 9072 3873 9073 3750 8741 3752 9074 3784 8739 3784 9075 3752 9076 3876 9077 3784 8735 3876 9078 3782 8733 3782 9079 3876 9080 3877 9081 3782 8729 3877 9082 3780 8727 3780 9083 3877 9084 3878 9085 3780 8723 3878 9086 3778 8721 3778 9087 3878 9088 3769 9089 3778 8717 3769 9090 3771 8715 3790 9091 3792 9092 3873 9093 3790 9091 3873 9093 3874 9094 3752 9076 3754 9095 3876 9077 3876 9096 3754 9097 3879 9098 3876 9080 3879 9099 3877 9081 3877 9100 3879 9101 3880 9102 3877 9084 3880 9103 3878 9085 3878 9104 3880 9105 3767 9106 3878 9088 3767 9107 3769 9089 3788 9108 3790 9109 3874 9110 3788 9108 3874 9110 3875 9111 3754 9097 3756 9112 3879 9098 3879 9113 3756 9114 3881 9115 3879 9101 3881 9116 3880 9102 3880 9117 3881 9118 3765 9119 3880 9105 3765 9120 3767 9106 3786 9121 3788 9122 3875 9123 3786 9121 3875 9123 3777 9124 3756 9114 3758 9125 3881 9115 3881 9126 3758 9127 3763 9128 3881 9118 3763 9129 3765 9119 3760 9130 3763 9128 3758 9127 3776 8713 3786 9131 3777 8714 3882 9132 3883 9133 3884 9134 3884 9134 3883 9133 3885 9135 3884 9136 3885 9137 3886 9138 3886 9138 3885 9137 3887 9139 3886 9140 3887 9141 3888 9142 3888 9142 3887 9141 3889 9143 3888 9144 3889 9145 3890 9146 3890 9146 3889 9145 3891 9147 3890 9148 3891 9149 3892 9150 3892 9150 3891 9149 3893 9151 3892 9152 3893 9153 3894 9154 3894 9154 3893 9153 3895 9155 3894 9156 3895 9157 3896 9158 3896 9158 3895 9157 3897 9159 3896 9160 3897 9161 3898 9162 3896 9160 3898 9162 3899 9163 3899 9164 3898 9165 3900 9166 3899 9164 3900 9166 3901 9167 3901 9168 3900 9169 3902 9170 3901 9168 3902 9170 3903 9171 3903 9172 3902 9173 3904 9174 3903 9172 3904 9174 3905 9175 3905 9176 3904 9177 3906 9178 3905 9176 3906 9178 3907 9179 3905 9180 3907 9181 3908 9182 3908 9182 3907 9181 3909 9183 3908 9184 3909 9185 3910 9186 3910 9186 3909 9185 3911 9187 3910 9188 3911 9189 3912 9190 3912 9190 3911 9189 3913 9191 3912 9192 3913 9193 3914 9194 3914 9194 3913 9193 3915 9195 3914 9196 3915 9196 3916 9196 3916 9197 3915 9197 3917 9197 3916 9198 3918 9198 3914 9198 3914 9199 3918 9199 3919 9199 3914 9200 3919 9201 3920 9202 3920 9203 3919 9204 3921 9205 3920 9206 3921 9207 3922 9208 3922 9209 3921 9210 3923 9211 3922 9212 3923 9213 3924 9214 3924 9215 3923 9216 3925 9217 3924 9218 3925 9219 3896 9220 3896 9221 3925 9222 3894 9223 3918 9224 3926 9224 3919 9224 3919 9225 3926 9225 3927 9225 3919 9204 3927 9226 3921 9205 3921 9227 3927 9228 3928 9229 3921 9210 3928 9230 3923 9211 3923 9231 3928 9232 3929 9233 3923 9216 3929 9234 3925 9217 3925 9235 3929 9236 3930 9237 3925 9222 3930 9238 3894 9223 3894 9239 3930 9240 3892 9241 3926 9242 3931 9243 3927 9244 3927 9245 3931 9245 3932 9245 3927 9228 3932 9246 3928 9229 3928 9247 3932 9248 3933 9249 3928 9232 3933 9250 3929 9233 3929 9251 3933 9252 3934 9253 3929 9236 3934 9254 3930 9237 3930 9255 3934 9256 3935 9257 3930 9240 3935 9258 3892 9241 3892 9259 3935 9260 3890 9261 3931 9262 3936 9262 3932 9262 3932 9263 3936 9263 3937 9263 3932 9248 3937 9264 3933 9249 3933 9265 3937 9266 3938 9267 3933 9252 3938 9268 3934 9253 3934 9269 3938 9270 3939 9271 3934 9256 3939 9272 3935 9257 3935 9273 3939 9274 3940 9275 3935 9260 3940 9276 3890 9261 3890 9277 3940 9278 3888 9279 3936 9280 3941 9280 3937 9280 3937 9281 3941 9281 3942 9281 3937 9266 3942 9282 3938 9267 3938 9283 3942 9284 3943 9285 3938 9270 3943 9286 3939 9271 3939 9287 3943 9288 3944 9289 3939 9274 3944 9290 3940 9275 3940 9291 3944 9292 3945 9293 3940 9278 3945 9294 3888 9279 3888 9295 3945 9296 3886 9297 3941 9298 3946 9298 3942 9298 3942 9299 3946 9299 3947 9299 3942 9284 3947 9300 3943 9285 3943 9301 3947 9302 3948 9303 3943 9288 3948 9304 3944 9289 3944 9305 3948 9306 3949 9307 3944 9292 3949 9308 3945 9293 3945 9309 3949 9310 3950 9311 3945 9296 3950 9312 3886 9297 3886 9313 3950 9314 3884 9315 3946 9316 3951 9316 3947 9316 3947 9317 3951 9317 3952 9317 3947 9302 3952 9318 3948 9303 3948 9319 3952 9320 3953 9321 3948 9306 3953 9322 3949 9307 3949 9323 3953 9324 3954 9325 3949 9310 3954 9326 3950 9311 3950 9327 3954 9328 3955 9329 3950 9314 3955 9330 3884 9315 3884 9331 3955 9332 3882 9333 3951 9334 3956 9334 3952 9334 3952 9335 3956 9335 3957 9335 3952 9320 3957 9336 3953 9321 3953 9337 3957 9338 3958 9339 3953 9324 3958 9340 3954 9325 3954 9341 3958 9342 3959 9343 3954 9328 3959 9344 3955 9329 3955 9345 3959 9346 3960 9347 3955 9332 3960 9348 3882 9333 3956 9349 3961 9350 3957 9351 3957 9352 3961 9352 3962 9352 3957 9338 3962 9353 3958 9339 3958 9354 3962 9355 3963 9356 3958 9342 3963 9357 3959 9343 3959 9358 3963 9359 3964 9360 3959 9358 3964 9360 3965 9361 3961 9362 3966 9362 3962 9362 3962 9363 3966 9363 3967 9363 3962 9355 3967 9364 3963 9356 3963 9365 3967 9366 3968 9367 3963 9365 3968 9367 3964 9368 3966 9369 3969 9369 3967 9369 3967 9370 3969 9370 3968 9370 3969 9371 3970 9371 3968 9371 3965 9372 3960 9347 3959 9346 3924 9218 3896 9220 3899 9373 3924 9374 3899 9375 3971 9376 3971 9376 3899 9375 3901 9377 3971 9378 3901 9379 3972 9380 3972 9380 3901 9379 3903 9381 3972 9382 3903 9383 3908 9384 3908 9384 3903 9383 3905 9385 3924 9214 3971 9386 3922 9212 3922 9387 3971 9388 3973 9389 3922 9208 3973 9390 3920 9206 3920 9391 3973 9392 3912 9393 3920 9202 3912 9394 3914 9200 3973 9389 3971 9388 3972 9395 3908 9396 3910 9397 3972 9398 3972 9398 3910 9397 3973 9399 3910 9400 3912 9393 3973 9392 3974 9401 3976 9402 3975 9403 3976 9402 3977 9404 3975 9403 3976 9405 3978 9406 3977 9406 3978 9406 3979 9405 3977 9406 3978 9407 3980 9408 3979 9409 3980 9408 3981 9410 3979 9409 3980 9411 3982 9412 3981 9413 3982 9412 3983 9414 3981 9413 3984 9415 3985 9416 3814 9417 3985 9416 3986 9418 3814 9417 3985 9419 3987 9419 3986 9419 3987 9420 3988 9420 3986 9420 3987 9421 3989 9421 3988 9421 3989 9422 3990 9422 3988 9422 3989 9423 3991 9423 3990 9423 3991 9424 3992 9424 3990 9424 3991 9425 3993 9425 3992 9425 3993 9426 3994 9426 3992 9426 3993 9427 3995 9427 3994 9427 3995 9428 3996 9428 3994 9428 3995 9429 3997 9429 3996 9429 3997 9430 3998 9430 3996 9430 3997 9431 3999 9431 3998 9431 3999 9432 4000 9432 3998 9432 3999 9433 4001 9433 4000 9433 4001 9434 4002 9434 4000 9434 4001 9435 4003 9435 4002 9435 4003 9436 4004 9436 4002 9436 4003 9437 4005 9437 4004 9437 4005 9438 4006 9438 4004 9438 4005 9439 4007 9439 4006 9439 4007 9440 4008 9440 4006 9440 4007 9441 4009 9441 4008 9441 4009 9442 4010 9442 4008 9442 4009 9443 4011 9443 4010 9443 4011 9444 4012 9444 4010 9444 4011 9445 4013 9445 4012 9445 4013 9446 4014 9446 4012 9446 4013 9447 4015 9447 4014 9447 4015 9448 3774 9449 4014 9450 4015 9448 4016 9451 3774 9449 4016 9452 4015 9453 4017 9454 4015 9453 4018 9455 4017 9454 4015 9456 4013 9457 4018 9458 4013 9457 4019 9459 4018 9458 4013 9460 4011 9461 4019 9462 4011 9461 4020 9463 4019 9462 4011 9464 4009 9465 4020 9466 4009 9465 4021 9467 4020 9466 4009 9468 4007 9469 4021 9470 4007 9469 4022 9471 4021 9470 4007 9472 4005 9473 4022 9474 4005 9473 4023 9475 4022 9474 4005 9476 4024 9476 4023 9476 4024 9477 4025 9477 4023 9477 4025 9478 4026 9478 4023 9478 4025 9479 4027 9479 4026 9479 4027 9480 4028 9480 4026 9480 4028 9481 4029 9481 4026 9481 4028 9482 4030 9482 4029 9482 4030 9483 4031 9483 4029 9483 4030 9484 4032 9485 4031 9486 4032 9485 4033 9487 4031 9486 4032 9488 4034 9488 4033 9488 4034 9489 4020 9490 4033 9491 4034 9489 4019 9492 4020 9490 4017 9493 4018 9494 4035 9495 4018 9494 4036 9496 4035 9495 4018 9497 4019 9498 4036 9499 4019 9498 4034 9500 4036 9499 4035 9501 4036 9501 4037 9501 4036 9502 4038 9502 4037 9502 4036 9503 4034 9503 4038 9503 4034 9504 4032 9504 4038 9504 4005 9505 4003 9505 4024 9505 4003 9506 4039 9507 4024 9508 4003 9506 4001 9509 4039 9507 4001 9510 3999 9511 4039 9512 4039 9512 3999 9511 4040 9513 3999 9514 3997 9514 4040 9514 4040 9515 3997 9515 4041 9515 3997 9516 3995 9516 4041 9516 3995 9517 4042 9517 4041 9517 4042 9518 4043 9518 4041 9518 4042 9519 4044 9519 4043 9519 4044 9520 4045 9520 4043 9520 4044 9521 4046 9521 4045 9521 4044 9522 4047 9522 4046 9522 4047 9523 4048 9523 4046 9523 4047 9524 4049 9524 4048 9524 4049 9525 4050 9526 4048 9527 4049 9525 4051 9528 4050 9526 4051 9529 4052 9529 4050 9529 4051 9530 4053 9531 4052 9532 4053 9533 4054 9534 4052 9535 4053 9536 3985 9537 4054 9538 3985 9539 3984 9540 4054 9541 4050 9542 4052 9542 4055 9542 4052 9543 4056 9543 4055 9543 4052 9535 4054 9534 4056 9544 4054 9545 4057 9546 4056 9547 4054 9541 3984 9540 4057 9548 4055 9549 4056 9549 3983 9549 4056 9550 4058 9550 3983 9550 4056 9547 4057 9546 4058 9551 3985 9537 4053 9536 3987 9552 4053 9553 4059 9554 3987 9555 4053 9531 4051 9530 4059 9556 4051 9557 4049 9558 4059 9559 3987 9555 4059 9554 3989 9560 4059 9561 4060 9562 3989 9563 4059 9559 4049 9558 4060 9564 4049 9565 4047 9566 4060 9567 3989 9563 4060 9562 3991 9568 4060 9569 4061 9570 3991 9571 4060 9567 4047 9566 4061 9572 4047 9573 4044 9574 4061 9575 3991 9571 4061 9570 3993 9576 4061 9577 4042 9578 3993 9579 4061 9575 4044 9574 4042 9580 3995 9581 3993 9579 4042 9578 4029 9582 4023 9583 4026 9584 4029 9582 4022 9585 4023 9583 4031 9586 4022 9587 4029 9588 4031 9586 4021 9589 4022 9587 4033 9590 4021 9591 4031 9592 4033 9590 4020 9593 4021 9591 3969 9594 4062 9594 3970 9594 3970 9595 4062 9595 4063 9595 3970 9596 4063 9596 4064 9596 3969 9597 3966 9597 4062 9597 4062 9598 3966 9599 4065 9600 4062 9598 4065 9600 4066 9601 4066 9602 4065 9602 4067 9602 4067 9603 4065 9604 4068 9605 4067 9606 4068 9606 4069 9606 4069 9607 4068 9608 4070 9609 4069 9610 4070 9610 4071 9610 4071 9611 4070 9612 4072 9613 4071 9614 4072 9614 4073 9614 4073 9615 4072 9616 4074 9617 4073 9618 4074 9618 4075 9618 4075 9619 4074 9620 4076 9621 4075 9622 4076 9622 4077 9622 4077 9623 4076 9624 4078 9625 4077 9626 4078 9626 4079 9626 4079 9627 4078 9628 4080 9629 4079 9630 4080 9630 4081 9630 4081 9631 4080 9632 4082 9633 4081 9634 4082 9634 4083 9634 4083 9635 4082 9636 4084 9637 4083 9638 4084 9638 4085 9638 4085 9639 4084 9639 4086 9639 4086 9640 4084 9640 3916 9640 4086 9641 3916 9641 3917 9641 3966 9642 3961 9642 4065 9642 4065 9604 3961 9643 4068 9605 3961 9350 3956 9349 4068 9644 4068 9608 3956 9645 4070 9609 3956 9646 3951 9646 4070 9646 4070 9612 3951 9647 4072 9613 3951 9648 3946 9648 4072 9648 4072 9616 3946 9649 4074 9617 3946 9650 3941 9650 4074 9650 4074 9620 3941 9651 4076 9621 3941 9652 3936 9652 4076 9652 4076 9624 3936 9653 4078 9625 3936 9654 3931 9654 4078 9654 4078 9628 3931 9655 4080 9629 3931 9243 3926 9242 4080 9656 4080 9632 3926 9657 4082 9633 3926 9658 3918 9658 4082 9658 4082 9636 3918 9659 4084 9637 3918 9660 3916 9660 4084 9660 4066 9661 4063 9661 4062 9661 4087 9662 3906 9663 4088 9664 3906 9663 3883 9665 4088 9664 3906 9663 3904 9666 3883 9665 3904 9666 3885 9667 3883 9665 3904 9666 3902 9668 3885 9667 3902 9668 3887 9669 3885 9667 3902 9668 3900 9670 3887 9669 3900 9670 3889 9671 3887 9669 3900 9670 3898 9672 3889 9671 3898 9672 3891 9673 3889 9671 3898 9672 3897 9674 3891 9673 3897 9674 3893 9675 3891 9673 3897 9674 3895 9676 3893 9675 4088 9664 4089 9677 4087 9662 4089 9677 4090 9678 4087 9662 4089 9677 4091 9679 4090 9678 4091 9679 4092 9680 4090 9678 4091 9679 4093 9681 4092 9680 4093 9681 4094 9682 4092 9680 4093 9681 4095 9683 4094 9682 4095 9683 4096 9684 4094 9682 4095 9683 4097 9685 4096 9684 4086 9686 3917 9686 4098 9686 4098 9687 3917 9687 4099 9687 4098 9688 4099 9688 4100 9688 4100 9689 4099 9690 4101 9691 4100 9692 4101 9692 4102 9692 4102 9693 4101 9694 4103 9695 4102 9696 4103 9696 4104 9696 4104 9697 4103 9698 4105 9699 4104 9700 4105 9700 4106 9700 4106 9701 4105 9702 4107 9703 4106 9704 4107 9704 4108 9704 4108 9705 4107 9706 4109 9707 4108 9708 4109 9708 4110 9708 4110 9709 4109 9710 4111 9711 4110 9712 4111 9712 4112 9712 4112 9713 4111 9714 4113 9715 4112 9716 4113 9716 4114 9716 4114 9717 4113 9718 4115 9719 4114 9720 4115 9720 4116 9720 4116 9721 4115 9722 4117 9723 4116 9724 4117 9724 4118 9724 4118 9725 4117 9726 4119 9727 4118 9728 4119 9728 4120 9728 4120 9729 4119 9729 4064 9729 4064 9730 4119 9730 4121 9730 4064 9731 4121 9731 3970 9731 3917 9732 4122 9732 4099 9732 4099 9733 4122 9733 4123 9733 4099 9690 4123 9734 4101 9691 4101 9735 4123 9735 4124 9735 4101 9694 4124 9736 4103 9695 4103 9737 4124 9738 4125 9739 4103 9698 4125 9740 4105 9699 4105 9741 4125 9741 4126 9741 4105 9702 4126 9742 4107 9703 4107 9743 4126 9743 4127 9743 4107 9706 4127 9744 4109 9707 4109 9745 4127 9745 4128 9745 4109 9710 4128 9746 4111 9711 4111 9747 4128 9747 4129 9747 4111 9714 4129 9748 4113 9715 4113 9749 4129 9749 4130 9749 4113 9718 4130 9750 4115 9719 4115 9751 4130 9752 4131 9753 4115 9722 4131 9754 4117 9723 4117 9755 4131 9755 4132 9755 4117 9726 4132 9756 4119 9727 4119 9757 4132 9757 4121 9757 3759 9758 4086 9759 3761 9760 4086 9759 4133 9761 3761 9760 4086 9759 4134 9762 4133 9761 4134 9762 4135 9763 4133 9761 4134 9762 4136 9764 4135 9763 4136 9764 4137 9765 4135 9763 4136 9764 4138 545 4137 9765 4138 545 4139 9766 4137 9765 4138 545 4140 9767 4139 9766 4140 9767 4141 9768 4139 9766 4140 9767 4142 9769 4141 9768 4142 9769 4143 9770 4141 9768 4142 9769 4144 9771 4143 9770 4142 9769 4145 9772 4144 9771 4145 9772 4146 9773 4144 9771 4145 9772 4147 9774 4146 9773 4147 9774 4148 9775 4146 9773 4147 9774 4149 9776 4148 9775 4149 9776 4150 9777 4148 9775 4149 9776 4151 9778 4150 9777 4151 9778 4152 9779 4150 9777 4151 9778 4153 9780 4152 9779 4153 9780 4154 9781 4152 9779 4153 9780 4155 9782 4154 9781 4153 9780 4156 9783 4155 9782 4156 9783 4157 9784 4155 9782 4156 9783 4158 9785 4157 9784 4158 9785 3731 9786 4157 9784 4158 9785 4159 9787 3731 9786 4159 9787 3733 9788 3731 9786 4159 9787 4160 9789 3733 9788 4160 9789 3735 9790 3733 9788 4160 9789 4161 9791 3735 9790 4161 9791 3737 9792 3735 9790 4161 9791 3739 9793 3737 9792 4161 9791 4162 9794 3739 9793 4162 9794 3741 9795 3739 9793 4162 9794 4163 9796 3741 9795 4163 9796 3743 9797 3741 9795 4163 9796 4164 9798 3743 9797 4164 9798 3745 9799 3743 9797 4164 9798 4165 9800 3745 9799 4165 9800 3747 9801 3745 9799 4165 9800 4166 9802 3747 9801 4166 9802 3749 9803 3747 9801 4166 9802 3751 9804 3749 9803 4166 9802 4167 9805 3751 9804 4167 9805 3753 9806 3751 9804 4167 9805 4168 9807 3753 9806 4168 9807 3755 9808 3753 9806 4168 9807 4169 9809 3755 9808 4169 9809 3757 9810 3755 9808 4169 9809 4170 9811 3757 9810 4170 9811 3759 9758 3757 9810 4170 9811 4086 9759 3759 9758 3812 9812 4171 9813 3814 9814 4171 9813 3984 9815 3814 9814 4171 9816 4057 9817 3984 9818 4171 9816 4172 9819 4057 9817 4172 9820 4058 9821 4057 9822 4172 9820 4173 9823 4058 9821 4173 9824 3983 9824 4058 9824 4173 9825 3981 9825 3983 9825 4173 9826 4174 9826 3981 9826 4174 9827 3979 9827 3981 9827 4174 9828 4175 9828 3979 9828 4175 9829 4176 9830 3979 9831 4175 9832 4177 9833 4176 9834 4177 9835 4178 9836 4176 9837 4177 9838 4179 9839 4178 9840 4179 9841 4180 9842 4178 9843 4179 9844 3804 9844 4180 9844 3804 9845 3802 9845 4180 9845 3802 9846 4181 9846 4180 9846 3802 9847 3800 9847 4181 9847 3800 9848 4182 9848 4181 9848 3800 9849 3799 9849 4182 9849 3799 9850 4183 9850 4182 9850 3799 9851 3797 9851 4183 9851 3797 9852 4184 9852 4183 9852 3797 9853 3795 9853 4184 9853 3795 9854 4185 9854 4184 9854 3795 9855 3793 9855 4185 9855 3793 9856 4186 9856 4185 9856 3793 9857 3791 9857 4186 9857 3791 9858 4187 9858 4186 9858 3791 9859 3789 9859 4187 9859 3789 9860 4188 9860 4187 9860 3789 9861 3787 9861 4188 9861 3787 9862 4189 9862 4188 9862 3787 9863 3775 9863 4189 9863 3775 9864 4190 9864 4189 9864 3775 9865 3774 9866 4190 9867 3774 9866 4016 9868 4190 9867 4016 9869 4191 9870 4190 9871 4016 9869 4017 9872 4191 9870 4017 9873 4192 9874 4191 9875 4017 9873 4035 9876 4192 9874 4035 9877 4037 9877 4192 9877 4037 9878 4193 9878 4192 9878 4193 9879 4194 9879 4192 9879 4193 9880 4195 9880 4194 9880 4195 9881 4196 9881 4194 9881 4195 9882 4197 9883 4196 9884 4197 9885 4198 9886 4196 9887 4197 9885 4199 9888 4198 9886 4199 9889 4188 9890 4198 9891 4199 9889 4187 9892 4188 9890 3979 9831 4176 9830 3977 9893 4176 9894 4200 9894 3977 9894 4176 9837 4178 9836 4200 9895 4178 9896 4201 9897 4200 9898 4178 9843 4180 9842 4201 9899 4180 9900 4202 9900 4201 9900 4180 9901 4181 9901 4202 9901 4181 9902 4203 9903 4202 9904 4181 9902 4182 9905 4203 9903 4182 9906 4204 9907 4203 9908 4182 9906 4183 9909 4204 9907 4183 9910 4184 9910 4204 9910 3977 9911 4200 9911 3975 9911 4200 9912 4205 9912 3975 9912 4200 9898 4201 9897 4205 9913 4201 9914 4206 9914 4205 9914 4201 9915 4202 9915 4206 9915 3975 9916 4205 9916 4207 9916 4205 9917 4206 9917 4207 9917 4204 9918 4184 9918 4208 9918 4184 9919 4185 9919 4208 9919 4185 9920 4209 9920 4208 9920 4209 9921 4210 9921 4208 9921 4209 9922 4211 9922 4210 9922 4211 9923 4212 9923 4210 9923 4211 9924 4213 9924 4212 9924 4211 9925 4214 9925 4213 9925 4214 9926 4215 9926 4213 9926 4214 9927 4197 9927 4215 9927 4197 9883 4195 9882 4215 9928 3804 9929 4179 9929 3806 9929 4179 9930 4216 9930 3806 9930 4179 9839 4177 9838 4216 9931 4177 9932 4217 9933 4216 9934 4177 9833 4175 9832 4217 9935 4175 9936 4174 9937 4217 9938 3806 9939 4216 9939 3808 9939 4216 9940 4218 9940 3808 9940 4216 9934 4217 9933 4218 9941 4217 9942 4219 9943 4218 9944 4217 9938 4174 9937 4219 9945 4174 9946 4173 9947 4219 9948 3808 9949 4218 9949 3810 9949 4218 9950 4220 9950 3810 9950 4218 9944 4219 9943 4220 9951 4219 9952 4172 9953 4220 9954 4219 9948 4173 9947 4172 9955 3810 9956 4220 9956 3812 9956 4220 9957 4171 9957 3812 9957 4220 9954 4172 9953 4171 9958 4186 9959 4209 9960 4185 9961 4209 9962 4221 9963 4211 9964 4221 9963 4214 9965 4211 9964 4221 9966 4199 9967 4214 9968 4199 9967 4197 9969 4214 9968 4187 9970 4221 9971 4186 9972 4221 9973 4209 9960 4186 9959 4187 9970 4199 9974 4221 9971 4198 9975 4222 9976 4196 9977 4222 9976 4194 9978 4196 9977 4222 9979 4191 9980 4194 9981 4191 9980 4192 9982 4194 9981 4188 9983 4189 9984 4198 9985 4189 9984 4222 9986 4198 9985 4189 9987 4190 9988 4222 9989 4190 9988 4191 9990 4222 9989 4202 9991 3974 9992 4206 9993 3974 9992 4207 9994 4206 9993 3974 9992 3975 9995 4207 9994 3982 9996 4223 9997 3983 9998 4223 9997 4055 9999 3983 9998 4223 10000 4224 10001 4055 10002 4224 10001 4050 10003 4055 10002 4224 10004 4225 10005 4050 10006 4225 10005 4048 10007 4050 10006 4225 10008 4226 10009 4048 10010 4226 10009 4046 10011 4048 10010 4046 10012 4226 10013 4045 10014 4226 10013 4043 10015 4045 10014 4226 10013 4041 10016 4043 10015 4024 10017 4227 10018 4025 10019 4227 10018 4027 10020 4025 10019 4227 10018 4028 10021 4027 10020 4028 10022 4227 10023 4030 10024 4227 10023 4228 10025 4030 10024 4228 10026 4032 10026 4030 10027 4228 10026 4229 10027 4032 10026 4229 10028 4230 10029 4032 10029 4230 10029 4038 10028 4032 10029 4230 10030 4231 10031 4038 10032 4231 10031 4037 10033 4038 10032 4231 10034 4232 10035 4037 10035 4232 10035 4193 10034 4037 10035 4232 10036 4233 10037 4193 10038 4233 10037 4195 10039 4193 10038 4233 10040 4234 10041 4195 10042 4234 10041 4215 10043 4195 10042 4234 10044 4235 10045 4215 10046 4235 10045 4213 10047 4215 10046 4213 10048 4235 10049 4212 10050 4235 10049 4210 10051 4212 10050 4235 10049 4208 10052 4210 10051 4202 10053 4203 10054 3974 10055 3974 10055 4203 10054 4235 10056 3974 10055 4235 10056 4226 10057 4226 10057 4235 10056 4227 10058 4226 10057 4227 10058 4039 10059 4039 10059 4227 10058 4024 432 4203 10054 4204 10060 4235 10056 4235 10056 4204 10060 4208 432 4235 10056 4234 10061 4227 10058 4227 10058 4234 10061 4228 432 4228 432 4234 10061 4229 10062 4229 10062 4234 10061 4233 10063 4229 10062 4233 10063 4230 10064 4230 10064 4233 10063 4232 10065 4230 10064 4232 10065 4231 10066 4039 10059 4040 10067 4226 10057 4226 10057 4040 10067 4041 10068 4226 10057 4225 10069 3974 10055 3974 10055 4225 10069 3976 10070 3976 10070 4225 10069 4224 10071 3976 10070 4224 10071 3978 10072 3978 10072 4224 10071 4223 10073 3978 10072 4223 10073 3980 10074 3980 10074 4223 10073 3982 10075 3917 10076 3915 10076 4122 10076 4122 10077 3915 10077 4236 10077 4122 10078 4236 10078 4123 10078 4123 10079 4236 10079 4237 10079 4123 10080 4237 10080 4124 10080 4124 10081 4237 10081 4238 10081 4124 9738 4238 10082 4125 9739 4125 10083 4238 10083 4239 10083 4125 10084 4239 10084 4126 10084 4126 10085 4239 10086 4240 10087 4126 10088 4240 10088 4127 10088 4127 10089 4240 10089 4241 10089 4127 10090 4241 10090 4128 10090 4128 10091 4241 10091 4242 10091 4128 10092 4242 10092 4129 10092 4129 10093 4242 10093 4243 10093 4129 10094 4243 10094 4130 10094 4130 10095 4243 10095 4244 10095 4130 9752 4244 10096 4131 9753 4131 10097 4244 10097 4245 10097 4131 10098 4245 10098 4132 10098 4132 10099 4245 10099 4246 10099 4132 10100 4246 10100 4121 10100 4121 10101 4246 10101 3968 10101 4121 10102 3968 10102 3970 10102 4236 10103 3915 10104 4247 10105 4247 10105 3915 10104 3913 10106 4247 10107 3913 10108 4248 10109 4248 10109 3913 10108 3911 10110 4248 10111 3911 10112 3909 10113 4248 10111 3909 10113 4249 10114 4249 10115 3909 10116 3907 10117 4249 10115 3907 10117 4250 10118 4250 10119 3907 10120 3906 10121 4250 10119 3906 10121 4087 10122 4250 10123 4087 10124 4251 10125 4251 10125 4087 10124 4090 10126 4251 10127 4090 10128 4252 10129 4252 10129 4090 10128 4092 10130 4252 10131 4092 10132 4253 10133 4253 10133 4092 10132 4094 10134 4253 10135 4094 10136 4254 10137 4254 10137 4094 10136 4096 10138 4254 10139 4096 10140 4255 10141 4255 10141 4096 10140 4097 10142 4255 10143 4097 10144 4256 10145 4256 10145 4097 10144 4095 10146 4256 10147 4095 10148 4093 10149 4256 10147 4093 10149 4257 10150 4257 10151 4093 10152 4091 10153 4257 10151 4091 10153 4258 10154 4258 10155 4091 10156 4089 10157 4258 10155 4089 10157 4259 10158 4259 10159 4089 10160 4088 10161 4259 10159 4088 10161 4260 10162 4260 10163 4088 10164 3883 10165 4260 10163 3883 10165 3882 10166 4260 10167 3882 10168 4261 10169 4261 10169 3882 10168 3960 10170 4261 10171 3960 10172 4262 10173 4262 10173 3960 10172 3965 10174 4262 10175 3965 10176 4263 10177 4263 10177 3965 10176 3964 10178 4263 10179 3964 10180 4246 10181 4246 10181 3964 10180 3968 10182 4249 10183 4250 10184 4264 10185 4264 10185 4250 10184 4251 10186 4264 10187 4251 10188 4265 10189 4265 10189 4251 10188 4252 10190 4265 10191 4252 10192 4266 10193 4266 10193 4252 10192 4253 10194 4266 10195 4253 10196 4267 10197 4267 10197 4253 10196 4254 10198 4267 10199 4254 10200 4268 10201 4268 10201 4254 10200 4255 10202 4268 10203 4255 10204 4269 10205 4269 10205 4255 10204 4256 10206 4269 10207 4256 10208 4270 10209 4270 10209 4256 10208 4257 10210 4270 10211 4257 10212 4271 10213 4271 10213 4257 10212 4258 10214 4271 10215 4258 10216 4272 10217 4272 10217 4258 10216 4259 10218 4272 10219 4259 10220 4261 10221 4261 10221 4259 10220 4260 10222 4248 10223 4249 10224 4273 10225 4273 10225 4249 10224 4264 10226 4273 10227 4264 10228 4274 10229 4274 10229 4264 10228 4265 10230 4274 10231 4265 10232 4275 10233 4275 10233 4265 10232 4266 10234 4275 10235 4266 10236 4276 10237 4276 10237 4266 10236 4267 10238 4276 10239 4267 10240 4277 10241 4277 10241 4267 10240 4268 10242 4277 10243 4268 10244 4278 10245 4278 10245 4268 10244 4269 10246 4278 10247 4269 10248 4279 10249 4279 10249 4269 10248 4270 10250 4279 10251 4270 10252 4280 10253 4280 10253 4270 10252 4271 10254 4280 10255 4271 10256 4281 10257 4281 10257 4271 10256 4272 10258 4281 10259 4272 10260 4262 10261 4262 10261 4272 10260 4261 10262 4237 10263 4236 10264 4247 10265 4247 10266 4248 10267 4282 10268 4282 10268 4248 10267 4273 10269 4282 10270 4273 10271 4283 10272 4283 10272 4273 10271 4274 10273 4283 10274 4274 10275 4284 10276 4284 10276 4274 10275 4275 10277 4284 10278 4275 10279 4285 10280 4285 10280 4275 10279 4276 10281 4285 10282 4276 10283 4286 10284 4286 10284 4276 10283 4277 10285 4286 10286 4277 10287 4287 10288 4287 10288 4277 10287 4278 10289 4287 10290 4278 10291 4288 10292 4288 10292 4278 10291 4279 10293 4288 10294 4279 10295 4289 10296 4289 10296 4279 10295 4280 10297 4289 10298 4280 10299 4290 10300 4290 10300 4280 10299 4281 10301 4290 10302 4281 10303 4263 10304 4263 10304 4281 10303 4262 10305 4238 10306 4237 10307 4282 10308 4282 10309 4237 10263 4247 10265 4238 10306 4282 10308 4283 10310 4239 10311 4238 10312 4283 10313 4239 10311 4283 10313 4284 10314 4240 10315 4239 10316 4284 10317 4240 10315 4284 10317 4285 10318 4241 10319 4240 10320 4285 10321 4241 10319 4285 10321 4286 10322 4242 10323 4241 10324 4286 10325 4242 10323 4286 10325 4287 10326 4243 10327 4242 10328 4287 10329 4243 10327 4287 10329 4288 10330 4244 10331 4243 10332 4288 10333 4244 10331 4288 10333 4289 10334 4245 10335 4244 10336 4289 10337 4245 10335 4289 10337 4290 10338 4246 10339 4245 10340 4290 10341 4246 10339 4290 10341 4263 10342 4014 10343 3774 10344 4291 10345 4291 10345 3774 10344 3773 10346 4291 10347 3773 10348 4292 10349 4292 10349 3773 10348 3772 10350 4292 10351 3772 10352 4293 10353 4293 10353 3772 10352 3770 10354 4293 10355 3770 10356 4294 10357 4294 10357 3770 10356 3768 10358 4294 10359 3768 10360 4295 10361 4295 10361 3768 10360 3766 10362 4295 10363 3766 10364 4296 10365 4296 10365 3766 10364 3764 10366 4296 10367 3764 10368 4297 10369 4297 10369 3764 10368 3762 10370 4297 10371 3762 10372 3761 10373 3761 10373 4133 10374 4297 10371 4297 10375 4133 10375 4298 10375 4297 10376 4298 10377 4299 10378 4299 10379 4298 10380 4300 10381 4299 10382 4300 10383 4301 10384 4301 10385 4300 10386 4302 10387 4301 10388 4302 10389 4303 10390 4303 10391 4302 10392 4304 10393 4303 10394 4304 10395 4305 10396 4305 10397 4304 10398 4306 10399 4305 10400 4306 10401 4307 10402 4307 10403 4306 10404 4308 10405 4307 10406 4308 10407 4309 10408 4309 10409 4308 10410 4310 10411 4309 10412 4310 10413 4002 10414 4002 10414 4310 10413 4000 10415 4000 10416 4310 10417 3998 10418 3998 10418 4310 10417 4311 10419 3998 10420 4311 10421 3996 10422 3996 10422 4311 10421 4312 10423 3996 10424 4312 10425 3994 10426 3994 10426 4312 10425 4313 10427 3994 10428 4313 10429 3992 10430 3992 10430 4313 10429 4314 10431 3992 10432 4314 10433 3990 10434 3990 10434 4314 10433 4315 10435 3990 10436 4315 10437 3988 10438 3988 10438 4315 10437 4316 10439 3988 10440 4316 10441 3986 10442 3986 10442 4316 10441 4317 10443 3986 10444 4317 10445 3815 10446 3815 10447 4317 10448 4318 10449 3815 10447 4318 10449 3817 10450 3817 10451 4318 10452 3819 10453 3819 10453 4318 10452 4319 10454 3819 10455 4319 10456 3821 10457 3821 10457 4319 10456 4320 10458 3821 10459 4320 10460 3823 10461 3823 10461 4320 10460 4321 10462 3823 10463 4321 10464 3825 10465 3825 10465 4321 10464 4322 10466 3825 10467 4322 10468 3730 10469 3730 10469 4322 10468 4323 10470 3730 10471 4323 10472 3731 10473 3731 10473 4323 10472 4157 10474 4157 10475 4323 10475 4324 10475 4157 10476 4324 10476 4155 10476 4155 10477 4324 10477 4325 10477 4155 10478 4325 10478 4154 10478 4154 10479 4325 10479 4326 10479 4154 10480 4326 10480 4152 10480 4152 10481 4326 10481 4327 10481 4152 10482 4327 10482 4150 10482 4150 10483 4327 10483 4328 10483 4150 10484 4328 10484 4148 10484 4148 10485 4328 10485 4329 10485 4148 10486 4329 10486 4146 10486 4146 10487 4329 10487 4330 10487 4146 10488 4330 10488 4144 10488 4144 10489 4330 10489 4331 10489 4144 10490 4331 10490 4143 10490 4143 10491 4331 10491 4332 10491 4143 10492 4332 10492 4141 10492 4141 10493 4332 10493 4333 10493 4141 10494 4333 10494 4139 10494 4139 10495 4333 10495 4334 10495 4139 10496 4334 10496 4137 10496 4137 10497 4334 10497 4335 10497 4137 10498 4335 10498 4135 10498 4135 10499 4335 10499 4298 10499 4135 10500 4298 10500 4133 10500 3815 10446 3814 10501 3986 10444 4002 10502 4004 10503 4309 10504 4309 10504 4004 10503 4336 10505 4309 10408 4336 10506 4307 10406 4307 10507 4336 10508 4337 10509 4307 10402 4337 10510 4305 10400 4305 10511 4337 10512 4338 10513 4305 10396 4338 10514 4303 10394 4303 10515 4338 10516 4339 10517 4303 10390 4339 10518 4301 10388 4301 10519 4339 10520 4340 10521 4301 10384 4340 10522 4299 10382 4299 10523 4340 10524 4296 10525 4299 10378 4296 10526 4297 10376 4004 10527 4006 10528 4336 10529 4336 10529 4006 10528 4341 10530 4336 10508 4341 10531 4337 10509 4337 10532 4341 10533 4342 10534 4337 10512 4342 10535 4338 10513 4338 10536 4342 10537 4343 10538 4338 10516 4343 10539 4339 10517 4339 10540 4343 10541 4344 10542 4339 10520 4344 10543 4340 10521 4340 10544 4344 10545 4295 10546 4340 10524 4295 10547 4296 10525 4006 10548 4008 10549 4341 10550 4341 10550 4008 10549 4345 10551 4341 10533 4345 10552 4342 10534 4342 10553 4345 10554 4346 10555 4342 10537 4346 10556 4343 10538 4343 10557 4346 10558 4347 10559 4343 10541 4347 10560 4344 10542 4344 10561 4347 10562 4294 10563 4344 10545 4294 10564 4295 10546 4008 10565 4010 10566 4345 10567 4345 10567 4010 10566 4348 10568 4345 10554 4348 10569 4346 10555 4346 10570 4348 10571 4349 10572 4346 10558 4349 10573 4347 10559 4347 10574 4349 10575 4293 10576 4347 10562 4293 10577 4294 10563 4010 10578 4012 10579 4348 10580 4348 10580 4012 10579 4350 10581 4348 10571 4350 10582 4349 10572 4349 10583 4350 10584 4292 10585 4349 10575 4292 10586 4293 10576 4012 10587 4014 10588 4350 10589 4350 10589 4014 10588 4291 10590 4350 10584 4291 10591 4292 10585 4298 10380 4335 10592 4300 10381 4300 10593 4335 10594 4351 10595 4300 10386 4351 10596 4302 10387 4302 10597 4351 10598 4352 10599 4302 10392 4352 10600 4304 10393 4304 10601 4352 10602 4353 10603 4304 10398 4353 10604 4306 10399 4306 10605 4353 10606 4354 10607 4306 10404 4354 10608 4308 10405 4308 10609 4354 10610 4355 10611 4308 10410 4355 10612 4310 10411 4310 10613 4355 10614 4311 10615 4335 10594 4334 10616 4351 10595 4351 10617 4334 10618 4356 10619 4351 10598 4356 10620 4352 10599 4352 10621 4356 10622 4357 10623 4352 10602 4357 10624 4353 10603 4353 10625 4357 10626 4358 10627 4353 10606 4358 10628 4354 10607 4354 10629 4358 10630 4359 10631 4354 10610 4359 10632 4355 10611 4355 10633 4359 10634 4360 10635 4355 10614 4360 10636 4311 10615 4311 10637 4360 10638 4312 10639 4334 10618 4333 10640 4356 10619 4356 10641 4333 10642 4361 10643 4356 10622 4361 10644 4357 10623 4357 10645 4361 10646 4362 10647 4357 10626 4362 10648 4358 10627 4358 10649 4362 10650 4363 10651 4358 10630 4363 10652 4359 10631 4359 10653 4363 10654 4364 10655 4359 10634 4364 10656 4360 10635 4360 10657 4364 10658 4365 10659 4360 10638 4365 10660 4312 10639 4312 10661 4365 10662 4313 10663 4333 10642 4332 10664 4361 10643 4361 10665 4332 10666 4366 10667 4361 10646 4366 10668 4362 10647 4362 10669 4366 10670 4367 10671 4362 10650 4367 10672 4363 10651 4363 10673 4367 10674 4368 10675 4363 10654 4368 10676 4364 10655 4364 10677 4368 10678 4369 10679 4364 10658 4369 10680 4365 10659 4365 10681 4369 10682 4370 10683 4365 10662 4370 10684 4313 10663 4313 10685 4370 10686 4314 10687 4332 10666 4331 10688 4366 10667 4366 10689 4331 10690 4371 10691 4366 10670 4371 10692 4367 10671 4367 10693 4371 10694 4372 10695 4367 10674 4372 10696 4368 10675 4368 10697 4372 10698 4373 10699 4368 10678 4373 10700 4369 10679 4369 10701 4373 10702 4374 10703 4369 10682 4374 10704 4370 10683 4370 10705 4374 10706 4375 10707 4370 10686 4375 10708 4314 10687 4314 10709 4375 10710 4315 10711 4331 10690 4330 10712 4371 10691 4371 10713 4330 10714 4376 10715 4371 10694 4376 10716 4372 10695 4372 10717 4376 10718 4377 10719 4372 10698 4377 10720 4373 10699 4373 10721 4377 10722 4378 10723 4373 10702 4378 10724 4374 10703 4374 10725 4378 10726 4379 10727 4374 10706 4379 10728 4375 10707 4375 10729 4379 10730 4380 10731 4375 10710 4380 10732 4315 10711 4315 10733 4380 10734 4316 10735 4330 10714 4329 10736 4376 10715 4376 10737 4329 10738 4381 10739 4376 10718 4381 10740 4377 10719 4377 10741 4381 10742 4382 10743 4377 10722 4382 10744 4378 10723 4378 10745 4382 10746 4383 10747 4378 10726 4383 10748 4379 10727 4379 10749 4383 10750 4384 10751 4379 10730 4384 10752 4380 10731 4380 10753 4384 10754 4385 10755 4380 10734 4385 10756 4316 10735 4316 10757 4385 10758 4317 10759 4329 10738 4328 10760 4381 10739 4381 10761 4328 10762 4386 10763 4381 10742 4386 10764 4382 10743 4382 10765 4386 10766 4387 10767 4382 10746 4387 10768 4383 10747 4383 10769 4387 10770 4388 10771 4383 10750 4388 10772 4384 10751 4384 10773 4388 10774 4389 10775 4384 10754 4389 10776 4385 10755 4385 10777 4389 10778 4318 10779 4385 10758 4318 10780 4317 10759 4328 10762 4327 10781 4386 10763 4386 10782 4327 10783 4390 10784 4386 10766 4390 10785 4387 10767 4387 10786 4390 10787 4391 10788 4387 10770 4391 10789 4388 10771 4388 10790 4391 10791 4392 10792 4388 10774 4392 10793 4389 10775 4389 10794 4392 10795 4319 10796 4389 10778 4319 10797 4318 10779 4327 10783 4326 10798 4390 10784 4390 10799 4326 10800 4393 10801 4390 10787 4393 10802 4391 10788 4391 10803 4393 10804 4394 10805 4391 10791 4394 10806 4392 10792 4392 10807 4394 10808 4320 10809 4392 10795 4320 10810 4319 10796 4326 10800 4325 10811 4393 10801 4393 10812 4325 10813 4395 10814 4393 10804 4395 10815 4394 10805 4394 10816 4395 10817 4321 10818 4394 10808 4321 10819 4320 10809 4325 10813 4324 10820 4395 10814 4395 10821 4324 10822 4322 10823 4395 10817 4322 10824 4321 10818 4323 10825 4322 10823 4324 10822 4396 10826 4397 10827 4398 10828 4398 10828 4397 10827 4399 10829 4398 10830 4399 10830 4400 10830 4400 10831 4399 10831 4401 10831 4400 10832 4401 10832 4402 10832 4402 10833 4401 10833 4403 10833 4402 10834 4403 10834 4404 10834 4404 10835 4403 10835 4405 10835 4404 10836 4405 10836 4406 10836 4406 10837 4405 10837 4407 10837 4406 10838 4407 10838 4408 10838 4408 10839 4407 10839 4409 10839 4408 10840 4409 10840 4410 10840 4410 10841 4409 10841 4411 10841 4410 10842 4411 10842 4412 10842 4412 10843 4411 10843 4413 10843 4412 10844 4413 10844 4414 10844 4414 10845 4413 10845 4415 10845 4414 10846 4415 10846 4416 10846 4416 10847 4415 10847 4417 10847 4416 10848 4417 10848 4418 10848 4418 10849 4417 10849 4419 10849 4418 10850 4419 10850 4420 10850 4420 10851 4419 10851 4421 10851 4420 10852 4421 10852 4422 10852 4422 10853 4421 10853 4423 10853 4422 10854 4423 10854 4424 10854 4424 10855 4423 10855 4425 10855 4424 10856 4425 10856 4426 10856 4426 10857 4425 10858 4427 10859 4426 10857 4427 10859 4428 10860 4426 10861 4428 10862 4429 10863 4429 10863 4428 10862 4430 10864 4429 10865 4430 10866 4431 10867 4431 10867 4430 10866 4432 10868 4431 10869 4432 10870 4433 10871 4433 10871 4432 10870 4434 10872 4433 10873 4434 10874 4435 10875 4435 10875 4434 10874 4436 10876 4435 10877 4436 10878 4437 10879 4437 10879 4436 10878 4438 10880 4437 10881 4438 10882 4439 10883 4440 10884 4441 10885 4439 10886 4439 10886 4441 10885 4442 10887 4439 10883 4442 10888 4437 10881 4437 10889 4442 10890 4443 10891 4437 10892 4443 10893 4444 10894 4444 10895 4443 10896 4445 10897 4444 10898 4445 10899 4446 10900 4446 10901 4445 10902 4447 10903 4446 10904 4447 10905 4448 10906 4448 10907 4447 10908 4449 10909 4448 10910 4449 10911 4450 10912 4450 10913 4449 10914 4451 10915 4450 10916 4451 10917 4416 10918 4416 10919 4451 10920 4414 10921 4442 10922 4441 10923 4452 10924 4452 10924 4441 10923 4453 10925 4452 10926 4453 10927 4454 10928 4454 10928 4453 10927 4455 10929 4454 10930 4455 10931 4456 10932 4456 10932 4455 10931 4457 10933 4456 10934 4457 10935 4458 10936 4458 10936 4457 10935 4459 10937 4458 10938 4459 10939 4460 10940 4460 10940 4459 10939 4461 10941 4460 10942 4461 10943 4462 10944 4462 10944 4461 10943 4463 10945 4462 10946 4463 10947 4464 10948 4464 10948 4463 10947 4465 10949 4464 10950 4465 10951 4466 10952 4464 10950 4466 10952 4467 10953 4467 10954 4466 10955 4468 10956 4467 10954 4468 10956 4469 10957 4469 10958 4468 10959 4470 10960 4469 10958 4470 10960 4471 10961 4471 10962 4470 10963 4472 10964 4471 10962 4472 10964 4473 10965 4473 10966 4472 10967 4474 10968 4473 10966 4474 10968 4475 10969 4475 10970 4474 10971 4476 10972 4475 10970 4476 10972 4477 10973 4477 10974 4476 10975 4478 10976 4477 10974 4478 10976 4479 10977 4479 10978 4478 10979 4480 10980 4479 10978 4480 10980 4481 10981 4479 10982 4481 10983 4482 10984 4482 10984 4481 10983 4483 10985 4482 10986 4483 10987 4484 10988 4484 10988 4483 10987 4485 10989 4484 10990 4485 10991 4486 10992 4486 10992 4485 10991 4487 10993 4486 10994 4487 10995 4488 10996 4488 10996 4487 10995 4489 10997 4488 10998 4489 10999 4490 11000 4490 11000 4489 10999 4491 11001 4490 11002 4491 11003 4398 11004 4398 11004 4491 11003 4396 11005 4490 11006 4398 11007 4492 11008 4492 11008 4398 11007 4400 11009 4492 11010 4400 11011 4493 11012 4493 11012 4400 11011 4402 11013 4493 11014 4402 11015 4494 11016 4494 11016 4402 11015 4404 11017 4494 11018 4404 11019 4495 11020 4495 11020 4404 11019 4406 11021 4495 11022 4406 11023 4496 11024 4496 11024 4406 11023 4408 11025 4496 11026 4408 11027 4497 11028 4497 11028 4408 11027 4410 11029 4497 11030 4410 11031 4498 11032 4498 11032 4410 11031 4412 11033 4498 11034 4412 11035 4499 11036 4499 11036 4412 11035 4414 11037 4499 11038 4414 10921 4451 10920 4488 11039 4490 11040 4500 11041 4500 11041 4490 11040 4492 11042 4500 11043 4492 11044 4501 11045 4501 11045 4492 11044 4493 11046 4501 11047 4493 11048 4502 11049 4502 11049 4493 11048 4494 11050 4502 11051 4494 11052 4503 11053 4503 11053 4494 11052 4495 11054 4503 11055 4495 11056 4504 11057 4504 11057 4495 11056 4496 11058 4504 11059 4496 11060 4505 11061 4505 11061 4496 11060 4497 11062 4505 11063 4497 11064 4506 11065 4506 11065 4497 11064 4498 11066 4506 11067 4498 11068 4507 11069 4507 11069 4498 11068 4499 11070 4507 11071 4499 11072 4508 11073 4508 11073 4499 11072 4451 11074 4508 11075 4451 10915 4449 10914 4486 11076 4488 11077 4509 11078 4509 11078 4488 11077 4500 11079 4509 11080 4500 11081 4510 11082 4510 11082 4500 11081 4501 11083 4510 11084 4501 11085 4511 11086 4511 11086 4501 11085 4502 11087 4511 11088 4502 11089 4512 11090 4512 11090 4502 11089 4503 11091 4512 11092 4503 11093 4513 11094 4513 11094 4503 11093 4504 11095 4513 11096 4504 11097 4514 11098 4514 11098 4504 11097 4505 11099 4514 11100 4505 11101 4515 11102 4515 11102 4505 11101 4506 11103 4515 11104 4506 11105 4516 11106 4516 11106 4506 11105 4507 11107 4516 11108 4507 11109 4517 11110 4517 11110 4507 11109 4508 11111 4517 11112 4508 11113 4518 11114 4518 11114 4508 11113 4449 11115 4518 11116 4449 10909 4447 10908 4484 11117 4486 11118 4519 11119 4519 11119 4486 11118 4509 11120 4519 11121 4509 11122 4520 11123 4520 11123 4509 11122 4510 11124 4520 11125 4510 11126 4521 11127 4521 11127 4510 11126 4511 11128 4521 11129 4511 11130 4522 11131 4522 11131 4511 11130 4512 11132 4522 11133 4512 11134 4523 11135 4523 11135 4512 11134 4513 11136 4523 11137 4513 11138 4524 11139 4524 11139 4513 11138 4514 11140 4524 11141 4514 11142 4525 11143 4525 11143 4514 11142 4515 11144 4525 11145 4515 11146 4526 11147 4526 11147 4515 11146 4516 11148 4526 11149 4516 11150 4527 11151 4527 11151 4516 11150 4517 11152 4527 11153 4517 11154 4528 11155 4528 11155 4517 11154 4518 11156 4528 11157 4518 11158 4529 11159 4529 11159 4518 11158 4447 11160 4529 11161 4447 10903 4445 10902 4477 11162 4479 11163 4482 11164 4482 11165 4484 11166 4530 11167 4530 11167 4484 11166 4519 11168 4530 11169 4519 11170 4531 11171 4531 11171 4519 11170 4520 11172 4531 11173 4520 11174 4532 11175 4532 11175 4520 11174 4521 11176 4532 11177 4521 11178 4533 11179 4533 11179 4521 11178 4522 11180 4533 11181 4522 11182 4534 11183 4534 11183 4522 11182 4523 11184 4534 11185 4523 11186 4535 11187 4535 11187 4523 11186 4524 11188 4535 11189 4524 11190 4536 11191 4536 11191 4524 11190 4525 11192 4536 11193 4525 11194 4537 11195 4537 11195 4525 11194 4526 11196 4537 11197 4526 11198 4538 11199 4538 11199 4526 11198 4527 11200 4538 11201 4527 11202 4539 11203 4539 11203 4527 11202 4528 11204 4539 11205 4528 11206 4540 11207 4540 11207 4528 11206 4529 11208 4540 11209 4529 11210 4541 11211 4541 11211 4529 11210 4445 11212 4541 11213 4445 10897 4443 10896 4475 11214 4477 11215 4530 11216 4530 11217 4477 11162 4482 11164 4475 11214 4530 11216 4531 11218 4473 11219 4475 11220 4531 11221 4473 11219 4531 11221 4532 11222 4471 11223 4473 11224 4532 11225 4471 11223 4532 11225 4533 11226 4469 11227 4471 11228 4533 11229 4469 11227 4533 11229 4534 11230 4467 11231 4469 11232 4534 11233 4467 11231 4534 11233 4535 11234 4464 11235 4467 11236 4535 11237 4464 11235 4535 11237 4536 11238 4462 11239 4464 11240 4536 11241 4462 11239 4536 11241 4537 11242 4460 11243 4462 11244 4537 11245 4460 11243 4537 11245 4538 11246 4458 11247 4460 11248 4538 11249 4458 11247 4538 11249 4539 11250 4416 10918 4418 11251 4450 10916 4450 11252 4418 11253 4542 11254 4450 10912 4542 11255 4448 10910 4448 11256 4542 11257 4543 11258 4448 10906 4543 11259 4446 10904 4446 11260 4543 11261 4544 11262 4446 10900 4544 11263 4444 10898 4444 11264 4544 11265 4435 11266 4444 10894 4435 11267 4437 10892 4456 11268 4458 11269 4539 11270 4456 11268 4539 11270 4540 11271 4418 11253 4420 11272 4542 11254 4542 11273 4420 11274 4545 11275 4542 11257 4545 11276 4543 11258 4543 11277 4545 11278 4546 11279 4543 11261 4546 11280 4544 11262 4544 11281 4546 11282 4433 11283 4544 11265 4433 11284 4435 11266 4454 11285 4456 11286 4540 11287 4454 11285 4540 11287 4541 11288 4420 11274 4422 11289 4545 11275 4545 11290 4422 11291 4547 11292 4545 11278 4547 11293 4546 11279 4546 11294 4547 11295 4431 11296 4546 11282 4431 11297 4433 11283 4452 11298 4454 11299 4541 11300 4452 11298 4541 11300 4443 11301 4422 11291 4424 11302 4547 11292 4547 11303 4424 11304 4429 11305 4547 11295 4429 11306 4431 11296 4426 11307 4429 11305 4424 11304 4442 10890 4452 11308 4443 10891 4548 11309 4549 11310 4550 11311 4550 11311 4549 11310 4551 11312 4550 11313 4551 11314 4552 11315 4552 11315 4551 11314 4553 11316 4552 11317 4553 11318 4554 11319 4554 11319 4553 11318 4555 11320 4554 11321 4555 11322 4556 11323 4556 11323 4555 11322 4557 11324 4556 11325 4557 11326 4558 11327 4558 11327 4557 11326 4559 11328 4558 11329 4559 11330 4560 11331 4560 11331 4559 11330 4561 11332 4560 11333 4561 11334 4562 11335 4562 11335 4561 11334 4563 11336 4562 11337 4563 11338 4564 11339 4562 11337 4564 11339 4565 11340 4565 11341 4564 11342 4566 11343 4565 11341 4566 11343 4567 11344 4567 11345 4566 11346 4568 11347 4567 11345 4568 11347 4569 11348 4569 11349 4568 11350 4570 11351 4569 11349 4570 11351 4571 11352 4571 11353 4570 11354 4572 11355 4571 11353 4572 11355 4573 11356 4571 11357 4573 11358 4574 11359 4574 11359 4573 11358 4575 11360 4574 11361 4575 11362 4576 11363 4576 11363 4575 11362 4577 11364 4576 11365 4577 11366 4578 11367 4578 11367 4577 11366 4579 11368 4578 11369 4579 11370 4580 11371 4580 11371 4579 11370 4581 11372 4580 11373 4581 11373 4582 11373 4582 11374 4581 11374 4583 11374 4582 11375 4584 11375 4580 11375 4580 11376 4584 11376 4585 11376 4580 11377 4585 11378 4586 11379 4586 11380 4585 11381 4587 11382 4586 11383 4587 11384 4588 11385 4588 11386 4587 11387 4589 11388 4588 11389 4589 11390 4590 11391 4590 11392 4589 11393 4591 11394 4590 11395 4591 11396 4562 11397 4562 11398 4591 11399 4560 11400 4584 11401 4592 11401 4585 11401 4585 11402 4592 11402 4593 11402 4585 11381 4593 11403 4587 11382 4587 11404 4593 11405 4594 11406 4587 11387 4594 11407 4589 11388 4589 11408 4594 11409 4595 11410 4589 11393 4595 11411 4591 11394 4591 11412 4595 11413 4596 11414 4591 11399 4596 11415 4560 11400 4560 11416 4596 11417 4558 11418 4592 11419 4597 11420 4593 11421 4593 11422 4597 11422 4598 11422 4593 11405 4598 11423 4594 11406 4594 11424 4598 11425 4599 11426 4594 11409 4599 11427 4595 11410 4595 11428 4599 11429 4600 11430 4595 11413 4600 11431 4596 11414 4596 11432 4600 11433 4601 11434 4596 11417 4601 11435 4558 11418 4558 11436 4601 11437 4556 11438 4597 11439 4602 11439 4598 11439 4598 11440 4602 11440 4603 11440 4598 11425 4603 11441 4599 11426 4599 11442 4603 11443 4604 11444 4599 11429 4604 11445 4600 11430 4600 11446 4604 11447 4605 11448 4600 11433 4605 11449 4601 11434 4601 11450 4605 11451 4606 11452 4601 11437 4606 11453 4556 11438 4556 11454 4606 11455 4554 11456 4602 11457 4607 11457 4603 11457 4603 11458 4607 11458 4608 11458 4603 11443 4608 11459 4604 11444 4604 11460 4608 11461 4609 11462 4604 11447 4609 11463 4605 11448 4605 11464 4609 11465 4610 11466 4605 11451 4610 11467 4606 11452 4606 11468 4610 11469 4611 11470 4606 11455 4611 11471 4554 11456 4554 11472 4611 11473 4552 11474 4607 11475 4612 11475 4608 11475 4608 11476 4612 11476 4613 11476 4608 11461 4613 11477 4609 11462 4609 11478 4613 11479 4614 11480 4609 11465 4614 11481 4610 11466 4610 11482 4614 11483 4615 11484 4610 11469 4615 11485 4611 11470 4611 11486 4615 11487 4616 11488 4611 11473 4616 11489 4552 11474 4552 11490 4616 11491 4550 11492 4612 11493 4617 11493 4613 11493 4613 11494 4617 11494 4618 11494 4613 11479 4618 11495 4614 11480 4614 11496 4618 11497 4619 11498 4614 11483 4619 11499 4615 11484 4615 11500 4619 11501 4620 11502 4615 11487 4620 11503 4616 11488 4616 11504 4620 11505 4621 11506 4616 11491 4621 11507 4550 11492 4550 11508 4621 11509 4548 11510 4617 11511 4622 11511 4618 11511 4618 11512 4622 11512 4623 11512 4618 11497 4623 11513 4619 11498 4619 11514 4623 11515 4624 11516 4619 11501 4624 11517 4620 11502 4620 11518 4624 11519 4625 11520 4620 11505 4625 11521 4621 11506 4621 11522 4625 11523 4626 11524 4621 11509 4626 11525 4548 11510 4622 11526 4627 11527 4623 11528 4623 11529 4627 11529 4628 11529 4623 11515 4628 11530 4624 11516 4624 11531 4628 11532 4629 11533 4624 11519 4629 11534 4625 11520 4625 11535 4629 11536 4630 11537 4625 11535 4630 11537 4631 11538 4627 11539 4632 11539 4628 11539 4628 11540 4632 11540 4633 11540 4628 11532 4633 11541 4629 11533 4629 11542 4633 11543 4634 11544 4629 11542 4634 11544 4630 11545 4632 11546 4635 11546 4633 11546 4633 11547 4635 11547 4634 11547 4635 11548 4636 11548 4634 11548 4631 11549 4626 11524 4625 11523 4590 11395 4562 11397 4565 11550 4590 11551 4565 11552 4637 11553 4637 11553 4565 11552 4567 11554 4637 11555 4567 11556 4638 11557 4638 11557 4567 11556 4569 11558 4638 11559 4569 11560 4574 11561 4574 11561 4569 11560 4571 11562 4590 11391 4637 11563 4588 11389 4588 11564 4637 11565 4639 11566 4588 11385 4639 11567 4586 11383 4586 11568 4639 11569 4578 11570 4586 11379 4578 11571 4580 11377 4639 11566 4637 11565 4638 11572 4574 11573 4576 11574 4638 11575 4638 11575 4576 11574 4639 11576 4576 11577 4578 11570 4639 11569 4640 11578 4642 11579 4641 11579 4642 11579 4643 11578 4641 11579 4642 11580 4644 11581 4643 11582 4644 11581 4645 11583 4643 11582 4644 11584 4646 11585 4645 11586 4646 11585 4647 11587 4645 11586 4646 11588 4648 11589 4647 11590 4648 11589 4649 11591 4647 11590 4650 11592 4651 11593 4480 11594 4651 11593 4652 11595 4480 11594 4651 11596 4653 11596 4652 11596 4653 11597 4654 11597 4652 11597 4653 11598 4655 11598 4654 11598 4655 11599 4656 11599 4654 11599 4655 11600 4657 11600 4656 11600 4657 11601 4658 11601 4656 11601 4657 11602 4659 11602 4658 11602 4659 11603 4660 11603 4658 11603 4659 11604 4661 11604 4660 11604 4661 11605 4662 11605 4660 11605 4661 11606 4663 11606 4662 11606 4663 11607 4664 11607 4662 11607 4663 11608 4665 11608 4664 11608 4665 11609 4666 11609 4664 11609 4665 11610 4667 11610 4666 11610 4667 11611 4668 11611 4666 11611 4667 11612 4669 11612 4668 11612 4669 11613 4670 11613 4668 11613 4669 11614 4671 11614 4670 11614 4671 11615 4672 11615 4670 11615 4671 11616 4673 11616 4672 11616 4673 11617 4674 11617 4672 11617 4673 11618 4675 11618 4674 11618 4675 11619 4676 11619 4674 11619 4675 11620 4677 11620 4676 11620 4677 11621 4678 11621 4676 11621 4677 11622 4679 11622 4678 11622 4679 11623 4680 11623 4678 11623 4679 11624 4681 11624 4680 11624 4681 11625 4440 11626 4680 11627 4681 11625 4682 11628 4440 11626 4682 11629 4681 11630 4683 11631 4681 11630 4684 11632 4683 11631 4681 11633 4679 11634 4684 11635 4679 11634 4685 11636 4684 11635 4679 11637 4677 11638 4685 11639 4677 11638 4686 11640 4685 11639 4677 11641 4675 11642 4686 11643 4675 11642 4687 11644 4686 11643 4675 11645 4673 11646 4687 11647 4673 11646 4688 11648 4687 11647 4673 11649 4671 11650 4688 11651 4671 11650 4689 11652 4688 11651 4671 11653 4690 11653 4689 11653 4690 11654 4691 11654 4689 11654 4691 11655 4692 11655 4689 11655 4691 11656 4693 11656 4692 11656 4693 11657 4694 11657 4692 11657 4694 11658 4695 11658 4692 11658 4694 11659 4696 11659 4695 11659 4696 11660 4697 11660 4695 11660 4696 11661 4698 11662 4697 11663 4698 11662 4699 11664 4697 11663 4698 11665 4700 11665 4699 11665 4700 11666 4686 11667 4699 11668 4700 11666 4685 11669 4686 11667 4683 11670 4684 11671 4701 11672 4684 11671 4702 11673 4701 11672 4684 11674 4685 11675 4702 11676 4685 11675 4700 11677 4702 11676 4701 11678 4702 11678 4703 11678 4702 11679 4704 11679 4703 11679 4702 11680 4700 11680 4704 11680 4700 11681 4698 11681 4704 11681 4671 11682 4669 11682 4690 11682 4669 11683 4705 11684 4690 11685 4669 11683 4667 11686 4705 11684 4667 11687 4665 11688 4705 11689 4705 11689 4665 11688 4706 11690 4665 11691 4663 11692 4706 11693 4706 11693 4663 11692 4707 11694 4663 11695 4661 11695 4707 11695 4661 11696 4708 11696 4707 11696 4708 11697 4709 11697 4707 11697 4708 11698 4710 11698 4709 11698 4710 11699 4711 11699 4709 11699 4710 11700 4712 11700 4711 11700 4710 11701 4713 11701 4712 11701 4713 11702 4714 11702 4712 11702 4713 11703 4715 11703 4714 11703 4715 11704 4716 11705 4714 11706 4715 11704 4717 11707 4716 11705 4717 11708 4718 11708 4716 11708 4717 11709 4719 11710 4718 11711 4719 11712 4720 11713 4718 11714 4719 11715 4651 11716 4720 11717 4651 11718 4650 11719 4720 11720 4716 11721 4718 11721 4721 11721 4718 11722 4722 11722 4721 11722 4718 11714 4720 11713 4722 11723 4720 11724 4723 11725 4722 11726 4720 11720 4650 11719 4723 11727 4721 11728 4722 11728 4649 11728 4722 11729 4724 11729 4649 11729 4722 11726 4723 11725 4724 11730 4651 11716 4719 11715 4653 11731 4719 11732 4725 11733 4653 11734 4719 11710 4717 11709 4725 11735 4717 11736 4715 11737 4725 11738 4653 11734 4725 11733 4655 11739 4725 11740 4726 11741 4655 11742 4725 11738 4715 11737 4726 11743 4715 11744 4713 11745 4726 11746 4655 11742 4726 11741 4657 11747 4726 11748 4727 11749 4657 11750 4726 11746 4713 11745 4727 11751 4713 11752 4710 11753 4727 11754 4657 11750 4727 11749 4659 11755 4727 11756 4708 11757 4659 11758 4727 11754 4710 11753 4708 11759 4661 11760 4659 11758 4708 11757 4695 11761 4689 11762 4692 11763 4695 11761 4688 11764 4689 11762 4697 11765 4688 11766 4695 11767 4697 11765 4687 11768 4688 11766 4699 11769 4687 11770 4697 11771 4699 11769 4686 11772 4687 11770 4635 11773 4728 11773 4636 11773 4636 11774 4728 11774 4729 11774 4636 11775 4729 11775 4730 11775 4635 11776 4632 11776 4728 11776 4728 11777 4632 11778 4731 11779 4728 11777 4731 11779 4732 11780 4732 11781 4731 11781 4733 11781 4733 11782 4731 11783 4734 11784 4733 11785 4734 11785 4735 11785 4735 11786 4734 11787 4736 11788 4735 11789 4736 11789 4737 11789 4737 11790 4736 11791 4738 11792 4737 11793 4738 11793 4739 11793 4739 11794 4738 11795 4740 11796 4739 11797 4740 11797 4741 11797 4741 11798 4740 11799 4742 11800 4741 11801 4742 11801 4743 11801 4743 11802 4742 11803 4744 11804 4743 11805 4744 11805 4745 11805 4745 11806 4744 11807 4746 11808 4745 11809 4746 11809 4747 11809 4747 11810 4746 11811 4748 11812 4747 11813 4748 11813 4749 11813 4749 11814 4748 11815 4750 11816 4749 11817 4750 11817 4751 11817 4751 11818 4750 11818 4752 11818 4752 11819 4750 11819 4582 11819 4752 11820 4582 11820 4583 11820 4632 11821 4627 11821 4731 11821 4731 11783 4627 11822 4734 11784 4627 11527 4622 11526 4734 11823 4734 11787 4622 11824 4736 11788 4622 11825 4617 11825 4736 11825 4736 11791 4617 11826 4738 11792 4617 11827 4612 11827 4738 11827 4738 11795 4612 11828 4740 11796 4612 11829 4607 11829 4740 11829 4740 11799 4607 11830 4742 11800 4607 11831 4602 11831 4742 11831 4742 11803 4602 11832 4744 11804 4602 11833 4597 11833 4744 11833 4744 11807 4597 11834 4746 11808 4597 11420 4592 11419 4746 11835 4746 11811 4592 11836 4748 11812 4592 11837 4584 11837 4748 11837 4748 11815 4584 11838 4750 11816 4584 11839 4582 11839 4750 11839 4732 11840 4729 11840 4728 11840 4753 11841 4572 11842 4754 11843 4572 11842 4549 11844 4754 11843 4572 11842 4570 11845 4549 11844 4570 11845 4551 11846 4549 11844 4570 11845 4568 11847 4551 11846 4568 11847 4553 11848 4551 11846 4568 11847 4566 11849 4553 11848 4566 11849 4555 11850 4553 11848 4566 11849 4564 11851 4555 11850 4564 11851 4557 11852 4555 11850 4564 11851 4563 11853 4557 11852 4563 11853 4559 11854 4557 11852 4563 11853 4561 11855 4559 11854 4754 11843 4755 11856 4753 11841 4755 11856 4756 11857 4753 11841 4755 11856 4757 11858 4756 11857 4757 11858 4758 11859 4756 11857 4757 11858 4759 11860 4758 11859 4759 11860 4760 11861 4758 11859 4759 11860 4761 11862 4760 11861 4761 11862 4762 11863 4760 11861 4761 11862 4763 11864 4762 11863 4752 11865 4583 11865 4764 11865 4764 11866 4583 11866 4765 11866 4764 11867 4765 11867 4766 11867 4766 11868 4765 11869 4767 11870 4766 11871 4767 11871 4768 11871 4768 11872 4767 11873 4769 11874 4768 11875 4769 11875 4770 11875 4770 11876 4769 11877 4771 11878 4770 11879 4771 11879 4772 11879 4772 11880 4771 11881 4773 11882 4772 11883 4773 11883 4774 11883 4774 11884 4773 11885 4775 11886 4774 11887 4775 11887 4776 11887 4776 11888 4775 11889 4777 11890 4776 11891 4777 11891 4778 11891 4778 11892 4777 11893 4779 11894 4778 11895 4779 11895 4780 11895 4780 11896 4779 11897 4781 11898 4780 11899 4781 11899 4782 11899 4782 11900 4781 11901 4783 11902 4782 11903 4783 11903 4784 11903 4784 11904 4783 11905 4785 11906 4784 11907 4785 11907 4786 11907 4786 11908 4785 11908 4730 11908 4730 11909 4785 11909 4787 11909 4730 11910 4787 11910 4636 11910 4583 11911 4788 11911 4765 11911 4765 11912 4788 11912 4789 11912 4765 11869 4789 11913 4767 11870 4767 11914 4789 11914 4790 11914 4767 11873 4790 11915 4769 11874 4769 11916 4790 11917 4791 11918 4769 11877 4791 11919 4771 11878 4771 11920 4791 11920 4792 11920 4771 11881 4792 11921 4773 11882 4773 11922 4792 11922 4793 11922 4773 11885 4793 11923 4775 11886 4775 11924 4793 11924 4794 11924 4775 11889 4794 11925 4777 11890 4777 11926 4794 11926 4795 11926 4777 11893 4795 11927 4779 11894 4779 11928 4795 11928 4796 11928 4779 11897 4796 11929 4781 11898 4781 11930 4796 11931 4797 11932 4781 11901 4797 11933 4783 11902 4783 11934 4797 11934 4798 11934 4783 11905 4798 11935 4785 11906 4785 11936 4798 11936 4787 11936 4425 11937 4752 11938 4427 11939 4752 11938 4799 11940 4427 11939 4752 11938 4800 545 4799 11940 4800 545 4801 11941 4799 11940 4800 545 4802 11942 4801 11941 4802 11942 4803 11943 4801 11941 4802 11942 4804 11944 4803 11943 4804 11944 4805 11945 4803 11943 4804 11944 4806 11946 4805 11945 4806 11946 4807 11947 4805 11945 4806 11946 4808 11948 4807 11947 4808 11948 4809 11949 4807 11947 4808 11948 4810 11950 4809 11949 4808 11948 4811 11951 4810 11950 4811 11951 4812 11952 4810 11950 4811 11951 4813 11953 4812 11952 4813 11953 4814 11954 4812 11952 4813 11953 4815 11955 4814 11954 4815 11955 4816 11956 4814 11954 4815 11955 4817 11957 4816 11956 4817 11957 4818 11958 4816 11956 4817 11957 4819 11959 4818 11958 4819 11959 4820 11960 4818 11958 4819 11959 4821 11961 4820 11960 4819 11959 4822 11962 4821 11961 4822 11962 4823 11963 4821 11961 4822 11962 4824 11964 4823 11963 4824 11964 4397 11965 4823 11963 4824 11964 4825 11966 4397 11965 4825 11966 4399 11967 4397 11965 4825 11966 4826 11968 4399 11967 4826 11968 4401 11969 4399 11967 4826 11968 4827 11970 4401 11969 4827 11970 4403 11971 4401 11969 4827 11970 4405 11972 4403 11971 4827 11970 4828 11973 4405 11972 4828 11973 4407 11974 4405 11972 4828 11973 4829 11975 4407 11974 4829 11975 4409 11976 4407 11974 4829 11975 4830 11977 4409 11976 4830 11977 4411 11978 4409 11976 4830 11977 4831 11979 4411 11978 4831 11979 4413 11980 4411 11978 4831 11979 4832 11981 4413 11980 4832 11981 4415 11982 4413 11980 4832 11981 4417 11983 4415 11982 4832 11981 4833 11984 4417 11983 4833 11984 4419 11985 4417 11983 4833 11984 4834 11986 4419 11985 4834 11986 4421 11987 4419 11985 4834 11986 4835 11988 4421 11987 4835 11988 4423 11989 4421 11987 4835 11988 4836 11990 4423 11989 4836 11990 4425 11937 4423 11989 4836 11990 4752 11938 4425 11937 4478 11991 4837 11992 4480 11993 4837 11992 4650 11994 4480 11993 4837 11995 4723 11996 4650 11997 4837 11995 4838 11998 4723 11996 4838 11999 4724 12000 4723 12001 4838 11999 4839 12002 4724 12000 4839 12003 4649 12003 4724 12003 4839 12004 4647 12004 4649 12004 4839 12005 4840 12005 4647 12005 4840 12006 4645 12006 4647 12006 4840 12007 4841 12007 4645 12007 4841 12008 4842 12009 4645 12010 4841 12011 4843 12012 4842 12013 4843 12014 4844 12015 4842 12016 4843 12017 4845 12018 4844 12019 4845 12020 4846 12021 4844 12022 4845 12023 4470 12023 4846 12023 4470 12024 4468 12024 4846 12024 4468 12025 4847 12025 4846 12025 4468 12026 4466 12026 4847 12026 4466 12027 4848 12027 4847 12027 4466 12028 4465 12028 4848 12028 4465 12029 4849 12029 4848 12029 4465 12030 4463 12030 4849 12030 4463 12031 4850 12031 4849 12031 4463 12032 4461 12032 4850 12032 4461 12033 4851 12033 4850 12033 4461 12034 4459 12034 4851 12034 4459 12035 4852 12035 4851 12035 4459 12036 4457 12036 4852 12036 4457 12037 4853 12037 4852 12037 4457 12038 4455 12038 4853 12038 4455 12039 4854 12039 4853 12039 4455 12040 4453 12040 4854 12040 4453 12041 4855 12041 4854 12041 4453 12042 4441 12042 4855 12042 4441 12043 4856 12043 4855 12043 4441 12044 4440 12045 4856 12046 4440 12045 4682 12047 4856 12046 4682 12048 4857 12049 4856 12050 4682 12048 4683 12051 4857 12049 4683 12052 4858 12053 4857 12054 4683 12052 4701 12055 4858 12053 4701 12056 4703 12056 4858 12056 4703 12057 4859 12057 4858 12057 4859 12058 4860 12058 4858 12058 4859 12059 4861 12059 4860 12059 4861 12060 4862 12060 4860 12060 4861 12061 4863 12062 4862 12063 4863 12064 4864 12065 4862 12066 4863 12064 4865 12067 4864 12065 4865 12068 4854 12069 4864 12070 4865 12068 4853 12071 4854 12069 4645 12010 4842 12009 4643 12072 4842 12073 4866 12073 4643 12073 4842 12016 4844 12015 4866 12074 4844 12075 4867 12076 4866 12077 4844 12022 4846 12021 4867 12078 4846 12079 4868 12079 4867 12079 4846 12080 4847 12080 4868 12080 4847 12081 4869 12081 4868 12081 4847 12082 4848 12082 4869 12082 4848 12083 4870 12084 4869 12085 4848 12083 4849 12086 4870 12084 4849 12087 4850 12087 4870 12087 4643 12088 4866 12088 4641 12088 4866 12089 4871 12089 4641 12089 4866 12077 4867 12076 4871 12090 4867 12091 4872 12091 4871 12091 4867 12092 4868 12092 4872 12092 4641 12093 4871 12093 4873 12093 4871 12094 4872 12094 4873 12094 4870 12095 4850 12095 4874 12095 4850 12096 4851 12096 4874 12096 4851 12097 4875 12097 4874 12097 4875 12098 4876 12098 4874 12098 4875 12099 4877 12099 4876 12099 4877 12100 4878 12100 4876 12100 4877 12101 4879 12101 4878 12101 4877 12102 4880 12102 4879 12102 4880 12103 4881 12103 4879 12103 4880 12104 4863 12104 4881 12104 4863 12062 4861 12061 4881 12105 4470 12106 4845 12106 4472 12106 4845 12107 4882 12107 4472 12107 4845 12018 4843 12017 4882 12108 4843 12109 4883 12110 4882 12111 4843 12012 4841 12011 4883 12112 4841 12113 4840 12114 4883 12115 4472 12116 4882 12116 4474 12116 4882 12117 4884 12117 4474 12117 4882 12111 4883 12110 4884 12118 4883 12119 4885 12120 4884 12121 4883 12115 4840 12114 4885 12122 4840 12123 4839 12124 4885 12125 4474 12126 4884 12126 4476 12126 4884 12127 4886 12127 4476 12127 4884 12121 4885 12120 4886 12128 4885 12129 4838 12130 4886 12131 4885 12125 4839 12124 4838 12132 4476 12133 4886 12133 4478 12133 4886 12134 4837 12134 4478 12134 4886 12131 4838 12130 4837 12135 4852 12136 4875 12137 4851 12138 4875 12139 4887 12140 4877 12141 4887 12140 4880 12142 4877 12141 4887 12143 4865 12144 4880 12145 4865 12144 4863 12146 4880 12145 4853 12147 4887 12148 4852 12149 4887 12150 4875 12137 4852 12136 4853 12147 4865 12151 4887 12148 4864 12152 4888 12153 4862 12154 4888 12153 4860 12155 4862 12154 4888 12156 4857 12157 4860 12158 4857 12157 4858 12159 4860 12158 4854 12160 4855 12161 4864 12162 4855 12161 4888 12163 4864 12162 4855 12164 4856 12165 4888 12166 4856 12165 4857 12167 4888 12166 4868 12168 4640 12169 4872 12170 4640 12169 4873 12171 4872 12170 4640 12169 4641 12172 4873 12171 4648 12173 4889 12174 4649 12175 4889 12174 4721 12176 4649 12175 4889 12177 4890 12178 4721 12179 4890 12178 4716 12180 4721 12179 4890 12181 4891 12182 4716 12182 4891 12182 4714 12181 4716 12182 4891 12183 4892 12184 4714 12184 4892 12184 4712 12183 4714 12184 4712 12185 4892 12186 4711 12187 4892 12186 4709 12188 4711 12187 4892 12186 4707 12189 4709 12188 4690 12190 4893 12191 4691 12192 4893 12191 4693 12193 4691 12192 4893 12191 4694 12194 4693 12193 4694 12195 4893 12196 4696 12197 4893 12196 4894 12198 4696 12197 4894 12199 4698 12200 4696 12201 4894 12199 4895 12202 4698 12200 4895 12203 4896 12204 4698 12205 4896 12204 4704 12206 4698 12205 4896 12207 4897 12208 4704 12209 4897 12208 4703 12210 4704 12209 4897 12211 4898 12212 4703 12213 4898 12212 4859 12214 4703 12213 4898 12215 4899 12216 4859 12217 4899 12216 4861 12218 4859 12217 4899 12219 4900 12220 4861 12221 4900 12220 4881 12222 4861 12221 4900 12223 4901 12224 4881 12225 4901 12224 4879 12226 4881 12225 4879 12227 4901 12228 4878 12229 4901 12228 4876 12230 4878 12229 4901 12228 4874 12231 4876 12230 4868 12232 4869 12233 4640 12234 4640 12234 4869 12233 4901 12235 4640 12234 4901 12235 4892 12236 4892 12236 4901 12235 4893 12237 4892 12236 4893 12237 4705 12238 4705 12238 4893 12237 4690 432 4869 12233 4870 12239 4901 12235 4901 12235 4870 12239 4874 12240 4901 12235 4900 12241 4893 12237 4893 12237 4900 12241 4894 12242 4894 12242 4900 12241 4895 12243 4895 12243 4900 12241 4899 12244 4895 12243 4899 12244 4896 12245 4896 12245 4899 12244 4898 12246 4896 12245 4898 12246 4897 12247 4705 12238 4706 432 4892 12236 4892 12236 4706 432 4707 432 4892 12236 4891 12248 4640 12234 4640 12234 4891 12248 4642 12249 4642 12249 4891 12248 4890 12250 4642 12249 4890 12250 4644 12251 4644 12251 4890 12250 4889 12252 4644 12251 4889 12252 4646 12253 4646 12253 4889 12252 4648 432 4583 12254 4581 12254 4788 12254 4788 12255 4581 12255 4902 12255 4788 12256 4902 12256 4789 12256 4789 12257 4902 12257 4903 12257 4789 12258 4903 12258 4790 12258 4790 12259 4903 12259 4904 12259 4790 11917 4904 12260 4791 11918 4791 12261 4904 12261 4905 12261 4791 12262 4905 12262 4792 12262 4792 12263 4905 12263 4906 12263 4792 12264 4906 12264 4793 12264 4793 12265 4906 12265 4907 12265 4793 12266 4907 12266 4794 12266 4794 12267 4907 12267 4908 12267 4794 12268 4908 12268 4795 12268 4795 12269 4908 12269 4909 12269 4795 12270 4909 12270 4796 12270 4796 12271 4909 12271 4910 12271 4796 11931 4910 12272 4797 11932 4797 12273 4910 12273 4911 12273 4797 12274 4911 12274 4798 12274 4798 12275 4911 12275 4912 12275 4798 12276 4912 12276 4787 12276 4787 12277 4912 12277 4634 12277 4787 12278 4634 12278 4636 12278 4902 12279 4581 12280 4913 12281 4913 12281 4581 12280 4579 12282 4913 12283 4579 12284 4914 12285 4914 12285 4579 12284 4577 12286 4914 12287 4577 12288 4575 12289 4914 12287 4575 12289 4915 12290 4915 12291 4575 12292 4573 12293 4915 12291 4573 12293 4916 12294 4916 12295 4573 12296 4572 12297 4916 12295 4572 12297 4753 12298 4916 12299 4753 12300 4917 12301 4917 12301 4753 12300 4756 12302 4917 12303 4756 12304 4918 12305 4918 12305 4756 12304 4758 12306 4918 12307 4758 12308 4919 12309 4919 12309 4758 12308 4760 12310 4919 12311 4760 12312 4920 12313 4920 12313 4760 12312 4762 12314 4920 12315 4762 12316 4921 12317 4921 12317 4762 12316 4763 12318 4921 12319 4763 12320 4922 12321 4922 12321 4763 12320 4761 12322 4922 12323 4761 12324 4759 12325 4922 12323 4759 12325 4923 12326 4923 12327 4759 12328 4757 12329 4923 12327 4757 12329 4924 12330 4924 12331 4757 12332 4755 12333 4924 12331 4755 12333 4925 12334 4925 12335 4755 12336 4754 12337 4925 12335 4754 12337 4926 12338 4926 12339 4754 12340 4549 12341 4926 12339 4549 12341 4548 12342 4926 12343 4548 12344 4927 12345 4927 12345 4548 12344 4626 12346 4927 12347 4626 12348 4928 12349 4928 12349 4626 12348 4631 12350 4928 12351 4631 12352 4929 12353 4929 12353 4631 12352 4630 12354 4929 12355 4630 12356 4912 12357 4912 12357 4630 12356 4634 12358 4915 12359 4916 12360 4930 12361 4930 12361 4916 12360 4917 12362 4930 12363 4917 12364 4931 12365 4931 12365 4917 12364 4918 12366 4931 12367 4918 12368 4932 12369 4932 12369 4918 12368 4919 12370 4932 12371 4919 12372 4933 12373 4933 12373 4919 12372 4920 12374 4933 12375 4920 12376 4934 12377 4934 12377 4920 12376 4921 12378 4934 12379 4921 12380 4935 12381 4935 12381 4921 12380 4922 12382 4935 12383 4922 12384 4936 12385 4936 12385 4922 12384 4923 12386 4936 12387 4923 12388 4937 12389 4937 12389 4923 12388 4924 12390 4937 12391 4924 12392 4938 12393 4938 12393 4924 12392 4925 12394 4938 12395 4925 12396 4927 12397 4927 12397 4925 12396 4926 12398 4914 12399 4915 12400 4939 12401 4939 12401 4915 12400 4930 12402 4939 12403 4930 12404 4940 12405 4940 12405 4930 12404 4931 12406 4940 12407 4931 12408 4941 12409 4941 12409 4931 12408 4932 12410 4941 12411 4932 12412 4942 12413 4942 12413 4932 12412 4933 12414 4942 12415 4933 12416 4943 12417 4943 12417 4933 12416 4934 12418 4943 12419 4934 12420 4944 12421 4944 12421 4934 12420 4935 12422 4944 12423 4935 12424 4945 12425 4945 12425 4935 12424 4936 12426 4945 12427 4936 12428 4946 12429 4946 12429 4936 12428 4937 12430 4946 12431 4937 12432 4947 12433 4947 12433 4937 12432 4938 12434 4947 12435 4938 12436 4928 12437 4928 12437 4938 12436 4927 12438 4903 12439 4902 12440 4913 12441 4913 12442 4914 12443 4948 12444 4948 12444 4914 12443 4939 12445 4948 12446 4939 12447 4949 12448 4949 12448 4939 12447 4940 12449 4949 12450 4940 12451 4950 12452 4950 12452 4940 12451 4941 12453 4950 12454 4941 12455 4951 12456 4951 12456 4941 12455 4942 12457 4951 12458 4942 12459 4952 12460 4952 12460 4942 12459 4943 12461 4952 12462 4943 12463 4953 12464 4953 12464 4943 12463 4944 12465 4953 12466 4944 12467 4954 12468 4954 12468 4944 12467 4945 12469 4954 12470 4945 12471 4955 12472 4955 12472 4945 12471 4946 12473 4955 12474 4946 12475 4956 12476 4956 12476 4946 12475 4947 12477 4956 12478 4947 12479 4929 12480 4929 12480 4947 12479 4928 12481 4904 12482 4903 12483 4948 12484 4948 12485 4903 12439 4913 12441 4904 12482 4948 12484 4949 12486 4905 12487 4904 12488 4949 12489 4905 12487 4949 12489 4950 12490 4906 12491 4905 12492 4950 12493 4906 12491 4950 12493 4951 12494 4907 12495 4906 12496 4951 12497 4907 12495 4951 12497 4952 12498 4908 12499 4907 12500 4952 12501 4908 12499 4952 12501 4953 12502 4909 12503 4908 12504 4953 12505 4909 12503 4953 12505 4954 12506 4910 12507 4909 12508 4954 12509 4910 12507 4954 12509 4955 12510 4911 12511 4910 12512 4955 12513 4911 12511 4955 12513 4956 12514 4912 12515 4911 12516 4956 12517 4912 12515 4956 12517 4929 12518 4680 12519 4440 12520 4957 12521 4957 12521 4440 12520 4439 12522 4957 12523 4439 12524 4958 12525 4958 12525 4439 12524 4438 12526 4958 12527 4438 12528 4959 12529 4959 12529 4438 12528 4436 12530 4959 12531 4436 12532 4960 12533 4960 12533 4436 12532 4434 12534 4960 12535 4434 12536 4961 12537 4961 12537 4434 12536 4432 12538 4961 12539 4432 12540 4962 12541 4962 12541 4432 12540 4430 12542 4962 12543 4430 12544 4963 12545 4963 12545 4430 12544 4428 12546 4963 12547 4428 12548 4427 12549 4427 12549 4799 12550 4963 12547 4963 12551 4799 12551 4964 12551 4963 12552 4964 12553 4965 12554 4965 12555 4964 12556 4966 12557 4965 12558 4966 12559 4967 12560 4967 12561 4966 12562 4968 12563 4967 12564 4968 12565 4969 12566 4969 12567 4968 12568 4970 12569 4969 12570 4970 12571 4971 12572 4971 12573 4970 12574 4972 12575 4971 12576 4972 12577 4973 12578 4973 12579 4972 12580 4974 12581 4973 12582 4974 12583 4975 12584 4975 12585 4974 12586 4976 12587 4975 12588 4976 12589 4668 12590 4668 12590 4976 12589 4666 12591 4666 12592 4976 12593 4664 12594 4664 12594 4976 12593 4977 12595 4664 12596 4977 12597 4662 12598 4662 12598 4977 12597 4978 12599 4662 12600 4978 12601 4660 12602 4660 12602 4978 12601 4979 12603 4660 12604 4979 12605 4658 12606 4658 12606 4979 12605 4980 12607 4658 12608 4980 12609 4656 12610 4656 12610 4980 12609 4981 12611 4656 12612 4981 12613 4654 12614 4654 12614 4981 12613 4982 12615 4654 12616 4982 12617 4652 12618 4652 12618 4982 12617 4983 12619 4652 12620 4983 12621 4481 12622 4481 12623 4983 12624 4984 12625 4481 12623 4984 12625 4483 12626 4483 12627 4984 12628 4485 12629 4485 12629 4984 12628 4985 12630 4485 12631 4985 12632 4487 12633 4487 12633 4985 12632 4986 12634 4487 12635 4986 12636 4489 12637 4489 12637 4986 12636 4987 12638 4489 12639 4987 12640 4491 12641 4491 12641 4987 12640 4988 12642 4491 12643 4988 12644 4396 12645 4396 12645 4988 12644 4989 12646 4396 12647 4989 12648 4397 12649 4397 12649 4989 12648 4823 12650 4823 12651 4989 12651 4990 12651 4823 12652 4990 12652 4821 12652 4821 12653 4990 12653 4991 12653 4821 12654 4991 12654 4820 12654 4820 12655 4991 12655 4992 12655 4820 12656 4992 12656 4818 12656 4818 12657 4992 12657 4993 12657 4818 12658 4993 12658 4816 12658 4816 12659 4993 12659 4994 12659 4816 12660 4994 12660 4814 12660 4814 12661 4994 12661 4995 12661 4814 12662 4995 12662 4812 12662 4812 12663 4995 12663 4996 12663 4812 12664 4996 12664 4810 12664 4810 12665 4996 12665 4997 12665 4810 12666 4997 12666 4809 12666 4809 12667 4997 12667 4998 12667 4809 12668 4998 12668 4807 12668 4807 12669 4998 12669 4999 12669 4807 12670 4999 12670 4805 12670 4805 12671 4999 12671 5000 12671 4805 12672 5000 12672 4803 12672 4803 12673 5000 12673 5001 12673 4803 12674 5001 12674 4801 12674 4801 12675 5001 12675 4964 12675 4801 12676 4964 12676 4799 12676 4481 12622 4480 12677 4652 12620 4668 12678 4670 12679 4975 12680 4975 12680 4670 12679 5002 12681 4975 12584 5002 12682 4973 12582 4973 12683 5002 12684 5003 12685 4973 12578 5003 12686 4971 12576 4971 12687 5003 12688 5004 12689 4971 12572 5004 12690 4969 12570 4969 12691 5004 12692 5005 12693 4969 12566 5005 12694 4967 12564 4967 12695 5005 12696 5006 12697 4967 12560 5006 12698 4965 12558 4965 12699 5006 12700 4962 12701 4965 12554 4962 12702 4963 12552 4670 12703 4672 12704 5002 12705 5002 12705 4672 12704 5007 12706 5002 12684 5007 12707 5003 12685 5003 12708 5007 12709 5008 12710 5003 12688 5008 12711 5004 12689 5004 12712 5008 12713 5009 12714 5004 12692 5009 12715 5005 12693 5005 12716 5009 12717 5010 12718 5005 12696 5010 12719 5006 12697 5006 12720 5010 12721 4961 12722 5006 12700 4961 12723 4962 12701 4672 12724 4674 12725 5007 12726 5007 12726 4674 12725 5011 12727 5007 12709 5011 12728 5008 12710 5008 12729 5011 12730 5012 12731 5008 12713 5012 12732 5009 12714 5009 12733 5012 12734 5013 12735 5009 12717 5013 12736 5010 12718 5010 12737 5013 12738 4960 12739 5010 12721 4960 12740 4961 12722 4674 12741 4676 12742 5011 12743 5011 12743 4676 12742 5014 12744 5011 12730 5014 12745 5012 12731 5012 12746 5014 12747 5015 12748 5012 12734 5015 12749 5013 12735 5013 12750 5015 12751 4959 12752 5013 12738 4959 12753 4960 12739 4676 12754 4678 12755 5014 12756 5014 12756 4678 12755 5016 12757 5014 12747 5016 12758 5015 12748 5015 12759 5016 12760 4958 12761 5015 12751 4958 12762 4959 12752 4678 12763 4680 12764 5016 12765 5016 12765 4680 12764 4957 12766 5016 12760 4957 12767 4958 12761 4964 12556 5001 12768 4966 12557 4966 12769 5001 12770 5017 12771 4966 12562 5017 12772 4968 12563 4968 12773 5017 12774 5018 12775 4968 12568 5018 12776 4970 12569 4970 12777 5018 12778 5019 12779 4970 12574 5019 12780 4972 12575 4972 12781 5019 12782 5020 12783 4972 12580 5020 12784 4974 12581 4974 12785 5020 12786 5021 12787 4974 12586 5021 12788 4976 12587 4976 12789 5021 12790 4977 12791 5001 12770 5000 12792 5017 12771 5017 12793 5000 12794 5022 12795 5017 12774 5022 12796 5018 12775 5018 12797 5022 12798 5023 12799 5018 12778 5023 12800 5019 12779 5019 12801 5023 12802 5024 12803 5019 12782 5024 12804 5020 12783 5020 12805 5024 12806 5025 12807 5020 12786 5025 12808 5021 12787 5021 12809 5025 12810 5026 12811 5021 12790 5026 12812 4977 12791 4977 12813 5026 12814 4978 12815 5000 12794 4999 12816 5022 12795 5022 12817 4999 12818 5027 12819 5022 12798 5027 12820 5023 12799 5023 12821 5027 12822 5028 12823 5023 12802 5028 12824 5024 12803 5024 12825 5028 12826 5029 12827 5024 12806 5029 12828 5025 12807 5025 12829 5029 12830 5030 12831 5025 12810 5030 12832 5026 12811 5026 12833 5030 12834 5031 12835 5026 12814 5031 12836 4978 12815 4978 12837 5031 12838 4979 12839 4999 12818 4998 12840 5027 12819 5027 12841 4998 12842 5032 12843 5027 12822 5032 12844 5028 12823 5028 12845 5032 12846 5033 12847 5028 12826 5033 12848 5029 12827 5029 12849 5033 12850 5034 12851 5029 12830 5034 12852 5030 12831 5030 12853 5034 12854 5035 12855 5030 12834 5035 12856 5031 12835 5031 12857 5035 12858 5036 12859 5031 12838 5036 12860 4979 12839 4979 12861 5036 12862 4980 12863 4998 12842 4997 12864 5032 12843 5032 12865 4997 12866 5037 12867 5032 12846 5037 12868 5033 12847 5033 12869 5037 12870 5038 12871 5033 12850 5038 12872 5034 12851 5034 12873 5038 12874 5039 12875 5034 12854 5039 12876 5035 12855 5035 12877 5039 12878 5040 12879 5035 12858 5040 12880 5036 12859 5036 12881 5040 12882 5041 12883 5036 12862 5041 12884 4980 12863 4980 12885 5041 12886 4981 12887 4997 12866 4996 12888 5037 12867 5037 12889 4996 12890 5042 12891 5037 12870 5042 12892 5038 12871 5038 12893 5042 12894 5043 12895 5038 12874 5043 12896 5039 12875 5039 12897 5043 12898 5044 12899 5039 12878 5044 12900 5040 12879 5040 12901 5044 12902 5045 12903 5040 12882 5045 12904 5041 12883 5041 12905 5045 12906 5046 12907 5041 12886 5046 12908 4981 12887 4981 12909 5046 12910 4982 12911 4996 12890 4995 12912 5042 12891 5042 12913 4995 12914 5047 12915 5042 12894 5047 12916 5043 12895 5043 12917 5047 12918 5048 12919 5043 12898 5048 12920 5044 12899 5044 12921 5048 12922 5049 12923 5044 12902 5049 12924 5045 12903 5045 12925 5049 12926 5050 12927 5045 12906 5050 12928 5046 12907 5046 12929 5050 12930 5051 12931 5046 12910 5051 12932 4982 12911 4982 12933 5051 12934 4983 12935 4995 12914 4994 12936 5047 12915 5047 12937 4994 12938 5052 12939 5047 12918 5052 12940 5048 12919 5048 12941 5052 12942 5053 12943 5048 12922 5053 12944 5049 12923 5049 12945 5053 12946 5054 12947 5049 12926 5054 12948 5050 12927 5050 12949 5054 12950 5055 12951 5050 12930 5055 12952 5051 12931 5051 12953 5055 12954 4984 12955 5051 12934 4984 12956 4983 12935 4994 12938 4993 12957 5052 12939 5052 12958 4993 12959 5056 12960 5052 12942 5056 12961 5053 12943 5053 12962 5056 12963 5057 12964 5053 12946 5057 12965 5054 12947 5054 12966 5057 12967 5058 12968 5054 12950 5058 12969 5055 12951 5055 12970 5058 12971 4985 12972 5055 12954 4985 12973 4984 12955 4993 12959 4992 12974 5056 12960 5056 12975 4992 12976 5059 12977 5056 12963 5059 12978 5057 12964 5057 12979 5059 12980 5060 12981 5057 12967 5060 12982 5058 12968 5058 12983 5060 12984 4986 12985 5058 12971 4986 12986 4985 12972 4992 12976 4991 12987 5059 12977 5059 12988 4991 12989 5061 12990 5059 12980 5061 12991 5060 12981 5060 12992 5061 12993 4987 12994 5060 12984 4987 12995 4986 12985 4991 12989 4990 12996 5061 12990 5061 12997 4990 12998 4988 12999 5061 12993 4988 13000 4987 12994 4989 13001 4988 12999 4990 12998 5062 13002 5063 13003 5064 13004 5064 13004 5063 13003 5065 13005 5064 13006 5065 13006 5066 13006 5066 13007 5065 13007 5067 13007 5066 13008 5067 13008 5068 13008 5068 13009 5067 13009 5069 13009 5068 13010 5069 13010 5070 13010 5070 13011 5069 13011 5071 13011 5070 13012 5071 13012 5072 13012 5072 13013 5071 13013 5073 13013 5072 13014 5073 13014 5074 13014 5074 13015 5073 13015 5075 13015 5074 13016 5075 13016 5076 13016 5076 13017 5075 13017 5077 13017 5076 13018 5077 13018 5078 13018 5078 13019 5077 13019 5079 13019 5078 13020 5079 13020 5080 13020 5080 13021 5079 13021 5081 13021 5080 13022 5081 13022 5082 13022 5082 13023 5081 13023 5083 13023 5082 13024 5083 13024 5084 13024 5084 13025 5083 13025 5085 13025 5084 13026 5085 13026 5086 13026 5086 13027 5085 13027 5087 13027 5086 13028 5087 13028 5088 13028 5088 13029 5087 13029 5089 13029 5088 13030 5089 13030 5090 13030 5090 13031 5089 13031 5091 13031 5090 13032 5091 13032 5092 13032 5092 13033 5091 13034 5093 13035 5092 13033 5093 13035 5094 13036 5092 13037 5094 13038 5095 13039 5095 13039 5094 13038 5096 13040 5095 13041 5096 13042 5097 13043 5097 13043 5096 13042 5098 13044 5097 13045 5098 13046 5099 13047 5099 13047 5098 13046 5100 13048 5099 13049 5100 13050 5101 13051 5101 13051 5100 13050 5102 13052 5101 13053 5102 13054 5103 13055 5103 13055 5102 13054 5104 13056 5103 13057 5104 13058 5105 13059 5106 13060 5107 13061 5105 13062 5105 13062 5107 13061 5108 13063 5105 13059 5108 13064 5103 13057 5103 13065 5108 13066 5109 13067 5103 13068 5109 13069 5110 13070 5110 13071 5109 13072 5111 13073 5110 13074 5111 13075 5112 13076 5112 13077 5111 13078 5113 13079 5112 13080 5113 13081 5114 13082 5114 13083 5113 13084 5115 13085 5114 13086 5115 13087 5116 13088 5116 13089 5115 13090 5117 13091 5116 13092 5117 13093 5082 13094 5082 13095 5117 13096 5080 13097 5108 13098 5107 13099 5118 13100 5118 13100 5107 13099 5119 13101 5118 13102 5119 13103 5120 13104 5120 13104 5119 13103 5121 13105 5120 13106 5121 13107 5122 13108 5122 13108 5121 13107 5123 13109 5122 13110 5123 13111 5124 13112 5124 13112 5123 13111 5125 13113 5124 13114 5125 13115 5126 13116 5126 13116 5125 13115 5127 13117 5126 13118 5127 13119 5128 13120 5128 13120 5127 13119 5129 13121 5128 13122 5129 13123 5130 13124 5130 13124 5129 13123 5131 13125 5130 13126 5131 13127 5132 13128 5130 13126 5132 13128 5133 13129 5133 13130 5132 13131 5134 13132 5133 13130 5134 13132 5135 13133 5135 13134 5134 13135 5136 13136 5135 13134 5136 13136 5137 13137 5137 13138 5136 13139 5138 13140 5137 13138 5138 13140 5139 13141 5139 13142 5138 13143 5140 13144 5139 13142 5140 13144 5141 13145 5141 13146 5140 13147 5142 13148 5141 13146 5142 13148 5143 13149 5143 13150 5142 13151 5144 13152 5143 13150 5144 13152 5145 13153 5145 13154 5144 13155 5146 13156 5145 13154 5146 13156 5147 13157 5145 13158 5147 13159 5148 13160 5148 13160 5147 13159 5149 13161 5148 13162 5149 13163 5150 13164 5150 13164 5149 13163 5151 13165 5150 13166 5151 13167 5152 13168 5152 13168 5151 13167 5153 13169 5152 13170 5153 13171 5154 13172 5154 13172 5153 13171 5155 13173 5154 13174 5155 13175 5156 13176 5156 13176 5155 13175 5157 13177 5156 13178 5157 13179 5064 13180 5064 13180 5157 13179 5062 13181 5156 13182 5064 13183 5158 13184 5158 13184 5064 13183 5066 13185 5158 13186 5066 13187 5159 13188 5159 13188 5066 13187 5068 13189 5159 13190 5068 13191 5160 13192 5160 13192 5068 13191 5070 13193 5160 13194 5070 13195 5161 13196 5161 13196 5070 13195 5072 13197 5161 13198 5072 13199 5162 13200 5162 13200 5072 13199 5074 13201 5162 13202 5074 13203 5163 13204 5163 13204 5074 13203 5076 13205 5163 13206 5076 13207 5164 13208 5164 13208 5076 13207 5078 13209 5164 13210 5078 13211 5165 13212 5165 13212 5078 13211 5080 13213 5165 13214 5080 13097 5117 13096 5154 13215 5156 13216 5166 13217 5166 13217 5156 13216 5158 13218 5166 13219 5158 13220 5167 13221 5167 13221 5158 13220 5159 13222 5167 13223 5159 13224 5168 13225 5168 13225 5159 13224 5160 13226 5168 13227 5160 13228 5169 13229 5169 13229 5160 13228 5161 13230 5169 13231 5161 13232 5170 13233 5170 13233 5161 13232 5162 13234 5170 13235 5162 13236 5171 13237 5171 13237 5162 13236 5163 13238 5171 13239 5163 13240 5172 13241 5172 13241 5163 13240 5164 13242 5172 13243 5164 13244 5173 13245 5173 13245 5164 13244 5165 13246 5173 13247 5165 13248 5174 13249 5174 13249 5165 13248 5117 13250 5174 13251 5117 13091 5115 13090 5152 13252 5154 13253 5175 13254 5175 13254 5154 13253 5166 13255 5175 13256 5166 13257 5176 13258 5176 13258 5166 13257 5167 13259 5176 13260 5167 13261 5177 13262 5177 13262 5167 13261 5168 13263 5177 13264 5168 13265 5178 13266 5178 13266 5168 13265 5169 13267 5178 13268 5169 13269 5179 13270 5179 13270 5169 13269 5170 13271 5179 13272 5170 13273 5180 13274 5180 13274 5170 13273 5171 13275 5180 13276 5171 13277 5181 13278 5181 13278 5171 13277 5172 13279 5181 13280 5172 13281 5182 13282 5182 13282 5172 13281 5173 13283 5182 13284 5173 13285 5183 13286 5183 13286 5173 13285 5174 13287 5183 13288 5174 13289 5184 13290 5184 13290 5174 13289 5115 13291 5184 13292 5115 13085 5113 13084 5150 13293 5152 13294 5185 13295 5185 13295 5152 13294 5175 13296 5185 13297 5175 13298 5186 13299 5186 13299 5175 13298 5176 13300 5186 13301 5176 13302 5187 13303 5187 13303 5176 13302 5177 13304 5187 13305 5177 13306 5188 13307 5188 13307 5177 13306 5178 13308 5188 13309 5178 13310 5189 13311 5189 13311 5178 13310 5179 13312 5189 13313 5179 13314 5190 13315 5190 13315 5179 13314 5180 13316 5190 13317 5180 13318 5191 13319 5191 13319 5180 13318 5181 13320 5191 13321 5181 13322 5192 13323 5192 13323 5181 13322 5182 13324 5192 13325 5182 13326 5193 13327 5193 13327 5182 13326 5183 13328 5193 13329 5183 13330 5194 13331 5194 13331 5183 13330 5184 13332 5194 13333 5184 13334 5195 13335 5195 13335 5184 13334 5113 13336 5195 13337 5113 13079 5111 13078 5143 13338 5145 13339 5148 13340 5148 13341 5150 13342 5196 13343 5196 13343 5150 13342 5185 13344 5196 13345 5185 13346 5197 13347 5197 13347 5185 13346 5186 13348 5197 13349 5186 13350 5198 13351 5198 13351 5186 13350 5187 13352 5198 13353 5187 13354 5199 13355 5199 13355 5187 13354 5188 13356 5199 13357 5188 13358 5200 13359 5200 13359 5188 13358 5189 13360 5200 13361 5189 13362 5201 13363 5201 13363 5189 13362 5190 13364 5201 13365 5190 13366 5202 13367 5202 13367 5190 13366 5191 13368 5202 13369 5191 13370 5203 13371 5203 13371 5191 13370 5192 13372 5203 13373 5192 13374 5204 13375 5204 13375 5192 13374 5193 13376 5204 13377 5193 13378 5205 13379 5205 13379 5193 13378 5194 13380 5205 13381 5194 13382 5206 13383 5206 13383 5194 13382 5195 13384 5206 13385 5195 13386 5207 13387 5207 13387 5195 13386 5111 13388 5207 13389 5111 13073 5109 13072 5141 13390 5143 13391 5196 13392 5196 13393 5143 13338 5148 13340 5141 13390 5196 13392 5197 13394 5139 13395 5141 13396 5197 13397 5139 13395 5197 13397 5198 13398 5137 13399 5139 13400 5198 13401 5137 13399 5198 13401 5199 13402 5135 13403 5137 13404 5199 13405 5135 13403 5199 13405 5200 13406 5133 13407 5135 13408 5200 13409 5133 13407 5200 13409 5201 13410 5130 13411 5133 13412 5201 13413 5130 13411 5201 13413 5202 13414 5128 13415 5130 13416 5202 13417 5128 13415 5202 13417 5203 13418 5126 13419 5128 13420 5203 13421 5126 13419 5203 13421 5204 13422 5124 13423 5126 13424 5204 13425 5124 13423 5204 13425 5205 13426 5082 13094 5084 13427 5116 13092 5116 13428 5084 13429 5208 13430 5116 13088 5208 13431 5114 13086 5114 13432 5208 13433 5209 13434 5114 13082 5209 13435 5112 13080 5112 13436 5209 13437 5210 13438 5112 13076 5210 13439 5110 13074 5110 13440 5210 13441 5101 13442 5110 13070 5101 13443 5103 13068 5122 13444 5124 13445 5205 13446 5122 13444 5205 13446 5206 13447 5084 13429 5086 13448 5208 13430 5208 13449 5086 13450 5211 13451 5208 13433 5211 13452 5209 13434 5209 13453 5211 13454 5212 13455 5209 13437 5212 13456 5210 13438 5210 13457 5212 13458 5099 13459 5210 13441 5099 13460 5101 13442 5120 13461 5122 13462 5206 13463 5120 13461 5206 13463 5207 13464 5086 13450 5088 13465 5211 13451 5211 13466 5088 13467 5213 13468 5211 13454 5213 13469 5212 13455 5212 13470 5213 13471 5097 13472 5212 13458 5097 13473 5099 13459 5118 13474 5120 13475 5207 13476 5118 13474 5207 13476 5109 13477 5088 13467 5090 13478 5213 13468 5213 13479 5090 13480 5095 13481 5213 13471 5095 13482 5097 13472 5092 13483 5095 13481 5090 13480 5108 13066 5118 13484 5109 13067 5214 13485 5215 13486 5216 13487 5216 13487 5215 13486 5217 13488 5216 13489 5217 13490 5218 13491 5218 13491 5217 13490 5219 13492 5218 13493 5219 13494 5220 13495 5220 13495 5219 13494 5221 13496 5220 13497 5221 13498 5222 13499 5222 13499 5221 13498 5223 13500 5222 13501 5223 13502 5224 13503 5224 13503 5223 13502 5225 13504 5224 13505 5225 13506 5226 13507 5226 13507 5225 13506 5227 13508 5226 13509 5227 13510 5228 13511 5228 13511 5227 13510 5229 13512 5228 13513 5229 13514 5230 13515 5228 13513 5230 13515 5231 13516 5231 13517 5230 13518 5232 13519 5231 13517 5232 13519 5233 13520 5233 13521 5232 13522 5234 13523 5233 13521 5234 13523 5235 13524 5235 13525 5234 13526 5236 13527 5235 13525 5236 13527 5237 13528 5237 13529 5236 13530 5238 13531 5237 13529 5238 13531 5239 13532 5237 13533 5239 13534 5240 13535 5240 13535 5239 13534 5241 13536 5240 13537 5241 13538 5242 13539 5242 13539 5241 13538 5243 13540 5242 13541 5243 13542 5244 13543 5244 13543 5243 13542 5245 13544 5244 13545 5245 13546 5246 13547 5246 13547 5245 13546 5247 13548 5246 13549 5247 13549 5248 13549 5248 13550 5247 13550 5249 13550 5248 13551 5250 13551 5246 13551 5246 13552 5250 13552 5251 13552 5246 13553 5251 13554 5252 13555 5252 13556 5251 13557 5253 13558 5252 13559 5253 13560 5254 13561 5254 13562 5253 13563 5255 13564 5254 13565 5255 13566 5256 13567 5256 13568 5255 13569 5257 13570 5256 13571 5257 13572 5228 13573 5228 13574 5257 13575 5226 13576 5250 13577 5258 13577 5251 13577 5251 13578 5258 13578 5259 13578 5251 13557 5259 13579 5253 13558 5253 13580 5259 13581 5260 13582 5253 13563 5260 13583 5255 13564 5255 13584 5260 13585 5261 13586 5255 13569 5261 13587 5257 13570 5257 13588 5261 13589 5262 13590 5257 13575 5262 13591 5226 13576 5226 13592 5262 13593 5224 13594 5258 13595 5263 13596 5259 13597 5259 13598 5263 13598 5264 13598 5259 13581 5264 13599 5260 13582 5260 13600 5264 13601 5265 13602 5260 13585 5265 13603 5261 13586 5261 13604 5265 13605 5266 13606 5261 13589 5266 13607 5262 13590 5262 13608 5266 13609 5267 13610 5262 13593 5267 13611 5224 13594 5224 13612 5267 13613 5222 13614 5263 13615 5268 13615 5264 13615 5264 13616 5268 13616 5269 13616 5264 13601 5269 13617 5265 13602 5265 13618 5269 13619 5270 13620 5265 13605 5270 13621 5266 13606 5266 13622 5270 13623 5271 13624 5266 13609 5271 13625 5267 13610 5267 13626 5271 13627 5272 13628 5267 13613 5272 13629 5222 13614 5222 13630 5272 13631 5220 13632 5268 13633 5273 13633 5269 13633 5269 13634 5273 13634 5274 13634 5269 13619 5274 13635 5270 13620 5270 13636 5274 13637 5275 13638 5270 13623 5275 13639 5271 13624 5271 13640 5275 13641 5276 13642 5271 13627 5276 13643 5272 13628 5272 13644 5276 13645 5277 13646 5272 13631 5277 13647 5220 13632 5220 13648 5277 13649 5218 13650 5273 13651 5278 13651 5274 13651 5274 13652 5278 13652 5279 13652 5274 13637 5279 13653 5275 13638 5275 13654 5279 13655 5280 13656 5275 13641 5280 13657 5276 13642 5276 13658 5280 13659 5281 13660 5276 13645 5281 13661 5277 13646 5277 13662 5281 13663 5282 13664 5277 13649 5282 13665 5218 13650 5218 13666 5282 13667 5216 13668 5278 13669 5283 13669 5279 13669 5279 13670 5283 13670 5284 13670 5279 13655 5284 13671 5280 13656 5280 13672 5284 13673 5285 13674 5280 13659 5285 13675 5281 13660 5281 13676 5285 13677 5286 13678 5281 13663 5286 13679 5282 13664 5282 13680 5286 13681 5287 13682 5282 13667 5287 13683 5216 13668 5216 13684 5287 13685 5214 13686 5283 13687 5288 13687 5284 13687 5284 13688 5288 13688 5289 13688 5284 13673 5289 13689 5285 13674 5285 13690 5289 13691 5290 13692 5285 13677 5290 13693 5286 13678 5286 13694 5290 13695 5291 13696 5286 13681 5291 13697 5287 13682 5287 13698 5291 13699 5292 13700 5287 13685 5292 13701 5214 13686 5288 13702 5293 13703 5289 13704 5289 13705 5293 13705 5294 13705 5289 13691 5294 13706 5290 13692 5290 13707 5294 13708 5295 13709 5290 13695 5295 13710 5291 13696 5291 13711 5295 13712 5296 13713 5291 13711 5296 13713 5297 13714 5293 13715 5298 13715 5294 13715 5294 13716 5298 13716 5299 13716 5294 13708 5299 13717 5295 13709 5295 13718 5299 13719 5300 13720 5295 13718 5300 13720 5296 13721 5298 13722 5301 13722 5299 13722 5299 13723 5301 13723 5300 13723 5301 13724 5302 13724 5300 13724 5297 13725 5292 13700 5291 13699 5256 13571 5228 13573 5231 13726 5256 13727 5231 13728 5303 13729 5303 13729 5231 13728 5233 13730 5303 13731 5233 13732 5304 13733 5304 13733 5233 13732 5235 13734 5304 13735 5235 13736 5240 13737 5240 13737 5235 13736 5237 13738 5256 13567 5303 13739 5254 13565 5254 13740 5303 13741 5305 13742 5254 13561 5305 13743 5252 13559 5252 13744 5305 13745 5244 13746 5252 13555 5244 13747 5246 13553 5305 13742 5303 13741 5304 13748 5240 13749 5242 13750 5304 13751 5304 13751 5242 13750 5305 13752 5242 13753 5244 13746 5305 13745 5306 13754 5308 13755 5307 13756 5308 13755 5309 13757 5307 13756 5308 13758 5310 13758 5309 13758 5310 13758 5311 13758 5309 13758 5310 13759 5312 13760 5311 13761 5312 13760 5313 13762 5311 13761 5312 13763 5314 13764 5313 13764 5314 13764 5315 13763 5313 13764 5316 13765 5317 13766 5146 13767 5317 13766 5318 13768 5146 13767 5317 13769 5319 13769 5318 13769 5319 13770 5320 13770 5318 13770 5319 13771 5321 13771 5320 13771 5321 13772 5322 13772 5320 13772 5321 13773 5323 13773 5322 13773 5323 13774 5324 13774 5322 13774 5323 13775 5325 13775 5324 13775 5325 13776 5326 13776 5324 13776 5325 13777 5327 13777 5326 13777 5327 13778 5328 13778 5326 13778 5327 13779 5329 13779 5328 13779 5329 13780 5330 13780 5328 13780 5329 13781 5331 13781 5330 13781 5331 13782 5332 13782 5330 13782 5331 13783 5333 13783 5332 13783 5333 13784 5334 13784 5332 13784 5333 13785 5335 13785 5334 13785 5335 13786 5336 13786 5334 13786 5335 13787 5337 13787 5336 13787 5337 13788 5338 13788 5336 13788 5337 13789 5339 13789 5338 13789 5339 13790 5340 13790 5338 13790 5339 13791 5341 13791 5340 13791 5341 13792 5342 13792 5340 13792 5341 13793 5343 13793 5342 13793 5343 13794 5344 13794 5342 13794 5343 13795 5345 13795 5344 13795 5345 13796 5346 13796 5344 13796 5345 13797 5347 13797 5346 13797 5347 13798 5106 13799 5346 13800 5347 13798 5348 13801 5106 13799 5348 13802 5347 13803 5349 13804 5347 13803 5350 13805 5349 13804 5347 13806 5345 13807 5350 13808 5345 13807 5351 13809 5350 13808 5345 13810 5343 13811 5351 13812 5343 13811 5352 13813 5351 13812 5343 13814 5341 13815 5352 13816 5341 13815 5353 13817 5352 13816 5341 13818 5339 13819 5353 13820 5339 13819 5354 13821 5353 13820 5339 13822 5337 13823 5354 13824 5337 13823 5355 13825 5354 13824 5337 13826 5356 13826 5355 13826 5356 13827 5357 13827 5355 13827 5357 13828 5358 13828 5355 13828 5357 13829 5359 13829 5358 13829 5359 13830 5360 13830 5358 13830 5360 13831 5361 13831 5358 13831 5360 13832 5362 13832 5361 13832 5362 13833 5363 13833 5361 13833 5362 13834 5364 13835 5363 13836 5364 13835 5365 13837 5363 13836 5364 13838 5366 13838 5365 13838 5366 13839 5352 13840 5365 13841 5366 13839 5351 13842 5352 13840 5349 13843 5350 13844 5367 13845 5350 13844 5368 13846 5367 13845 5350 13847 5351 13848 5368 13849 5351 13848 5366 13850 5368 13849 5367 13851 5368 13851 5369 13851 5368 13852 5370 13852 5369 13852 5368 13853 5366 13853 5370 13853 5366 13854 5364 13854 5370 13854 5337 13855 5335 13855 5356 13855 5335 13856 5371 13857 5356 13858 5335 13856 5333 13859 5371 13857 5333 13860 5331 13861 5371 13862 5371 13862 5331 13861 5372 13863 5331 13864 5329 13865 5372 13866 5372 13866 5329 13865 5373 13867 5329 13868 5327 13868 5373 13868 5327 13869 5374 13869 5373 13869 5374 13870 5375 13870 5373 13870 5374 13871 5376 13871 5375 13871 5376 13872 5377 13872 5375 13872 5376 13873 5378 13873 5377 13873 5376 13874 5379 13874 5378 13874 5379 13875 5380 13875 5378 13875 5379 13876 5381 13876 5380 13876 5381 13877 5382 13878 5380 13879 5381 13877 5383 13880 5382 13878 5383 13881 5384 13881 5382 13881 5383 13882 5385 13883 5384 13884 5385 13885 5386 13886 5384 13887 5385 13888 5317 13889 5386 13890 5317 13891 5316 13892 5386 13893 5382 13894 5384 13894 5387 13894 5384 13895 5388 13895 5387 13895 5384 13887 5386 13886 5388 13896 5386 13897 5389 13898 5388 13899 5386 13893 5316 13892 5389 13900 5387 13901 5388 13901 5315 13901 5388 13902 5390 13902 5315 13902 5388 13899 5389 13898 5390 13903 5317 13889 5385 13888 5319 13904 5385 13905 5391 13906 5319 13907 5385 13883 5383 13882 5391 13908 5383 13909 5381 13910 5391 13911 5319 13907 5391 13906 5321 13912 5391 13913 5392 13914 5321 13915 5391 13911 5381 13910 5392 13916 5381 13917 5379 13918 5392 13919 5321 13915 5392 13914 5323 13920 5392 13921 5393 13922 5323 13923 5392 13919 5379 13918 5393 13924 5379 13925 5376 13926 5393 13927 5323 13923 5393 13922 5325 13928 5393 13929 5374 13930 5325 13931 5393 13927 5376 13926 5374 13932 5327 13933 5325 13931 5374 13930 5361 13934 5355 13935 5358 13936 5361 13934 5354 13937 5355 13935 5363 13938 5354 13939 5361 13940 5363 13938 5353 13941 5354 13939 5365 13942 5353 13943 5363 13944 5365 13942 5352 13945 5353 13943 5301 13946 5394 13946 5302 13946 5302 13947 5394 13947 5395 13947 5302 13948 5395 13948 5396 13948 5301 13949 5298 13949 5394 13949 5394 13950 5298 13951 5397 13950 5394 13950 5397 13950 5398 13952 5398 13953 5397 13953 5399 13953 5399 13954 5397 13955 5400 13956 5399 13957 5400 13957 5401 13957 5401 13958 5400 13959 5402 13960 5401 13961 5402 13961 5403 13961 5403 13962 5402 13963 5404 13964 5403 13965 5404 13965 5405 13965 5405 13966 5404 13967 5406 13968 5405 13969 5406 13969 5407 13969 5407 13970 5406 13971 5408 13972 5407 13973 5408 13973 5409 13973 5409 13974 5408 13975 5410 13976 5409 13977 5410 13977 5411 13977 5411 13978 5410 13979 5412 13980 5411 13981 5412 13981 5413 13981 5413 13982 5412 13983 5414 13984 5413 13985 5414 13985 5415 13985 5415 13986 5414 13987 5416 13988 5415 13989 5416 13989 5417 13989 5417 13990 5416 13990 5418 13990 5418 13991 5416 13991 5248 13991 5418 13992 5248 13992 5249 13992 5298 13993 5293 13993 5397 13993 5397 13955 5293 13994 5400 13956 5293 13703 5288 13702 5400 13995 5400 13959 5288 13996 5402 13960 5288 13997 5283 13997 5402 13997 5402 13963 5283 13998 5404 13964 5283 13999 5278 13999 5404 13999 5404 13967 5278 14000 5406 13968 5278 14001 5273 14001 5406 14001 5406 13971 5273 14002 5408 13972 5273 14003 5268 14003 5408 14003 5408 13975 5268 14004 5410 13976 5268 14005 5263 14005 5410 14005 5410 13979 5263 14006 5412 13980 5263 13596 5258 13595 5412 14007 5412 13983 5258 14008 5414 13984 5258 14009 5250 14009 5414 14009 5414 13987 5250 14010 5416 13988 5250 14011 5248 14011 5416 14011 5398 14012 5395 14012 5394 14012 5419 545 5238 14013 5420 14014 5238 14013 5215 14015 5420 14014 5238 14013 5236 545 5215 14015 5236 545 5217 545 5215 14015 5236 545 5234 14016 5217 545 5234 14016 5219 14017 5217 545 5234 14016 5232 14018 5219 14017 5232 14018 5221 14019 5219 14017 5232 14018 5230 14020 5221 14019 5230 14020 5223 14021 5221 14019 5230 14020 5229 14022 5223 14021 5229 14022 5225 545 5223 14021 5229 14022 5227 545 5225 545 5420 14014 5421 545 5419 545 5421 545 5422 545 5419 545 5421 545 5423 545 5422 545 5423 545 5424 545 5422 545 5423 545 5425 14023 5424 545 5425 14023 5426 14024 5424 545 5425 14023 5427 14025 5426 14024 5427 14025 5428 545 5426 14024 5427 14025 5429 545 5428 545 5418 14026 5249 14026 5430 14026 5430 14027 5249 14027 5431 14027 5430 14028 5431 14028 5432 14028 5432 14029 5431 14030 5433 14031 5432 14032 5433 14032 5434 14032 5434 14033 5433 14034 5435 14035 5434 14036 5435 14036 5436 14036 5436 14037 5435 14038 5437 14039 5436 14040 5437 14040 5438 14040 5438 14041 5437 14042 5439 14043 5438 14044 5439 14044 5440 14044 5440 14045 5439 14046 5441 14047 5440 14048 5441 14048 5442 14048 5442 14049 5441 14050 5443 14051 5442 14052 5443 14052 5444 14052 5444 14053 5443 14054 5445 14055 5444 14056 5445 14056 5446 14056 5446 14057 5445 14058 5447 14059 5446 14060 5447 14060 5448 14060 5448 14061 5447 14062 5449 14063 5448 14064 5449 14064 5450 14064 5450 14065 5449 14066 5451 14067 5450 14068 5451 14068 5452 14068 5452 14069 5451 14069 5396 14069 5396 14070 5451 14070 5453 14070 5396 14071 5453 14071 5302 14071 5249 14072 5454 14072 5431 14072 5431 14073 5454 14073 5455 14073 5431 14030 5455 14074 5433 14031 5433 14075 5455 14075 5456 14075 5433 14034 5456 14076 5435 14035 5435 14077 5456 14078 5457 14079 5435 14038 5457 14080 5437 14039 5437 14081 5457 14081 5458 14081 5437 14042 5458 14082 5439 14043 5439 14083 5458 14083 5459 14083 5439 14046 5459 14084 5441 14047 5441 14085 5459 14085 5460 14085 5441 14050 5460 14086 5443 14051 5443 14087 5460 14087 5461 14087 5443 14054 5461 14088 5445 14055 5445 14089 5461 14089 5462 14089 5445 14058 5462 14090 5447 14059 5447 14091 5462 14092 5463 14093 5447 14062 5463 14094 5449 14063 5449 14095 5463 14095 5464 14095 5449 14066 5464 14096 5451 14067 5451 14097 5464 14097 5453 14097 5091 14098 5418 14099 5093 14100 5418 14099 5465 14101 5093 14100 5418 14099 5466 14102 5465 14101 5466 14102 5467 14103 5465 14101 5466 14102 5468 14104 5467 14103 5468 14104 5469 14105 5467 14103 5468 14104 5470 14106 5469 14105 5470 14106 5471 14107 5469 14105 5470 14106 5472 14108 5471 14107 5472 14108 5473 14109 5471 14107 5472 14108 5474 14110 5473 14109 5474 14110 5475 14111 5473 14109 5474 14110 5476 14112 5475 14111 5474 14110 5477 14113 5476 14112 5477 14113 5478 14114 5476 14112 5477 14113 5479 14115 5478 14114 5479 14115 5480 14116 5478 14114 5479 14115 5481 14117 5480 14116 5481 14117 5482 14118 5480 14116 5481 14117 5483 14119 5482 14118 5483 14119 5484 14120 5482 14118 5483 14119 5485 14121 5484 14120 5485 14121 5486 14122 5484 14120 5485 14121 5487 14123 5486 14122 5485 14121 5488 14124 5487 14123 5488 14124 5489 545 5487 14123 5488 14124 5490 545 5489 545 5490 545 5063 545 5489 545 5490 545 5491 14125 5063 545 5491 14125 5065 14126 5063 545 5491 14125 5492 14127 5065 14126 5492 14127 5067 14128 5065 14126 5492 14127 5493 14129 5067 14128 5493 14129 5069 14130 5067 14128 5493 14129 5071 14131 5069 14130 5493 14129 5494 14132 5071 14131 5494 14132 5073 14133 5071 14131 5494 14132 5495 545 5073 14133 5495 545 5075 14134 5073 14133 5495 545 5496 14135 5075 14134 5496 14135 5077 14136 5075 14134 5496 14135 5497 14137 5077 14136 5497 14137 5079 14138 5077 14136 5497 14137 5498 14139 5079 14138 5498 14139 5081 14140 5079 14138 5498 14139 5083 14141 5081 14140 5498 14139 5499 14142 5083 14141 5499 14142 5085 14143 5083 14141 5499 14142 5500 14144 5085 14143 5500 14144 5087 14145 5085 14143 5500 14144 5501 14146 5087 14145 5501 14146 5089 14147 5087 14145 5501 14146 5502 14148 5089 14147 5502 14148 5091 14098 5089 14147 5502 14148 5418 14099 5091 14098 5144 14149 5503 14150 5146 14151 5503 14150 5316 14152 5146 14151 5503 14153 5389 14154 5316 14155 5503 14153 5504 14156 5389 14154 5504 14157 5390 14158 5389 14159 5504 14157 5505 14160 5390 14158 5505 14161 5315 14161 5390 14161 5505 14162 5313 14162 5315 14162 5505 14163 5506 14163 5313 14163 5506 14164 5311 14164 5313 14164 5506 14165 5507 14165 5311 14165 5507 14166 5508 14167 5311 14168 5507 14169 5509 14170 5508 14171 5509 14172 5510 14173 5508 14174 5509 14175 5511 14176 5510 14177 5511 14178 5512 14179 5510 14180 5511 14181 5136 14181 5512 14181 5136 14182 5134 14182 5512 14182 5134 14183 5513 14183 5512 14183 5134 14184 5132 14184 5513 14184 5132 14185 5514 14185 5513 14185 5132 14186 5131 14186 5514 14186 5131 14187 5515 14187 5514 14187 5131 14188 5129 14188 5515 14188 5129 14189 5516 14189 5515 14189 5129 14190 5127 14190 5516 14190 5127 14191 5517 14191 5516 14191 5127 14192 5125 14192 5517 14192 5125 14193 5518 14193 5517 14193 5125 14194 5123 14194 5518 14194 5123 14195 5519 14195 5518 14195 5123 14196 5121 14196 5519 14196 5121 14197 5520 14197 5519 14197 5121 14198 5119 14198 5520 14198 5119 14199 5521 14199 5520 14199 5119 14200 5107 14200 5521 14200 5107 14201 5522 14201 5521 14201 5107 14202 5106 14203 5522 14204 5106 14203 5348 14205 5522 14204 5348 14206 5523 14207 5522 14208 5348 14206 5349 14209 5523 14207 5349 14210 5524 14211 5523 14212 5349 14210 5367 14213 5524 14211 5367 14214 5369 14214 5524 14214 5369 14215 5525 14215 5524 14215 5525 14216 5526 14216 5524 14216 5525 14217 5527 14217 5526 14217 5527 14218 5528 14218 5526 14218 5527 14219 5529 14220 5528 14221 5529 14222 5530 14223 5528 14224 5529 14222 5531 14225 5530 14223 5531 14226 5520 14227 5530 14228 5531 14226 5519 14229 5520 14227 5311 14168 5508 14167 5309 14230 5508 14231 5532 14231 5309 14231 5508 14174 5510 14173 5532 14232 5510 14233 5533 14234 5532 14235 5510 14180 5512 14179 5533 14236 5512 14237 5534 14237 5533 14237 5512 14238 5513 14238 5534 14238 5513 14239 5535 14239 5534 14239 5513 14240 5514 14240 5535 14240 5514 14241 5536 14242 5535 14243 5514 14241 5515 14244 5536 14242 5515 14245 5516 14246 5536 14247 5309 14248 5532 14248 5307 14248 5532 14249 5537 14249 5307 14249 5532 14235 5533 14234 5537 14250 5533 14251 5538 14251 5537 14251 5533 14252 5534 14252 5538 14252 5307 14253 5537 14253 5539 14253 5537 14254 5538 14254 5539 14254 5536 14247 5516 14246 5540 14255 5516 14256 5517 14256 5540 14256 5517 14257 5541 14257 5540 14257 5541 14258 5542 14258 5540 14258 5541 14259 5543 14259 5542 14259 5543 14260 5544 14260 5542 14260 5543 14261 5545 14261 5544 14261 5543 14262 5546 14262 5545 14262 5546 14263 5547 14263 5545 14263 5546 14264 5529 14264 5547 14264 5529 14220 5527 14219 5547 14265 5136 14266 5511 14266 5138 14266 5511 14267 5548 14267 5138 14267 5511 14176 5509 14175 5548 14268 5509 14269 5549 14270 5548 14271 5509 14170 5507 14169 5549 14272 5507 14273 5506 14274 5549 14275 5138 14276 5548 14276 5140 14276 5548 14277 5550 14277 5140 14277 5548 14271 5549 14270 5550 14278 5549 14279 5551 14280 5550 14281 5549 14275 5506 14274 5551 14282 5506 14283 5505 14284 5551 14285 5140 14286 5550 14286 5142 14286 5550 14287 5552 14287 5142 14287 5550 14281 5551 14280 5552 14288 5551 14289 5504 14290 5552 14291 5551 14285 5505 14284 5504 14292 5142 14293 5552 14293 5144 14293 5552 14294 5503 14294 5144 14294 5552 14291 5504 14290 5503 14295 5518 14296 5541 14297 5517 14298 5541 14299 5553 14300 5543 14301 5553 14300 5546 14302 5543 14301 5553 14303 5531 14304 5546 14305 5531 14304 5529 14306 5546 14305 5519 14307 5553 14308 5518 14309 5553 14310 5541 14297 5518 14296 5519 14307 5531 14311 5553 14308 5530 14312 5554 14313 5528 14314 5554 14313 5526 14315 5528 14314 5554 14316 5523 14317 5526 14318 5523 14317 5524 14319 5526 14318 5520 14320 5521 14321 5530 14322 5521 14321 5554 14323 5530 14322 5521 14324 5522 14325 5554 14326 5522 14325 5523 14327 5554 14326 5534 14328 5306 14329 5538 14330 5306 14329 5539 14331 5538 14330 5306 14329 5307 14332 5539 14331 5314 14333 5555 14334 5315 14335 5555 14334 5387 14336 5315 14335 5555 14337 5556 14338 5387 14339 5556 14338 5382 14340 5387 14339 5556 14341 5557 14342 5382 14343 5557 14342 5380 14344 5382 14343 5557 14345 5558 14346 5380 14347 5558 14346 5378 14348 5380 14347 5378 14349 5558 14350 5377 14351 5558 14350 5375 14352 5377 14351 5558 14350 5373 14353 5375 14352 5356 14354 5559 14355 5357 14356 5559 14355 5359 14357 5357 14356 5559 14355 5360 14358 5359 14357 5360 14359 5559 14360 5362 14361 5559 14360 5560 14362 5362 14361 5560 14363 5364 14364 5362 14365 5560 14363 5561 14366 5364 14364 5561 14367 5562 14368 5364 14369 5562 14368 5370 14370 5364 14369 5562 14371 5563 14372 5370 14372 5563 14372 5369 14371 5370 14372 5563 14373 5564 14374 5369 14375 5564 14374 5525 14376 5369 14375 5564 14377 5565 14378 5525 14379 5565 14378 5527 14380 5525 14379 5565 14381 5566 14382 5527 14383 5566 14382 5547 14384 5527 14383 5566 14385 5567 14386 5547 14387 5567 14386 5545 14388 5547 14387 5568 14389 5567 14389 5544 14389 5567 14390 5542 14391 5544 14392 5567 14390 5540 14393 5542 14391 5534 432 5535 14394 5306 14395 5306 14395 5535 14394 5567 14396 5306 14395 5567 14396 5558 14397 5558 14397 5567 14396 5559 14398 5558 14397 5559 14398 5371 14399 5371 14399 5559 14398 5356 432 5535 14394 5536 14400 5567 14396 5567 14396 5536 14400 5540 14401 5567 14396 5566 14402 5559 14398 5559 14398 5566 14402 5560 14403 5560 14403 5566 14402 5561 432 5561 432 5566 14402 5565 432 5561 432 5565 432 5562 14404 5562 14404 5565 432 5564 14405 5562 14404 5564 14405 5563 14406 5371 14399 5372 14407 5558 14397 5558 14397 5372 14407 5373 14408 5558 14397 5557 14409 5306 14395 5306 14395 5557 14409 5308 14410 5308 14410 5557 14409 5556 14411 5308 14410 5556 14411 5310 432 5310 432 5556 14411 5555 14412 5310 432 5555 14412 5312 14413 5312 14413 5555 14412 5314 14414 5249 14415 5247 14415 5454 14415 5454 14416 5247 14416 5569 14416 5454 14417 5569 14417 5455 14417 5455 14418 5569 14418 5570 14418 5455 14419 5570 14419 5456 14419 5456 14420 5570 14420 5571 14420 5456 14078 5571 14421 5457 14079 5457 14422 5571 14422 5572 14422 5457 14423 5572 14423 5458 14423 5458 14424 5572 14424 5573 14424 5458 14425 5573 14425 5459 14425 5459 14426 5573 14426 5574 14426 5459 14427 5574 14427 5460 14427 5460 14428 5574 14428 5575 14428 5460 14429 5575 14429 5461 14429 5461 14430 5575 14430 5576 14430 5461 14431 5576 14431 5462 14431 5462 14432 5576 14432 5577 14432 5462 14092 5577 14433 5463 14093 5463 14434 5577 14434 5578 14434 5463 14435 5578 14435 5464 14435 5464 14436 5578 14436 5579 14436 5464 14437 5579 14437 5453 14437 5453 14438 5579 14438 5300 14438 5453 14439 5300 14439 5302 14439 5569 14440 5247 14441 5580 14442 5580 14442 5247 14441 5245 14443 5580 14444 5245 14445 5581 14446 5581 14446 5245 14445 5243 14447 5581 14448 5243 14449 5241 14450 5581 14448 5241 14450 5582 14451 5582 14452 5241 14453 5239 14454 5582 14452 5239 14454 5583 14455 5583 14456 5239 14457 5238 14458 5583 14456 5238 14458 5419 14459 5583 14460 5419 14461 5584 14462 5584 14462 5419 14461 5422 14463 5584 14464 5422 14465 5585 14466 5585 14466 5422 14465 5424 14467 5585 14468 5424 14469 5586 14470 5586 14470 5424 14469 5426 14471 5586 14472 5426 14473 5587 14474 5587 14474 5426 14473 5428 14475 5587 14476 5428 14477 5588 14478 5588 14478 5428 14477 5429 14479 5588 14480 5429 14481 5589 14482 5589 14482 5429 14481 5427 14483 5589 14484 5427 14485 5425 14486 5589 14484 5425 14486 5590 14487 5590 14488 5425 14489 5423 14490 5590 14488 5423 14490 5591 14491 5591 14492 5423 14493 5421 14494 5591 14492 5421 14494 5592 14495 5592 14496 5421 14497 5420 14498 5592 14496 5420 14498 5593 14499 5593 14500 5420 14501 5215 14502 5593 14500 5215 14502 5214 14503 5593 14504 5214 14505 5594 14506 5594 14506 5214 14505 5292 14507 5594 14508 5292 14509 5595 14510 5595 14510 5292 14509 5297 14511 5595 14512 5297 14513 5596 14514 5596 14514 5297 14513 5296 14515 5596 14516 5296 14517 5579 14518 5579 14518 5296 14517 5300 14519 5582 14520 5583 14521 5597 14522 5597 14522 5583 14521 5584 14523 5597 14524 5584 14525 5598 14526 5598 14526 5584 14525 5585 14527 5598 14528 5585 14529 5599 14530 5599 14530 5585 14529 5586 14531 5599 14532 5586 14533 5600 14534 5600 14534 5586 14533 5587 14535 5600 14536 5587 14537 5601 14538 5601 14538 5587 14537 5588 14539 5601 14540 5588 14541 5602 14542 5602 14542 5588 14541 5589 14543 5602 14544 5589 14545 5603 14546 5603 14546 5589 14545 5590 14547 5603 14548 5590 14549 5604 14550 5604 14550 5590 14549 5591 14551 5604 14552 5591 14553 5605 14554 5605 14554 5591 14553 5592 14555 5605 14556 5592 14557 5594 14558 5594 14558 5592 14557 5593 14559 5581 14560 5582 14561 5606 14562 5606 14562 5582 14561 5597 14563 5606 14564 5597 14565 5607 14566 5607 14566 5597 14565 5598 14567 5607 14568 5598 14569 5608 14570 5608 14570 5598 14569 5599 14571 5608 14572 5599 14573 5609 14574 5609 14574 5599 14573 5600 14575 5609 14576 5600 14577 5610 14578 5610 14578 5600 14577 5601 14579 5610 14580 5601 14581 5611 14582 5611 14582 5601 14581 5602 14583 5611 14584 5602 14585 5612 14586 5612 14586 5602 14585 5603 14587 5612 14588 5603 14589 5613 14590 5613 14590 5603 14589 5604 14591 5613 14592 5604 14593 5614 14594 5614 14594 5604 14593 5605 14595 5614 14596 5605 14597 5595 14598 5595 14598 5605 14597 5594 14599 5570 14600 5569 14601 5580 14602 5580 14603 5581 14604 5615 14605 5615 14605 5581 14604 5606 14606 5615 14607 5606 14608 5616 14609 5616 14609 5606 14608 5607 14610 5616 14611 5607 14612 5617 14613 5617 14613 5607 14612 5608 14614 5617 14615 5608 14616 5618 14617 5618 14617 5608 14616 5609 14618 5618 14619 5609 14620 5619 14621 5619 14621 5609 14620 5610 14622 5619 14623 5610 14624 5620 14625 5620 14625 5610 14624 5611 14626 5620 14627 5611 14628 5621 14629 5621 14629 5611 14628 5612 14630 5621 14631 5612 14632 5622 14633 5622 14633 5612 14632 5613 14634 5622 14635 5613 14636 5623 14637 5623 14637 5613 14636 5614 14638 5623 14639 5614 14640 5596 14641 5596 14641 5614 14640 5595 14642 5571 14643 5570 14644 5615 14645 5615 14646 5570 14600 5580 14602 5571 14643 5615 14645 5616 14647 5572 14648 5571 14649 5616 14650 5572 14648 5616 14650 5617 14651 5573 14652 5572 14653 5617 14654 5573 14652 5617 14654 5618 14655 5574 14656 5573 14657 5618 14658 5574 14656 5618 14658 5619 14659 5575 14660 5574 14661 5619 14662 5575 14660 5619 14662 5620 14663 5576 14664 5575 14665 5620 14666 5576 14664 5620 14666 5621 14667 5577 14668 5576 14669 5621 14670 5577 14668 5621 14670 5622 14671 5578 14672 5577 14673 5622 14674 5578 14672 5622 14674 5623 14675 5579 14676 5578 14677 5623 14678 5579 14676 5623 14678 5596 14679 5346 14680 5106 14681 5624 14682 5624 14682 5106 14681 5105 14683 5624 14684 5105 14685 5625 14686 5625 14686 5105 14685 5104 14687 5625 14688 5104 14689 5626 14690 5626 14690 5104 14689 5102 14691 5626 14692 5102 14693 5627 14694 5627 14694 5102 14693 5100 14695 5627 14696 5100 14697 5628 14698 5628 14698 5100 14697 5098 14699 5628 14700 5098 14701 5629 14702 5629 14702 5098 14701 5096 14703 5629 14704 5096 14705 5630 14706 5630 14706 5096 14705 5094 14707 5630 14708 5094 14709 5093 14710 5093 14710 5465 14711 5630 14708 5630 14712 5465 14712 5631 14712 5630 14713 5631 14714 5632 14715 5632 14716 5631 14717 5633 14718 5632 14719 5633 14720 5634 14721 5634 14722 5633 14723 5635 14724 5634 14725 5635 14726 5636 14727 5636 14728 5635 14729 5637 14730 5636 14731 5637 14732 5638 14733 5638 14734 5637 14735 5639 14736 5638 14737 5639 14738 5640 14739 5640 14740 5639 14741 5641 14742 5640 14743 5641 14744 5642 14745 5642 14746 5641 14747 5643 14748 5642 14749 5643 14750 5334 14751 5334 14751 5643 14750 5332 14752 5332 14753 5643 14754 5330 14755 5330 14755 5643 14754 5644 14756 5330 14757 5644 14758 5328 14759 5328 14759 5644 14758 5645 14760 5328 14761 5645 14762 5326 14763 5326 14763 5645 14762 5646 14764 5326 14765 5646 14766 5324 14767 5324 14767 5646 14766 5647 14768 5324 14769 5647 14770 5322 14771 5322 14771 5647 14770 5648 14772 5322 14773 5648 14774 5320 14775 5320 14775 5648 14774 5649 14776 5320 14777 5649 14778 5318 14779 5318 14779 5649 14778 5650 14780 5318 14781 5650 14782 5147 14783 5147 14784 5650 14785 5651 14786 5147 14784 5651 14786 5149 14787 5149 14788 5651 14789 5151 14790 5151 14790 5651 14789 5652 14791 5151 14792 5652 14793 5153 14794 5153 14794 5652 14793 5653 14795 5153 14796 5653 14797 5155 14798 5155 14798 5653 14797 5654 14799 5155 14800 5654 14801 5157 14802 5157 14802 5654 14801 5655 14803 5157 14804 5655 14805 5062 14806 5062 14806 5655 14805 5656 14807 5062 14808 5656 14809 5063 14810 5063 14810 5656 14809 5489 14811 5489 14812 5656 14812 5657 14812 5489 14813 5657 14813 5487 14813 5487 14814 5657 14814 5658 14814 5487 14815 5658 14815 5486 14815 5486 14816 5658 14816 5659 14816 5486 14817 5659 14817 5484 14817 5484 14818 5659 14818 5660 14818 5484 14819 5660 14819 5482 14819 5482 14820 5660 14820 5661 14820 5482 14821 5661 14821 5480 14821 5480 14822 5661 14822 5662 14822 5480 14823 5662 14823 5478 14823 5478 14824 5662 14824 5663 14824 5478 14825 5663 14825 5476 14825 5476 14826 5663 14826 5664 14826 5476 14827 5664 14827 5475 14827 5475 14828 5664 14828 5665 14828 5475 14829 5665 14829 5473 14829 5473 14830 5665 14830 5666 14830 5473 14831 5666 14831 5471 14831 5471 14832 5666 14832 5667 14832 5471 14833 5667 14833 5469 14833 5469 14834 5667 14834 5668 14834 5469 14835 5668 14835 5467 14835 5467 14836 5668 14836 5631 14836 5467 14837 5631 14837 5465 14837 5147 14783 5146 14838 5318 14781 5334 14839 5336 14840 5642 14841 5642 14841 5336 14840 5669 14842 5642 14745 5669 14843 5640 14743 5640 14844 5669 14845 5670 14846 5640 14739 5670 14847 5638 14737 5638 14848 5670 14849 5671 14850 5638 14733 5671 14851 5636 14731 5636 14852 5671 14853 5672 14854 5636 14727 5672 14855 5634 14725 5634 14856 5672 14857 5673 14858 5634 14721 5673 14859 5632 14719 5632 14860 5673 14861 5629 14862 5632 14715 5629 14863 5630 14713 5336 14864 5338 14865 5669 14866 5669 14866 5338 14865 5674 14867 5669 14845 5674 14868 5670 14846 5670 14869 5674 14870 5675 14871 5670 14849 5675 14872 5671 14850 5671 14873 5675 14874 5676 14875 5671 14853 5676 14876 5672 14854 5672 14877 5676 14878 5677 14879 5672 14857 5677 14880 5673 14858 5673 14881 5677 14882 5628 14883 5673 14861 5628 14884 5629 14862 5338 14885 5340 14886 5674 14887 5674 14887 5340 14886 5678 14888 5674 14870 5678 14889 5675 14871 5675 14890 5678 14891 5679 14892 5675 14874 5679 14893 5676 14875 5676 14894 5679 14895 5680 14896 5676 14878 5680 14897 5677 14879 5677 14898 5680 14899 5627 14900 5677 14882 5627 14901 5628 14883 5340 14902 5342 14903 5678 14904 5678 14904 5342 14903 5681 14905 5678 14891 5681 14906 5679 14892 5679 14907 5681 14908 5682 14909 5679 14895 5682 14910 5680 14896 5680 14911 5682 14912 5626 14913 5680 14899 5626 14914 5627 14900 5342 14915 5344 14916 5681 14917 5681 14917 5344 14916 5683 14918 5681 14908 5683 14919 5682 14909 5682 14920 5683 14921 5625 14922 5682 14912 5625 14923 5626 14913 5344 14924 5346 14925 5683 14926 5683 14926 5346 14925 5624 14927 5683 14921 5624 14928 5625 14922 5631 14717 5668 14929 5633 14718 5633 14930 5668 14931 5684 14932 5633 14723 5684 14933 5635 14724 5635 14934 5684 14935 5685 14936 5635 14729 5685 14937 5637 14730 5637 14938 5685 14939 5686 14940 5637 14735 5686 14941 5639 14736 5639 14942 5686 14943 5687 14944 5639 14741 5687 14945 5641 14742 5641 14946 5687 14947 5688 14948 5641 14747 5688 14949 5643 14748 5643 14950 5688 14951 5644 14952 5668 14931 5667 14953 5684 14932 5684 14954 5667 14955 5689 14956 5684 14935 5689 14957 5685 14936 5685 14958 5689 14959 5690 14960 5685 14939 5690 14961 5686 14940 5686 14962 5690 14963 5691 14964 5686 14943 5691 14965 5687 14944 5687 14966 5691 14967 5692 14968 5687 14947 5692 14969 5688 14948 5688 14970 5692 14971 5693 14972 5688 14951 5693 14973 5644 14952 5644 14974 5693 14975 5645 14976 5667 14955 5666 14977 5689 14956 5689 14978 5666 14979 5694 14980 5689 14959 5694 14981 5690 14960 5690 14982 5694 14983 5695 14984 5690 14963 5695 14985 5691 14964 5691 14986 5695 14987 5696 14988 5691 14967 5696 14989 5692 14968 5692 14990 5696 14991 5697 14992 5692 14971 5697 14993 5693 14972 5693 14994 5697 14995 5698 14996 5693 14975 5698 14997 5645 14976 5645 14998 5698 14999 5646 15000 5666 14979 5665 15001 5694 14980 5694 15002 5665 15003 5699 15004 5694 14983 5699 15005 5695 14984 5695 15006 5699 15007 5700 15008 5695 14987 5700 15009 5696 14988 5696 15010 5700 15011 5701 15012 5696 14991 5701 15013 5697 14992 5697 15014 5701 15015 5702 15016 5697 14995 5702 15017 5698 14996 5698 15018 5702 15019 5703 15020 5698 14999 5703 15021 5646 15000 5646 15022 5703 15023 5647 15024 5665 15003 5664 15025 5699 15004 5699 15026 5664 15027 5704 15028 5699 15007 5704 15029 5700 15008 5700 15030 5704 15031 5705 15032 5700 15011 5705 15033 5701 15012 5701 15034 5705 15035 5706 15036 5701 15015 5706 15037 5702 15016 5702 15038 5706 15039 5707 15040 5702 15019 5707 15041 5703 15020 5703 15042 5707 15043 5708 15044 5703 15023 5708 15045 5647 15024 5647 15046 5708 15047 5648 15048 5664 15027 5663 15049 5704 15028 5704 15050 5663 15051 5709 15052 5704 15031 5709 15053 5705 15032 5705 15054 5709 15055 5710 15056 5705 15035 5710 15057 5706 15036 5706 15058 5710 15059 5711 15060 5706 15039 5711 15061 5707 15040 5707 15062 5711 15063 5712 15064 5707 15043 5712 15065 5708 15044 5708 15066 5712 15067 5713 15068 5708 15047 5713 15069 5648 15048 5648 15070 5713 15071 5649 15072 5663 15051 5662 15073 5709 15052 5709 15074 5662 15075 5714 15076 5709 15055 5714 15077 5710 15056 5710 15078 5714 15079 5715 15080 5710 15059 5715 15081 5711 15060 5711 15082 5715 15083 5716 15084 5711 15063 5716 15085 5712 15064 5712 15086 5716 15087 5717 15088 5712 15067 5717 15089 5713 15068 5713 15090 5717 15091 5718 15092 5713 15071 5718 15093 5649 15072 5649 15094 5718 15095 5650 15096 5662 15075 5661 15097 5714 15076 5714 15098 5661 15099 5719 15100 5714 15079 5719 15101 5715 15080 5715 15102 5719 15103 5720 15104 5715 15083 5720 15105 5716 15084 5716 15106 5720 15107 5721 15108 5716 15087 5721 15109 5717 15088 5717 15110 5721 15111 5722 15112 5717 15091 5722 15113 5718 15092 5718 15114 5722 15115 5651 15116 5718 15095 5651 15117 5650 15096 5661 15099 5660 15118 5719 15100 5719 15119 5660 15120 5723 15121 5719 15103 5723 15122 5720 15104 5720 15123 5723 15124 5724 15125 5720 15107 5724 15126 5721 15108 5721 15127 5724 15128 5725 15129 5721 15111 5725 15130 5722 15112 5722 15131 5725 15132 5652 15133 5722 15115 5652 15134 5651 15116 5660 15120 5659 15135 5723 15121 5723 15136 5659 15137 5726 15138 5723 15124 5726 15139 5724 15125 5724 15140 5726 15141 5727 15142 5724 15128 5727 15143 5725 15129 5725 15144 5727 15145 5653 15146 5725 15132 5653 15147 5652 15133 5659 15137 5658 15148 5726 15138 5726 15149 5658 15150 5728 15151 5726 15141 5728 15152 5727 15142 5727 15153 5728 15154 5654 15155 5727 15145 5654 15156 5653 15146 5658 15150 5657 15157 5728 15151 5728 15158 5657 15159 5655 15160 5728 15154 5655 15161 5654 15155 5656 15162 5655 15160 5657 15159</p>
        </triangles>
      </mesh>
    </geometry>
  </library_geometries>
  <library_visual_scenes>
    <visual_scene id="Scene" name="Scene">
      <node id="BucketLink_001" name="BucketLink.001" type="NODE">
        <matrix sid="transform">1 0 0 0 0 1 0 0 0 0 1 0 0 0 0 1</matrix>
        <instance_geometry url="#wheel_loader_v1_062-mesh" name="BucketLink.001">
          <bind_material>
            <technique_common>
              <instance_material symbol="main_color-material" target="#main_color-material"/>
              <instance_material symbol="silver-material" target="#silver-material"/>
            </technique_common>
          </bind_material>
        </instance_geometry>
      </node>
    </visual_scene>
  </library_visual_scenes>
  <scene>
    <instance_visual_scene url="#Scene"/>
  </scene>
</COLLADA>