<?xml version="1.0" encoding="utf-8"?>
<COLLADA xmlns="http://www.collada.org/2005/11/COLLADASchema" version="1.4.1" xmlns:xsi="http://www.w3.org/2001/XMLSchema-instance">
  <asset>
    <contributor>
      <author>Blender User</author>
      <authoring_tool>Blender 4.5.1 LTS commit date:2025-07-29, commit time:05:31, hash:b0a72b245dcf</authoring_tool>
    </contributor>
    <created>2026-07-26T22:54:29</created>
    <modified>2026-07-26T22:54:29</modified>
    <unit name="meter" meter="1"/>
    <up_axis>Z_UP</up_axis>
  </asset>
  <library_effects>
    <effect id="main_color-effect">
      <profile_COMMON>
        <technique sid="common">
          <lambert>
            <emission>
              <color sid="emission">0 0 0 1</color>
            </emission>
            <diffuse>
              <color sid="diffuse">0.6038164 0.2925021 0 1</color>
            </diffuse>
            <reflectivity>
              <float sid="specular">0.3</float>
            </reflectivity>
            <index_of_refraction>
              <float sid="ior">1.5</float>
            </index_of_refraction>
          </lambert>
        </technique>
      </profile_COMMON>
    </effect>
    <effect id="silver-effect">
      <profile_COMMON>
        <technique sid="common">
          <lambert>
            <emission>
              <color sid="emission">0 0 0 1</color>
            </emission>
            <diffuse>
              <color sid="diffuse">0.5 0.5 0.5 1</color>
            </diffuse>
            <reflectivity>
              <float sid="specular">0.5</float>
            </reflectivity>
            <index_of_refraction>
              <float sid="ior">1.5</float>
            </index_of_refraction>
          </lambert>
        </technique>
      </profile_COMMON>
    </effect>
  </library_effects>
  <library_images/>
  <library_materials>
    <material id="main_color-material" name="main_color">
      <instance_effect url="#main_color-effect"/>
    </material>
    <material id="silver-material" name="silver">
      <instance_effect url="#silver-effect"/>
    </material>
  </library_materials>
  <library_geometries>
    <geometry id="wheel_loader_v1_074-mesh" name="wheel loader v1.074">
      <mesh>
        <source id="wheel_loader_v1_074-mesh-positions">
          <float_array id="wheel_loader_v1_074-mesh-positions-array" count="4071">3.284548 1.8 -0.797585 1.821261 1.797095 -0.4668818 0.8551483 1.8 -0.2076535 1.335381 1.797095 -0.348896 0.8495009 1.797095 -0.2309093 0.8441818 1.788546 -0.2528138 1.330062 1.788546 -0.3708 0.8395002 1.774851 -0.2720933 1.32538 1.774851 -0.39008 0.8357284 1.756807 -0.2876277 1.321607 1.756807 -0.4056144 0.8330844 1.735461 -0.2985149 1.318964 1.735461 -0.4165011 0.8317225 1.712054 -0.304121 1.317602 1.712054 -0.4221072 0.8317225 1.687947 -0.304121 1.317602 1.687947 -0.4221072 0.8330841 1.66454 -0.2985149 1.318964 1.66454 -0.4165011 0.8357284 1.643194 -0.2876277 1.321607 1.643194 -0.4056144 0.8395002 1.625149 -0.2720933 1.32538 1.625149 -0.39008 0.8441818 1.611455 -0.2528138 1.330062 1.611455 -0.3708 0.8495009 1.602906 -0.2309093 1.335381 1.602906 -0.348896 0.8551483 1.600001 -0.2076535 1.821261 1.602906 -0.4668818 2.307141 1.602906 -0.584868 2.301822 1.611455 -0.6067729 2.787702 1.611454 -0.7247591 2.78302 1.625149 -0.7440391 3.268901 1.625149 -0.8620253 3.265129 1.643194 -0.8775601 2.779249 1.643194 -0.7595735 3.262484 1.66454 -0.8884468 2.776604 1.66454 -0.7704601 3.261124 1.687947 -0.894053 2.775242 1.687947 -0.7760663 3.261124 1.712054 -0.894053 2.775242 1.712054 -0.7760663 3.262484 1.735461 -0.8884468 2.776604 1.735461 -0.7704601 3.265129 1.756807 -0.8775601 2.779249 1.756807 -0.7595735 3.268901 1.774851 -0.8620253 2.78302 1.774851 -0.7440391 3.273582 1.788546 -0.8427453 2.787702 1.788546 -0.7247591 3.278901 1.797095 -0.8208413 2.793021 1.797095 -0.7028546 2.307141 1.797095 -0.584868 1.815943 1.788546 -0.4887862 3.273582 1.611454 -0.8427453 2.793021 1.602906 -0.7028546 3.284548 1.600001 -0.797585 3.278901 1.602906 -0.8208413 2.301822 1.788546 -0.6067729 2.29714 1.774851 -0.6260519 2.293366 1.756807 -0.6415868 2.290724 1.735461 -0.6524739 2.289364 1.712054 -0.6580801 2.289364 1.687947 -0.6580801 2.290724 1.66454 -0.6524739 2.293366 1.643194 -0.6415868 2.29714 1.625149 -0.6260519 1.81126 1.774851 -0.5080657 1.807488 1.756807 -0.5236011 1.804845 1.735461 -0.5344873 1.803484 1.712054 -0.5400939 1.803484 1.687947 -0.5400939 1.804845 1.66454 -0.5344873 1.807488 1.643194 -0.5236011 1.81126 1.625149 -0.5080657 1.815943 1.611455 -0.4887862 -0.09231805 1.600001 0.02241945 -0.09231805 1.8 0.02241945 -0.09500026 1.600001 -3.24726e-4 -0.09500026 1.8 -3.24726e-4 -0.09216165 1.8 -0.02304983 -0.09216165 1.600001 -0.02304983 -0.08396697 1.8 -0.0444355 -0.08396697 1.600001 -0.0444355 -0.07089233 1.8 -0.06323862 -0.07089233 1.600001 -0.06323862 -0.05369782 1.8 -0.07836627 -0.05369782 1.600001 -0.07836627 -0.03338241 1.8 -0.08893966 -0.03338265 1.600001 -0.08893966 -0.01112723 1.8 -0.09434413 -0.01112723 1.600001 -0.09434413 0.01177453 1.8 -0.09426498 0.01177453 1.600001 -0.09426498 0.03399205 1.8 -0.08870744 0.03399205 1.600001 -0.08870744 0.05423402 1.8 -0.0779953 0.05423402 1.600001 -0.0779953 0.07132411 1.8 -0.0627489 0.07132411 1.600001 -0.0627489 0.0842688 1.8 -0.04385662 0.0842688 1.600001 -0.04385662 0.09231615 1.600001 -0.02241516 0.09231638 1.8 -0.02241516 3.284548 1.975001 -0.797585 2.67731 1.963 -0.6501298 3.29422 1.971928 -0.7577562 2.68656 1.960063 -0.6120386 3.303676 1.962783 -0.7188172 2.695602 1.951316 -0.5747981 2.704237 1.936955 -0.5392404 3.312704 1.947768 -0.6816368 2.71227 1.917302 -0.5061603 3.321103 1.927216 -0.6470471 2.719522 1.892792 -0.4762955 3.328686 1.901589 -0.6158204 2.725831 1.863978 -0.4503145 3.335282 1.871461 -0.5886536 2.731057 1.8315 -0.4287973 3.340747 1.8375 -0.566154 2.735081 1.796086 -0.4122238 3.344955 1.800469 -0.5488238 2.737814 1.758523 -0.4009643 3.347812 1.761194 -0.5370512 2.739198 1.719655 -0.3952713 3.349259 1.720551 -0.5310989 2.739198 1.680346 -0.3952713 3.349259 1.67945 -0.5310989 2.737814 1.641477 -0.4009643 3.347812 1.638807 -0.5370512 2.735081 1.603916 -0.4122238 3.344955 1.599532 -0.5488238 2.731057 1.5685 -0.4287973 3.340747 1.5625 -0.566154 2.725831 1.536023 -0.4503145 3.335282 1.528541 -0.5886536 2.719522 1.507207 -0.4762955 3.328686 1.498411 -0.6158204 2.71227 1.4827 -0.5061603 3.321103 1.472784 -0.6470471 2.704237 1.463045 -0.5392404 3.312704 1.452234 -0.6816368 2.695602 1.448685 -0.5747981 3.303676 1.437218 -0.7188172 3.29422 1.428071 -0.7577562 2.68656 1.439938 -0.6120386 3.284548 1.425001 -0.797585 2.67731 1.437001 -0.6501298 0.2531884 1.578344 0.06797218 0.5700593 1.577128 -0.001071929 0.2573929 1.600001 0.08528709 0.5744021 1.600774 0.01681232 0.1239933 1.600001 0.1142792 -0.1181633 1.621921 0.180952 -0.009411573 1.600001 0.1432447 -0.1428227 1.600001 0.172183 0.5648575 1.556835 -0.02249383 0.2482213 1.559811 0.04751825 0.5589383 1.540447 -0.04686975 0.2426197 1.54488 0.0244503 0.5524633 1.528411 -0.07353401 0.2365272 1.533931 -6.39439e-4 0.5456092 1.521055 -0.1017594 0.2301001 1.527247 -0.02710676 0.2235038 1.525 -0.05427122 1.259089 1.506726 -0.2725535 2.67731 1.475001 -0.6501298 1.972569 1.492398 -0.4433479 2.686049 1.478069 -0.614142 1.98052 1.500931 -0.4106016 2.69455 1.487192 -0.5791354 1.988034 1.514895 -0.3796673 2.70258 1.502118 -0.5460658 1.994899 1.533907 -0.3513875 2.709922 1.522444 -0.5158348 2.000936 1.557451 -0.3265348 2.716372 1.547612 -0.4892659 2.005973 1.584882 -0.3057871 2.721759 1.576937 -0.4670868 2.009876 1.615454 -0.2897096 2.725932 1.609619 -0.4498992 2.012541 1.648332 -0.2787409 2.72878 1.644766 -0.4381743 2.01389 1.68262 -0.273181 2.730222 1.68142 -0.4322305 2.01389 1.717381 -0.273181 2.730222 1.718581 -0.4322305 2.72878 1.755234 -0.4381743 2.725932 1.790381 -0.4498992 2.009876 1.784547 -0.2897096 2.012541 1.751669 -0.2787409 1.296302 1.748103 -0.1193084 1.297559 1.716181 -0.1141319 0.5800631 1.744536 0.04012489 0.5812268 1.714982 0.0449171 -0.06460666 1.727381 0.1866064 -0.05176949 1.71463 0.1854186 2.005973 1.815119 -0.3057871 2.721759 1.823063 -0.4670868 2.000936 1.842551 -0.3265348 2.716372 1.852389 -0.4892659 1.994899 1.866093 -0.3513875 2.709922 1.877556 -0.5158348 1.988034 1.885106 -0.3796673 2.70258 1.897881 -0.5460658 1.98052 1.89907 -0.4106016 2.69455 1.91281 -0.5791354 1.972569 1.907603 -0.4433479 2.686049 1.921931 -0.614142 2.67731 1.925 -0.6501298 0.2235038 1.875001 -0.05427122 1.259089 1.893275 -0.2725535 1.266492 1.885331 -0.2420673 1.273485 1.87233 -0.2132678 1.279879 1.85463 -0.1869406 1.285497 1.832711 -0.1638035 1.290188 1.807173 -0.1444873 1.293823 1.778712 -0.1295199 0.5456092 1.878947 -0.1017594 0.2301001 1.872754 -0.02710676 0.2365272 1.866071 -6.39439e-4 0.5524633 1.87159 -0.07353401 0.2426197 1.855122 0.0244503 0.5589383 1.859555 -0.04686975 0.2482213 1.84019 0.04751825 0.5648577 1.843167 -0.02249383 0.2531884 1.821658 0.06797218 0.5700593 1.822873 -0.001071929 0.2573929 1.8 0.08528709 0.5744021 1.799227 0.01681232 -0.1182761 1.778184 0.1809229 0.5777676 1.772877 0.03067064 -0.09104561 1.752934 0.1859974 0.1239933 1.8 0.1142792 -0.009411573 1.8 0.1432447 -0.1428227 1.8 0.172183 -0.03734636 1.700001 0.1828513 0.5812268 1.685019 0.0449171 1.297559 1.683819 -0.1141319 1.296302 1.651898 -0.1193084 -0.05173683 1.685405 0.1854138 -0.06451725 1.672707 0.1866016 0.5800631 1.655465 0.04012489 -0.090842 1.64726 0.1860179 0.5777676 1.627125 0.03067064 1.285497 1.56729 -0.1638035 1.290188 1.592827 -0.1444873 1.293823 1.62129 -0.1295199 1.279879 1.545371 -0.1869406 1.273485 1.52767 -0.2132678 1.266492 1.514671 -0.2420673 -0.1182038 1.621842 0.1809287 -0.1183171 1.77826 0.1808996 -0.1696705 1.600001 0.1571207 -0.1696705 1.8 0.1571207 -0.1933383 1.600001 0.1374354 -0.1933383 1.8 0.1374354 -0.2130405 1.600001 0.1137814 -0.2130403 1.8 0.1137814 -0.2281219 1.600001 0.0869441 -0.2281219 1.8 0.0869441 -0.2380821 1.600001 0.05781555 -0.2380821 1.8 0.05781555 -0.2425901 1.600001 0.0273633 -0.2425901 1.8 0.0273633 -0.241496 1.600001 -0.003401756 -0.241496 1.8 -0.003401756 -0.2348363 1.600001 -0.03345727 -0.2348363 1.8 -0.03345727 -0.2228322 1.600001 -0.06180477 -0.2228322 1.8 -0.06180477 -0.2058823 1.600001 -0.08750247 -0.2058823 1.8 -0.08750247 -0.1881034 1.62174 -0.1064872 -0.1880161 1.778159 -0.1065645 -0.1662611 1.647002 -0.1234879 -0.1660892 1.752807 -0.1236 -0.15439 1.739787 -0.1305608 -0.09111046 1.753 0.1859898 -0.09090614 1.647195 0.1860108 -0.07731771 1.660215 0.1868305 -0.06485605 1.72763 0.1866192 -0.06476616 1.67246 0.1866149 -0.0521264 1.71498 0.1854696 -0.05209326 1.685055 0.1854648 -0.1432192 1.672372 -0.1360883 -0.1431374 1.727542 -0.1361255 -0.1313798 1.685022 -0.1409049 -0.1313483 1.714947 -0.1409158 -0.1170449 1.700001 -0.1453561 0.09439778 1.8 -0.0106678 0.189615 1.8 -0.1938295 0.08877849 1.8 -0.0338087 0.07758092 1.8 -0.05482482 0.08786177 1.8 0.03612899 0.09408569 1.8 0.01314306 0.03931784 1.8 0.08648395 0.05958962 1.8 0.07398891 0.07611727 1.8 0.05684423 -0.03053927 1.8 0.08996009 -0.007208347 1.8 0.09472894 0.01657557 1.8 0.09354496 -0.0519514 1.8 0.07953929 -0.07009935 1.8 0.06412124 -0.08384299 1.8 0.04467344 -0.09499287 1.8 -0.001242637 -0.09169864 1.8 -0.024827 -0.08264303 1.8 -0.04685163 -0.06839466 1.8 -0.06593179 -0.0740571 1.8 -0.1229715 -0.04984879 1.8 -0.08086919 -0.02817082 1.8 -0.09072494 -0.004722833 1.8 -0.0948801 0.05777525 1.8 -0.1584138 0.01902198 1.8 -0.09307384 0.04157137 1.8 -0.0854187 0.06150841 1.8 -0.07239627 -0.04157328 1.600001 0.08542346 -0.06151056 1.600001 0.07240104 -0.07758283 1.600001 0.05482959 -0.08878064 1.600001 0.03381347 -0.09439992 1.600001 0.01067256 -0.09408783 1.600001 -0.01313877 -0.08786392 1.600001 -0.03612422 -0.07611894 1.600001 -0.05683994 -0.0740571 1.600001 -0.1229715 0.05777525 1.600001 -0.1584138 -0.01657748 1.600001 -0.09354019 -0.03931975 1.600001 -0.08647918 -0.05959153 1.600001 -0.07398366 0.189615 1.600001 -0.1938295 0.0519495 1.600001 -0.079535 0.0305376 1.600001 -0.0899558 0.007206439 1.600001 -0.0947237 0.08384108 1.600001 -0.04466915 0.07009744 1.600001 -0.06411647 0.08264112 1.600001 0.04685592 0.09169697 1.600001 0.02483224 0.09499096 1.600001 0.001247406 0.02816867 1.600001 0.09072971 0.04984664 1.600001 0.08087396 0.06839275 1.600001 0.06593656 -0.01902389 1.600001 0.09307813 0.004720926 1.600001 0.09488534 0.194241 1.82348 -0.1747779 0.2527664 1.82348 0.06623554 0.1997616 1.843184 -0.1520447 0.2472462 1.843184 0.04350185 0.2060072 1.858515 -0.1263246 0.2410004 1.858515 0.01778173 0.2127871 1.869006 -0.09840297 0.2342205 1.869006 -0.01013994 0.2198948 1.874331 -0.06913328 0.2271125 1.874331 -0.03940963 3.287506 1.600789 -0.7854056 3.281591 1.600789 -0.8097649 3.274876 1.428071 -0.8374148 3.26542 1.437218 -0.8763538 3.275862 1.607023 -0.8333583 3.256393 1.452234 -0.9135342 3.270678 1.619099 -0.8547039 3.247993 1.472784 -0.9481239 3.240411 1.498411 -0.9793511 3.266366 1.636258 -0.8724609 3.233812 1.528541 -1.006517 3.228349 1.5625 -1.029017 3.263196 1.657423 -0.8855128 3.224141 1.599532 -1.046347 3.261368 1.681263 -0.8930402 3.221282 1.638807 -1.058119 3.219837 1.67945 -1.064072 3.260998 1.706279 -0.8945694 3.219837 1.720551 -1.064072 3.221282 1.761194 -1.058119 3.262106 1.730902 -0.8900051 3.224141 1.800469 -1.046347 3.264624 1.753583 -0.8796339 3.228349 1.8375 -1.029017 3.233812 1.871461 -1.006517 3.268394 1.772897 -0.8641067 3.240411 1.901589 -0.9793511 3.247993 1.927216 -0.9481239 3.27318 1.787631 -0.8444004 3.256393 1.947768 -0.9135342 3.27868 1.796858 -0.8217521 3.26542 1.962783 -0.8763538 3.274876 1.971928 -0.8374148 3.290416 1.796858 -0.7734189 3.295916 1.787631 -0.7507701 3.300702 1.772897 -0.7310639 3.304472 1.753583 -0.7155366 3.30699 1.730902 -0.7051654 3.308098 1.706279 -0.7006011 3.307728 1.681263 -0.7021308 3.305898 1.657423 -0.7096577 3.30273 1.636258 -0.7227101 3.298419 1.619099 -0.7404666 3.293234 1.607023 -0.7618122 0.2527664 1.576523 0.06623554 0.194241 1.576523 -0.1747779 0.1997616 1.556817 -0.1520447 0.2472462 1.556817 0.04350185 0.2060072 1.541485 -0.1263246 0.2410004 1.541485 0.01778173 0.2127871 1.530996 -0.09840297 0.2342205 1.530996 -0.01013994 0.2198946 1.52567 -0.06913328 0.2271125 1.52567 -0.03940963 2.668571 1.478069 -0.6861177 1.95622 1.492398 -0.5106769 1.243868 1.506726 -0.3352356 0.5315168 1.521055 -0.1597948 1.236466 1.514671 -0.3657222 0.5246627 1.528411 -0.1880207 1.229472 1.52767 -0.3945212 0.5181875 1.540447 -0.2146854 1.223079 1.545371 -0.4208484 0.5122683 1.556835 -0.2390608 1.217461 1.56729 -0.4439859 0.5070665 1.577128 -0.2604828 1.21277 1.592827 -0.4633021 0.5027237 1.600774 -0.2783666 1.209135 1.62129 -0.4782701 0.4993589 1.627125 -0.2922249 1.206656 1.651898 -0.4884811 0.4970629 1.655465 -0.3016791 1.205399 1.683819 -0.4936571 0.495899 1.685019 -0.3064718 1.205399 1.716181 -0.4936571 0.495899 1.714982 -0.3064718 1.206656 1.748103 -0.4884811 0.4970629 1.744536 -0.3016791 1.209135 1.778712 -0.4782701 0.4993589 1.772877 -0.2922249 1.21277 1.807173 -0.4633021 0.5027237 1.799227 -0.2783666 1.217461 1.832711 -0.4439859 0.5070665 1.822873 -0.2604828 1.223079 1.85463 -0.4208484 0.5122686 1.843167 -0.2390608 1.229472 1.87233 -0.3945212 0.5181878 1.859555 -0.2146854 1.236466 1.885331 -0.3657222 0.5246627 1.87159 -0.1880207 1.243868 1.893275 -0.3352356 0.5315168 1.878947 -0.1597948 0.2169075 1.872754 -0.08143568 0.2104804 1.866071 -0.107903 0.2043879 1.855122 -0.1329927 0.1987862 1.84019 -0.1560611 0.1938192 1.821658 -0.1765151 -0.1879906 1.778081 -0.1066045 0.2169075 1.527247 -0.08143568 0.2104804 1.533931 -0.107903 0.2043879 1.54488 -0.1329927 0.1987862 1.559811 -0.1560611 0.1938192 1.578344 -0.1765151 -0.1880776 1.621817 -0.1065268 -0.1662068 1.647067 -0.1235241 -0.1429915 1.67262 -0.1361908 -0.1310393 1.685371 -0.1410231 -0.1310081 1.714596 -0.1410336 -0.1429097 1.727294 -0.1362276 -0.1660354 1.752741 -0.1236362 1.95622 1.907603 -0.5106769 1.948267 1.89907 -0.5434222 1.940756 1.885106 -0.5743575 1.933889 1.866093 -0.6026368 1.927854 1.842551 -0.6274896 1.922815 1.815119 -0.6482372 1.918912 1.784547 -0.6643148 1.916249 1.751669 -0.6752834 1.914898 1.717381 -0.6808429 1.914898 1.68262 -0.6808429 1.916249 1.648332 -0.6752834 1.918912 1.615454 -0.6643148 1.922815 1.584882 -0.6482372 1.927854 1.557451 -0.6274896 1.933889 1.533907 -0.6026368 1.940756 1.514895 -0.5743575 1.948267 1.500931 -0.5434222 2.668571 1.921931 -0.6861177 2.66007 1.91281 -0.7211242 2.65204 1.897881 -0.7541938 2.644699 1.877556 -0.7844248 2.638247 1.852389 -0.8109927 2.632862 1.823063 -0.8331728 2.628689 1.790381 -0.8503599 2.62584 1.755234 -0.8620854 2.624397 1.718581 -0.8680291 2.624397 1.68142 -0.8680291 2.62584 1.644766 -0.8620854 2.628689 1.609619 -0.8503599 2.632862 1.576937 -0.8331728 2.638247 1.547612 -0.8109927 2.644699 1.522444 -0.7844248 2.65204 1.502118 -0.7541938 2.66007 1.487192 -0.7211242 2.667838 1.959918 -0.6891432 2.686783 1.959918 -0.6111159 2.696035 1.950743 -0.5730181 2.704848 1.935692 -0.536727 2.713014 1.915116 -0.5030937 2.720345 1.889498 -0.4729071 2.726665 1.859438 -0.4468742 2.731831 1.82564 -0.4256058 2.735717 1.788899 -0.4095993 2.738235 1.750073 -0.3992314 2.739326 1.710074 -0.3947444 2.738962 1.669838 -0.3962431 2.737153 1.630311 -0.4036927 2.733941 1.592415 -0.4169183 2.729401 1.557042 -0.4356108 2.723642 1.52502 -0.459331 2.716795 1.497098 -0.4875231 2.709024 1.473934 -0.519527 2.70051 1.456067 -0.5545921 2.69145 1.443919 -0.5918965 2.682061 1.437772 -0.6305661 2.672559 1.437772 -0.6696935 2.66317 1.443919 -0.7083631 2.654111 1.456067 -0.7456675 2.645596 1.473934 -0.7807322 2.637823 1.497098 -0.8127356 2.630979 1.52502 -0.8409281 2.625217 1.557042 -0.8646484 2.62068 1.592415 -0.8833413 2.617468 1.630311 -0.8965669 2.615658 1.669838 -0.904016 2.615294 1.710074 -0.9055152 2.616385 1.750073 -0.9010282 2.618901 1.788899 -0.8906593 2.62279 1.82564 -0.8746538 2.627953 1.859438 -0.853385 2.634274 1.889498 -0.8273521 2.641606 1.915116 -0.7971654 2.649773 1.935692 -0.7635322 2.658585 1.950743 -0.727241 2.66806 1.439938 -0.6882205 2.659016 1.448685 -0.725461 2.650384 1.463045 -0.7610188 2.642351 1.4827 -0.7940993 2.635098 1.507207 -0.8239637 2.62879 1.536023 -0.8499446 2.623564 1.5685 -0.8714619 2.619539 1.603916 -0.8880358 2.616804 1.641477 -0.8992944 2.615423 1.680346 -0.9049878 2.615423 1.719655 -0.9049878 2.616804 1.758523 -0.8992944 2.619539 1.796086 -0.8880358 2.623564 1.8315 -0.8714619 2.62879 1.863978 -0.8499446 2.635098 1.892792 -0.8239637 2.642351 1.917302 -0.7940993 2.650384 1.936955 -0.7610188 2.659016 1.951316 -0.725461 2.66806 1.960063 -0.6882205 0.09499859 1.600001 3.29018e-4 0.09499859 1.8 3.29018e-4 0.09215974 1.8 0.02305459 0.09215974 1.600001 0.02305459 0.08396506 1.8 0.04444026 0.08396506 1.600001 0.04444026 0.07089042 1.8 0.06324338 0.07089042 1.600001 0.06324338 0.05369567 1.8 0.07837104 0.05369567 1.600001 0.07837104 0.0333805 1.8 0.08894443 0.0333805 1.600001 0.08894443 0.01112532 1.8 0.09434843 0.01112532 1.600001 0.09434843 -0.01177644 1.8 0.09426975 -0.01177644 1.600001 0.09426975 -0.03399395 1.8 0.08871269 -0.03399395 1.600001 0.08871269 -0.05423593 1.8 0.07799959 -0.05423593 1.600001 0.07799959 -0.07132577 1.8 0.06275415 -0.07132577 1.600001 0.06275415 -0.08427071 1.8 0.04386138 -0.08427071 1.600001 0.04386091 3.290195 1.602906 -0.7743301 2.804315 1.602906 -0.656343 2.318435 1.602906 -0.5383568 1.832556 1.602906 -0.4203706 1.837875 1.611455 -0.3984666 1.351994 1.611455 -0.2804799 1.356676 1.625149 -0.2612009 0.870796 1.625149 -0.1432137 0.8745682 1.643194 -0.1276793 1.360448 1.643194 -0.2456655 0.8772118 1.66454 -0.1167926 1.363092 1.66454 -0.2347788 0.8785737 1.687947 -0.111186 1.364453 1.687947 -0.2291722 0.8785737 1.712054 -0.111186 1.364453 1.712054 -0.2291722 0.8772118 1.735461 -0.1167926 1.363092 1.735461 -0.2347788 0.8745682 1.756807 -0.1276793 1.360448 1.756807 -0.2456655 0.870796 1.774851 -0.1432137 1.356676 1.774851 -0.2612004 0.8661144 1.788546 -0.1624937 1.351994 1.788546 -0.2804799 0.8607953 1.797095 -0.1843976 1.346675 1.797095 -0.3023839 1.832556 1.797095 -0.4203706 2.318435 1.797095 -0.5383568 2.323754 1.788546 -0.5164528 2.809634 1.788546 -0.634439 2.814316 1.774851 -0.615159 3.300195 1.774851 -0.7331457 3.303969 1.756807 -0.7176113 2.818089 1.756807 -0.5996251 3.306612 1.735461 -0.7067242 2.820732 1.735461 -0.5887375 3.307973 1.712054 -0.7011175 2.822094 1.712054 -0.5831313 3.307973 1.687947 -0.7011175 2.822094 1.687947 -0.5831313 3.306612 1.66454 -0.7067242 2.820732 1.66454 -0.5887375 3.303969 1.643194 -0.7176113 2.818089 1.643194 -0.5996251 3.300195 1.625149 -0.7331457 2.814316 1.625149 -0.615159 3.295514 1.611454 -0.7524252 2.809633 1.611454 -0.634439 3.295514 1.788546 -0.7524252 2.804315 1.797095 -0.656343 3.290195 1.797095 -0.7743301 0.8661144 1.611455 -0.1624937 1.346675 1.602906 -0.3023839 0.8607953 1.602906 -0.1843976 2.323754 1.611455 -0.5164528 2.328436 1.625149 -0.4971728 2.332207 1.643194 -0.4816384 2.334852 1.66454 -0.4707513 2.336212 1.687947 -0.4651451 2.336212 1.712054 -0.4651451 2.334852 1.735461 -0.4707513 2.332207 1.756807 -0.4816384 2.328436 1.774851 -0.4971728 1.842556 1.625149 -0.3791866 1.846329 1.643194 -0.3636522 1.848972 1.66454 -0.3527651 1.850334 1.687947 -0.3471594 1.850334 1.712054 -0.3471594 1.848972 1.735461 -0.3527651 1.846329 1.756807 -0.3636522 1.842556 1.774851 -0.3791866 1.837875 1.788546 -0.3984666 0.8610168 1.603142 -0.1834869 0.8337967 1.742578 -0.2955814 0.8492799 1.603142 -0.2318205 0.8437798 1.61237 -0.2544685 0.8389948 1.627103 -0.2741752 0.8352242 1.646418 -0.2897019 0.8327057 1.669098 -0.3000736 0.8315973 1.693722 -0.3046379 0.8319686 1.718739 -0.3031082 0.836966 1.763743 -0.2825294 0.8764994 1.742578 -0.1197261 0.8783274 1.718739 -0.1121988 0.8786986 1.693722 -0.1106696 0.8733299 1.763743 -0.1327781 0.8412781 1.780902 -0.2647719 0.8690183 1.780902 -0.1505351 0.8464613 1.792979 -0.2434263 0.8638346 1.792979 -0.1718807 0.8521905 1.799212 -0.2198328 0.8581057 1.799212 -0.1954741 0.8775904 1.669098 -0.1152334 0.8750718 1.646418 -0.1256051 0.8713014 1.627103 -0.1411318 0.8665161 1.61237 -0.1608386 3.284549 -1.600001 -0.797576 1.821262 -1.602906 -0.466877 0.8551486 -1.600001 -0.2076511 1.335382 -1.602906 -0.3488922 0.8495016 -1.602906 -0.2309069 0.8441823 -1.611455 -0.252811 1.330063 -1.611455 -0.3707962 0.8395009 -1.62515 -0.2720909 1.325381 -1.62515 -0.3900762 0.8357287 -1.643194 -0.2876258 1.321609 -1.643194 -0.4056106 0.8330846 -1.66454 -0.2985125 1.318965 -1.66454 -0.4164977 0.8317239 -1.687947 -0.3041186 1.317604 -1.687947 -0.4221039 0.8317239 -1.712054 -0.3041186 1.317604 -1.712054 -0.4221039 0.8330846 -1.735461 -0.2985125 1.318965 -1.735461 -0.4164977 0.8357287 -1.756807 -0.2876258 1.321609 -1.756807 -0.4056106 0.8395009 -1.774852 -0.2720909 1.325381 -1.774852 -0.3900762 0.8441823 -1.788546 -0.252811 1.330063 -1.788546 -0.3707962 0.8495016 -1.797095 -0.2309069 1.335382 -1.797095 -0.3488922 0.8551486 -1.8 -0.2076511 1.821262 -1.797095 -0.466877 2.307142 -1.797095 -0.5848618 2.301823 -1.788546 -0.6067662 2.787704 -1.788547 -0.724751 2.783022 -1.774852 -0.744031 3.268903 -1.774852 -0.8620162 3.265131 -1.756807 -0.8775506 2.77925 -1.756807 -0.7595658 3.262486 -1.735461 -0.8884378 2.776606 -1.735461 -0.7704525 3.261126 -1.712054 -0.8940439 2.775243 -1.712054 -0.7760587 3.261126 -1.687947 -0.8940439 2.775243 -1.687947 -0.7760587 3.262486 -1.66454 -0.8884378 2.776606 -1.66454 -0.7704525 3.265131 -1.643194 -0.8775506 2.77925 -1.643194 -0.7595658 3.268903 -1.62515 -0.8620162 2.783022 -1.62515 -0.744031 3.273585 -1.611455 -0.8427358 2.787704 -1.611455 -0.724751 3.278903 -1.602906 -0.8208318 2.793022 -1.602906 -0.702847 2.307142 -1.602906 -0.5848618 1.815943 -1.611455 -0.4887815 3.273585 -1.788547 -0.8427363 2.793022 -1.797095 -0.702847 3.284549 -1.8 -0.797576 3.278903 -1.797095 -0.8208318 2.301823 -1.611455 -0.6067662 2.297142 -1.62515 -0.6260457 2.29337 -1.643194 -0.6415806 2.290725 -1.66454 -0.6524673 2.289365 -1.687947 -0.6580739 2.289365 -1.712054 -0.6580739 2.290725 -1.735461 -0.6524673 2.29337 -1.756807 -0.6415806 2.297142 -1.774852 -0.6260457 1.811261 -1.62515 -0.5080605 1.807489 -1.643194 -0.5235958 1.804846 -1.66454 -0.5344825 1.803485 -1.687947 -0.5400891 1.803485 -1.712054 -0.5400891 1.804846 -1.735461 -0.5344825 1.807489 -1.756807 -0.5235958 1.811261 -1.774852 -0.5080605 1.815943 -1.788546 -0.4887815 -0.09231853 -1.8 0.02241945 -0.09231853 -1.600001 0.02241945 -0.09500074 -1.8 -3.25203e-4 -0.0950005 -1.600001 -3.25203e-4 -0.09216189 -1.600001 -0.0230503 -0.09216189 -1.8 -0.0230503 -0.08396697 -1.600001 -0.04443597 -0.08396697 -1.8 -0.04443597 -0.07089233 -1.600001 -0.06323909 -0.07089233 -1.8 -0.06323909 -0.05369782 -1.600001 -0.07836675 -0.05369782 -1.8 -0.07836675 -0.03338265 -1.600001 -0.08893966 -0.03338265 -1.8 -0.08893966 -0.01112723 -1.600001 -0.09434413 -0.01112723 -1.8 -0.09434413 0.01177453 -1.600001 -0.09426498 0.01177453 -1.8 -0.09426498 0.03399205 -1.600001 -0.08870792 0.03399205 -1.8 -0.08870792 0.05423378 -1.600001 -0.07799482 0.05423378 -1.8 -0.07799482 0.07132411 -1.600001 -0.0627489 0.07132387 -1.8 -0.0627489 0.0842688 -1.600001 -0.04385614 0.0842688 -1.8 -0.04385614 0.09231615 -1.8 -0.02241468 0.09231615 -1.600001 -0.02241468 3.284549 -1.425001 -0.797576 2.677312 -1.437001 -0.6501222 3.294222 -1.428073 -0.7577472 2.68656 -1.439938 -0.6120305 3.303678 -1.437219 -0.7188077 2.695604 -1.448686 -0.5747905 2.704239 -1.463046 -0.5392327 3.312706 -1.452234 -0.6816278 2.712271 -1.4827 -0.5061526 3.321105 -1.472785 -0.6470375 2.719523 -1.507209 -0.4762883 3.328689 -1.498412 -0.6158109 2.725833 -1.536023 -0.4503074 3.335284 -1.528542 -0.588644 2.731057 -1.568501 -0.4287896 3.340749 -1.562501 -0.566145 2.735081 -1.603916 -0.4122157 3.344957 -1.599532 -0.5488148 2.737816 -1.641478 -0.4009571 3.347814 -1.638807 -0.5370422 2.739199 -1.680346 -0.3952637 3.349261 -1.67945 -0.5310893 2.739199 -1.719655 -0.3952637 3.349261 -1.720551 -0.5310893 2.737816 -1.758524 -0.4009571 3.347814 -1.761194 -0.5370422 2.735081 -1.796086 -0.4122157 3.344957 -1.800469 -0.5488148 2.731057 -1.8315 -0.4287896 3.340749 -1.837501 -0.566145 2.725833 -1.863978 -0.4503074 3.335284 -1.871461 -0.588644 2.719523 -1.892795 -0.4762883 3.328689 -1.901589 -0.6158109 2.712271 -1.917302 -0.5061526 3.321105 -1.927217 -0.6470375 2.704239 -1.936956 -0.5392327 3.312706 -1.947768 -0.6816278 2.695604 -1.951316 -0.5747905 3.303678 -1.962783 -0.7188077 3.294222 -1.971929 -0.7577472 2.68656 -1.960063 -0.6120305 3.284549 -1.975001 -0.797576 2.677312 -1.963 -0.6501222 0.2531877 -1.821658 0.06797313 0.5700591 -1.822873 -0.001070022 0.2573922 -1.8 0.08528804 0.5744019 -1.799227 0.01681375 0.1239929 -1.8 0.1142797 -0.118164 -1.778081 0.1809515 -0.009412527 -1.8 0.1432447 -0.1428234 -1.8 0.1721825 0.5648573 -1.843167 -0.0224924 0.2482211 -1.84019 0.04751873 0.5589385 -1.859555 -0.04686784 0.2426195 -1.855122 0.02445077 0.5524633 -1.87159 -0.07353258 0.2365269 -1.866071 -6.38962e-4 0.5456092 -1.878947 -0.101758 0.2301001 -1.872754 -0.0271058 0.2235035 -1.875001 -0.05427074 1.25909 -1.893275 -0.2725501 2.677312 -1.925 -0.6501222 1.97257 -1.907603 -0.4433422 2.686051 -1.921931 -0.6141343 1.980522 -1.89907 -0.4105959 2.694551 -1.912811 -0.5791278 1.988034 -1.885106 -0.3796616 2.702581 -1.897883 -0.5460582 1.9949 -1.866094 -0.3513818 2.709922 -1.877557 -0.5158267 2.000935 -1.842551 -0.3265295 2.716373 -1.852389 -0.4892588 2.005974 -1.81512 -0.3057814 2.72176 -1.823064 -0.4670792 2.009878 -1.784547 -0.2897039 2.725934 -1.790382 -0.4498921 2.012542 -1.751669 -0.2787356 2.72878 -1.755235 -0.4381666 2.013891 -1.717381 -0.2731752 2.730224 -1.718581 -0.4322229 2.013891 -1.68262 -0.2731752 2.730224 -1.68142 -0.4322229 2.72878 -1.644767 -0.4381666 2.725934 -1.60962 -0.4498921 2.009878 -1.615455 -0.2897039 2.012542 -1.648332 -0.2787356 1.296302 -1.651898 -0.1193046 1.297559 -1.68382 -0.1141281 0.5800626 -1.655465 0.04012632 0.5812266 -1.685019 0.04491853 -0.06460762 -1.67262 0.1866059 -0.05177044 -1.685372 0.1854186 2.005974 -1.584883 -0.3057814 2.72176 -1.576938 -0.4670792 2.000935 -1.557451 -0.3265295 2.716373 -1.547612 -0.4892588 1.9949 -1.533908 -0.3513818 2.709922 -1.522445 -0.5158267 1.988035 -1.514895 -0.3796616 2.702581 -1.502119 -0.5460582 1.980522 -1.500932 -0.4105959 2.694551 -1.487192 -0.5791278 1.97257 -1.492398 -0.4433422 2.686051 -1.47807 -0.6141343 2.677312 -1.475001 -0.6501222 0.2235038 -1.525 -0.05427074 1.25909 -1.506726 -0.2725501 1.266493 -1.514671 -0.2420639 1.273486 -1.527671 -0.2132644 1.279879 -1.545372 -0.1869368 1.285498 -1.56729 -0.1637997 1.290188 -1.592828 -0.1444835 1.293823 -1.62129 -0.1295156 0.5456092 -1.521055 -0.101758 0.2301001 -1.527248 -0.0271058 0.2365269 -1.533931 -6.38962e-4 0.5524633 -1.528411 -0.07353258 0.2426195 -1.54488 0.02445077 0.5589385 -1.540447 -0.04686784 0.2482211 -1.559811 0.04751873 0.5648573 -1.556835 -0.0224924 0.2531877 -1.578344 0.06797313 0.5700591 -1.577128 -0.001070022 0.2573922 -1.600001 0.08528804 0.5744019 -1.600774 0.01681375 -0.1182768 -1.621817 0.1809225 0.5777671 -1.627125 0.03067207 -0.09104657 -1.647067 0.185997 0.1239929 -1.600001 0.1142797 -0.009412527 -1.600001 0.1432447 -0.1428234 -1.600001 0.1721825 -0.03734707 -1.700001 0.1828513 0.5812266 -1.714982 0.04491853 1.297559 -1.716182 -0.1141281 1.296302 -1.748103 -0.1193046 -0.05173778 -1.714596 0.1854138 -0.06451821 -1.727294 0.1866011 0.5800626 -1.744537 0.04012632 -0.09084272 -1.752741 0.1860175 0.5777671 -1.772877 0.03067207 1.285498 -1.832711 -0.1637997 1.290188 -1.807174 -0.1444835 1.293823 -1.778712 -0.1295156 1.279879 -1.85463 -0.1869368 1.273486 -1.872331 -0.2132644 1.266493 -1.885331 -0.2420639 -0.1182045 -1.778159 0.1809282 -0.118318 -1.62174 0.1808991 -0.1696712 -1.8 0.1571202 -0.1696712 -1.600001 0.1571202 -0.1933391 -1.8 0.1374344 -0.1933391 -1.600001 0.1374344 -0.213041 -1.8 0.1137804 -0.213041 -1.600001 0.1137804 -0.2281224 -1.8 0.08694314 -0.2281224 -1.600001 0.08694362 -0.2380826 -1.8 0.05781507 -0.2380826 -1.600001 0.05781507 -0.2425904 -1.8 0.02736234 -0.2425904 -1.600001 0.02736234 -0.2414963 -1.8 -0.003402709 -0.2414963 -1.600001 -0.003402709 -0.2348365 -1.8 -0.03345823 -0.2348365 -1.600001 -0.03345823 -0.2228322 -1.8 -0.06180524 -0.2228322 -1.600001 -0.06180524 -0.2058823 -1.8 -0.08750343 -0.2058823 -1.600001 -0.08750343 -0.1881034 -1.778262 -0.1064877 -0.1880159 -1.621842 -0.1065654 -0.1662611 -1.753 -0.1234884 -0.1660892 -1.647195 -0.1236009 -0.1543898 -1.660215 -0.1305608 -0.09111142 -1.647002 0.1859898 -0.09090709 -1.752807 0.1860103 -0.07731842 -1.739787 0.18683 -0.06485676 -1.672372 0.1866192 -0.06476712 -1.727542 0.1866145 -0.05212712 -1.685022 0.1854696 -0.05209398 -1.714947 0.1854648 -0.1432192 -1.72763 -0.1360888 -0.1431369 -1.67246 -0.136126 -0.1313798 -1.71498 -0.1409053 -0.1313483 -1.685055 -0.1409163 -0.1170446 -1.700001 -0.1453566 0.09439778 -1.600001 -0.0106678 0.189615 -1.600001 -0.1938295 0.08877849 -1.600001 -0.03380823 0.07758092 -1.600001 -0.0548253 0.08786153 -1.600001 0.03612899 0.09408545 -1.600001 0.01314353 0.03931736 -1.600001 0.08648347 0.05958914 -1.600001 0.07398843 0.0761168 -1.600001 0.05684471 -0.03053998 -1.600001 0.08996009 -0.007208824 -1.600001 0.09472846 0.01657509 -1.600001 0.09354496 -0.05195188 -1.600001 0.07953929 -0.07009983 -1.600001 0.06412076 -0.08384323 -1.600001 0.04467344 -0.09499311 -1.600001 -0.001243114 -0.09169912 -1.600001 -0.02482748 -0.08264327 -1.600001 -0.04685211 -0.06839466 -1.600001 -0.06593227 -0.07405686 -1.600001 -0.122972 -0.04984879 -1.600001 -0.08086919 -0.02817082 -1.600001 -0.09072542 -0.004722595 -1.600001 -0.0948801 0.05777549 -1.600001 -0.1584138 0.01902174 -1.600001 -0.09307384 0.04157137 -1.600001 -0.08541822 0.06150865 -1.600001 -0.07239627 -0.04157376 -1.8 0.08542299 -0.06151103 -1.8 0.07240104 -0.07758331 -1.8 0.05482959 -0.08878087 -1.8 0.03381299 -0.09440016 -1.8 0.01067256 -0.09408807 -1.8 -0.01313924 -0.08786392 -1.8 -0.0361247 -0.07611918 -1.8 -0.05684041 -0.07405686 -1.8 -0.122972 0.05777549 -1.8 -0.1584138 -0.01657748 -1.8 -0.09354066 -0.03931975 -1.8 -0.08647918 -0.05959153 -1.8 -0.07398414 0.189615 -1.8 -0.1938295 0.05194973 -1.8 -0.07953453 0.03053736 -1.8 -0.08995532 0.007206439 -1.8 -0.0947237 0.0838406 -1.8 -0.04466867 0.07009744 -1.8 -0.06411647 0.08264064 -1.8 0.0468564 0.0916965 -1.8 0.02483224 0.09499073 -1.8 0.001247882 0.02816843 -1.8 0.09073019 0.04984641 -1.8 0.08087396 0.06839227 -1.8 0.06593656 -0.01902437 -1.8 0.09307813 0.004720449 -1.8 0.09488487 0.1942415 -1.576523 -0.1747775 0.2527661 -1.576523 0.06623601 0.1997616 -1.556817 -0.1520442 0.2472457 -1.556817 0.04350233 0.2060072 -1.541486 -0.1263236 0.2410001 -1.541486 0.01778221 0.2127873 -1.530996 -0.0984025 0.23422 -1.530996 -0.01013898 0.2198948 -1.52567 -0.0691328 0.2271125 -1.52567 -0.03940916 3.287508 -1.799212 -0.7853966 3.281593 -1.799212 -0.8097553 3.274878 -1.971929 -0.8374052 3.265424 -1.962783 -0.8763452 3.275864 -1.792979 -0.8333492 3.256395 -1.947768 -0.9135246 3.27068 -1.780902 -0.8546949 3.247995 -1.927217 -0.9481149 3.240413 -1.901589 -0.979342 3.266368 -1.763743 -0.8724518 3.233816 -1.871461 -1.006508 3.228353 -1.837501 -1.029008 3.2632 -1.742578 -0.8855038 3.224145 -1.800469 -1.046338 3.261372 -1.718739 -0.8930311 3.221286 -1.761194 -1.058111 3.219841 -1.720551 -1.064064 3.261 -1.693722 -0.8945608 3.219841 -1.67945 -1.064064 3.221286 -1.638807 -1.058111 3.262108 -1.669099 -0.8899961 3.224145 -1.599532 -1.046338 3.264627 -1.646418 -0.8796244 3.228353 -1.562501 -1.029008 3.233816 -1.528542 -1.006508 3.268397 -1.627104 -0.8640971 3.240413 -1.498412 -0.979342 3.247996 -1.472785 -0.9481149 3.273182 -1.61237 -0.8443914 3.256395 -1.452234 -0.9135246 3.278681 -1.603143 -0.8217425 3.265424 -1.437219 -0.8763452 3.274878 -1.428073 -0.8374052 3.290419 -1.603143 -0.7734099 3.295918 -1.61237 -0.7507615 3.300704 -1.627104 -0.7310553 3.304474 -1.646418 -0.7155275 3.306992 -1.669099 -0.7051559 3.3081 -1.693722 -0.7005916 3.30773 -1.718739 -0.7021217 3.3059 -1.742578 -0.7096486 3.302732 -1.763743 -0.7227006 3.298421 -1.780902 -0.7404575 3.293236 -1.792979 -0.7618032 0.2527659 -1.82348 0.06623601 0.1942415 -1.82348 -0.1747775 0.1997616 -1.843184 -0.1520442 0.2472457 -1.843184 0.04350233 0.2060072 -1.858515 -0.1263236 0.2410001 -1.858515 0.01778221 0.2127873 -1.869006 -0.0984025 0.23422 -1.869006 -0.01013898 0.2198948 -1.874331 -0.0691328 0.2271125 -1.874331 -0.03940916 2.668572 -1.921931 -0.68611 1.956221 -1.907603 -0.5106711 1.24387 -1.893275 -0.3352323 0.5315168 -1.878947 -0.1597933 1.236467 -1.885331 -0.3657184 0.5246627 -1.87159 -0.1880192 1.229472 -1.872331 -0.3945179 0.5181882 -1.859555 -0.214684 1.223079 -1.85463 -0.4208455 0.512269 -1.843167 -0.2390594 1.217462 -1.832711 -0.4439826 0.5070672 -1.822873 -0.2604814 1.212771 -1.807174 -0.4632988 0.5027244 -1.799227 -0.2783651 1.209137 -1.778712 -0.4782662 0.4993591 -1.772877 -0.2922235 1.206657 -1.748103 -0.4884777 0.4970634 -1.744537 -0.3016777 1.205399 -1.716182 -0.4936538 0.4958997 -1.714982 -0.3064704 1.205399 -1.68382 -0.4936538 0.4958997 -1.685019 -0.3064704 1.206657 -1.651898 -0.4884777 0.4970634 -1.655465 -0.3016777 1.209137 -1.62129 -0.4782662 0.4993591 -1.627125 -0.2922235 1.212771 -1.592828 -0.4632988 0.5027244 -1.600774 -0.2783651 1.217462 -1.56729 -0.4439826 0.5070672 -1.577128 -0.2604814 1.223079 -1.545372 -0.4208455 0.512269 -1.556835 -0.2390594 1.229472 -1.527671 -0.3945179 0.5181882 -1.540447 -0.214684 1.236467 -1.514671 -0.3657184 0.5246627 -1.528411 -0.1880192 1.24387 -1.506726 -0.3352323 0.5315168 -1.521055 -0.1597933 0.2169075 -1.527248 -0.08143568 0.2104804 -1.533931 -0.1079025 0.2043879 -1.54488 -0.1329922 0.1987864 -1.559811 -0.1560606 0.1938195 -1.578344 -0.1765146 -0.1879906 -1.621921 -0.106605 0.2169075 -1.872754 -0.08143568 0.2104804 -1.866071 -0.1079025 0.2043879 -1.855122 -0.1329922 0.1987864 -1.84019 -0.1560606 0.1938195 -1.821658 -0.1765146 -0.1880776 -1.778184 -0.1065273 -0.1662068 -1.752934 -0.1235251 -0.1429915 -1.727381 -0.1361913 -0.1310391 -1.71463 -0.1410231 -0.1170449 -1.700001 -0.1453566 -0.1310081 -1.685405 -0.1410341 -0.1429097 -1.672707 -0.1362276 -0.1660351 -1.64726 -0.1236367 1.956221 -1.492398 -0.5106711 1.948268 -1.500932 -0.543417 1.940757 -1.514895 -0.5743523 1.93389 -1.533908 -0.6026316 1.927855 -1.557451 -0.6274839 1.922818 -1.584883 -0.6482325 1.918913 -1.615455 -0.6643095 1.91625 -1.648332 -0.6752777 1.914901 -1.68262 -0.6808381 1.914901 -1.717381 -0.6808381 1.91625 -1.751669 -0.6752777 1.918913 -1.784547 -0.6643095 1.922818 -1.81512 -0.6482325 1.927855 -1.842551 -0.6274839 1.93389 -1.866094 -0.6026316 1.940757 -1.885106 -0.5743523 1.948268 -1.89907 -0.543417 2.668572 -1.47807 -0.68611 2.660072 -1.487192 -0.7211161 2.652042 -1.502119 -0.7541862 2.6447 -1.522445 -0.7844172 2.638251 -1.547612 -0.8109851 2.632864 -1.576938 -0.8331652 2.62869 -1.60962 -0.8503523 2.625842 -1.644767 -0.8620777 2.624399 -1.68142 -0.8680215 2.624399 -1.718581 -0.8680215 2.625842 -1.755235 -0.8620777 2.62869 -1.790382 -0.8503523 2.632864 -1.823064 -0.8331652 2.638251 -1.852389 -0.8109851 2.6447 -1.877557 -0.7844172 2.652042 -1.897883 -0.7541862 2.660072 -1.912811 -0.7211161 2.66784 -1.440083 -0.6891356 2.686784 -1.440083 -0.6111088 2.696036 -1.449258 -0.5730105 2.704849 -1.46431 -0.5367193 2.713016 -1.484885 -0.5030866 2.720345 -1.510504 -0.4728994 2.726667 -1.540563 -0.4468665 2.731832 -1.574361 -0.4255982 2.735718 -1.611102 -0.4095917 2.738237 -1.649928 -0.3992243 2.739326 -1.689927 -0.3947363 2.738961 -1.730163 -0.396235 2.737153 -1.769692 -0.4036846 2.733942 -1.807586 -0.4169111 2.729403 -1.842959 -0.4356027 2.723643 -1.874982 -0.4593234 2.716797 -1.902904 -0.4875159 2.709026 -1.926068 -0.5195193 2.700511 -1.943935 -0.5545845 2.691452 -1.956082 -0.5918889 2.682063 -1.96223 -0.6305585 2.67256 -1.96223 -0.6696859 2.663172 -1.956082 -0.7083554 2.654113 -1.943935 -0.7456598 2.645598 -1.926068 -0.780725 2.637827 -1.902904 -0.8127289 2.63098 -1.874982 -0.8409209 2.625221 -1.842959 -0.8646412 2.620682 -1.807586 -0.8833332 2.617471 -1.769692 -0.8965597 2.61566 -1.730163 -0.9040089 2.615298 -1.689927 -0.9055076 2.616387 -1.649928 -0.9010205 2.618905 -1.611102 -0.8906522 2.622791 -1.574361 -0.8746462 2.627955 -1.540563 -0.8533778 2.634276 -1.510504 -0.8273444 2.641607 -1.484885 -0.7971583 2.649774 -1.46431 -0.763525 2.658587 -1.449258 -0.7272334 2.668061 -1.960063 -0.6882134 2.65902 -1.951316 -0.7254539 2.650386 -1.936956 -0.7610111 2.642353 -1.917302 -0.7940917 2.6351 -1.892795 -0.823956 2.628791 -1.863978 -0.8499374 2.623567 -1.8315 -0.8714552 2.61954 -1.796086 -0.8880282 2.616808 -1.758524 -0.8992877 2.615426 -1.719655 -0.9049807 2.615426 -1.680346 -0.9049807 2.616808 -1.641478 -0.8992877 2.61954 -1.603916 -0.8880282 2.623567 -1.568501 -0.8714552 2.628791 -1.536023 -0.8499374 2.6351 -1.507209 -0.823956 2.642353 -1.4827 -0.7940917 2.650386 -1.463046 -0.7610111 2.65902 -1.448686 -0.7254539 2.668061 -1.439938 -0.6882134 0.09499835 -1.8 3.29494e-4 0.09499835 -1.600001 3.29494e-4 0.09215927 -1.600001 0.02305507 0.09215927 -1.8 0.02305459 0.08396458 -1.600001 0.04444026 0.08396458 -1.8 0.04444026 0.07088994 -1.600001 0.06324338 0.07088994 -1.8 0.06324338 0.0536952 -1.600001 0.07837152 0.0536952 -1.8 0.07837152 0.03338003 -1.600001 0.08894443 0.03338003 -1.8 0.08894443 0.01112484 -1.600001 0.09434843 0.01112484 -1.8 0.09434843 -0.01177692 -1.600001 0.09426927 -0.01177692 -1.8 0.09426927 -0.03399443 -1.600001 0.08871221 -0.03399443 -1.8 0.08871221 -0.05423641 -1.600001 0.07799959 -0.05423641 -1.8 0.07799959 -0.07132625 -1.600001 0.06275367 -0.07132625 -1.8 0.06275367 -0.08427119 -1.600001 0.04386091 -0.08427119 -1.8 0.04386091 3.290197 -1.797095 -0.7743206 2.804317 -1.797095 -0.6563358 2.318437 -1.797095 -0.5383506 1.832556 -1.797095 -0.4203658 1.837875 -1.788546 -0.3984614 1.351995 -1.788546 -0.2804761 1.356676 -1.774852 -0.2611961 0.8707962 -1.774852 -0.1432118 0.874568 -1.756807 -0.1276769 1.360449 -1.756807 -0.2456622 0.8772123 -1.735461 -0.1167902 1.363092 -1.735461 -0.234775 0.878573 -1.712054 -0.1111836 1.364454 -1.712054 -0.2291684 0.878573 -1.687947 -0.1111836 1.364454 -1.687947 -0.2291684 0.8772123 -1.66454 -0.1167902 1.363092 -1.66454 -0.234775 0.8745682 -1.643194 -0.1276769 1.360449 -1.643194 -0.2456622 0.8707962 -1.62515 -0.1432118 1.356676 -1.62515 -0.2611961 0.8661146 -1.611455 -0.1624913 1.351995 -1.611455 -0.2804761 0.8607955 -1.602906 -0.1843957 1.346676 -1.602906 -0.3023806 1.832556 -1.602906 -0.4203658 2.318437 -1.602906 -0.5383506 2.323755 -1.611455 -0.5164456 2.809635 -1.611455 -0.6344314 2.814317 -1.62515 -0.6151519 3.300198 -1.62515 -0.7331367 3.303971 -1.643194 -0.7176023 2.818089 -1.643194 -0.599617 3.306614 -1.66454 -0.7067146 2.820733 -1.66454 -0.5887299 3.307975 -1.687947 -0.7011085 2.822094 -1.687947 -0.5831232 3.307975 -1.712054 -0.7011085 2.822094 -1.712054 -0.5831232 3.306614 -1.735461 -0.7067146 2.820733 -1.735461 -0.5887299 3.303971 -1.756807 -0.7176023 2.818089 -1.756807 -0.599617 3.300198 -1.774852 -0.7331367 2.814317 -1.774852 -0.6151519 3.295516 -1.788547 -0.7524161 2.809635 -1.788547 -0.6344314 3.295516 -1.611455 -0.7524161 2.804317 -1.602906 -0.6563358 3.290197 -1.602906 -0.7743206 0.8661146 -1.788546 -0.1624913 1.346676 -1.797095 -0.3023806 0.8607955 -1.797095 -0.1843957 2.323755 -1.788546 -0.5164456 2.328437 -1.774852 -0.4971666 2.332209 -1.756807 -0.4816318 2.334853 -1.735461 -0.4707451 2.336214 -1.712054 -0.4651384 2.336214 -1.687947 -0.4651384 2.334853 -1.66454 -0.4707451 2.332209 -1.643194 -0.4816318 2.328437 -1.62515 -0.4971666 1.842557 -1.774852 -0.3791814 1.846328 -1.756807 -0.3636465 1.848973 -1.735461 -0.3527598 1.850333 -1.712054 -0.3471537 1.850333 -1.687947 -0.3471537 1.848973 -1.66454 -0.3527598 1.846328 -1.643194 -0.3636465 1.842557 -1.62515 -0.3791814 1.837875 -1.611455 -0.3984614 0.8610165 -1.796859 -0.1834845 0.8337975 -1.657423 -0.295579 0.8492801 -1.796859 -0.2318181 0.8437808 -1.787631 -0.2544661 0.8389952 -1.772898 -0.2741728 0.8352249 -1.753584 -0.2897 0.8327067 -1.730903 -0.3000712 0.8315976 -1.70628 -0.3046355 0.8319695 -1.681263 -0.3031063 0.8369665 -1.636258 -0.2825265 0.8764997 -1.657423 -0.1197237 0.8783274 -1.681263 -0.1121964 0.8786986 -1.70628 -0.1106667 0.8733304 -1.636258 -0.1327757 0.8412783 -1.619099 -0.26477 0.8690183 -1.619099 -0.1505327 0.8464618 -1.607023 -0.2434239 0.8638346 -1.607023 -0.1718783 0.8521912 -1.600789 -0.2198309 0.8581059 -1.600789 -0.1954717 0.8775902 -1.730903 -0.115231 0.8750718 -1.753584 -0.1256027 0.8713014 -1.772898 -0.1411294 0.8665159 -1.787631 -0.1608362</float_array>
          <technique_common>
            <accessor source="#wheel_loader_v1_074-mesh-positions-array" count="1357" stride="3">
              <param name="X" type="float"/>
              <param name="Y" type="float"/>
              <param name="Z" type="float"/>
            </accessor>
          </technique_common>
        </source>
        <source id="wheel_loader_v1_074-mesh-normals">
          <float_array id="wheel_loader_v1_074-mesh-normals-array" count="8988">-0.02843385 0.9927127 -0.1171036 -0.02843391 0.992713 -0.1171006 -0.02843427 0.9927135 -0.1170958 -0.02843338 0.9927139 -0.117093 -0.02843427 0.9927135 -0.1170958 -0.08367884 0.935017 -0.3445883 -0.08367967 0.9350119 -0.3446019 -0.0836789 0.9350168 -0.3445889 -0.08367967 0.9350119 -0.3446023 -0.1340498 0.8229767 -0.5520327 -0.1340475 0.8229839 -0.5520225 -0.1340497 0.822977 -0.5520324 -0.1340475 0.822984 -0.5520225 -0.1766294 0.6631152 -0.7273791 -0.1766276 0.6631198 -0.7273753 -0.1766294 0.6631153 -0.727379 -0.1766275 0.6631203 -0.727375 -0.2089439 0.464734 -0.8604445 -0.2089439 0.4647095 -0.8604578 -0.2089439 0.4647333 -0.8604449 -0.2089439 0.4647091 -0.860458 -0.2291167 0.2393124 -0.9435228 -0.2291161 0.2393127 -0.9435228 -0.2291166 0.2393124 -0.9435227 -0.229116 0.2393128 -0.9435228 -0.2359737 0 -0.9717596 -0.235973 0 -0.9717596 -0.2359735 0 -0.9717595 -0.235973 0 -0.9717596 -0.2291167 -0.2393124 -0.9435228 -0.2291153 -0.2393102 -0.9435237 -0.2291166 -0.2393124 -0.9435228 -0.2291153 -0.2393103 -0.9435236 -0.2089408 -0.464735 -0.8604447 -0.2089459 -0.4647141 -0.8604547 -0.208941 -0.4647343 -0.8604452 -0.208946 -0.4647135 -0.8604551 -0.1766296 -0.6631145 -0.7273797 -0.1766291 -0.6631241 -0.7273711 -0.1766295 -0.6631147 -0.7273795 -0.176629 -0.6631243 -0.7273708 -0.1340504 -0.8229762 -0.5520332 -0.134047 -0.8229845 -0.5520218 -0.1340504 -0.8229765 -0.5520329 -0.134047 -0.8229845 -0.5520218 -0.08367747 -0.9350169 -0.3445887 -0.08367896 -0.9350135 -0.3445978 -0.08367753 -0.9350168 -0.3445891 -0.08367896 -0.9350134 -0.3445981 -0.02843534 -0.9927112 -0.1171153 -0.02843451 -0.9927138 -0.1170933 -0.02843534 -0.9927113 -0.1171148 -0.0284354 -0.9927123 -0.117106 -0.02843648 -0.9927133 -0.1170974 -0.08367651 -0.935017 -0.3445891 -0.08367788 -0.9350126 -0.3446005 -0.08367645 -0.9350168 -0.3445893 -0.0836783 -0.935016 -0.3445912 -0.1340476 -0.8229835 -0.5520231 -0.1340525 -0.8229718 -0.5520393 -0.1340476 -0.8229833 -0.5520234 -0.1340473 -0.8229843 -0.552022 -0.1766276 -0.6631304 -0.7273656 -0.1766308 -0.6631157 -0.7273783 -0.1766278 -0.6631299 -0.727366 -0.1766307 -0.6631158 -0.7273782 -0.2089439 -0.4647175 -0.8604534 -0.2089441 -0.4647232 -0.8604503 -0.208944 -0.4647176 -0.8604534 -0.2089441 -0.4647231 -0.8604503 -0.2291163 -0.2392985 -0.9435264 -0.2291144 -0.2393192 -0.9435216 -0.2291163 -0.2392991 -0.9435262 -0.2291144 -0.2393192 -0.9435216 -0.2359724 0 -0.9717597 -0.235973 0 -0.9717596 -0.2359724 0 -0.9717597 -0.235973 0 -0.9717596 -0.229116 0.2393032 -0.9435253 -0.2291165 0.2393214 -0.9435205 -0.2291161 0.2393037 -0.9435251 -0.2291166 0.2393214 -0.9435205 -0.2089434 0.4647213 -0.8604515 -0.2089437 0.4647234 -0.8604504 -0.2089435 0.4647213 -0.8604515 -0.2089437 0.4647231 -0.8604505 -0.1766272 0.6631256 -0.7273702 -0.1766299 0.6631157 -0.7273785 -0.1766272 0.6631252 -0.7273705 -0.1766299 0.6631159 -0.7273784 -0.1340473 0.8229843 -0.552022 -0.1340479 0.8229835 -0.5520231 -0.1340479 0.8229833 -0.5520233 -0.08368057 0.9350138 -0.3445966 -0.08367878 0.9350131 -0.3445989 -0.08368057 0.9350138 -0.3445968 -0.08367878 0.9350131 -0.344599 -0.02843379 0.9927126 -0.1171038 -0.02843523 0.9927135 -0.117096 -0.02843356 0.9927144 -0.1170884 -0.08367913 0.9350143 -0.3445957 -0.08367747 0.9350137 -0.3445977 -0.08367913 0.9350142 -0.3445958 -0.1340493 0.822978 -0.5520309 -0.1340473 -0.8229843 -0.552022 -0.08367943 -0.9350109 -0.344605 -0.08367836 -0.9350159 -0.3445913 -0.02843451 -0.9927135 -0.1170958 -0.02843499 -0.9927133 -0.1170968 -0.08367943 -0.9350106 -0.3446054 -0.02843499 -0.9927134 -0.1170969 -0.08367747 0.9350137 -0.3445978 -0.1340515 0.8229716 -0.55204 -0.1340514 0.8229716 -0.5520399 -0.1766242 0.6631394 -0.7273583 -0.1766243 0.663139 -0.7273586 -0.208943 0.4647111 -0.8604571 -0.208943 0.4647116 -0.8604569 -0.2291161 0.2393016 -0.9435256 -0.229116 0.2393016 -0.9435256 -0.2359714 0 -0.97176 -0.2359715 0 -0.97176 -0.2291168 -0.2393018 -0.9435254 -0.2291167 -0.2393018 -0.9435254 -0.2089437 -0.4647151 -0.8604549 -0.2089436 -0.4647154 -0.8604546 -0.1766241 -0.6631406 -0.7273572 -0.1766242 -0.6631403 -0.7273575 -0.1340525 -0.8229718 -0.5520394 -0.1340494 0.8229779 -0.5520311 -0.1766246 0.6631415 -0.7273563 -0.1766246 0.6631419 -0.727356 -0.2089462 0.4647012 -0.8604617 -0.2089462 0.4647013 -0.8604616 -0.2291159 0.239321 -0.9435207 -0.2291157 0.2393208 -0.9435208 -0.2291151 -0.2393224 -0.9435206 -0.2291151 -0.2393222 -0.9435206 -0.2089459 -0.4646977 -0.8604637 -0.2089458 -0.4646976 -0.8604637 -0.1766244 -0.6631412 -0.7273566 -0.1766243 -0.6631414 -0.7273564 -0.1340493 -0.8229784 -0.5520302 -0.1340494 -0.8229782 -0.5520305 -0.08367794 -0.9350126 -0.3446006 0.993118 0 -0.1171178 0.9931181 0 -0.1171178 0.9922888 0 0.1239477 0.9922888 0 0.1239475 0.9922888 0 0.1239475 0.9922888 0 0.1239477 0.9337921 0 0.357816 0.9337923 0 0.3578158 0.9337923 0 0.3578157 0.9337921 0 0.357816 0.821024 0 0.5708939 0.8210238 0 0.570894 0.8210238 0 0.5708941 0.6605415 0 0.7507897 0.6605417 0 0.7507895 0.6605414 0 0.7507897 0.4616793 -5.06792e-7 0.8870469 0.4616755 0 0.887049 0.4616752 0 0.8870492 0.4616796 -5.46446e-7 0.8870468 0.2359802 0 0.971758 0.2359824 -2.62236e-7 0.9717574 0.2359826 -2.82754e-7 0.9717574 0.23598 0 0.9717579 -0.003455817 0 0.9999941 -0.003456532 0 0.9999941 -0.003456592 0 0.999994 -0.003455758 0 0.999994 -0.2426658 0 0.9701101 -0.4677447 0 0.8838636 -0.4677444 0 0.8838638 -0.4677444 0 0.8838638 -0.4677447 0 0.8838636 -0.6657095 0 0.746211 -0.6657091 0 0.7462114 -0.6657091 0 0.7462114 -0.6657096 0 0.7462111 -0.8249329 0 0.5652309 -0.8249328 0 0.5652309 -0.9362316 0 0.3513836 -0.9362313 0 0.3513842 -0.9362283 1.03716e-6 0.3513922 -0.9362281 1.11831e-6 0.3513929 -9.69124e-4 0.9970188 0.07715457 -9.74847e-4 0.9970217 0.07711476 -9.69363e-4 0.9970188 0.0771529 -9.75096e-4 0.9970219 0.07711303 0.03389257 0.9747511 0.2207074 0.03389406 0.9747482 0.22072 0.03389263 0.9747509 0.220708 0.03389412 0.9747481 0.2207206 0.06757992 0.9307166 0.3594433 0.06758719 0.9307087 0.3594624 0.06758689 0.9307091 0.3594616 0.06757962 0.9307171 0.3594425 0.09936386 0.865856 0.4903267 0.09935468 0.8658688 0.490306 0.09935504 0.8658683 0.4903069 0.09936428 0.8658555 0.4903276 0.1284973 0.7816762 0.6103038 0.1284974 0.7816764 0.6103036 0.1284974 0.7816763 0.6103036 0.1284973 0.7816762 0.6103038 0.1543393 0.6800557 0.7167313 0.1543439 0.6800503 0.7167354 0.1543437 0.6800506 0.7167353 0.1543391 0.680056 0.7167311 0.1763293 0.5632163 0.8072765 0.1763294 0.5632067 0.8072833 0.1763294 0.5632071 0.8072829 0.1763293 0.5632168 0.8072763 0.1939581 0.4338141 0.8798784 0.1939579 0.4338221 0.8798742 0.1939579 0.4338217 0.8798744 0.193958 0.4338136 0.8798784 0.2068436 0.2946931 0.9329372 0.2068412 0.2947017 0.9329349 0.2068413 0.2947013 0.9329351 0.2068437 0.2946928 0.9329373 0.2146902 0.1490091 0.9652484 0.2146878 0.1490184 0.9652475 0.2146878 0.149018 0.9652475 0.2146903 0.1490088 0.9652485 0.2173232 0 0.9760997 0.2173244 0 0.9760994 0.2173243 0 0.9760994 0.2173231 0 0.9760998 0.2146884 -0.1490079 0.965249 0.2146901 -0.1490195 0.9652469 0.21469 -0.149019 0.965247 0.2146883 -0.1490074 0.9652491 0.2068408 -0.2946943 0.9329374 0.2068425 -0.2947088 0.9329324 0.2068424 -0.2947081 0.9329327 0.2068407 -0.2946937 0.9329377 0.1939581 -0.4338131 0.8798786 0.1939596 -0.4337987 0.8798854 0.1939595 -0.4337994 0.8798851 0.1939581 -0.4338137 0.8798784 0.1763277 -0.5632233 0.807272 0.1763287 -0.5632204 0.8072738 0.1763287 -0.5632205 0.8072738 0.1763277 -0.5632234 0.8072719 0.1543459 -0.6800322 0.7167521 0.1543463 -0.6800379 0.7167467 0.1543462 -0.6800376 0.7167469 0.1543458 -0.680032 0.7167523 0.1284924 -0.7816909 0.6102862 0.1284906 -0.7817051 0.6102682 0.1284907 -0.7817045 0.610269 0.1284924 -0.7816902 0.6102869 0.09935939 -0.8658661 0.4903097 0.099361 -0.8658607 0.4903191 0.09936094 -0.8658608 0.4903187 0.09935927 -0.8658664 0.4903092 0.06758594 -0.9307087 0.3594629 0.06758612 -0.930706 0.3594698 0.06758612 -0.9307062 0.3594695 0.06758594 -0.9307088 0.3594626 0.03389775 -0.974745 0.2207329 0.03389412 -0.9747483 0.2207193 0.03389757 -0.9747452 0.2207323 0.03389394 -0.9747484 0.2207188 -9.79315e-4 -0.9970223 0.07710844 -9.75995e-4 -0.9970214 0.07711911 -9.79176e-4 -0.9970222 0.07710886 -9.75851e-4 -0.9970214 0.07711958 0.1621025 -0.6352148 0.7551326 0.1680612 -0.6141049 0.7711229 0.1675212 -0.6140975 0.7712463 0.167531 -0.6140981 0.7712438 0.1872913 -0.4706622 0.8622059 0.1798382 -0.5313327 0.8278549 0.1802758 -0.5295953 0.8288725 0.1799476 -0.5308679 0.8281293 0.1794469 -0.5325549 0.8271542 0.1794015 -0.5326834 0.8270814 0.1406071 -0.7355617 0.6627057 0.1415242 -0.7355934 0.6624751 0.1410581 -0.7355909 0.6625773 0.1359783 -0.7503768 0.6468731 0.1102396 -0.8370167 0.5359574 0.110619 -0.8370224 0.5358703 0.1102312 -0.8370167 0.5359592 0.1058565 -0.8462948 0.5220917 0.07589191 -0.9155957 0.3948735 0.07518112 -0.916949 0.3918579 0.07391047 -0.9184875 0.3884816 0.07252383 -0.920462 0.3840444 0.0389471 -0.9692118 0.243129 0.03850406 -0.9697175 0.2411752 0.03770941 -0.9702699 0.2390699 0.03684914 -0.9709865 0.2362782 -5.3111e-5 -0.9965961 0.08244037 3.10905e-4 -0.9963906 0.08488649 3.09431e-4 -0.9963908 0.08488363 3.06565e-4 -0.9963913 0.08487808 3.05968e-4 -0.9963921 0.08486896 3.1416e-4 -0.9963893 0.08490103 3.05823e-4 -0.9963922 0.08486831 0.03874409 -0.9692109 0.2431651 0.03874516 -0.9692091 0.243172 0.03874403 -0.9692109 0.2431651 0.03874522 -0.969209 0.2431722 0.07559883 -0.9155939 0.3949338 0.07559591 -0.9155966 0.394928 0.07559883 -0.9155939 0.394934 0.07559585 -0.9155967 0.3949278 0.1098653 -0.8370096 0.5360453 0.1098712 -0.8369928 0.5360703 0.1098654 -0.8370094 0.5360458 0.1098713 -0.8369922 0.5360711 0.1406147 -0.7355846 0.6626785 0.1406112 -0.7355987 0.6626636 0.1406145 -0.735585 0.6626782 0.140611 -0.7355991 0.6626633 0.1670085 -0.6140837 0.7713686 0.1670097 -0.6140766 0.7713739 0.1670086 -0.614083 0.7713691 0.1670097 -0.6140764 0.7713741 0.1883195 -0.4758543 0.8591266 0.1883167 -0.4758661 0.8591207 0.1883195 -0.4758546 0.8591265 0.1883165 -0.4758664 0.8591205 0.2039697 -0.3246533 0.9235782 0.2039712 -0.324625 0.9235878 0.2039698 -0.324653 0.9235782 0.2039713 -0.3246241 0.9235881 0.2135369 -0.1645566 0.9629762 0.2135385 -0.1645665 0.9629742 0.2135369 -0.1645566 0.9629762 0.2135386 -0.1645668 0.9629741 0.2167537 0 0.9762263 0.216754 0 0.9762263 0.2167537 0 0.9762263 0.2167541 0 0.9762263 0.2135374 0.1645563 0.9629761 0.2135364 0.1645646 0.962975 0.2135365 0.1645643 0.962975 0.2039706 0.3246336 0.9235849 0.2039691 0.3246482 0.9235802 0.2039706 0.3246341 0.9235848 0.2039691 0.3246482 0.9235801 0.2135374 0.1645559 0.9629762 0.2135362 0.1645693 0.9629742 0.2135362 0.1645693 0.9629742 0.2139586 0.1645556 0.9628827 0.2139588 0.1645554 0.9628827 0.214386 0.1645567 0.9627876 0.2148918 0.1261239 0.9684598 0.1883207 0.4758453 0.8591313 0.1883196 0.4758592 0.8591239 0.1883207 0.4758454 0.8591312 0.1883195 0.4758597 0.8591237 0.1670079 0.6140825 0.7713698 0.1670109 0.6140784 0.7713723 0.1670079 0.614082 0.77137 0.1670109 0.6140783 0.7713724 0.1406125 0.735599 0.6626631 0.1406121 0.7355948 0.6626679 0.1406124 0.7355994 0.6626626 0.1406121 0.7355946 0.6626681 0.109866 0.8370082 0.5360473 0.1098667 0.8370056 0.5360513 0.109866 0.8370082 0.5360473 0.1098667 0.8370055 0.5360514 0.07560127 0.9155933 0.3949347 0.07560646 0.9155806 0.394963 0.07560133 0.9155931 0.3949351 0.07560664 0.9155803 0.3949639 0.0387426 0.9692122 0.2431604 0.03873515 0.9692238 0.2431151 0.03874254 0.9692124 0.2431597 0.03873491 0.9692242 0.2431136 3.10079e-4 0.9963911 0.08488088 3.1244e-4 0.9963901 0.08489269 3.12368e-4 0.9963901 0.08489233 2.61587e-4 0.9964172 0.08457458 3.03536e-4 0.9963937 0.08485084 0.03874182 0.9692133 0.2431558 0.03874188 0.9692131 0.2431563 0.07560259 0.9155871 0.3949491 0.07560253 0.9155871 0.3949488 0.1098666 0.8370068 0.5360496 0.1098666 0.8370068 0.5360496 0.1406202 0.7355619 0.6627027 0.1406202 0.7355615 0.6627029 0.1670035 0.6141125 0.7713466 0.1670035 0.6141128 0.7713465 0.1883194 0.4758511 0.8591284 0.1883193 0.4758515 0.8591281 0.2039707 0.3246343 0.9235847 0.2039707 0.324634 0.9235848 4.53723e-5 0.9965389 0.08312797 -5.46327e-5 0.9965954 0.08244913 0.03777563 0.9701229 0.239655 0.03683829 0.970997 0.2362365 0.03852343 0.9697042 0.2412258 0.03895324 0.9692062 0.2431504 0.0740115 0.9181127 0.3893474 0.07252633 0.9204601 0.3840487 0.07518303 0.9169477 0.39186 0.07588613 0.9156066 0.3948494 0.1058624 0.8462746 0.522123 0.1102309 0.837019 0.5359556 0.1106165 0.8370261 0.5358651 0.1102393 0.8370194 0.5359535 0.135971 0.7503898 0.6468595 0.1407392 0.7355645 0.6626743 0.1415315 0.7355799 0.6624885 0.1410741 0.735575 0.6625915 0.1621072 0.6351971 0.7551464 0.1671911 0.6141158 0.7713034 0.1680604 0.6141024 0.7711253 0.1675309 0.6140994 0.7712427 0.1804396 0.5286995 0.8294085 0.1800992 0.5303307 0.8284405 0.180024 0.5306276 0.8282668 0.1886798 0.4758783 0.8590342 0.1890477 0.4758822 0.8589512 0.1886803 0.4758786 0.859034 0.196901 0.392878 0.8982633 0.2043698 0.3246292 0.9234983 0.2047736 0.3246306 0.9234083 0.2043704 0.3246291 0.923498 0.209101 0.2389483 0.9482513 0.1797136 0.5319776 0.8274678 0.1794832 0.5327281 0.8270348 0.1793537 0.5330525 0.8268539 0.2164726 0.04225391 0.975374 0.2167262 0 0.9762325 0.2176424 0 0.9760286 0.2171941 0 0.9761285 0.2167541 0 0.9762263 0.213535 -0.1645678 0.9629747 0.2139597 -0.1645569 0.9628823 0.213535 -0.1645678 0.9629747 0.2039695 -0.3246434 0.9235817 0.2164784 -0.04218667 0.9753755 0.2148957 -0.1257031 0.9685136 0.2143871 -0.1645574 0.9627872 0.2139596 -0.1645568 0.9628823 0.2091588 -0.2381278 0.9484449 0.2040417 -0.3246448 0.9235653 0.204772 -0.3246437 0.923404 0.2043688 -0.3246408 0.9234944 0.1969794 -0.3920419 0.8986114 0.1886799 -0.4758642 0.859042 0.1890457 -0.4758681 0.8589594 0.1886793 -0.4758646 0.8590419 0.1670029 -0.6141146 0.7713451 0.1670029 -0.6141144 0.7713453 0.1883208 -0.4758403 0.8591341 0.1883208 -0.4758402 0.8591342 0.2039696 -0.3246431 0.9235817 0.140622 -0.7355645 0.6626992 0.140622 -0.7355647 0.6626992 0.109866 -0.8370053 0.5360521 0.109866 -0.8370053 0.5360521 0.07559686 -0.9156 0.3949202 0.07559686 -0.9156 0.3949202 0.03874832 -0.9692067 0.2431808 0.03874838 -0.9692068 0.2431809 0.2167541 0 0.9762263 -0.3346943 -6.70739e-5 0.9423269 -0.334653 -7.35746e-5 0.9423415 -0.3352131 1.3041e-5 0.9421424 -0.3351277 0 0.9421727 -0.4892846 0 0.8721241 -0.4892847 0 0.8721242 -0.6394571 0 0.7688269 -0.6394575 0 0.7688266 -0.6394571 0 0.7688268 -0.7683727 0 0.6400028 -0.7683753 8.19372e-7 0.6399996 -0.768373 0 0.6400024 -0.7683756 9.07596e-7 0.6399992 -0.8717786 9.0759e-7 0.4899002 -0.8717752 0 0.4899063 -0.8717781 8.19367e-7 0.4899009 -0.8717747 0 0.4899069 -0.9462124 0 0.3235462 -0.9462122 0 0.3235468 -0.9462124 0 0.3235462 -0.9462122 0 0.3235468 -0.9892196 0 0.1464397 -0.9892196 0 0.1464399 -0.9892197 0 0.1464397 -0.9892197 0 0.1464399 -0.9993683 0 -0.03554069 -0.9993683 0 -0.03554069 -0.9993683 0 -0.03554069 -0.9993683 0 -0.03554069 -0.9763194 0 -0.2163341 -0.9763194 0 -0.2163343 -0.9763195 0 -0.2163341 -0.9763194 0 -0.2163344 -0.9208393 0 -0.3899426 -0.9208394 0 -0.3899421 -0.9208393 0 -0.3899425 -0.9208395 0 -0.3899421 -0.8347674 0 -0.5506027 -0.8347678 0 -0.5506023 -0.8347675 0 -0.5506027 -0.8347678 0 -0.5506022 -0.7299087 0 -0.6835447 -0.7298647 9.46617e-6 -0.6835917 -0.7296608 5.29311e-5 -0.6838093 -0.7295837 6.92379e-5 -0.6838915 -0.6141819 -4.71417e-5 -0.7891645 -0.6139689 9.90951e-6 -0.7893303 -0.6137413 7.00477e-5 -0.7895072 -0.613404 1.60123e-4 -0.7897694 -0.5113905 -7.93836e-5 -0.8593485 -0.1838595 4.96443e-5 0.9829526 -0.1835919 -7.8599e-6 0.9830026 -0.1832183 -8.76915e-5 0.9830722 -0.1828877 -1.58223e-4 0.9831338 -0.06029111 8.15122e-5 0.9981808 -0.01776802 0.006417393 0.9998216 0.01721847 -4.97243e-5 0.9998518 0.09001421 6.91826e-5 0.9959405 0.0902847 -1.14993e-5 0.9959161 0.0900672 5.33759e-5 0.9959357 0.09044235 -5.85191e-5 0.9959018 0.1744717 3.62929e-5 0.9846622 -0.4743334 -0.006419003 -0.880322 -0.4432373 5.28651e-5 -0.8964044 -0.3767712 -6.59771e-5 -0.9263064 -0.3765318 1.12078e-5 -0.9264038 -0.3764265 4.56061e-5 -0.9264466 -0.3763923 5.619e-5 -0.9264605 -0.2965121 -3.81413e-5 -0.9550292 0 1 2.92301e-7 0 1 -5.25897e-7 0 1 1.79793e-6 0 1 2.73567e-6 0 1 -1.30255e-6 0 1 9.19685e-7 0 1 1.98065e-7 0 1 7.43664e-6 0 1 0 0 1 1.27183e-6 0 1 3.98295e-6 0 1 4.38954e-6 0 1 2.93472e-6 0 1 1.11416e-6 0 1 7.70885e-6 0 1 -3.09397e-6 0 1 1.36885e-6 0 1 -1.54706e-6 0 1 1.19212e-7 0 1 -4.7441e-7 0 1 -1.02961e-6 0 1 6.24551e-6 0 1 -1.01266e-6 0 1 -2.89285e-6 0 1 3.79289e-6 0 1 -1.60902e-6 0 1 -5.48492e-6 0 1 4.10551e-6 0 1 -2.53456e-6 0 1 4.22462e-6 0 1 -2.93474e-6 0 1 1.21515e-5 0 1 9.97279e-7 0 1 7.9116e-7 0 1 -2.43035e-5 0 1 -2.34857e-7 0 1 6.77976e-7 0 1 -2.42998e-5 0 1 -3.14121e-6 0 1 -9.84597e-6 0 -1 -1.78425e-7 0 -1 -3.07441e-6 0 -1 -3.28221e-7 0 -1 8.3757e-7 0 -1 1.37312e-6 0 -1 -6.65068e-7 0 -1 -2.26871e-6 0 -1 2.63125e-6 0 -1 -2.16326e-7 0 -1 -2.11651e-6 0 -1 6.14825e-7 0 -1 -6.50833e-6 0 -1 -1.00801e-6 0 -1 -2.9649e-7 0 -1 -2.39908e-6 0 -1 0 0 -1 -1.38497e-6 0 -1 -2.09392e-7 0 -1 -1.75807e-7 0 -1 7.68607e-7 0 -1 -7.68374e-7 0 -1 1.35091e-6 0 -1 3.06461e-7 0 -1 -2.30362e-7 0 -1 -5.85079e-7 0 -1 2.99889e-7 0 -1 2.76286e-6 0 -1 0 0 -1 3.38181e-6 0 -1 8.98011e-7 0 -1 -1.72721e-6 0 -1 -1.61866e-5 0 -1 1.18945e-5 0 -1 4.05569e-6 0 -1 -2.21509e-6 0 -1 -8.19301e-6 0 -1 0 0 -1 -5.44195e-7 0 -1 -8.83604e-7 0 -1 -9.75022e-6 0 -1 -5.85086e-7 0 -1 0 -0.9717604 -9.7256e-6 0.2359699 -0.9717576 -1.71774e-6 0.2359814 0.06699877 0.5773268 -0.8137598 0.1803768 0.9493691 0.2572212 -0.97176 1.37207e-5 0.2359713 -0.9782382 0.03120934 0.2051247 0.8978785 -0.04260283 -0.438177 0.9792283 0.004950821 -0.2027002 -0.9103157 -0.1870278 0.3692505 -0.9704904 0.003629922 0.2411128 0.9564827 0.2303874 -0.1790603 0.9873064 -0.03185898 -0.1555998 0.1320006 -0.6027625 0.7869265 0.1574693 -0.9794891 -0.1257163 -0.9588445 -0.1106047 0.2615031 -0.1964587 -0.9804866 0.007088661 0.9717553 -4.68621e-6 -0.2359907 0.9717602 -3.78737e-6 -0.2359708 0.9717631 5.91584e-6 -0.2359588 0.9717614 3.97879e-5 -0.2359657 0.9717584 -2.06027e-6 -0.2359784 0.9717606 -8.55855e-6 -0.2359694 0.9717611 6.01507e-5 -0.235967 0.9717631 -7.29349e-6 -0.2359586 0.9717585 9.82565e-6 -0.2359778 0.9717617 0 -0.2359645 0.9717576 1.99145e-5 -0.2359814 0.9717577 5.60959e-6 -0.2359808 0.9717569 3.92682e-6 -0.235984 0.9717618 -1.37927e-5 -0.2359645 0.9717489 -9.64525e-6 -0.2360176 0.9717599 8.27896e-6 -0.2359716 0.9717395 -5.95884e-5 -0.2360563 0.9717594 8.40793e-6 -0.2359737 0.9717596 -3.74949e-6 -0.2359737 0.9717704 -1.28774e-6 -0.2359286 0.9717586 8.34328e-6 -0.2359774 0.9717586 1.83003e-6 -0.2359774 0.9717617 6.30815e-6 -0.2359647 0.9717591 -8.77417e-6 -0.2359752 0.9717714 -3.80362e-5 -0.2359245 0.9717612 8.1876e-6 -0.2359666 0.9717569 -1.79264e-5 -0.2359843 0.971751 2.75593e-5 -0.2360089 0.9717587 -2.06996e-5 -0.2359769 0.9717626 6.69543e-6 -0.235961 0.9717612 -1.55699e-5 -0.2359663 0.9717632 7.99616e-6 -0.2359583 0.9717624 1.52352e-6 -0.2359614 0.9717608 7.41789e-6 -0.2359687 0.9717589 -1.00003e-6 -0.235976 0.9717604 1.43479e-5 -0.23597 0.9717601 0 -0.2359713 0.9717551 3.2155e-7 -0.2359917 0.9717547 -2.83105e-5 -0.235993 0.9717593 -4.21953e-6 -0.2359744 0.9717631 -4.1582e-6 -0.2359584 0.971758 -1.02972e-6 -0.2359799 0.9717593 8.14203e-6 -0.2359746 0.9717507 -2.34533e-5 -0.2360096 0.9717608 -4.11314e-6 -0.2359684 0.9717611 -3.8416e-7 -0.2359673 0.9717596 -5.70638e-6 -0.2359736 0.9717575 1.22814e-5 -0.2359816 0.9717606 -1.6026e-5 -0.2359688 0.9717468 -3.1936e-5 -0.2360259 0.9717605 -2.40569e-6 -0.2359697 0.9717575 6.25519e-6 -0.235982 0.9717584 1.66866e-5 -0.2359781 0.9717599 -1.24239e-5 -0.2359721 0.9717031 4.11279e-5 -0.2362055 0.9717622 4.04857e-7 -0.2359621 0.9717605 1.11057e-5 -0.2359696 0.9717562 1.52826e-6 -0.2359872 0.9717583 -1.23471e-5 -0.2359788 0.9717478 1.06589e-4 -0.2360219 0.9717617 -8.46107e-6 -0.2359647 0.971761 7.64193e-7 -0.2359673 0.9717542 1.71924e-5 -0.2359954 0.9717596 -8.22352e-6 -0.2359735 0.9717628 6.97261e-6 -0.2359601 0.9717722 -1.31868e-4 -0.2359212 0.9717597 6.13047e-6 -0.2359728 -0.97176 9.94346e-6 0.2359716 -0.9717593 1.02067e-5 0.2359746 -0.9717598 3.90336e-6 0.2359722 -0.9717595 4.58264e-6 0.2359738 -0.9717605 -1.09307e-5 0.2359698 -0.9717594 -1.08379e-5 0.2359737 -0.9717609 5.89641e-6 0.2359675 -0.9717594 1.05826e-5 0.2359738 -0.97176 2.72583e-5 0.2359712 -0.9717575 -3.5816e-5 0.2359819 -0.9717619 3.90537e-5 0.235964 -0.9717571 5.71666e-5 0.2359836 -0.03865194 -0.9963917 -0.07556313 -0.03865206 -0.9963916 -0.07556372 -0.03865474 -0.9963901 -0.07558178 -0.03855109 -0.9964176 -0.07527261 -0.03864407 -0.9963949 -0.07552301 -0.03809487 -0.9965358 -0.07392877 -0.07709252 -0.9692079 -0.233865 -0.07689738 -0.9692131 -0.2339079 -0.07709252 -0.9692078 -0.2338652 -0.07689219 -0.9692131 -0.2339091 -0.1139425 -0.9155952 -0.3856198 -0.1136618 -0.9155995 -0.3856925 -0.1139426 -0.9155953 -0.3856197 -0.1136548 -0.9155997 -0.3856943 -0.1482118 -0.8370025 -0.5267447 -0.1481723 -0.8370041 -0.5267535 -0.1482118 -0.8370026 -0.5267447 -0.1478379 -0.8370124 -0.5268342 -0.1789653 -0.7355703 -0.6533819 -0.1789889 -0.7355587 -0.6533884 -0.1789653 -0.7355703 -0.6533818 -0.1785104 -0.7355911 -0.6534829 -0.2053468 -0.6141121 -0.7620362 -0.2051622 -0.6141055 -0.7620912 -0.2053467 -0.614112 -0.7620363 -0.2048334 -0.6140854 -0.7621958 -0.2266634 -0.4758527 -0.8498164 -0.2263053 -0.4758602 -0.8499076 -0.2266634 -0.4758529 -0.8498165 -0.2263048 -0.4758602 -0.8499078 -0.2423168 -0.3246279 -0.9142754 -0.2422454 -0.3246386 -0.9142904 -0.2423168 -0.3246278 -0.9142754 -0.2419202 -0.3246425 -0.9143753 -0.251882 -0.1645585 -0.9536646 -0.2514654 -0.1645726 -0.953772 -0.251882 -0.1645587 -0.9536646 -0.2514653 -0.1645728 -0.953772 -0.255098 0 -0.9669153 -0.2549878 0 -0.9669443 -0.2546634 0 -0.9670299 -0.2518805 0.1645589 -0.9536649 -0.2514637 0.1645714 -0.9537727 -0.2518805 0.1645591 -0.9536648 -0.2514639 0.1645716 -0.9537726 -0.2423163 0.3246206 -0.914278 -0.2419238 0.3246345 -0.914377 -0.2423164 0.3246206 -0.9142781 -0.2419245 0.3246347 -0.9143768 -0.2266623 0.4758605 -0.8498124 -0.2266292 0.4758508 -0.8498266 -0.2266622 0.4758608 -0.8498122 -0.2263035 0.4758712 -0.849902 -0.2053484 0.6141115 -0.7620362 -0.2051544 0.6141014 -0.7620965 -0.2053484 0.6141116 -0.7620362 -0.2048433 0.6140885 -0.7621907 -0.1789638 0.7355685 -0.6533843 -0.1788392 0.7355702 -0.6534165 -0.1789639 0.7355681 -0.6533848 -0.1785234 0.7355754 -0.6534969 -0.1482113 0.837005 -0.5267412 -0.1478382 0.8370108 -0.5268366 -0.1482113 0.8370048 -0.5267413 -0.1478465 0.8370106 -0.5268347 -0.1139474 0.9155856 -0.3856412 -0.1136487 0.9156086 -0.3856745 -0.1139473 0.9155858 -0.3856409 -0.1124851 0.9184817 -0.3791289 -0.07708537 0.9692153 -0.2338368 -0.07689541 0.969207 -0.2339335 -0.07708543 0.9692152 -0.2338371 -0.07612597 0.970277 -0.229712 -0.03865176 0.9963918 -0.07556182 -0.03808504 0.9965383 -0.07389861 -0.03850841 0.9964296 -0.07513558 -0.03785914 0.9965958 -0.07323729 -0.0756098 0.9709964 -0.2268244 -0.07639259 0.9697151 -0.2319846 -0.1116796 0.9204644 -0.3745303 -0.1129025 0.916952 -0.3826909 -0.1453795 0.8462805 -0.5125176 -0.1474636 0.8370193 -0.526928 -0.1758301 0.7503903 -0.6371799 -0.1780591 0.7355796 -0.6536189 -0.202273 0.6351802 -0.7454071 -0.2043066 0.6140909 -0.7623327 -0.2289073 0.4711447 -0.8518357 -0.2289073 0.4711449 -0.8518357 -0.2289072 0.4711448 -0.8518358 -0.2198571 0.5313538 -0.8181235 -0.2199354 0.5296159 -0.8192287 -0.2198797 0.5308569 -0.8184399 -0.2198741 0.5325912 -0.8173139 -0.219884 0.5327125 -0.8172323 -0.03785562 -0.9965959 -0.07323729 -0.07561588 -0.970987 -0.2268629 -0.0766918 -0.9692174 -0.2339575 -0.1116821 -0.9204636 -0.3745316 -0.1133627 -0.9156036 -0.3857706 -0.1453729 -0.8462982 -0.5124902 -0.1474611 -0.8370197 -0.5269282 -0.1758332 -0.7503759 -0.6371959 -0.1780557 -0.7355936 -0.653604 -0.2022739 -0.6352052 -0.7453856 -0.2043063 -0.6140905 -0.7623332 -0.220033 -0.5287219 -0.8197797 -0.2198954 -0.5303119 -0.818789 -0.2198833 -0.5305906 -0.8186115 -0.2259402 -0.4758656 -0.8500018 -0.2369848 -0.3928635 -0.8885362 -0.2415191 -0.3246443 -0.9144806 -0.2490703 -0.23896 -0.9385426 -0.2510428 -0.1645745 -0.9538831 -0.2531892 -0.1261556 -0.9591559 -0.2549548 -0.04223096 -0.9660304 -0.2197829 -0.5320898 -0.8176651 -0.2197995 -0.5327321 -0.8172422 -0.2198299 -0.5330559 -0.8170228 -0.2542216 0 -0.9671461 -0.2549564 0.04218059 -0.9660322 -0.2532138 0.1257303 -0.9592052 -0.2510382 0.1645714 -0.9538847 -0.249109 0.2381169 -0.9387466 -0.2415237 0.3246359 -0.9144822 -0.2370764 0.3920282 -0.8888806 -0.2259396 0.4758752 -0.8499965 -0.03865581 0.9963902 -0.07558023 -0.03865593 0.9963902 -0.07558 -0.0770871 0.9692131 -0.233845 -0.07708704 0.9692132 -0.2338449 -0.1139442 0.9155945 -0.385621 -0.1139443 0.9155943 -0.3856214 -0.14821 0.8370078 -0.526737 -0.14821 0.8370078 -0.5267369 -0.1789583 0.7355952 -0.6533557 -0.1789582 0.7355954 -0.6533555 -0.205352 0.6140913 -0.7620515 -0.2053521 0.614091 -0.7620517 -0.2266649 0.4758419 -0.8498221 -0.2266649 0.4758419 -0.849822 -0.2423149 0.3246393 -0.9142718 -0.2423149 0.3246397 -0.9142716 -0.2518815 0.1645557 -0.9536651 -0.2518816 0.1645557 -0.9536651 -0.2550995 0 -0.9669148 -0.2550995 0 -0.9669149 -0.2518818 -0.1645565 -0.9536649 -0.2518817 -0.1645566 -0.9536649 -0.2423166 -0.3246433 -0.9142699 -0.2423166 -0.3246436 -0.9142699 -0.2266647 -0.4758496 -0.8498178 -0.2266647 -0.4758497 -0.8498178 -0.2053525 -0.6140906 -0.762052 -0.2053526 -0.6140902 -0.7620522 -0.1789609 -0.7355798 -0.6533723 -0.1789608 -0.7355803 -0.6533719 -0.1482104 -0.837009 -0.526735 -0.1482105 -0.8370088 -0.5267353 -0.1139428 -0.9155973 -0.3856146 -0.1139428 -0.9155973 -0.3856147 -0.07708966 -0.9692103 -0.233856 -0.07708966 -0.9692103 -0.2338557 -0.03865587 0.9963902 -0.07558047 -0.07708019 0.9692211 -0.2338144 -0.07707995 0.9692213 -0.2338136 -0.1139518 0.9155777 -0.3856586 -0.1139519 0.9155772 -0.3856599 -0.1482104 0.8370074 -0.5267375 -0.1482104 0.8370074 -0.5267375 -0.1789572 0.7355871 -0.6533651 -0.1789572 0.7355869 -0.6533653 -0.205353 0.6140913 -0.7620512 -0.205353 0.6140914 -0.7620511 -0.2266659 0.4758521 -0.8498162 -0.226666 0.4758524 -0.8498159 -0.2423158 0.3246517 -0.9142671 -0.2423158 0.3246521 -0.914267 -0.2518828 0.1645616 -0.9536638 -0.2518829 0.1645618 -0.9536638 -0.2550993 0 -0.966915 -0.2550993 0 -0.966915 -0.2518832 -0.164563 -0.9536635 -0.2518833 -0.1645632 -0.9536634 -0.2423155 -0.324643 -0.9142703 -0.2423155 -0.324643 -0.9142703 -0.2266644 -0.4758598 -0.8498123 -0.2266644 -0.4758601 -0.8498121 -0.2053526 -0.6140874 -0.7620545 -0.2053526 -0.6140872 -0.7620548 -0.178958 -0.7355907 -0.6533609 -0.1789579 -0.7355911 -0.6533604 -0.1482164 -0.8369953 -0.5267551 -0.1482166 -0.8369948 -0.5267558 -0.1139422 -0.9155973 -0.3856148 -0.1139421 -0.9155973 -0.385615 -0.07709079 -0.9692105 -0.2338548 -0.07709079 -0.9692105 -0.2338547 -0.97176 2.20558e-5 0.2359712 -0.9717638 6.04617e-7 0.2359562 -0.9717673 9.76745e-6 0.2359416 -0.9717587 -2.1639e-5 0.2359767 -0.9717567 -3.26893e-5 0.2359852 -0.9717578 -2.34498e-5 0.2359807 -0.9717595 -1.46833e-5 0.2359739 -0.971762 -4.25201e-6 0.2359632 -0.9717623 -3.75331e-6 0.2359622 -0.9717618 -2.21543e-5 0.2359642 -0.9717622 -5.77476e-6 0.2359628 -0.9717631 1.25902e-5 0.2359588 -0.9717631 1.31462e-5 0.2359584 -0.9717623 -1.68965e-5 0.2359622 -0.971762 -2.3144e-5 0.2359635 -0.9717634 -9.23529e-6 0.2359578 -0.9717643 -6.34065e-6 0.2359541 -0.9717649 -1.14767e-5 0.2359517 -0.9717646 -1.35278e-5 0.2359526 -0.9717617 -1.34315e-5 0.2359644 -0.9717572 -7.95058e-6 0.2359833 -0.9717549 -9.26494e-6 0.2359929 -0.9717553 -2.58604e-6 0.2359913 -0.9717568 0 0.235985 -0.9717578 6.82826e-6 0.2359803 -0.9717584 5.5935e-6 0.2359781 -0.9717587 -4.92665e-6 0.2359768 -0.9717592 1.00816e-6 0.2359749 -0.9717592 1.22902e-6 0.2359753 -0.9717631 7.56648e-6 0.2359588 -0.9717544 1.28085e-7 0.2359944 -0.9717559 2.1729e-6 0.2359884 -0.9717635 5.91443e-6 0.2359573 -0.9717667 3.83279e-6 0.2359439 -0.9717631 8.76369e-6 0.2359588 -0.9717614 4.34228e-6 0.2359657 -0.9717593 7.9399e-6 0.2359743 -0.971759 1.71271e-5 0.2359759 -0.9717615 2.09441e-5 0.2359651 -0.9717613 1.13096e-5 0.2359662 -0.9717598 -8.39568e-6 0.2359725 -0.9717575 -7.77168e-6 0.2359822 -0.9717606 -4.06135e-6 0.2359693 -0.9717621 -6.20218e-6 0.2359628 -0.9717609 -1.4108e-5 0.2359676 -0.9717594 -1.39078e-5 0.2359741 -0.97176 -7.93994e-6 0.2359716 -0.9717609 -6.51352e-6 0.2359676 -0.9717582 -1.02399e-5 0.235979 -0.9717556 -4.40568e-6 0.2359896 -0.9717584 1.50507e-7 0.2359781 -0.9717659 3.70479e-6 0.2359472 -0.9717639 -1.34809e-7 0.2359555 -0.9717577 7.13526e-6 0.2359812 -0.9717517 2.01545e-5 0.2360057 -0.9717585 1.18269e-5 0.235978 -0.9717602 -1.31264e-5 0.235971 -0.9717621 -2.17928e-5 0.2359626 -0.9717621 -1.56415e-5 0.2359632 -0.9717603 8.01366e-7 0.2359701 -0.9717583 1.16286e-5 0.2359789 -0.9717574 1.18325e-5 0.2359821 -0.9717608 3.56022e-6 0.2359682 -0.9717654 -1.31387e-5 0.2359492 -0.9717633 -1.14158e-5 0.2359582 -0.9717566 9.3043e-6 0.2359852 -0.9717551 2.32076e-5 0.2359919 -0.971759 8.54077e-6 0.2359753 -0.9717625 -8.16296e-6 0.2359613 -0.971762 -1.52125e-5 0.2359632 -0.9717599 -9.262e-6 0.2359719 -0.9717583 -4.50543e-6 0.2359784 -0.9717577 7.08164e-6 0.2359811 -0.9717578 1.00443e-5 0.2359805 -0.9717609 5.82691e-6 0.2359677 -0.9717612 9.96248e-6 0.2359668 -0.9717605 1.02124e-5 0.2359693 -0.971759 1.99103e-5 0.235976 -0.9717596 2.06034e-5 0.2359734 -0.03623276 -0.9970226 -0.06806761 -0.0362364 -0.9970213 -0.06808537 -0.03623294 -0.9970225 -0.06806832 -0.03623658 -0.9970211 -0.06808614 -0.07110971 -0.9747449 -0.2116976 -0.07110595 -0.9747483 -0.2116832 -0.07110959 -0.974745 -0.2116971 -0.07110577 -0.9747485 -0.2116826 -0.1047981 -0.9307078 -0.3504289 -0.1047989 -0.930706 -0.3504335 -0.1047989 -0.9307061 -0.3504333 -0.104798 -0.9307078 -0.3504288 -0.1365713 -0.8658652 -0.481275 -0.1365717 -0.8658615 -0.4812816 -0.1365717 -0.8658617 -0.4812813 -0.1365713 -0.8658655 -0.4812749 -0.1657044 -0.7816931 -0.601247 -0.1657024 -0.7816979 -0.6012414 -0.1657025 -0.7816978 -0.6012416 -0.1657045 -0.7816929 -0.6012473 -0.1915575 -0.680036 -0.7077124 -0.1915558 -0.6800345 -0.7077143 -0.1915559 -0.6800345 -0.7077142 -0.1915577 -0.6800361 -0.7077123 -0.2135379 -0.563226 -0.7982344 -0.2135386 -0.5632191 -0.7982391 -0.2135385 -0.5632194 -0.7982388 -0.2135379 -0.5632263 -0.7982342 -0.2311704 -0.4338024 -0.8708478 -0.2311714 -0.4338099 -0.8708437 -0.2311714 -0.4338096 -0.8708438 -0.2311703 -0.4338021 -0.8708479 -0.2440537 -0.294705 -0.9238976 -0.244054 -0.294698 -0.9238998 -0.2440539 -0.2946983 -0.9238997 -0.2440537 -0.2947053 -0.9238976 -0.2519004 -0.1490083 -0.9562127 -0.2519001 -0.1490163 -0.9562116 -0.2519001 -0.149016 -0.9562116 -0.2519004 -0.149008 -0.9562128 -0.2545347 0 -0.9670637 -0.2545349 0 -0.9670636 -0.2545349 0 -0.9670636 -0.2545347 0 -0.9670637 -0.2519001 0.1490083 -0.9562128 -0.251899 0.1490161 -0.9562119 -0.2518991 0.1490157 -0.9562119 -0.2519003 0.149008 -0.9562129 -0.2440531 0.2947034 -0.9238983 -0.2440559 0.2946908 -0.9239016 -0.2440558 0.2946913 -0.9239015 -0.2440529 0.294704 -0.9238982 -0.2311705 0.4338032 -0.8708474 -0.2311678 0.4338297 -0.8708349 -0.2311679 0.4338285 -0.8708354 -0.2311705 0.433802 -0.8708478 -0.2135406 0.5632139 -0.7982423 -0.2135419 0.5632089 -0.7982454 -0.2135419 0.5632091 -0.7982453 -0.2135405 0.5632141 -0.798242 -0.1915519 0.680064 -0.7076869 -0.191555 0.6800453 -0.7077041 -0.1915549 0.6800461 -0.7077034 -0.1915518 0.6800649 -0.7076863 -0.1657077 0.7816779 -0.6012659 -0.1657091 0.781671 -0.6012744 -0.1657091 0.7816713 -0.6012741 -0.1657077 0.7816781 -0.6012656 -0.1365762 0.8658581 -0.4812867 -0.1365662 0.8658733 -0.4812621 -0.1365666 0.8658726 -0.4812631 -0.1365766 0.8658575 -0.4812877 -0.1047933 0.9307141 -0.3504135 -0.1048015 0.9307059 -0.350433 -0.1048012 0.9307062 -0.3504322 -0.104793 0.9307145 -0.3504127 -0.07110303 0.97475 -0.2116761 -0.07110458 0.9747492 -0.2116793 -0.07110309 0.97475 -0.2116762 -0.0711047 0.9747492 -0.2116794 -0.0362429 0.9970185 -0.06812268 -0.03623753 0.9970215 -0.06808042 -0.03624266 0.9970186 -0.06812095 -0.03623735 0.9970217 -0.06807857 -0.9931169 1.11832e-6 0.117128 -0.9931169 1.03717e-6 0.1171272 -0.9931179 0 0.1171185 -0.993118 0 0.1171178 -0.9922878 0 -0.1239553 -0.9922878 0 -0.1239554 -0.9337921 0 -0.357816 -0.9337923 0 -0.3578158 -0.9337923 0 -0.3578157 -0.9337921 0 -0.357816 -0.821024 0 -0.5708939 -0.8210238 0 -0.570894 -0.8210238 0 -0.5708941 -0.6605362 0 -0.7507944 -0.6605363 0 -0.7507941 -0.6605364 0 -0.7507941 -0.4616797 0 -0.8870468 -0.4616792 0 -0.8870471 -0.4616792 0 -0.8870471 -0.4616798 0 -0.8870468 -0.2359634 0 -0.971762 -0.2359627 0 -0.9717622 -0.2359626 0 -0.9717621 -0.2359634 0 -0.971762 0.003435432 0 -0.9999941 0.003435432 0 -0.9999941 0.2426459 0 -0.970115 0.2426458 0 -0.970115 0.4677771 0 -0.8838465 0.4677774 0 -0.8838464 0.4677774 0 -0.8838463 0.4677771 0 -0.8838465 0.6656913 0 -0.7462273 0.6656913 0 -0.7462273 0.8249407 1.23385e-6 -0.5652194 0.8249353 0 -0.5652272 0.8249349 0 -0.5652279 0.8249411 1.33039e-6 -0.5652187 0.9362316 8.64152e-7 -0.3513836 0.9362319 8.01444e-7 -0.3513831 0.936234 0 -0.3513773 0.9362342 0 -0.3513767 0.02843672 -0.9927129 0.1171004 0.02843385 -0.9927147 0.1170857 0.02843666 -0.992713 0.1171002 0.02843642 -0.99271 0.117125 0.02843618 -0.9927142 0.1170899 0.08367866 -0.9350135 0.3445981 0.08367967 -0.9350132 0.3445984 0.08367866 -0.9350135 0.3445978 0.08367913 -0.9350109 0.3446048 0.1340521 -0.822972 0.552039 0.1340489 -0.8229786 0.55203 0.1340522 -0.8229719 0.5520392 0.1340479 -0.8229824 0.5520247 0.1766309 -0.6631219 0.7273725 0.1766244 -0.6631392 0.7273584 0.1766307 -0.6631224 0.7273722 0.1766243 -0.6631394 0.7273584 0.2089452 -0.4647177 0.8604531 0.2089445 -0.4647144 0.8604549 0.2089452 -0.4647175 0.8604531 0.2089445 -0.4647144 0.8604549 0.2291133 -0.2393312 0.9435188 0.2291153 -0.2393253 0.9435198 0.2291134 -0.239331 0.9435188 0.2291154 -0.2393248 0.94352 0.2359737 0 0.9717594 0.2359724 0 0.9717599 0.2359737 0 0.9717596 0.2359724 0 0.9717599 0.2291156 0.2393311 0.9435183 0.2291162 0.2393264 0.9435193 0.2291156 0.2393309 0.9435183 0.2291161 0.2393259 0.9435195 0.2089452 0.4647177 0.8604531 0.2089449 0.464715 0.8604546 0.2089451 0.4647175 0.8604531 0.2089449 0.464715 0.8604546 0.1766282 0.6631174 0.7273774 0.1766274 0.6631309 0.7273651 0.1766282 0.6631177 0.7273771 0.1766274 0.6631311 0.7273651 0.1340484 0.8229823 0.5520247 0.1340497 0.8229803 0.5520275 0.1340484 0.8229821 0.552025 0.1340497 0.8229801 0.5520276 0.08367991 0.9350112 0.3446038 0.08367991 0.9350093 0.3446089 0.08367991 0.9350113 0.3446038 0.08367991 0.9350094 0.3446087 0.02843433 0.9927135 0.1170964 0.02843379 0.9927138 0.1170939 0.02843427 0.9927134 0.1170963 0.02843493 0.9927142 0.1170892 0.02843374 0.9927135 0.1170966 0.08368086 0.9350116 0.3446026 0.08367967 0.9350125 0.3446004 0.08368086 0.9350115 0.3446027 0.08368051 0.9350122 0.344601 0.1340485 0.8229847 0.5520211 0.1340478 0.8229829 0.5520239 0.1340485 0.8229849 0.5520207 0.1340492 0.8229722 0.5520394 0.1766272 0.6631256 0.7273702 0.1766288 0.6631148 0.7273796 0.1766272 0.6631253 0.7273704 0.1766289 0.6631147 0.7273797 0.2089424 0.4647215 0.8604517 0.2089414 0.4647366 0.8604437 0.2089424 0.4647219 0.8604514 0.2089414 0.4647369 0.8604436 0.2291169 0.239324 0.9435197 0.2291154 0.2393161 0.9435221 0.2291169 0.2393237 0.9435198 0.2291154 0.2393156 0.9435222 0.2359735 0 0.9717595 0.2359725 0 0.9717597 0.2359735 0 0.9717596 0.2359725 0 0.9717597 0.2291142 -0.2393172 0.9435222 0.2291145 -0.2393171 0.943522 0.2291143 -0.2393173 0.9435222 0.2291147 -0.2393169 0.9435221 0.2089455 -0.4647215 0.860451 0.2089415 -0.4647386 0.8604426 0.2089453 -0.464722 0.8604508 0.2089414 -0.4647389 0.8604425 0.1766276 -0.6631304 0.7273656 0.1766294 -0.6631147 0.7273795 0.1766278 -0.6631301 0.727366 0.1766294 -0.6631147 0.7273796 0.1340504 -0.8229762 0.5520332 0.1340474 -0.8229834 0.5520233 0.1340504 -0.8229765 0.5520329 0.1340473 -0.8229835 0.5520231 0.08367568 -0.9350163 0.344591 0.08367973 -0.9350117 0.3446025 0.0836758 -0.9350162 0.3445913 0.08367985 -0.9350118 0.3446025 0.1340493 0.8229719 0.5520401 0.08367788 0.9350154 0.3445928 0.08368045 0.9350122 0.3446009 0.02843534 0.9927124 0.1171049 0.02843552 0.9927129 0.1171001 0.08367782 0.9350156 0.3445926 0.02843552 0.992713 0.1171001 0.1340477 -0.8229827 0.5520243 0.08367854 -0.9350116 0.3446031 0.08367913 -0.9350109 0.344605 0.02843499 -0.9927126 0.1171037 0.02843546 -0.9927126 0.1171029 0.08367854 -0.9350116 0.344603 0.02843546 -0.9927127 0.1171031 0.08367967 -0.9350132 0.3445984 0.1340471 -0.8229837 0.5520229 0.1340471 -0.8229838 0.5520228 0.1766301 -0.663121 0.7273736 0.1766301 -0.6631208 0.7273738 0.2089415 -0.4647388 0.8604425 0.2089416 -0.4647392 0.8604424 0.2291174 -0.2392966 0.9435266 0.2291173 -0.2392968 0.9435266 0.2359721 0 0.9717599 0.2291164 0.239295 0.9435273 0.2291164 0.2392953 0.9435271 0.2089412 0.4647365 0.8604438 0.2089412 0.4647368 0.8604437 0.1766299 0.6631186 0.727376 0.1766299 0.6631183 0.7273761 0.1340478 0.8229828 0.552024 0.1340488 -0.8229788 0.5520297 0.1766268 -0.6631259 0.72737 0.1766269 -0.6631255 0.7273703 0.2089435 -0.4647185 0.860453 0.2089435 -0.464719 0.8604528 0.2291164 -0.2392987 0.9435263 0.2291164 -0.2392982 0.9435265 0.235973 0 0.9717596 0.235973 0 0.9717596 0.2291158 0.2392982 0.9435266 0.2291158 0.2392978 0.9435266 0.2089436 0.4647191 0.8604527 0.2089435 0.4647193 0.8604525 0.1766268 0.6631233 0.7273723 0.1766268 0.6631231 0.7273725 0.1340491 0.822979 0.5520296 0.134049 0.822979 0.5520296 0.08367967 0.9350124 0.3446007 0.9717611 6.75788e-6 -0.2359668 0.9717595 0 -0.2359739 0.9717589 2.50955e-6 -0.2359763 0.9717587 -2.20521e-6 -0.2359774 0.971756 -6.61527e-6 -0.2359881 0.9717626 -6.84564e-7 -0.2359609 0.9717564 -3.69613e-6 -0.2359867 0.9717612 -1.43604e-6 -0.2359666 0.9717662 8.93978e-6 -0.2359461 0.971746 2.32965e-6 -0.2360294 0.9717606 4.34003e-6 -0.2359691 0.9717601 2.55607e-6 -0.2359709 0.9717598 -2.33504e-6 -0.2359722 0.97176 -1.42651e-6 -0.2359715 0.9717596 1.69083e-6 -0.2359731 0.9717599 -3.54819e-6 -0.2359721 0.9717597 -1.348e-5 -0.2359728 0.9717591 9.17238e-6 -0.2359755 0.97176 2.88606e-5 -0.2359715 0.9717597 -1.65657e-5 -0.2359729 0.9717578 -2.38425e-5 -0.2359808 0.9717597 -1.55695e-6 -0.2359727 0.9717597 -2.88209e-7 -0.2359728 0.9717603 1.49945e-6 -0.2359701 0.9717611 4.05458e-6 -0.235967 -0.02843523 0.9927134 -0.1170971 -0.02843451 0.9927135 -0.117096 -0.02843517 0.9927123 -0.1171061 -0.02843487 0.9927113 -0.1171149 -0.02843523 0.9927123 -0.1171061 -0.08367806 0.9350151 -0.344594 -0.08367812 0.9350122 -0.3446015 -0.08367806 0.9350149 -0.3445944 -0.08367812 0.9350122 -0.3446016 -0.1340469 0.822982 -0.5520254 -0.1340458 0.822984 -0.5520227 -0.1340469 0.8229821 -0.5520254 -0.1340459 0.8229839 -0.5520231 -0.1766245 0.6631286 -0.7273681 -0.1766266 0.6631142 -0.7273806 -0.1766246 0.6631281 -0.7273685 -0.1766266 0.6631144 -0.7273804 -0.2089424 0.4647208 -0.860452 -0.20894 0.4647355 -0.8604446 -0.2089424 0.4647213 -0.8604517 -0.2089401 0.4647355 -0.8604446 -0.2291134 0.2392998 -0.9435268 -0.2291127 0.2392999 -0.9435269 -0.2291134 0.2392998 -0.9435268 -0.2291127 0.2393002 -0.9435268 -0.2359719 0 -0.9717599 -0.2359707 0 -0.9717602 -0.2359719 0 -0.97176 -0.2359707 0 -0.9717602 -0.2291133 -0.239301 -0.9435265 -0.2291144 -0.2393012 -0.9435262 -0.2291134 -0.239301 -0.9435265 -0.2291145 -0.2393015 -0.943526 -0.2089414 -0.4647177 -0.8604539 -0.2089397 -0.4647374 -0.8604437 -0.2089413 -0.4647183 -0.8604537 -0.2089398 -0.4647374 -0.8604438 -0.1766239 -0.6631287 -0.7273681 -0.1766272 -0.6631137 -0.7273811 -0.176624 -0.6631281 -0.7273686 -0.1766272 -0.6631137 -0.7273811 -0.1340472 -0.8229812 -0.5520266 -0.1340456 -0.8229844 -0.5520222 -0.1340472 -0.8229813 -0.5520265 -0.1340457 -0.8229843 -0.5520223 -0.08367872 -0.9350084 -0.3446117 -0.08367913 -0.9350119 -0.3446021 -0.08367872 -0.9350086 -0.3446114 -0.08367913 -0.935012 -0.3446018 -0.02843409 -0.9927147 -0.1170867 -0.02843374 -0.9927124 -0.117105 -0.02843409 -0.9927145 -0.117087 -0.02843314 -0.9927163 -0.1170734 -0.02843487 -0.9927135 -0.1170967 -0.0836777 -0.9350135 -0.3445982 -0.08367818 -0.9350136 -0.3445978 -0.08367764 -0.9350135 -0.3445982 -0.08368021 -0.9350116 -0.3446027 -0.1340454 -0.822986 -0.5520199 -0.1340487 -0.8229756 -0.5520346 -0.1340454 -0.8229858 -0.5520201 -0.134046 -0.8229845 -0.552022 -0.1766287 -0.6631196 -0.7273753 -0.1766242 -0.6631235 -0.7273728 -0.1766285 -0.6631196 -0.7273753 -0.1766242 -0.6631236 -0.7273727 -0.208938 -0.4647372 -0.8604443 -0.2089427 -0.4647161 -0.8604544 -0.2089381 -0.4647365 -0.8604447 -0.2089428 -0.464716 -0.8604545 -0.2291158 -0.2393009 -0.9435259 -0.2291122 -0.2393194 -0.9435221 -0.2291157 -0.2393014 -0.9435257 -0.2291122 -0.2393196 -0.943522 -0.2359698 0 -0.9717604 -0.2359702 0 -0.9717603 -0.2359698 0 -0.9717604 -0.2359702 0 -0.9717603 -0.2291116 0.2392964 -0.9435281 -0.2291129 0.2393181 -0.9435223 -0.2291116 0.2392972 -0.9435279 -0.229113 0.2393185 -0.9435221 -0.2089389 0.4647371 -0.8604441 -0.2089414 0.4647142 -0.8604558 -0.208939 0.4647365 -0.8604445 -0.2089414 0.4647141 -0.8604559 -0.1766281 0.6631196 -0.7273755 -0.1766259 0.6631267 -0.7273694 -0.1766279 0.6631198 -0.7273752 -0.1766259 0.6631269 -0.7273693 -0.1340426 0.8229879 -0.5520178 -0.1340454 0.8229852 -0.552021 -0.1340427 0.8229879 -0.5520176 -0.1340456 0.8229852 -0.552021 -0.08367854 0.9350102 -0.344607 -0.08367824 0.9350122 -0.3446016 -0.08367854 0.9350103 -0.3446067 -0.08367824 0.9350124 -0.3446012 -0.02843523 0.9927134 -0.117097 -0.0284357 0.9927125 -0.1171043 -0.02843451 0.9927108 -0.1171184 -0.08367729 0.9350142 -0.3445962 -0.08367663 0.935015 -0.3445942 -0.08367723 0.9350142 -0.3445964 -0.1340496 0.8229719 -0.5520398 -0.1340461 -0.8229844 -0.552022 -0.08367776 -0.9350131 -0.3445993 -0.08368021 -0.9350117 -0.3446025 -0.02843278 -0.992716 -0.1170755 -0.02843409 -0.9927138 -0.1170944 -0.0836777 -0.9350132 -0.344599 -0.02843409 -0.9927136 -0.1170946 -0.08367669 0.935015 -0.3445945 -0.1340488 0.8229791 -0.5520293 -0.1340487 0.8229792 -0.5520292 -0.1766248 0.6631286 -0.727368 -0.1766248 0.6631284 -0.7273681 -0.2089415 0.4647238 -0.8604508 -0.2089415 0.4647237 -0.8604507 -0.2291136 0.2393181 -0.943522 -0.2291135 0.239318 -0.9435222 -0.2359699 0 -0.9717605 -0.2359699 0 -0.9717604 -0.2291141 -0.2393154 -0.9435227 -0.2291141 -0.2393154 -0.9435227 -0.2089408 -0.4647233 -0.8604512 -0.2089408 -0.4647232 -0.8604511 -0.1766255 -0.6631279 -0.7273685 -0.1766256 -0.6631278 -0.7273685 -0.1340488 -0.8229753 -0.5520349 -0.1340497 0.8229718 -0.55204 -0.1766229 0.6631416 -0.7273566 -0.1766229 0.6631419 -0.7273563 -0.2089414 0.4647168 -0.8604544 -0.2089415 0.4647167 -0.8604544 -0.2291119 0.2393193 -0.9435222 -0.2291119 0.2393196 -0.9435222 -0.2359704 0 -0.9717603 -0.2359703 0 -0.9717603 -0.2291123 -0.2393214 -0.9435215 -0.2291123 -0.2393217 -0.9435215 -0.208942 -0.4647147 -0.8604554 -0.208942 -0.4647144 -0.8604556 -0.1766215 -0.6631371 -0.727361 -0.1766214 -0.6631373 -0.7273609 -0.1340504 -0.8229721 -0.5520396 -0.1340504 -0.8229719 -0.5520397 -0.08367824 -0.9350135 -0.3445979 0.9931184 0 -0.1171154 0.9931184 0 -0.1171146 0.9931194 -1.13143e-6 -0.117106 0.9931196 -1.21996e-6 -0.1171054 0.9922876 0 0.1239572 0.9922887 -1.13146e-6 0.1239484 0.9922888 -1.21999e-6 0.1239477 0.9922875 0 0.1239579 0.9337887 0 0.357825 0.9337887 0 0.3578249 0.9337888 0 0.3578249 0.9337888 0 0.357825 0.4616626 0 0.8870556 0.4616637 0 0.8870551 0.4616637 0 0.887055 0.4616625 0 0.8870558 0.23598 0 0.9717579 -0.2426459 0 0.970115 -0.2426458 0 0.970115 -0.4677818 0 0.883844 -0.4677816 0 0.8838441 -0.4677816 0 0.8838443 -0.4677819 0 0.883844 -0.6656973 7.30719e-7 0.7462218 -0.6656931 0 0.7462257 -0.6656928 0 0.746226 -0.6656977 7.87893e-7 0.7462216 -0.8249353 0 0.5652274 -0.8249391 8.95727e-7 0.5652217 -0.8249395 9.65811e-7 0.5652213 -0.8249349 0 0.5652279 -0.9362317 0 0.3513836 -9.73297e-4 0.9970204 0.07713168 -9.75388e-4 0.9970214 0.07712018 -9.73384e-4 0.9970205 0.07713121 -9.75479e-4 0.9970214 0.07711964 0.03389227 0.9747506 0.2207093 0.03389424 0.9747474 0.2207237 0.03389239 0.9747505 0.2207099 0.03389436 0.9747472 0.2207243 0.06758588 0.9307073 0.3594664 0.06758522 0.9307078 0.3594652 0.06758522 0.9307078 0.3594653 0.06758588 0.9307073 0.3594664 0.09935653 0.8658679 0.4903072 0.09936016 0.8658582 0.4903236 0.09936004 0.8658587 0.4903229 0.09935641 0.8658683 0.4903064 0.1284947 0.7816806 0.6102987 0.128493 0.7816842 0.6102945 0.1284931 0.781684 0.6102947 0.1284948 0.7816806 0.6102989 0.1543409 0.6800444 0.7167416 0.1543394 0.6800532 0.7167337 0.1543395 0.6800528 0.716734 0.1543409 0.6800441 0.716742 0.1763257 0.5632156 0.8072779 0.1763274 0.5632094 0.8072817 0.1763273 0.5632097 0.8072816 0.1763257 0.5632159 0.8072777 0.1939556 0.433814 0.8798788 0.1939547 0.433817 0.8798776 0.1939547 0.4338168 0.8798776 0.1939556 0.4338139 0.8798788 0.2068405 0.2946963 0.9329369 0.2068393 0.2946961 0.9329373 0.2068393 0.2946961 0.9329372 0.2068405 0.2946963 0.9329368 0.2146856 0.1490193 0.9652479 0.2146841 0.1490299 0.9652466 0.2146841 0.1490294 0.9652466 0.2146856 0.1490188 0.9652479 0.2173221 0 0.9761 0.2173215 0 0.9761001 0.2173215 0 0.9761002 0.2173221 0 0.9761 0.2146863 -0.1490206 0.9652475 0.2146852 -0.1490301 0.9652463 0.2146853 -0.1490297 0.9652463 0.2146863 -0.1490202 0.9652475 0.206838 -0.2946918 0.9329388 0.2068409 -0.2946883 0.9329393 0.2068408 -0.2946885 0.9329392 0.206838 -0.294692 0.9329388 0.1939553 -0.4338181 0.8798769 0.1939557 -0.4338282 0.8798717 0.1939557 -0.4338278 0.879872 0.1939553 -0.4338176 0.8798771 0.1763267 -0.5632051 0.8072849 0.1763273 -0.5632102 0.8072813 0.1763273 -0.56321 0.8072814 0.1763267 -0.5632049 0.8072851 0.1543408 -0.680058 0.7167288 0.154344 -0.6800287 0.7167558 0.1543439 -0.6800301 0.7167546 0.1543406 -0.6800592 0.7167276 0.1284959 -0.7816814 0.6102975 0.1284919 -0.7816935 0.6102828 0.1284921 -0.781693 0.6102834 0.1284961 -0.781681 0.6102982 0.09935975 -0.865859 0.4903221 0.09935575 -0.8658691 0.4903054 0.09935593 -0.8658685 0.4903061 0.09935986 -0.8658586 0.4903228 0.06758099 -0.9307155 0.3594463 0.06758439 -0.9307085 0.3594634 0.06758421 -0.9307088 0.3594627 0.06758087 -0.9307157 0.3594456 0.03389072 -0.9747498 0.2207133 0.03389459 -0.9747509 0.2207078 0.03389084 -0.9747498 0.220713 0.03389477 -0.9747509 0.2207076 -9.67202e-4 -0.9970188 0.07715457 -9.77318e-4 -0.9970214 0.07711935 -9.67625e-4 -0.9970188 0.07715308 -9.77759e-4 -0.9970216 0.07711786 0.1621035 -0.635192 0.7551515 0.1680622 -0.6140984 0.7711279 0.1675215 -0.6140897 0.7712525 0.1672025 -0.6140967 0.7713162 0.1873757 -0.4699783 0.8625606 0.1873757 -0.4699784 0.8625606 0.1873757 -0.4699783 0.8625606 0.1798343 -0.531331 0.8278569 0.1802703 -0.5295925 0.8288755 0.179933 -0.5309301 0.8280926 0.1795241 -0.5323835 0.8272479 0.1793987 -0.5327059 0.8270676 0.140742 -0.7355801 0.6626565 0.1415277 -0.7355881 0.6624804 0.1410605 -0.7355816 0.6625872 0.1359692 -0.7504041 0.6468432 0.1102395 -0.8370103 0.5359675 0.1106164 -0.837014 0.5358838 0.1102311 -0.8370102 0.5359693 0.1058601 -0.846275 0.522123 0.07588249 -0.9156097 0.3948426 0.07517993 -0.9169524 0.3918499 0.07391482 -0.9184826 0.3884925 0.07252556 -0.9204648 0.3840375 0.03895336 -0.969207 0.2431474 0.03852462 -0.9697018 0.2412351 0.03771394 -0.9702652 0.2390881 0.03683888 -0.9709946 0.2362466 -5.50654e-5 -0.996596 0.08244109 3.03e-4 -0.9963926 0.08486378 3.04286e-4 -0.9963923 0.08486658 3.06897e-4 -0.9963918 0.08487236 3.1191e-4 -0.9963901 0.08489263 3.13719e-4 -0.9963901 0.08489233 3.11953e-4 -0.9963901 0.08489292 0.0387426 -0.9692123 0.2431595 0.03873276 -0.9692222 0.2431219 0.03874248 -0.9692125 0.2431588 0.03873246 -0.9692226 0.2431206 0.07559907 -0.9155912 0.3949398 0.07559531 -0.915596 0.3949299 0.07559901 -0.9155915 0.3949395 0.07559525 -0.9155961 0.3949294 0.1098634 -0.8370101 0.5360451 0.1098721 -0.8369877 0.536078 0.1098636 -0.8370099 0.5360454 0.1098724 -0.8369871 0.5360789 0.1406121 -0.7355868 0.6626767 0.1406124 -0.7355893 0.6626738 0.140612 -0.7355871 0.6626764 0.1406124 -0.7355893 0.6626738 0.167003 -0.6140977 0.7713586 0.1670067 -0.6140835 0.7713692 0.1670031 -0.6140973 0.7713589 0.1670068 -0.614083 0.7713694 0.1883186 -0.475849 0.8591297 0.1883176 -0.4758511 0.8591288 0.1883186 -0.475849 0.8591297 0.1883176 -0.4758512 0.8591287 0.2039691 -0.3246358 0.9235844 0.2039691 -0.3246356 0.9235845 0.203969 -0.3246361 0.9235844 0.203969 -0.3246356 0.9235845 0.2135347 -0.1645691 0.9629746 0.2135338 -0.1645757 0.9629736 0.2135347 -0.1645692 0.9629746 0.2135336 -0.1645759 0.9629736 0.2167512 0 0.9762269 0.2167534 0 0.9762265 0.2167513 0 0.9762269 0.2167534 0 0.9762264 0.2135343 0.1645693 0.9629746 0.2135316 0.1645746 0.9629744 0.2135317 0.1645745 0.9629744 0.2039693 0.3246337 0.9235851 0.2039694 0.3246377 0.9235837 0.2039693 0.3246338 0.9235852 0.2039693 0.3246377 0.9235838 0.2135344 0.1645691 0.9629746 0.2135338 0.16457 0.9629746 0.2135338 0.1645699 0.9629746 0.2139545 0.1645562 0.9628836 0.2139546 0.164556 0.9628837 0.2143833 0.1645582 0.9627879 0.2148909 0.1261481 0.9684569 0.1883165 0.4758545 0.8591271 0.1883178 0.4758507 0.859129 0.1883167 0.4758547 0.8591271 0.1883179 0.4758507 0.859129 0.1670035 0.6140976 0.7713586 0.1670055 0.614086 0.7713675 0.1670035 0.6140972 0.7713588 0.1670055 0.6140856 0.7713677 0.1406154 0.7355721 0.6626923 0.1406127 0.7355943 0.6626682 0.1406154 0.7355723 0.6626921 0.1406127 0.7355949 0.6626675 0.1098644 0.8370051 0.5360527 0.1098682 0.8369935 0.5360701 0.1098644 0.8370049 0.5360528 0.1098683 0.8369929 0.5360707 0.0755977 0.915597 0.3949269 0.07559561 0.9155969 0.3949273 0.0755977 0.915597 0.3949269 0.07559555 0.9155969 0.3949274 0.03874391 0.9692111 0.2431643 0.03874099 0.9692154 0.2431478 0.03874385 0.9692112 0.2431639 0.03874087 0.9692155 0.2431473 3.09448e-4 0.9963907 0.08488607 3.1226e-4 0.9963899 0.0848937 3.12175e-4 0.9963901 0.08489352 2.66425e-4 0.9964146 0.08460491 3.0282e-4 0.9963936 0.08485257 0.03874737 0.9692072 0.2431792 0.03874742 0.9692072 0.2431791 0.07559615 0.9155984 0.3949238 0.07559615 0.9155983 0.394924 0.1098686 0.8369967 0.5360649 0.1098686 0.8369967 0.5360648 0.1406152 0.735582 0.6626814 0.1406151 0.7355822 0.6626811 0.167002 0.6141061 0.7713522 0.167002 0.6141058 0.7713523 0.188316 0.4758509 0.8591292 0.188316 0.4758508 0.8591293 0.2039685 0.3246321 0.9235859 0.2039685 0.324632 0.923586 4.02468e-5 0.9965427 0.08308273 -4.79495e-5 0.9965929 0.08247888 0.03683817 0.9709936 0.2362506 0.03894156 0.969213 0.2431252 0.03914761 0.9692167 0.2430774 0.03894668 0.9692132 0.2431238 0.07252287 0.9204644 0.3840388 0.07588183 0.9155975 0.3948711 0.07618212 0.915601 0.3948053 0.07588887 0.9155976 0.3948698 0.1058542 0.846295 0.5220916 0.1102322 0.8370088 0.5359712 0.1106194 0.8370166 0.5358793 0.1102406 0.8370092 0.5359691 0.135975 0.7503827 0.6468669 0.1405894 0.7355809 0.6626881 0.1415205 0.735601 0.6624675 0.1410639 0.735595 0.6625715 0.1621 0.6352134 0.7551341 0.1671908 0.6141082 0.7713096 0.1680608 0.6140932 0.7711325 0.1675308 0.6140899 0.7712503 0.1804427 0.5286804 0.82942 0.1801019 0.5303121 0.8284519 0.1800333 0.5305807 0.8282948 0.1883513 0.4758574 0.859118 0.1890479 0.4758666 0.8589598 0.1886792 0.4758607 0.8590442 0.1968965 0.392873 0.8982664 0.204367 0.3246393 0.9234953 0.2047734 0.3246451 0.9234032 0.2043676 0.3246393 0.9234952 0.2090994 0.2389467 0.948252 0.1797064 0.5320184 0.8274431 0.1794047 0.5329219 0.8269271 0.1793519 0.533046 0.8268584 0.2164644 0.04225587 0.9753757 0.2168651 0 0.9762016 0.2176402 0 0.9760291 0.2171926 0 0.9761288 0.2167513 0 0.9762269 0.2135325 -0.1645687 0.9629751 0.2136278 -0.1645511 0.962957 0.2135325 -0.1645684 0.9629752 0.2039697 -0.3246217 0.9235894 0.2164729 -0.04218828 0.9753767 0.2149014 -0.1257407 0.9685075 0.2143834 -0.1645531 0.9627888 0.2139552 -0.1645511 0.9628844 0.2091553 -0.2381235 0.9484468 0.2043652 -0.3246391 0.9234958 0.2047668 -0.3246405 0.9234064 0.2043645 -0.3246393 0.9234958 0.1969777 -0.3920243 0.8986194 0.1886756 -0.4758771 0.8590358 0.1890437 -0.4758856 0.8589501 0.188675 -0.4758772 0.859036 0.1670017 -0.6141098 0.7713492 0.1670016 -0.61411 0.7713491 0.1883144 -0.4758595 0.8591248 0.1883144 -0.4758593 0.8591249 0.2039697 -0.3246216 0.9235893 0.1406184 -0.7355643 0.6627003 0.1406185 -0.7355642 0.6627003 0.1098639 -0.8370064 0.5360506 0.1098639 -0.8370063 0.5360508 0.07560229 -0.9155866 0.39495 0.07560217 -0.9155868 0.3949497 0.03873986 -0.9692156 0.2431471 0.03874003 -0.9692153 0.2431477 0.2167513 0 0.9762269 -0.3346937 -6.75858e-5 0.942327 -0.3347908 -5.28656e-5 0.9422925 -0.3347662 -5.6391e-5 0.9423012 -0.3351318 0 0.9421713 -0.4892838 0 0.8721246 -0.4892846 0 0.8721242 -0.4892838 0 0.8721247 -0.6394668 0 0.7688187 -0.7683759 0 0.6399987 -0.7683762 0 0.6399985 -0.768376 0 0.6399987 -0.7683763 0 0.6399985 -0.8717783 0 0.4899007 -0.8717749 -1.0925e-6 0.4899068 -0.8717779 0 0.4899013 -0.8717744 -1.21014e-6 0.4899074 -0.9462106 -7.56342e-7 0.3235515 -0.9462122 0 0.3235468 -0.9462108 -6.82822e-7 0.323551 -0.9462124 0 0.3235463 -0.9892212 0 0.1464299 -0.9892212 0 0.1464299 -0.9763194 0 -0.2163341 -0.9208343 0 -0.3899543 -0.9208344 0 -0.3899542 -0.9208343 0 -0.3899542 -0.9208343 0 -0.3899542 -0.8347724 0 -0.5505952 -0.8347722 0 -0.5505957 -0.8347721 0 -0.5505957 -0.7299004 0 -0.6835536 -0.7296328 5.70086e-5 -0.6838392 -0.7298798 4.3868e-6 -0.6835756 -0.7295797 6.8326e-5 -0.6838959 -0.6141822 -4.86484e-5 -0.7891643 -0.6139744 7.07951e-6 -0.789326 -0.613668 8.80517e-5 -0.7895642 -0.6134111 1.56642e-4 -0.7897639 -0.5113338 -8.32567e-5 -0.8593823 -0.183876 4.93748e-5 0.9829494 -0.1835929 -1.08621e-5 0.9830024 -0.1832329 -8.80716e-5 0.9830696 -0.1828837 -1.62656e-4 0.9831346 -0.06028604 7.70138e-5 0.9981812 -0.01777398 0.006411314 0.9998216 0.01722729 -5.84254e-5 0.9998517 0.09000492 6.01696e-5 0.9959414 0.09025627 -1.48662e-5 0.9959187 0.09005415 4.5469e-5 0.9959369 0.09040266 -5.85951e-5 0.9959053 0.1744717 3.63254e-5 0.9846622 -0.4743399 -0.006412267 -0.8803185 -0.4432538 5.63876e-5 -0.8963962 -0.376774 -6.26713e-5 -0.9263052 -0.3765429 1.26191e-5 -0.9263992 -0.3767287 -4.7921e-5 -0.9263237 -0.3764082 5.64979e-5 -0.926454 -0.2965092 -3.81407e-5 -0.95503 0 1 0 0 1 -1.67552e-7 0 1 1.02349e-6 0 1 6.70028e-6 0 1 -8.61786e-6 0 1 2.82829e-7 0 1 6.60178e-6 0 1 0 0 1 0 0 1 -1.66858e-7 0 1 1.5464e-6 0 1 -1.31298e-5 0 1 2.60053e-6 0 1 5.06642e-7 0 1 1.79252e-6 0 1 -1.58285e-5 0 1 2.43231e-5 0 1 -8.3264e-7 0 1 -1.31236e-6 0 1 2.82351e-6 0 1 -8.77006e-7 0 1 2.2405e-6 0 1 -3.27819e-7 0 1 1.58815e-7 0 1 2.43035e-6 0 1 1.88463e-7 0 1 0 0 1 -2.3655e-6 0 1 0 0 1 -3.42204e-7 0 1 6.16223e-7 0 1 1.48782e-6 0 1 7.33672e-7 0 1 1.11218e-5 0 1 -1.87514e-6 0 1 -9.13909e-7 0 1 2.42991e-5 0 1 -6.69405e-6 0 1 -4.84596e-7 0 1 -2.23573e-5 0 1 -1.96789e-6 0 1 -2.21486e-6 0 -1 3.07441e-6 0 -1 1.21936e-7 0 -1 1.33466e-6 0 -1 -1.35627e-6 0 -1 4.13666e-6 0 -1 2.6462e-6 0 -1 -2.68372e-6 0 -1 -2.59735e-6 0 -1 3.74985e-6 0 -1 -6.80286e-6 0 -1 -9.58015e-7 0 -1 -7.73027e-6 0 -1 5.30198e-6 0 -1 -9.51009e-7 0 -1 3.00224e-6 0 -1 -9.96747e-7 0 -1 -5.67915e-6 0 -1 -1.01022e-6 0 -1 -3.07437e-6 0 -1 0 0 -1 4.13322e-7 0 -1 2.42986e-5 0 -1 1.05637e-6 0 -1 -7.65363e-6 0 -1 -2.72894e-7 0 -1 8.07531e-7 0 -1 5.76714e-6 0 -1 1.69688e-6 0 -1 -2.93457e-7 0 -1 7.18464e-7 0 -1 1.41321e-6 0 -1 -1.02895e-6 0 -1 0 0 -1 4.29865e-7 0 -1 -3.81861e-6 0 -1 -5.33567e-7 0 -1 5.44197e-7 0 -1 1.11144e-6 0 -1 -1.20008e-6 0 -1 0 -0.9717612 6.62896e-6 0.2359667 -0.9717599 1.21785e-5 0.2359719 -0.9717611 3.94235e-6 0.2359674 -0.97176 9.61273e-6 0.2359716 -0.9717605 -5.18656e-6 0.2359696 -0.9717606 -6.16835e-7 0.2359688 -0.97176 -2.68553e-6 0.235971 -0.97176 -3.95653e-6 0.2359712 -0.9717611 1.00434e-5 0.2359672 -0.9717587 -1.4377e-5 0.2359771 -0.9717639 1.12103e-5 0.2359558 -0.9717571 0 0.2359836 0.9717556 -5.71635e-6 -0.2359894 0.9717597 -5.76777e-6 -0.2359724 0.9717637 2.57199e-6 -0.2359564 0.9717628 -2.94972e-6 -0.23596 0.9717639 -5.18442e-6 -0.2359553 0.971761 -2.26082e-6 -0.2359677 0.971769 8.77148e-5 -0.2359344 0.971758 3.2091e-7 -0.2359799 0.9717576 4.15549e-6 -0.2359816 0.9717627 -8.22331e-6 -0.2359603 0.9717626 6.03896e-7 -0.2359609 0.9717376 -9.47086e-5 -0.2360638 0.971762 8.25882e-6 -0.2359638 0.9717625 -2.24856e-6 -0.2359615 0.9717635 -1.58368e-5 -0.235957 0.9717601 7.67759e-6 -0.2359709 0.9717611 5.50994e-7 -0.2359672 0.9717599 2.02117e-7 -0.2359718 0.9717609 -8.06157e-6 -0.2359682 0.9717813 1.10732e-5 -0.2358835 0.9717606 0 -0.2359691 0.9717613 -5.64879e-6 -0.2359663 0.9717494 1.92061e-5 -0.2360151 0.9717617 -5.56689e-6 -0.2359644 0.9717634 1.32355e-6 -0.2359576 0.9717622 4.21173e-6 -0.2359626 0.9717617 -6.73567e-6 -0.2359647 0.9717603 6.54684e-6 -0.2359703 0.9717622 -8.29306e-6 -0.2359628 0.9717631 -4.82192e-7 -0.235959 0.9717672 -1.62757e-6 -0.2359419 0.9717602 -5.59677e-6 -0.2359708 0.9717639 -2.73762e-5 -0.2359555 0.9717613 -5.3081e-6 -0.2359662 0.9717643 1.1608e-6 -0.2359539 0.9717557 5.68698e-5 -0.2359893 0.9717599 0 -0.2359724 0.9717555 4.48241e-6 -0.2359903 0.9717578 1.11449e-5 -0.2359804 0.9717596 -4.35426e-6 -0.2359733 0.9717635 -1.17516e-5 -0.235957 0.9717613 8.8918e-7 -0.235966 0.9717585 8.20337e-6 -0.2359777 0.9717568 -1.82778e-5 -0.2359846 0.9717605 0 -0.23597 0.9717618 -1.10736e-6 -0.2359642 0.9717733 -5.6469e-6 -0.2359169 0.9717576 1.22817e-5 -0.2359817 0.9717605 -1.62665e-5 -0.2359693 0.971765 3.42117e-6 -0.2359511 0.9717603 -9.19521e-7 -0.2359702 0.9717965 2.95968e-5 -0.2358212 0.9717585 1.66865e-5 -0.2359777 0.97176 -1.30873e-5 -0.2359713 0.9717615 -2.21889e-6 -0.2359656 0.9717625 -8.00336e-6 -0.2359613 0.9717603 1.57581e-6 -0.2359703 0.9718068 -1.1063e-4 -0.2357786 0.9717578 -1.36908e-5 -0.2359808 0.9717633 6.87328e-6 -0.2359575 0.9717621 -1.51263e-7 -0.2359626 0.9717609 4.15266e-6 -0.2359682 0.971757 7.75533e-7 -0.2359837 0.9717587 -8.2233e-6 -0.2359768 0.9717627 6.81229e-6 -0.2359602 0.9717637 -8.68177e-5 -0.2359564 0.9717598 6.13085e-6 -0.2359724 -0.9717601 -2.20955e-6 0.2359711 -0.971761 -7.13007e-6 0.2359676 -0.9717603 -4.23993e-6 0.2359706 -0.971761 -4.42604e-6 0.2359677 -0.9717606 5.3268e-6 0.2359694 -0.9717603 -9.6197e-6 0.2359704 -0.9717608 3.08418e-6 0.2359686 -0.9717591 3.81884e-6 0.2359752 -0.9717612 -9.00897e-6 0.2359664 -0.9717606 1.25364e-5 0.2359691 -0.9717592 -1.12121e-5 0.235975 -0.9717617 0 0.2359646 -0.03865569 -0.9963902 -0.07558 -0.03865563 -0.9963902 -0.07557976 -0.03865486 -0.9963908 -0.07557177 -0.03855371 -0.9964168 -0.07528257 -0.03864538 -0.9963942 -0.07553434 -0.03808653 -0.9965383 -0.07389849 -0.077084 -0.9692149 -0.233839 -0.07690113 -0.9692083 -0.2339264 -0.07708412 -0.9692147 -0.2338395 -0.07689613 -0.9692082 -0.2339283 -0.113946 -0.9155868 -0.3856387 -0.113654 -0.9156073 -0.3856763 -0.113946 -0.9155868 -0.3856387 -0.1136469 -0.9156076 -0.3856776 -0.1482085 -0.8370094 -0.526735 -0.1481696 -0.8370112 -0.5267431 -0.1482085 -0.8370093 -0.526735 -0.1478376 -0.8370132 -0.526833 -0.1789648 -0.7355611 -0.6533923 -0.1790769 -0.7355647 -0.6533576 -0.1789649 -0.7355608 -0.6533926 -0.1785115 -0.7355698 -0.6535065 -0.2053461 -0.6141152 -0.7620338 -0.2051608 -0.6141018 -0.7620946 -0.2053461 -0.6141149 -0.7620342 -0.2048308 -0.6140858 -0.7621962 -0.2266625 -0.4758444 -0.8498213 -0.2262986 -0.4758744 -0.8499016 -0.2266624 -0.4758448 -0.8498211 -0.226298 -0.4758748 -0.8499014 -0.2423135 -0.3246415 -0.9142713 -0.2423835 -0.3246189 -0.9142609 -0.2423136 -0.3246417 -0.9142712 -0.2419182 -0.3246412 -0.9143761 -0.2518786 -0.1645567 -0.9536658 -0.2514622 -0.164565 -0.9537742 -0.2518786 -0.1645567 -0.9536657 -0.2514621 -0.1645652 -0.9537742 -0.2550958 0 -0.9669158 -0.2551255 0 -0.966908 -0.2546622 0 -0.9670302 -0.2518791 0.1645581 -0.9536653 -0.2517849 0.1645748 -0.9536874 -0.2518791 0.1645581 -0.9536654 -0.251461 0.1645687 -0.9537739 -0.2423125 0.3246488 -0.914269 -0.2422444 0.324634 -0.9142924 -0.2423126 0.324649 -0.9142689 -0.2419202 0.3246418 -0.9143755 -0.2266634 0.4758344 -0.8498266 -0.2266291 0.4758339 -0.8498361 -0.2266634 0.4758344 -0.8498266 -0.2263031 0.4758598 -0.8499085 -0.2053466 0.6141144 -0.7620344 -0.2052882 0.6141061 -0.7620569 -0.2053466 0.6141141 -0.7620346 -0.2048397 0.614086 -0.7621937 -0.1789608 0.7355762 -0.6533764 -0.178972 0.7355796 -0.6533696 -0.1789608 0.7355762 -0.6533765 -0.1785169 0.7355868 -0.653486 -0.1482138 0.8369973 -0.5267527 -0.1481637 0.8370006 -0.5267613 -0.1482138 0.8369972 -0.5267527 -0.1478447 0.8370126 -0.5268319 -0.11394 0.9155979 -0.385614 -0.1136537 0.915598 -0.3856983 -0.11394 0.9155979 -0.3856142 -0.112483 0.9184899 -0.3791095 -0.07709163 0.9692076 -0.2338668 -0.0768916 0.9692143 -0.2339048 -0.07709169 0.9692075 -0.2338667 -0.07613813 0.9702611 -0.2297748 -0.03865122 0.9963913 -0.07556802 -0.0386551 0.9963898 -0.07558619 -0.03865379 0.9963903 -0.07558006 -0.03786736 0.9965927 -0.07327526 -0.07561039 0.9709955 -0.2268282 -0.07639294 0.9697146 -0.2319868 -0.1116812 0.9204641 -0.3745306 -0.1129019 0.9169511 -0.3826929 -0.1453711 0.8462955 -0.5124951 -0.1474595 0.8370204 -0.5269276 -0.1758307 0.750374 -0.6371991 -0.1780542 0.7355964 -0.6536014 -0.2022696 0.6352174 -0.7453763 -0.204303 0.6140914 -0.7623333 -0.2288773 0.47009 -0.8524264 -0.2288773 0.47009 -0.8524264 -0.2288773 0.47009 -0.8524264 -0.2198613 0.5312873 -0.8181656 -0.2199373 0.5295895 -0.8192451 -0.2198805 0.5308274 -0.8184588 -0.2198711 0.5324903 -0.8173806 -0.2198851 0.5326822 -0.8172516 -0.03785854 -0.9965949 -0.07324934 -0.07560974 -0.9709955 -0.226828 -0.07669377 -0.9692115 -0.2339808 -0.1116787 -0.9204657 -0.3745276 -0.1133551 -0.9156125 -0.3857517 -0.1453778 -0.8462783 -0.5125216 -0.1474621 -0.8370196 -0.5269279 -0.1758289 -0.7503932 -0.6371768 -0.1780563 -0.7355756 -0.6536241 -0.2022707 -0.6351987 -0.745392 -0.204303 -0.6140912 -0.7623335 -0.2200334 -0.5286852 -0.8198033 -0.2198924 -0.530317 -0.8187866 -0.2198826 -0.530585 -0.8186156 -0.2259335 -0.4758791 -0.849996 -0.236985 -0.3928823 -0.8885278 -0.2415167 -0.3246427 -0.9144817 -0.2490652 -0.238943 -0.9385482 -0.2510393 -0.1645663 -0.9538853 -0.2531862 -0.1261195 -0.9591614 -0.2549542 -0.04226911 -0.9660288 -0.2197837 -0.5319853 -0.8177328 -0.2197993 -0.5327303 -0.8172433 -0.219828 -0.5330501 -0.8170271 -0.2542187 0 -0.9671469 -0.2549517 0.0421828 -0.9660333 -0.2532055 0.1257683 -0.9592025 -0.2510392 0.1645714 -0.9538845 -0.2491063 0.2381028 -0.9387508 -0.2415187 0.3246419 -0.9144815 -0.2370717 0.3920416 -0.8888759 -0.2259393 0.475864 -0.8500029 -0.03865534 0.9963896 -0.07558828 -0.03865557 0.9963902 -0.07558065 -0.07708805 0.9692109 -0.2338538 -0.07708799 0.9692111 -0.2338534 -0.1139417 0.9155972 -0.3856154 -0.1139417 0.9155972 -0.3856154 -0.1482094 0.8370097 -0.5267341 -0.1482094 0.8370096 -0.5267343 -0.1789608 0.735573 -0.65338 -0.1789608 0.7355733 -0.6533797 -0.2053474 0.6140992 -0.7620463 -0.2053475 0.6140991 -0.7620465 -0.2266622 0.4758515 -0.8498174 -0.2266621 0.4758517 -0.8498173 -0.2423129 0.3246305 -0.9142754 -0.2423129 0.3246306 -0.9142754 -0.2518779 0.1645647 -0.9536646 -0.2518779 0.1645648 -0.9536645 -0.2550978 0 -0.9669153 -0.2550978 0 -0.9669153 -0.2518789 -0.1645669 -0.953664 -0.2518789 -0.1645669 -0.9536639 -0.2423154 -0.3246308 -0.9142746 -0.2423153 -0.3246309 -0.9142746 -0.2266619 -0.475841 -0.8498234 -0.2266619 -0.4758411 -0.8498234 -0.205349 -0.614104 -0.7620422 -0.205349 -0.6141036 -0.7620424 -0.1789573 -0.7355875 -0.6533647 -0.1789572 -0.7355878 -0.6533643 -0.1482084 -0.8370081 -0.526737 -0.1482086 -0.8370077 -0.5267376 -0.1139432 -0.9155961 -0.3856176 -0.1139431 -0.9155963 -0.3856171 -0.07708704 -0.969214 -0.2338417 -0.07708692 -0.9692141 -0.2338415 -0.0386554 0.9963896 -0.0755887 -0.07708555 0.9692139 -0.2338427 -0.07708549 0.969214 -0.2338423 -0.1139397 0.9155991 -0.3856112 -0.1139397 0.9155992 -0.3856112 -0.1482128 0.8369969 -0.5267534 -0.1482129 0.8369966 -0.5267542 -0.1789578 0.7355868 -0.6533653 -0.1789578 0.7355873 -0.6533647 -0.2053497 0.6140972 -0.7620474 -0.2053497 0.6140971 -0.7620474 -0.2266605 0.4758474 -0.8498202 -0.2266605 0.4758473 -0.8498203 -0.2423144 0.3246496 -0.9142682 -0.2423145 0.3246503 -0.914268 -0.2518783 0.1645641 -0.9536645 -0.2518783 0.1645641 -0.9536646 -0.2550957 0 -0.9669158 -0.2550957 0 -0.9669159 -0.2518797 -0.1645621 -0.9536645 -0.2518797 -0.1645619 -0.9536646 -0.2423116 -0.3246473 -0.9142698 -0.2423114 -0.3246478 -0.9142698 -0.2266607 -0.4758507 -0.8498182 -0.2266607 -0.4758509 -0.8498181 -0.2053474 -0.6140894 -0.7620543 -0.2053474 -0.614089 -0.7620548 -0.1789584 -0.7355853 -0.6533668 -0.1789584 -0.7355853 -0.6533669 -0.1482176 -0.8369847 -0.5267715 -0.1482179 -0.836984 -0.5267725 -0.1139416 -0.9155962 -0.3856178 -0.1139416 -0.9155963 -0.3856177 -0.07707917 -0.9692181 -0.2338272 -0.07707887 -0.9692182 -0.2338268 -0.9717599 4.43751e-5 0.2359718 -0.9717624 6.35128e-6 0.235962 -0.9717668 0 0.2359434 -0.9717607 -2.35485e-5 0.2359685 -0.97176 -2.80948e-5 0.2359718 -0.9717609 -1.99099e-5 0.2359675 -0.9717622 -9.50622e-6 0.2359627 -0.9717594 -4.98321e-6 0.2359737 -0.9717605 8.56838e-6 0.23597 -0.9717609 1.55775e-5 0.2359681 -0.9717617 1.30899e-5 0.235965 -0.9717624 3.27502e-6 0.2359619 -0.9717618 -1.73108e-5 0.2359638 -0.9717623 -2.68998e-5 0.2359618 -0.9717626 -2.66944e-5 0.2359611 -0.9717645 -1.40555e-5 0.235953 -0.9717661 1.13085e-5 0.2359466 -0.971763 1.86116e-6 0.2359595 -0.971758 -1.27983e-5 0.2359796 -0.9717578 -1.39356e-5 0.2359803 -0.9717638 -5.88976e-6 0.2359558 -0.9717693 1.75537e-5 0.2359333 -0.9717705 2.60017e-5 0.2359287 -0.9717689 1.67049e-5 0.2359351 -0.9717648 -5.30545e-6 0.235952 -0.9717634 -1.95977e-5 0.2359578 -0.9717639 2.31885e-6 0.2359557 -0.9717645 1.89584e-6 0.2359531 -0.9717611 1.13877e-5 0.235967 -0.9717639 7.29044e-6 0.2359557 -0.9717574 7.89386e-7 0.2359825 -0.9717553 2.21378e-6 0.2359912 -0.9717589 -1.15432e-5 0.2359758 -0.97176 -1.13212e-5 0.2359716 -0.9717591 -1.58935e-5 0.2359752 -0.97176 -1.15525e-5 0.2359715 -0.971759 4.88241e-6 0.2359756 -0.9717619 1.06888e-5 0.2359636 -0.9717639 1.48096e-5 0.2359558 -0.9717627 7.03029e-6 0.2359607 -0.971759 1.84742e-6 0.2359755 -0.9717554 0 0.2359905 -0.9717591 -1.84742e-6 0.2359755 -0.9717624 -1.27995e-5 0.2359617 -0.9717637 -1.61906e-5 0.2359564 -0.9717621 -1.36099e-5 0.2359629 -0.9717606 -4.72511e-6 0.2359693 -0.9717591 -4.55962e-6 0.2359752 -0.9717606 -8.39445e-6 0.2359689 -0.9717661 -3.01441e-7 0.2359462 -0.9717644 -3.94506e-6 0.2359532 -0.9717577 4.59721e-6 0.235981 -0.9717561 2.63208e-6 0.2359875 -0.9717599 -4.89611e-6 0.2359724 -0.9717632 -5.09038e-6 0.2359584 -0.9717627 1.70693e-6 0.2359606 -0.9717643 -7.76869e-6 0.2359537 -0.9717692 -2.68316e-5 0.2359338 -0.9717689 -2.59043e-5 0.2359352 -0.9717654 1.63878e-6 0.235949 -0.9717652 1.33177e-5 0.2359503 -0.9717685 5.05284e-7 0.2359366 -0.9717695 -6.14377e-6 0.2359328 -0.9717684 2.18835e-7 0.2359372 -0.9717666 1.50003e-5 0.2359446 -0.9717658 1.49667e-5 0.235948 -0.9717632 1.4789e-5 0.2359582 -0.971762 -7.4482e-6 0.2359637 -0.9717572 -5.38695e-6 0.2359828 -0.9717552 -2.4254e-5 0.2359917 -0.9717562 -3.53781e-5 0.235987 -0.9717574 -2.73359e-5 0.2359827 -0.971759 -4.78664e-6 0.2359756 -0.9717577 1.10717e-5 0.2359811 -0.9717599 3.12582e-6 0.2359724 -0.9717602 -1.39087e-6 0.2359709 -0.9717621 1.21656e-5 0.2359626 -0.9717598 2.64379e-5 0.2359727 -0.9717587 5.11953e-5 0.2359774 -0.03624498 -0.9970189 -0.06811439 -0.03623503 -0.9970211 -0.06808716 -0.03624457 -0.9970191 -0.06811326 -0.03623461 -0.9970213 -0.06808596 -0.07110148 -0.9747526 -0.2116648 -0.07110512 -0.9747471 -0.2116893 -0.07110166 -0.9747524 -0.2116658 -0.0711053 -0.9747468 -0.2116903 -0.1047945 -0.9307127 -0.350417 -0.104799 -0.9307081 -0.3504281 -0.1047988 -0.9307083 -0.3504276 -0.1047943 -0.9307129 -0.3504165 -0.1365714 -0.8658573 -0.4812896 -0.1365677 -0.8658777 -0.4812538 -0.1365678 -0.8658767 -0.4812553 -0.1365715 -0.8658564 -0.4812912 -0.1657048 -0.7816793 -0.601265 -0.1657009 -0.7816972 -0.6012427 -0.1657011 -0.7816964 -0.6012437 -0.165705 -0.7816785 -0.6012659 -0.191549 -0.6800516 -0.7076997 -0.1915537 -0.6800343 -0.7077151 -0.1915535 -0.6800351 -0.7077144 -0.1915488 -0.6800523 -0.707699 -0.2135392 -0.563211 -0.7982446 -0.2135396 -0.5632063 -0.7982479 -0.2135396 -0.5632064 -0.7982477 -0.2135392 -0.5632112 -0.7982445 -0.2311667 -0.4338049 -0.8708474 -0.2311671 -0.4338211 -0.8708394 -0.2311671 -0.4338204 -0.8708397 -0.2311667 -0.4338043 -0.8708478 -0.2440522 -0.2947164 -0.9238944 -0.2440488 -0.2946964 -0.9239016 -0.244049 -0.2946973 -0.9239013 -0.2440524 -0.2947173 -0.9238941 -0.2518979 -0.149008 -0.9562134 -0.2518972 -0.1490073 -0.9562137 -0.2518972 -0.1490074 -0.9562138 -0.2518979 -0.149008 -0.9562134 -0.2545326 0 -0.9670642 -0.2545308 0 -0.9670647 -0.2545309 0 -0.9670647 -0.2545327 0 -0.9670643 -0.2518984 0.1490103 -0.9562129 -0.2518994 0.1490085 -0.9562129 -0.2518993 0.1490085 -0.9562129 -0.2518984 0.1490103 -0.9562129 -0.2440493 0.2947124 -0.9238964 -0.2440495 0.2947074 -0.923898 -0.2440495 0.2947076 -0.9238979 -0.2440493 0.2947127 -0.9238963 -0.2311692 0.4338026 -0.870848 -0.2311674 0.4338132 -0.8708431 -0.2311675 0.4338128 -0.8708434 -0.2311693 0.4338021 -0.8708481 -0.2135357 0.5632213 -0.7982383 -0.2135398 0.5632049 -0.7982488 -0.2135396 0.5632055 -0.7982483 -0.2135356 0.5632219 -0.7982379 -0.191552 0.6800466 -0.7077037 -0.1915494 0.6800565 -0.7076948 -0.1915495 0.6800561 -0.7076952 -0.1915521 0.6800462 -0.7077041 -0.1657069 0.7816793 -0.6012642 -0.1657037 0.781686 -0.6012567 -0.1657038 0.7816857 -0.601257 -0.165707 0.7816791 -0.6012645 -0.1365683 0.8658664 -0.4812737 -0.1365719 0.8658652 -0.481275 -0.1365717 0.8658652 -0.4812749 -0.1365682 0.8658666 -0.4812737 -0.1047975 0.9307067 -0.350432 -0.1047982 0.9307056 -0.3504347 -0.1047982 0.9307056 -0.3504346 -0.1047974 0.9307068 -0.3504319 -0.07110297 0.9747505 -0.2116742 -0.07110524 0.9747484 -0.2116832 -0.07110309 0.9747503 -0.2116745 -0.07110536 0.9747483 -0.2116836 -0.03623735 0.9970206 -0.0680958 -0.03623539 0.9970213 -0.06808525 -0.03623729 0.9970206 -0.06809532 -0.03623533 0.9970213 -0.06808483 -0.9931181 0 0.1171178 -0.9922863 2.12884e-7 -0.1239679 -0.9922866 0 -0.1239656 -0.9922866 0 -0.1239653 -0.9922863 2.29541e-7 -0.1239681 -0.9337921 0 -0.3578162 -0.9337897 7.54313e-7 -0.3578225 -0.9337895 8.13332e-7 -0.357823 -0.6605479 0 -0.750784 -0.660548 0 -0.7507838 -0.6605481 0 -0.7507838 -0.6605479 0 -0.750784 -0.4616626 0 -0.8870556 -0.4616637 0 -0.8870551 -0.4616637 0 -0.887055 -0.4616625 0 -0.8870558 0.003455817 0 -0.9999941 0.003456532 0 -0.9999941 0.003456592 0 -0.999994 0.003455758 0 -0.999994 0.2426459 0 -0.970115 0.2426465 0 -0.9701148 0.2426466 0 -0.9701148 0.4677607 0 -0.8838553 0.4677609 0 -0.8838551 0.4677609 0 -0.8838551 0.4677606 0 -0.8838553 0.6657028 0 -0.746217 0.8249349 0 -0.5652279 0.8249346 0 -0.5652284 0.8249345 0 -0.5652284 0.9362316 0 -0.3513836 0.9362317 0 -0.3513836 0.02843439 -0.9927132 0.1170981 0.02843356 -0.9927153 0.1170806 0.02843439 -0.9927132 0.1170979 0.02843481 -0.9927113 0.1171148 0.02843487 -0.9927132 0.1170983 0.08367806 -0.9350129 0.3445997 0.08367633 -0.9350153 0.3445937 0.08367806 -0.9350128 0.3446 0.08367758 -0.9350136 0.344598 0.1340469 -0.8229838 0.5520227 0.1340457 -0.822984 0.5520226 0.1340469 -0.8229839 0.5520227 0.1340485 -0.8229759 0.5520343 0.1766237 -0.663126 0.7273706 0.1766291 -0.6631125 0.7273817 0.1766239 -0.6631257 0.7273709 0.2089393 -0.4647157 0.8604556 0.2089405 -0.4647276 0.8604488 0.2089394 -0.464716 0.8604554 0.2089405 -0.4647276 0.8604488 0.2291136 -0.2393219 0.9435212 0.2291105 -0.2393282 0.9435203 0.2291135 -0.2393221 0.9435211 0.2291105 -0.2393279 0.9435203 0.2359709 0 0.9717602 0.2359692 0 0.9717606 0.2359709 0 0.9717602 0.2359692 0 0.9717606 0.2291114 0.2393197 0.9435222 0.2291133 0.2393295 0.9435193 0.2291115 0.23932 0.9435222 0.2291133 0.2393291 0.9435193 0.2089406 0.4647169 0.8604546 0.208941 0.4647269 0.8604491 0.2089406 0.4647171 0.8604544 0.208941 0.4647269 0.8604491 0.1766245 0.6631286 0.7273681 0.1766275 0.6631111 0.7273833 0.1766246 0.6631281 0.7273685 0.1766275 0.6631112 0.7273832 0.1340479 0.8229762 0.552034 0.1340469 0.8229828 0.5520244 0.1340479 0.8229765 0.5520336 0.1340469 0.8229828 0.5520242 0.08367604 0.9350141 0.3445971 0.08367681 0.9350156 0.3445927 0.08367604 0.9350141 0.344597 0.08367681 0.9350156 0.3445927 0.02843564 0.992712 0.1171084 0.02843517 0.9927124 0.1171059 0.02843564 0.992712 0.1171083 0.0284363 0.9927128 0.1171013 0.02843463 0.9927124 0.1171048 0.08367598 0.9350168 0.3445898 0.08367693 0.9350147 0.3445951 0.08367598 0.9350166 0.3445901 0.08367717 0.9350145 0.3445954 0.1340487 0.8229774 0.5520319 0.1340498 0.8229722 0.5520394 0.1340487 0.822977 0.5520324 0.1340483 0.8229823 0.5520247 0.1766263 0.6631279 0.7273682 0.1766258 0.6631283 0.7273681 0.1766263 0.663128 0.7273682 0.1766257 0.6631283 0.727368 0.2089389 0.4647371 0.8604441 0.20894 0.4647352 0.8604448 0.2089389 0.4647371 0.8604441 0.20894 0.4647349 0.860445 0.2291124 0.2393034 0.943526 0.229112 0.2393171 0.9435227 0.2291124 0.2393038 0.943526 0.229112 0.2393174 0.9435226 0.2359695 0 0.9717605 0.2359695 0 0.9717605 0.2359693 0 0.9717606 0.2291151 -0.2393102 0.9435237 0.2291117 -0.239315 0.9435234 0.229115 -0.2393103 0.9435237 0.2291117 -0.2393152 0.9435232 0.2089381 -0.4647371 0.8604442 0.2089389 -0.4647333 0.8604461 0.2089381 -0.464737 0.8604443 0.208939 -0.464733 0.8604463 0.1766265 -0.6631306 0.7273658 0.1766247 -0.663126 0.7273704 0.1766264 -0.6631304 0.727366 0.1766246 -0.6631259 0.7273705 0.1340476 -0.8229781 0.5520311 0.1340479 -0.8229781 0.5520311 0.1340476 -0.8229781 0.5520312 0.134048 -0.822978 0.5520312 0.08367806 -0.9350164 0.3445903 0.0836783 -0.9350126 0.3446004 0.08367806 -0.9350162 0.3445907 0.08367824 -0.9350126 0.3446004 0.1340484 0.8229827 0.5520243 0.08367681 0.9350163 0.3445907 0.08367717 0.9350146 0.3445953 0.02843737 0.9927108 0.117119 0.02843552 0.9927132 0.1170988 0.08367681 0.9350165 0.3445904 0.02843552 0.9927132 0.1170984 0.1340486 -0.8229758 0.5520345 0.08367729 -0.9350138 0.3445974 0.08367758 -0.9350136 0.3445978 0.02843403 -0.9927147 0.1170864 0.02843451 -0.9927136 0.1170946 0.08367729 -0.9350138 0.3445974 0.02843451 -0.9927136 0.1170947 0.08367639 -0.9350152 0.344594 0.1340505 -0.822972 0.5520396 0.1340506 -0.8229719 0.5520397 0.176625 -0.6631272 0.7273692 0.176625 -0.6631272 0.7273692 0.2089434 -0.4647141 0.8604555 0.2089434 -0.4647142 0.8604553 0.2291136 -0.2393223 0.943521 0.2291136 -0.2393225 0.9435209 0.2359699 0 0.9717605 0.2359699 0 0.9717605 0.2291129 0.2393221 0.9435213 0.2291128 0.2393223 0.9435212 0.2089428 0.4647147 0.8604552 0.2089427 0.464715 0.860455 0.1766256 0.6631323 0.7273645 0.1766256 0.6631321 0.7273646 0.1340497 0.8229721 0.5520396 0.1340458 -0.8229839 0.5520229 0.1766251 -0.663128 0.7273685 0.176625 -0.6631283 0.7273682 0.2089412 -0.4647206 0.8604524 0.2089412 -0.4647203 0.8604527 0.2291146 -0.2392987 0.9435268 0.2291147 -0.2392986 0.9435268 0.2359702 0 0.9717603 0.2359703 0 0.9717603 0.2291124 0.2392973 0.9435276 0.2291123 0.2392972 0.9435276 0.2089411 0.4647188 0.8604534 0.2089411 0.4647186 0.8604535 0.176626 0.6631289 0.7273675 0.176626 0.6631292 0.7273672 0.1340458 0.8229815 0.5520265 0.1340459 0.8229815 0.5520266 0.08367693 0.9350146 0.3445953 0.9717627 6.08543e-6 -0.2359604 0.9717625 4.3702e-6 -0.2359614 0.9717606 4.84742e-6 -0.2359693 0.9717609 -2.16509e-6 -0.235968 0.9717612 0 -0.2359663 0.9717578 -4.80488e-6 -0.2359805 0.9717618 -1.14092e-6 -0.2359644 0.9717626 -2.12196e-7 -0.2359611 0.9717096 -8.94025e-6 -0.236179 0.9717532 3.49327e-6 -0.2359997 0.9717607 1.13475e-5 -0.2359687 0.9717602 -2.94931e-6 -0.2359705 0.9717606 -6.80109e-6 -0.235969 0.9717608 -7.92315e-6 -0.2359685 0.9717605 -4.99473e-6 -0.2359695 0.9717603 3.07762e-6 -0.2359701 0.9717607 1.15676e-5 -0.2359686 0.9717603 -5.23576e-6 -0.2359702 0.9717608 3.36913e-5 -0.2359681 0.9717608 -7.86711e-5 -0.2359685 0.9717643 -2.38385e-5 -0.2359538 0.9717613 -1.73232e-6 -0.2359663 0.9717615 -4.63599e-7 -0.2359654 0.9717602 -4.69456e-6 -0.2359704 0.9717605 -1.8461e-6 -0.2359697 0.9717609 -6.98224e-6 -0.2359679 0.9717587 1.37394e-5 -0.2359768 0.9717634 5.29611e-6 -0.2359577 -0.971762 -1.44333e-5 0.2359635 -0.9717602 -2.90844e-6 0.2359707 -0.9717608 -1.06824e-5 0.235968 0.9717612 1.0581e-6 -0.2359666 0.9717634 5.75688e-6 -0.2359576 0.9717611 2.20605e-6 -0.2359672 0 1 -3.62418e-7 0 1 3.09093e-7 0 1 -1.08629e-6 0 1 -7.07046e-7 0 1 -8.03524e-7 0 1 -2.3201e-6 0.9717608 -5.14951e-6 -0.2359685 0.9717599 -5.59082e-6 -0.2359718 0.9717621 -7.08132e-6 -0.2359631 -0.9717593 -2.67816e-6 0.2359744 -0.9717553 6.49653e-6 0.2359906 -0.9717589 1.07069e-6 0.2359759 -0.9717643 4.65798e-6 0.2359537 -0.9717606 2.65815e-6 0.2359691 -0.9717625 -1.921e-6 0.2359614 -0.9717601 4.23999e-6 0.2359711 -0.9717587 -1.02505e-6 0.2359767 -0.9717611 3.20002e-6 0.2359673 0.9717605 -1.32633e-5 -0.2359697 0.9717587 9.41625e-7 -0.2359772 0.9717644 1.7294e-5 -0.2359537 0 -1 1.71319e-6 0 -1 -9.32714e-7 0 -1 1.49855e-6 -0.3814094 -0.01336431 -0.9243096 -0.3554115 3.36477e-4 -0.9347099 -0.4985274 0.04271113 -0.8658211 0 -1 -2.32437e-6 0 -1 1.29221e-6 0 -1 -2.45849e-6 -0.5444023 -0.6059839 0.5800085 -0.6861339 -0.7066504 0.1728163 -0.6871722 -0.7068617 0.1677528 -0.688197 -0.7067151 0.1641305 -0.684617 -0.7082626 0.1722316 -0.687654 -0.706871 0.1657269 -0.735755 0.6011707 -0.3118628 -0.6882105 0.7071157 0.1623384 -0.6863124 0.7075737 0.1682696 -0.5800841 0.5866962 0.5650576 -0.199659 0.3780413 -0.9040028 -0.6869192 0.7068941 0.1686499 -0.4298681 -0.5318911 0.7295926 -0.6880761 -0.7033148 0.1786045 -0.6897714 -0.7034057 0.1715694 -0.5537278 0.559944 0.6163184 -0.1923958 0.3723319 -0.9079388 -0.6869085 0.7070286 0.1681287 0.9717606 -1.23746e-5 -0.2359693 0.971742 0 -0.2360457 0.9717665 0 -0.2359444 0.9717618 0 -0.2359641 0.9717511 -2.14249e-4 -0.2360082 0.9717598 6.08728e-5 -0.2359724 0.9717627 7.48359e-5 -0.2359603 0.9717522 -4.00211e-5 -0.2360036 0.9717902 2.67814e-5 -0.2358471 0.9717615 -4.29458e-7 -0.2359654 0.971779 0 -0.2358933 0.9716878 2.14291e-4 -0.2362689 0.9717584 5.5589e-6 -0.2359781 0.9717735 0 -0.2359158 0.9717611 -3.09029e-5 -0.235967 0.9717574 -1.0316e-4 -0.2359821 0.9717666 8.92613e-6 -0.2359445 0.9717836 2.14285e-4 -0.2358745 0.9717645 5.5618e-6 -0.2359532 0.971761 0 -0.2359676 0.9717302 -3.48993e-5 -0.2360943 0.9717959 0 -0.2358235 0.9716959 1.07124e-4 -0.2362354 -0.971727 -2.11988e-5 0.2361074 -0.9717913 2.4264e-5 0.2358425 -0.9717857 6.06486e-7 0.2358657 -0.9717835 -5.21951e-6 0.2358744 -0.9717595 3.21766e-6 0.2359737 -0.9716365 2.26447e-4 0.2364796 -0.9717605 -6.20525e-6 0.2359697 -0.97172 1.94124e-4 0.2361357 -0.9717589 2.66638e-5 0.2359762 -0.9717849 -1.29412e-4 0.235869 -0.9717696 -8.79899e-5 0.2359321 -0.971778 -1.29619e-4 0.2358973 -0.9717615 -3.2355e-4 0.2359653 -0.9717594 -5.31974e-6 0.2359739 -0.9717555 0 0.2359904 -0.9717566 -1.87512e-5 0.2359857 -0.9717748 6.47084e-5 0.2359107 -0.971772 8.63531e-5 0.2359222 -0.9717476 -7.91624e-5 0.2360227 -0.9718099 9.70362e-5 0.2357657 -0.9717596 6.06944e-6 0.2359734 -0.9717107 0 0.2361747 -0.9717522 6.63539e-6 0.2360039 -0.9717787 -3.23581e-5 0.2358946 -0.9717984 -6.43703e-5 0.2358134 -0.9717859 -4.50161e-5 0.2358654 -0.9717608 -3.38976e-6 0.2359682 -0.9717662 -4.39295e-5 0.2359459 -0.9717611 -1.0118e-5 0.2359669 -0.9717662 -4.07564e-5 0.2359464 -0.9717491 6.46954e-5 0.2360169 -0.9717712 -3.23507e-4 0.2359252 -0.9717616 -3.50354e-5 0.2359651 -0.9717458 -4.52908e-4 0.2360296 -0.9717621 0 0.2359629 -0.9717595 -1.54716e-6 0.2359738 -0.9717249 -1.29427e-4 0.2361161 -0.9717555 -8.5018e-6 0.2359902 -0.9717742 1.4026e-5 0.235913 0.971774 -1.50509e-5 -0.2359138 0.9718049 -1.51681e-5 -0.235787 0.9717606 -6.00835e-6 -0.2359689 0.9717465 3.88402e-5 -0.236027 0.9717593 1.09255e-5 -0.2359747 0.9717614 1.5434e-6 -0.2359658 0.9717405 6.02135e-5 -0.2360519 0.9717359 1.8062e-4 -0.2360704 0.9717512 8.34635e-5 -0.236008 0.9717692 -7.35344e-5 -0.2359341 0.9717613 -1.09165e-5 -0.2359663 0.9717558 -3.61207e-4 -0.2359885 0.9717594 -1.03419e-5 -0.2359744 0.9717558 0 -0.235989 0.9717589 -4.81733e-6 -0.2359762 0.9717875 1.80607e-4 -0.235858 0.9717472 -3.47884e-5 -0.2360243 0.9717701 3.67631e-5 -0.2359302 0.9718642 1.35458e-4 -0.2355422 0.9717208 -3.59438e-5 -0.2361327 0.9717826 7.63539e-6 -0.2358784 0.9717634 -1.34769e-6 -0.2359576 0.9717913 -6.0212e-5 -0.2358428 0.9717654 1.47588e-6 -0.2359496 0.971741 1.20399e-4 -0.2360499 0.9717567 7.74801e-6 -0.235985 0.9717686 -1.20402e-4 -0.2359362 0.9717552 1.45356e-5 -0.2359917 0.971741 1.20418e-4 -0.2360497 0.9717603 9.12307e-6 -0.2359703 0.9717665 1.22734e-4 -0.2359444 0.9717653 1.198e-4 -0.2359495 0.9717589 6.02076e-5 -0.2359763 0.971729 -1.80619e-4 -0.2360988 0.9717727 5.73691e-5 -0.2359193 0.9717898 1.50515e-4 -0.2358488 0.9717655 1.83906e-5 -0.2359489 0.971821 7.52486e-5 -0.23572 0 1 1.23629e-6 0 1 2.96788e-5 0 1 9.27252e-7 0 1 -7.42038e-6 0 1 1.48395e-5 0 1 6.18157e-7 0 1 1.18052e-6 0 1 5.93512e-5 0 1 -1.42165e-5 0 1 -5.93513e-5 0 1 5.93554e-5 0 1 2.47261e-6 0 1 9.99924e-7 0 1 -7.41958e-6 0 1 -3.09069e-7 0 1 -9.52441e-6 0 1 1.3522e-7 0 1 3.8671e-5 0 1 3.36217e-6 0 1 2.22342e-7 0 1 -1.484e-5 0 1 1.87185e-5 0 1 1.68112e-6 0 1 2.23798e-6 0 1 1.90503e-5 0 1 -2.47261e-6 0 1 9.52459e-6 0 1 -1.2363e-6 0 1 -2.96779e-5 0 1 3.10198e-6 0 1 2.96793e-5 0 1 7.96721e-6 0 1 -1.90493e-5 0 1 -5.93532e-5 0 1 -1.14105e-6 0 1 2.96774e-5 0 1 9.98122e-7 0 1 3.78785e-6 0.9717626 5.1321e-5 -0.2359609 0.9717936 2.14296e-4 -0.2358331 0.9717534 -2.00845e-5 -0.2359988 0.9717842 0 -0.2358714 0.971785 0 -0.2358687 0.9717491 2.17567e-5 -0.2360169 0.9716768 2.14271e-4 -0.2363136 0.971757 2.28479e-6 -0.2359842 0.9717738 -1.0713e-4 -0.2359147 0.9717503 1.35135e-4 -0.2360116 0.9717631 -5.6633e-5 -0.2359587 0.9717652 3.43845e-5 -0.2359499 0.9717604 -8.58066e-6 -0.2359699 0.9717682 6.69457e-6 -0.2359376 0.971808 1.60705e-4 -0.2357738 0.9717974 0 -0.2358173 0.9717596 1.09562e-6 -0.2359737 0.9716929 1.07133e-4 -0.2362475 0.9717604 9.15139e-6 -0.2359699 0.9717615 3.43834e-5 -0.2359651 0.9717668 0 -0.2359436 0.9717628 0 -0.2359598 0.9717446 -2.14249e-4 -0.236035 -0.9717612 -3.21334e-5 0.2359663 -0.9717589 1.08627e-5 0.2359759 -0.9717575 2.11873e-4 0.2359817 -0.9717535 0 0.2359984 -0.9717518 -3.08914e-5 0.2360053 -0.9717652 1.93568e-5 0.2359502 -0.9717904 2.13483e-4 0.2358461 -0.971777 6.46881e-5 0.2359013 -0.9718015 1.29405e-4 0.2358007 -0.9717634 1.64402e-5 0.2359576 -0.9717955 8.0859e-5 0.2358252 -0.9717616 8.47184e-7 0.2359651 -0.9718065 0 0.2357797 -0.9718042 0 0.2357892 -0.9717491 0 0.2360165 -0.9717538 -2.66019e-6 0.2359972 -0.9717156 9.70632e-5 0.2361547 -0.9717577 0 0.2359814 -0.9717299 1.29385e-4 0.2360953 -0.9717603 1.48702e-6 0.2359701 -0.9717921 -2.588e-4 0.2358391 -0.9717618 2.82511e-5 0.2359641 -0.9717617 -1.29406e-4 0.2359646 -0.971758 -3.08428e-5 0.2359797 -0.9717496 -3.23507e-4 0.2360143 -0.9717609 5.92538e-6 0.2359678 -0.9717559 -6.46964e-5 0.2359881 -0.9717331 -1.29378e-4 0.2360823 -0.9717632 3.34111e-5 0.2359583 -0.9717218 -9.70541e-5 0.2361286 -0.9717559 -1.11271e-5 0.2359886 -0.9717834 0 0.235875 -0.9717063 0 0.2361922 -0.9717066 0 0.2361913 -0.9717107 1.294e-4 0.2361746 -0.9717567 1.63344e-5 0.2359853 -0.9718015 -1.29405e-4 0.2358007 -0.9717615 -1.82959e-5 0.2359656 -0.9717726 -6.46932e-5 0.2359198 -0.9717608 9.41929e-6 0.2359681 -0.971758 -2.67839e-5 0.2359798 -0.9717623 7.11291e-6 0.2359619 -0.9718016 1.20528e-4 0.2357999 -0.9717918 0 0.2358407 -0.9717921 0 0.2358397 -0.9717541 0 0.235996 -0.97176 -1.19979e-6 0.2359718 -0.9717591 2.57879e-5 0.2359752 -0.9717605 -1.11576e-6 0.2359698 -0.9717628 -2.67816e-5 0.2359597 -0.9717651 1.33903e-4 0.2359507 -0.9717559 -4.67705e-5 0.2359884 -0.9717603 -4.55146e-6 0.23597 -0.9717586 -1.14873e-5 0.2359774 -0.9717175 -7.36555e-5 0.2361463 -0.9717622 5.94449e-6 0.2359626 -0.9717871 0 0.2358599 -0.9717773 -6.69582e-5 0.2359003 -0.9717597 -3.00787e-6 0.2359727 -0.9717447 1.07142e-4 0.2360346 -0.9717599 8.31175e-6 0.2359719 -0.9717624 8.78854e-6 0.2359615 -0.9717581 2.54788e-6 0.235979 -0.9717553 4.29784e-5 0.2359911 -0.9717571 1.11575e-6 0.2359836 -0.9717584 2.67807e-5 0.2359784 -0.9717653 8.03416e-5 0.2359499 -0.9717598 -1.41026e-5 0.2359724 -0.9717614 -1.51717e-6 0.2359659 -0.9717606 7.85997e-7 0.2359694 -0.971759 0 0.2359758 -0.9717443 0 0.2360362 -0.9717448 0 0.2360345 -0.9717594 1.33924e-5 0.2359741 -0.9717646 -3.4343e-5 0.2359527 -0.9717582 5.56172e-6 0.2359789 -0.9717596 6.26031e-6 0.2359732 -0.9717614 2.42725e-5 0.235966 -0.971758 -1.63327e-5 0.2359798 -0.9717611 2.6784e-5 0.2359672 -0.9717714 2.42085e-5 0.2359248 -0.971753 -4.42933e-6 0.2360005 -0.9717561 6.54379e-6 0.2359875 -0.9717403 0 0.2360529 -0.9717469 0 0.2360252 0.971773 -2.7479e-5 -0.2359183 0.9717523 0 -0.2360036 0.9717634 -7.76775e-5 -0.2359575 0.9717586 6.86978e-6 -0.2359775 0.971751 6.17405e-6 -0.236009 0.9717379 2.40865e-4 -0.2360623 0.9717698 0 -0.2359313 0.9717685 3.15361e-4 -0.2359365 0.9717637 9.42724e-5 -0.2359563 0.9717625 1.3876e-5 -0.2359614 0.9717692 3.67633e-5 -0.2359336 0.9717662 1.5189e-5 -0.2359463 0.971743 -3.40128e-5 -0.2360419 0.9718358 2.10712e-4 -0.2356593 0.9718005 4.5151e-5 -0.2358049 0.9717691 1.57892e-5 -0.2359343 0.9716931 3.76304e-6 -0.2362471 0.9717626 -2.07417e-6 -0.2359611 0.9717611 -7.9361e-6 -0.2359669 0.9717727 -4.09602e-5 -0.2359192 0.9717964 -6.02086e-5 -0.2358219 0.9717956 -2.40799e-4 -0.2358246 0.9717694 -6.17381e-6 -0.235933 0.9717476 7.76729e-5 -0.2360228 0.9717581 1.56066e-5 -0.2359791 0.9717524 5.41895e-4 -0.2360026 0.9717645 -1.43786e-4 -0.2359532 0.9717619 6.93773e-5 -0.2359637 0.9717621 2.78493e-5 -0.2359629 0.9717957 2.40868e-4 -0.2358245 0.9717264 -2.30316e-4 -0.23611 0.9717825 1.42919e-4 -0.2358791 0.9718315 9.03049e-5 -0.235677 0.9717816 4.17334e-5 -0.2358827 0.9717718 1.17838e-5 -0.2359228 0.9717651 -4.13506e-6 -0.2359508 0.971885 -9.03183e-5 -0.235456 0.971709 5.68127e-5 -0.2361812 0 -1 1.2362e-5 0 -1 -1.48397e-5 0 -1 6.74027e-7 0 -1 -9.3283e-6 0 -1 -6.29308e-7 0 -1 2.96728e-5 0 -1 4.6047e-6 0 -1 -1.29517e-6 0 -1 -1.50362e-6 0 -1 7.41964e-6 0 -1 2.21035e-6 0 -1 1.56873e-5 0 -1 -3.61988e-5 0 -1 5.93518e-5 0 -1 -2.96781e-5 0.6866666 0.7070155 -0.1691691 0.687582 0.7066593 -0.1669242 0.5492083 -0.2138034 0.8078728 0.6856167 0.707504 -0.1713705 0.5869538 -0.204934 0.7832545 0.03674381 -0.451126 0.8917037 0.4717385 6.84335e-5 0.8817385 -0.6976797 -0.6961239 0.1692765 0.6869562 0.7068821 -0.1685495 0.6872016 -0.7069602 -0.1672161 0.6855497 -0.7072556 -0.1726595 0.3133571 0.3441553 0.8850788 0.5893054 0.2028264 0.7820363 0.5575055 0.2220548 0.7999246 -0.586183 0.7012114 0.4058228 0.815636 -0.5103088 0.2726222 -0.45107 -0.01060575 -0.8924255 -0.2959902 -7.25847e-5 -0.955191 0 -1 1.42165e-5 0 -1 -1.18047e-6 0 -1 -5.93513e-5 0 -1 1.01402e-6 0 -1 2.96766e-5 0 -1 0 0 -1 -2.23237e-7 0 -1 2.50544e-6 0 -1 1.90488e-5 0 -1 -4.17623e-6 0 -1 -2.47265e-6 0 -1 -5.93582e-5 0 -1 -2.07308e-5 0 -1 -2.05718e-5 0 -1 -2.96764e-5 0 -1 1.48392e-5 0 -1 6.18153e-7 -0.1343044 -0.3509101 -0.9267279 0.1600685 -0.2062276 -0.9653229 0.1243816 -0.2254829 -0.9662747 0.6283044 0.5721376 -0.5271548 0.686647 0.7066131 -0.1709209 0.6871967 0.7072319 -0.1660834 -0.6908501 -0.7081916 -0.1455704 -0.7767845 -0.5768734 -0.2526319 0.6873577 0.7071712 -0.1656756 0.6885238 0.7066956 -0.1628388 0.6873959 0.7071803 -0.1654778 0.6903474 0.7057638 -0.1591166 0.6905375 0.7053731 -0.1600216 0.5415149 -0.1721861 0.8228693 -0.6887558 -0.706284 0.163641 -0.9715198 6.20932e-4 0.2369579 -0.971739 -3.40241e-4 0.2360577 -0.9717406 -3.23426e-4 0.2360513 -0.971742 -3.30487e-4 0.2360452 -0.971741 -3.25633e-4 0.2360498 -0.9717406 -3.25637e-4 0.2360515 -0.9717411 -3.20181e-4 0.2360491 -0.9717409 -3.18221e-4 0.23605 -0.9717406 -3.16579e-4 0.236051 -0.9717426 -2.9598e-4 0.2360433 -0.9718018 -1.6428e-4 0.2357991 0.6871737 -0.7068078 -0.1679735 0.6850593 -0.707089 -0.1752684 0.3077428 0.3487936 0.8852331 0.5860418 0.2060307 0.7836495 0.5547404 0.2250777 0.8010013 -0.4696309 0.6838398 0.5583994 0.8032038 -0.5692993 0.1753906 0.6870186 -0.7070857 -0.1674376 0.6874964 -0.7071423 -0.1652225 0.1234843 0.2221207 -0.9671681 0.1618685 0.2056988 -0.9651355 0.6871029 -0.7071161 -0.1669625 0.6868571 -0.7066461 -0.1699373 -0.6868934 0.7066915 0.1696016 -0.687056 0.7071537 0.1669961 0.5795949 0.5000975 -0.6434069 0.683472 0.7095226 -0.171592 0.6844292 0.710041 -0.1655251 -0.1480256 -0.3573912 -0.9221497 0.1479481 -0.2114505 -0.9661264 0.1120421 -0.2308026 -0.9665282 -0.703694 -0.702061 -0.1092026 0.6872597 -0.7070251 -0.1667025 0.6877208 -0.7069679 -0.1650349 0.1272027 0.2164809 -0.9679647 0.1656904 0.1999166 -0.9657019 0.6873588 -0.7070595 -0.1661469 0.6870731 -0.7065398 -0.1695054 -0.6867228 0.7069572 0.1691846 -0.6869851 0.7073611 0.1664085</float_array>
          <technique_common>
            <accessor source="#wheel_loader_v1_074-mesh-normals-array" count="2996" stride="3">
              <param name="X" type="float"/>
              <param name="Y" type="float"/>
              <param name="Z" type="float"/>
            </accessor>
          </technique_common>
        </source>
        <vertices id="wheel_loader_v1_074-mesh-vertices">
          <input semantic="POSITION" source="#wheel_loader_v1_074-mesh-positions"/>
        </vertices>
        <triangles material="main_color-material" count="2584">
          <input semantic="VERTEX" source="#wheel_loader_v1_074-mesh-vertices" offset="0"/>
          <input semantic="NORMAL" source="#wheel_loader_v1_074-mesh-normals" offset="1"/>
          <p>0 0 1 1 2 2 2 2 1 1 3 3 2 2 3 3 4 4 4 5 3 6 5 7 5 7 3 6 6 8 5 9 6 10 7 11 7 11 6 10 8 12 7 13 8 14 9 15 9 15 8 14 10 16 9 17 10 18 11 19 11 19 10 18 12 20 11 21 12 22 13 23 13 23 12 22 14 24 13 25 14 26 15 27 15 27 14 26 16 28 15 29 16 30 17 31 17 31 16 30 18 32 17 33 18 34 19 35 19 35 18 34 20 36 19 37 20 38 21 39 21 39 20 38 22 40 21 41 22 42 23 43 23 43 22 42 24 44 23 45 24 46 25 47 25 47 24 46 26 48 25 49 26 50 27 51 27 51 26 50 28 52 27 51 28 52 29 53 29 54 28 55 30 56 29 54 30 56 31 57 31 58 30 59 32 60 31 58 32 60 33 61 33 62 32 63 34 64 34 64 32 63 35 65 34 66 35 67 36 68 36 68 35 67 37 69 36 70 37 71 38 72 38 72 37 71 39 73 38 74 39 75 40 76 40 76 39 75 41 77 40 78 41 79 42 80 42 80 41 79 43 81 42 82 43 83 44 84 44 84 43 83 45 85 44 86 45 87 46 88 46 88 45 87 47 89 46 90 47 91 48 90 48 90 47 91 49 92 48 93 49 94 50 95 50 95 49 94 51 96 50 97 51 98 0 0 0 0 51 98 52 99 0 0 52 99 1 1 1 100 52 101 53 102 1 100 53 102 6 8 6 10 53 103 8 12 33 61 54 104 31 58 31 57 54 105 55 106 31 57 55 106 29 54 29 53 55 107 56 108 29 53 56 108 27 51 54 105 57 109 55 106 55 107 57 110 56 108 52 101 51 96 58 111 58 111 51 96 49 94 58 112 49 92 59 113 59 113 49 92 47 91 59 114 47 89 60 115 60 115 47 89 45 87 60 116 45 85 61 117 61 117 45 85 43 83 61 118 43 81 62 119 62 119 43 81 41 79 62 120 41 77 63 121 63 121 41 77 39 75 63 122 39 73 64 123 64 123 39 73 37 71 64 124 37 69 65 125 65 125 37 69 35 67 65 126 35 65 66 127 66 127 35 65 32 63 66 128 32 60 30 59 6 8 3 6 1 100 52 101 58 111 53 102 53 103 58 112 67 129 53 103 67 129 8 12 8 14 67 130 10 16 67 129 58 112 59 113 67 130 59 114 68 131 68 131 59 114 60 115 68 132 60 116 69 133 69 133 60 116 61 117 69 134 61 118 70 135 70 135 61 118 62 119 70 26 62 120 71 77 71 77 62 120 63 121 71 136 63 122 72 137 72 137 63 122 64 123 72 138 64 124 73 139 73 139 64 124 65 125 73 140 65 126 74 141 74 141 65 126 66 127 74 142 66 128 75 143 75 143 66 128 30 59 75 144 30 56 28 55 12 20 10 18 68 132 68 131 10 16 67 130 12 20 68 132 69 133 14 24 12 22 69 134 14 24 69 134 70 135 16 28 14 26 70 26 16 28 70 26 71 77 18 32 16 30 71 136 18 32 71 136 72 137 20 36 18 34 72 138 20 36 72 138 73 139 22 40 20 38 73 140 22 40 73 140 74 141 24 44 22 42 74 142 24 44 74 142 75 143 26 48 24 46 75 144 26 48 75 144 28 55 76 145 78 146 77 146 78 146 79 145 77 146 78 147 80 148 79 149 78 147 81 150 80 148 81 151 82 152 80 153 81 151 83 154 82 152 83 155 84 156 82 157 83 155 85 155 84 156 85 158 86 159 84 159 85 158 87 160 86 159 87 161 88 162 86 163 87 161 89 164 88 162 89 165 90 166 88 167 89 165 91 168 90 166 91 169 92 170 90 171 91 169 93 172 92 170 93 173 94 173 92 173 93 173 95 173 94 173 95 174 96 175 94 176 95 174 97 177 96 175 97 178 98 179 96 180 97 178 99 181 98 179 99 182 100 182 98 183 99 182 101 183 100 182 101 184 102 185 100 186 102 185 103 187 100 186 104 188 105 189 106 190 106 190 105 189 107 191 106 192 107 193 108 194 108 194 107 193 109 195 108 196 109 197 110 198 108 196 110 198 111 199 111 200 110 201 112 202 111 200 112 202 113 203 113 204 112 205 114 206 113 204 114 206 115 207 115 208 114 209 116 210 115 208 116 210 117 211 117 212 116 213 118 214 117 212 118 214 119 215 119 216 118 217 120 218 119 216 120 218 121 219 121 220 120 221 122 222 121 220 122 222 123 223 123 224 122 225 124 226 123 224 124 226 125 227 125 228 124 229 126 230 125 228 126 230 127 231 127 232 126 233 128 234 127 232 128 234 129 235 129 236 128 237 130 238 129 236 130 238 131 239 131 240 130 241 132 242 131 240 132 242 133 243 133 244 132 245 134 246 133 244 134 246 135 247 135 248 134 249 136 250 135 248 136 250 137 251 137 252 136 253 138 254 137 252 138 254 139 255 139 256 138 257 140 258 139 256 140 258 141 259 141 260 140 261 142 262 141 260 142 262 143 263 143 264 142 265 144 266 144 266 142 265 145 267 144 268 145 269 146 270 146 270 145 269 147 271 148 272 149 272 150 272 150 273 149 274 151 275 150 276 151 276 152 276 152 277 151 278 153 279 152 277 153 279 154 280 154 280 153 279 155 281 149 282 148 283 156 284 156 285 148 285 157 285 156 286 157 287 158 288 158 289 157 289 159 289 158 290 159 291 160 292 160 292 159 291 161 293 160 294 161 295 162 296 162 296 161 295 163 297 162 298 163 298 164 298 162 299 164 300 165 301 165 301 164 300 166 302 165 301 166 302 167 303 167 303 166 302 168 304 167 305 168 306 169 307 169 307 168 306 170 308 169 309 170 310 171 311 171 311 170 310 172 312 171 313 172 314 173 315 173 315 172 314 174 316 173 317 174 318 175 319 175 319 174 318 176 320 175 321 176 322 177 323 177 323 176 322 178 324 177 325 178 326 179 327 179 327 178 326 180 328 179 329 180 330 181 331 181 331 180 330 182 332 181 333 182 334 183 335 183 335 182 334 184 336 183 337 184 338 185 339 185 339 184 338 186 340 185 341 186 342 187 343 188 344 189 345 187 346 187 346 189 345 190 347 187 343 190 348 185 341 185 341 190 348 191 349 185 341 191 349 192 350 192 350 191 349 193 351 192 350 193 351 194 352 194 352 193 351 195 353 194 354 195 354 196 354 189 355 188 356 197 357 197 357 188 356 198 358 197 359 198 360 199 361 199 361 198 360 200 362 199 363 200 364 201 365 201 365 200 364 202 366 201 367 202 368 203 369 203 369 202 368 204 370 203 371 204 372 205 373 205 373 204 372 206 374 205 375 206 376 207 377 207 377 206 376 208 378 207 379 208 380 209 381 209 381 210 382 207 379 207 379 210 382 211 383 207 377 211 384 205 375 205 375 211 384 212 385 205 373 212 386 203 371 203 371 212 386 213 387 203 369 213 388 201 367 201 367 213 388 214 389 201 365 214 390 199 363 199 363 214 390 215 391 199 361 215 392 197 359 197 359 215 392 216 393 197 357 216 394 189 355 189 355 216 394 217 395 189 345 217 396 190 347 190 347 217 396 191 397 211 383 210 382 218 398 218 398 210 382 219 399 218 400 219 401 220 402 218 400 220 402 221 403 221 404 220 405 222 406 221 404 222 406 223 407 223 408 222 408 224 408 223 409 224 410 225 411 225 412 224 412 226 412 225 413 226 414 227 415 227 416 226 416 228 416 227 417 228 418 229 419 229 420 228 421 230 422 229 423 230 424 231 425 231 426 230 426 232 426 231 427 232 428 193 429 193 430 232 430 195 430 228 421 233 431 230 422 230 422 233 431 234 432 230 422 234 432 235 433 196 434 236 434 194 434 194 435 236 436 237 437 194 435 237 437 238 438 238 439 237 440 239 441 238 439 239 441 181 333 181 331 239 442 179 329 236 443 240 443 237 443 237 444 240 444 241 444 237 440 241 445 242 446 242 447 241 447 243 447 242 448 243 449 244 450 244 451 243 451 153 451 244 452 153 453 151 454 149 274 245 455 151 275 151 275 245 455 246 456 151 454 246 457 244 452 244 452 246 457 247 458 244 450 247 459 242 448 242 448 247 459 239 442 242 446 239 441 237 440 245 455 175 321 246 456 246 456 175 321 177 323 246 457 177 325 247 458 247 458 177 325 179 327 247 459 179 329 239 442 245 460 149 282 248 461 248 461 149 282 156 284 248 462 156 286 249 463 249 463 156 286 158 288 249 464 158 290 250 465 250 465 158 290 160 292 250 466 160 294 165 467 165 467 160 294 162 296 175 319 245 460 173 317 173 317 245 460 248 461 173 315 248 462 171 313 171 313 248 462 249 463 171 311 249 464 169 309 169 309 249 464 250 465 169 307 250 466 167 305 167 305 250 466 165 467 238 439 181 333 183 335 185 339 192 468 183 337 183 337 192 468 238 438 192 468 194 435 238 438 231 427 193 429 191 397 231 427 191 397 217 396 229 423 231 425 217 395 229 423 217 395 216 394 227 417 229 419 216 393 227 417 216 393 215 392 225 413 227 415 215 391 225 413 215 391 214 390 223 409 225 411 214 389 223 409 214 389 213 388 221 404 223 407 213 387 221 404 213 387 212 386 218 400 221 403 212 385 218 400 212 385 211 384 251 469 252 470 155 471 155 471 252 470 235 472 155 473 235 474 253 474 253 474 235 474 254 473 253 475 254 476 255 477 255 477 254 476 256 476 255 478 256 479 257 480 257 480 256 479 258 481 257 482 258 483 259 484 259 484 258 483 260 485 259 486 260 487 261 488 261 488 260 487 262 489 261 490 262 491 263 492 263 492 262 491 264 493 263 494 264 495 265 496 265 496 264 495 266 497 265 498 266 499 267 500 267 500 266 499 268 501 267 502 268 503 269 504 269 504 268 503 270 505 269 506 270 507 271 508 271 508 270 507 272 509 271 510 272 511 273 512 273 512 272 511 274 513 273 514 274 515 275 516 275 516 274 515 276 517 275 518 276 518 277 518 252 519 251 520 278 521 278 521 251 520 279 522 278 523 279 523 280 523 278 524 280 524 281 524 281 525 280 525 282 525 281 526 282 527 283 528 283 528 282 527 284 529 283 530 284 530 236 530 275 531 277 531 285 531 285 532 277 532 286 532 285 533 286 534 287 535 287 535 286 534 288 536 287 537 288 537 289 537 228 538 291 539 290 540 291 539 292 541 290 540 291 539 293 542 292 541 233 543 228 538 294 544 228 538 295 545 294 544 228 538 290 540 295 545 234 546 233 543 296 547 233 543 297 548 296 547 233 543 298 549 297 548 235 550 234 546 299 551 234 546 300 546 299 551 234 546 301 546 300 546 299 551 302 552 235 550 302 552 254 553 235 550 302 552 256 554 254 553 302 552 303 555 256 554 303 555 258 556 256 554 303 555 304 557 258 556 304 557 260 558 258 556 304 557 77 559 260 558 77 559 262 560 260 558 77 559 264 561 262 560 77 559 305 562 264 561 305 562 266 563 264 561 305 562 306 564 266 563 306 564 268 565 266 563 306 564 307 566 268 565 307 566 270 567 268 565 307 566 272 568 270 567 307 566 308 569 272 568 308 569 309 570 272 568 308 569 310 571 309 570 310 571 311 572 309 570 311 572 312 573 309 570 312 573 313 574 309 570 312 573 314 575 313 574 314 575 315 576 313 574 315 576 316 577 313 574 316 577 291 539 313 574 316 577 293 542 291 539 301 546 234 546 296 547 298 549 233 543 294 544 154 578 155 579 317 580 317 580 155 579 253 581 317 580 253 581 318 582 318 582 253 581 255 583 318 582 255 583 257 584 318 582 257 584 319 585 319 585 257 584 259 586 319 585 259 586 320 587 320 587 259 586 261 588 320 587 261 588 321 589 321 589 261 588 263 590 321 589 263 590 322 591 322 591 263 590 265 592 322 591 265 592 323 593 323 593 265 592 267 594 323 593 267 594 269 595 323 593 269 595 324 596 324 596 269 595 271 597 324 596 271 597 325 598 326 599 327 600 325 598 325 598 327 600 328 601 325 598 328 601 329 602 330 603 331 604 326 599 326 599 331 604 332 605 326 599 332 605 333 606 150 607 102 608 330 603 330 603 102 608 334 609 330 603 334 609 335 610 152 611 336 612 150 607 150 607 336 612 337 613 150 607 337 613 338 614 154 578 339 615 152 611 152 611 339 615 340 616 152 611 340 616 341 617 335 610 331 604 330 603 333 606 327 600 326 599 329 602 324 596 325 598 317 580 342 618 154 578 154 578 342 618 343 619 154 578 343 619 339 615 341 617 336 612 152 611 338 614 102 608 150 607 291 620 228 621 344 622 228 621 345 623 344 622 345 624 346 624 344 624 345 625 347 626 346 627 347 626 348 628 346 627 347 629 349 630 348 631 349 630 350 632 348 631 349 630 351 633 350 632 351 633 352 634 350 632 351 633 353 635 352 634 144 636 146 637 354 638 146 637 355 639 354 638 146 637 356 640 355 639 356 640 357 641 355 639 357 641 358 642 355 639 357 641 359 643 358 642 359 643 360 644 358 642 359 643 361 645 360 644 361 645 362 646 360 644 362 646 363 647 360 644 362 646 364 648 363 647 364 648 365 649 363 647 365 649 366 650 363 647 365 649 367 651 366 650 367 651 368 652 366 650 367 651 369 653 368 652 369 653 370 654 368 652 370 654 371 655 368 652 370 654 372 656 371 655 372 656 373 657 371 655 373 657 374 658 371 655 373 657 375 659 374 658 375 659 376 660 374 658 375 659 377 661 376 660 377 661 378 662 376 660 378 662 379 663 376 660 378 662 380 664 379 663 380 664 381 665 379 663 381 665 382 666 379 663 381 665 383 667 382 666 383 667 384 668 382 666 383 667 385 669 384 668 385 669 386 670 384 668 386 670 0 671 384 668 386 670 104 672 0 671 104 672 106 673 0 671 106 673 387 674 0 671 106 673 108 675 387 674 108 675 111 676 387 674 111 676 388 677 387 674 111 676 113 678 388 677 113 678 389 679 388 677 113 678 115 680 389 679 115 680 117 681 389 679 117 681 390 682 389 679 117 681 119 683 390 682 119 683 121 684 390 682 121 684 391 685 390 682 121 684 123 686 391 685 123 686 392 687 391 685 123 686 125 688 392 687 125 688 127 689 392 687 127 689 393 690 392 687 127 689 129 691 393 690 129 691 131 692 393 690 131 692 394 693 393 690 131 692 133 694 394 693 133 694 395 695 394 693 133 694 135 696 395 695 135 696 137 697 395 695 137 697 396 698 395 695 137 697 139 699 396 698 139 699 141 700 396 698 141 700 397 701 396 698 141 700 143 702 397 701 143 702 354 638 397 701 143 702 144 636 354 638 150 703 330 704 398 705 330 704 399 706 398 705 399 706 400 707 398 705 400 707 401 708 398 705 400 707 402 709 401 708 402 709 403 710 401 708 402 709 404 711 403 710 404 711 405 712 403 710 404 711 406 713 405 712 406 713 407 714 405 712 408 715 166 716 409 717 409 717 166 716 164 718 409 717 164 718 410 719 410 719 164 718 411 720 410 721 411 722 412 723 412 723 411 722 413 724 412 725 413 726 414 727 414 727 413 726 415 728 414 729 415 730 416 731 416 731 415 730 417 732 416 733 417 734 418 735 418 735 417 734 419 736 418 737 419 738 420 739 420 739 419 738 421 740 420 741 421 742 422 743 422 743 421 742 423 744 422 745 423 746 424 747 424 747 423 746 425 748 424 749 425 750 426 751 426 751 425 750 427 752 426 753 427 754 428 753 428 753 427 754 429 755 428 756 429 757 430 758 430 758 429 757 431 759 430 760 431 761 432 762 432 762 431 761 433 763 432 764 433 765 434 766 434 766 433 765 435 767 434 768 435 769 436 770 436 770 435 769 437 771 436 772 437 773 438 774 438 774 437 773 439 775 438 776 439 777 440 778 440 778 439 777 441 779 440 780 441 781 442 782 442 782 441 781 443 783 442 784 443 785 444 786 444 786 443 785 445 787 444 788 445 789 210 790 210 790 445 789 446 791 446 792 445 787 447 793 447 793 445 787 443 785 447 794 443 783 448 795 448 795 443 783 441 781 448 796 441 796 449 796 449 797 441 779 439 777 449 798 439 798 450 798 450 799 439 775 437 773 450 800 437 800 291 800 291 801 437 771 435 769 291 802 435 803 313 804 313 805 435 806 451 807 313 805 451 807 309 808 309 808 451 807 272 809 164 718 452 810 411 720 411 811 452 811 453 811 411 722 453 812 413 724 413 813 453 813 454 813 413 726 454 814 415 728 415 815 454 815 455 815 415 730 455 816 417 732 417 817 455 817 456 817 417 734 456 818 419 736 419 819 456 819 330 819 419 738 330 820 421 740 421 821 330 822 457 823 421 742 457 824 423 744 423 825 457 825 458 825 423 746 458 826 425 748 425 827 458 827 459 827 425 750 459 828 427 752 427 829 459 829 460 829 427 830 460 830 289 830 330 822 326 831 457 823 457 823 326 831 325 832 457 823 325 832 271 833 427 754 289 834 429 755 429 835 289 835 461 835 429 836 461 836 462 836 429 757 462 837 431 759 431 838 462 838 463 838 431 761 463 839 433 763 433 840 463 840 451 840 433 765 451 841 435 767 210 790 209 842 444 788 444 788 209 842 464 843 444 786 464 844 442 784 442 784 464 844 465 845 442 782 465 846 440 780 440 780 465 846 466 847 440 778 466 848 438 776 438 776 466 848 467 849 438 774 467 850 436 772 436 772 467 850 468 851 436 770 468 852 434 768 434 768 468 852 469 853 434 766 469 854 432 764 432 764 469 854 470 855 432 762 470 856 430 760 430 760 470 856 471 857 430 758 471 858 428 756 428 756 471 858 472 859 428 753 472 860 426 753 426 753 472 860 473 861 426 751 473 862 424 749 424 749 473 862 474 863 424 747 474 864 422 745 422 745 474 864 475 865 422 743 475 866 420 741 420 741 475 866 476 867 420 739 476 868 418 737 418 737 476 868 477 869 418 735 477 870 416 733 416 733 477 870 478 871 416 731 478 872 414 729 414 729 478 872 479 873 414 727 479 874 412 725 412 725 479 874 480 875 412 723 480 876 410 721 410 721 480 876 409 877 209 842 481 878 464 843 464 844 481 879 465 845 481 879 482 880 465 845 465 846 482 881 466 847 482 881 483 882 466 847 466 848 483 883 467 849 483 883 484 884 467 849 467 850 484 885 468 851 484 885 485 886 468 851 468 852 485 887 469 853 485 887 486 888 469 853 469 854 486 889 470 855 486 889 487 890 470 855 470 856 487 891 471 857 487 891 488 892 471 857 471 858 488 893 472 859 488 893 489 894 472 859 472 860 489 895 473 861 489 895 490 896 473 861 473 862 490 897 474 863 490 897 491 898 474 863 474 864 491 899 475 865 491 899 492 900 475 865 475 866 492 901 476 867 492 901 493 902 476 867 476 868 493 903 477 869 493 903 494 904 477 869 477 870 494 905 478 871 494 905 495 906 478 871 478 872 495 907 479 873 495 907 496 908 479 873 479 874 496 909 480 875 496 909 497 910 480 875 480 876 497 911 409 877 497 911 408 912 409 877 498 913 209 914 105 915 209 914 499 916 105 915 209 914 208 917 499 916 208 917 500 918 499 916 208 917 206 919 500 918 206 919 501 920 500 918 206 919 204 921 501 920 204 921 502 922 501 920 204 921 202 923 502 922 202 923 503 924 502 922 202 923 200 925 503 924 200 925 504 926 503 924 200 925 198 927 504 926 198 927 505 928 504 926 198 927 188 929 505 928 188 929 506 930 505 928 188 929 187 931 506 930 187 931 507 932 506 930 187 931 186 933 507 932 186 933 508 934 507 932 186 933 184 935 508 934 184 935 509 936 508 934 184 935 182 937 509 936 182 937 510 938 509 936 182 937 180 939 510 938 180 939 511 940 510 938 180 939 178 941 511 940 178 941 512 942 511 940 178 941 513 943 512 942 178 941 176 944 513 943 176 944 514 945 513 943 176 944 174 946 514 945 174 946 515 947 514 945 174 946 172 948 515 947 172 948 516 949 515 947 172 948 170 950 516 949 170 950 517 951 516 949 170 950 168 952 517 951 168 952 518 953 517 951 168 952 166 954 518 953 166 954 519 955 518 953 166 954 408 956 519 955 408 956 520 957 519 955 408 956 497 958 520 957 497 958 521 959 520 957 497 958 496 960 521 959 496 960 522 961 521 959 496 960 495 962 522 961 495 962 523 963 522 961 495 962 494 964 523 963 494 964 524 965 523 963 494 964 493 966 524 965 493 966 525 967 524 965 493 966 526 968 525 967 493 966 492 969 526 968 492 969 527 970 526 968 492 969 491 971 527 970 491 971 528 972 527 970 491 971 490 973 528 972 490 973 529 974 528 972 490 973 489 975 529 974 489 975 530 976 529 974 489 975 488 977 530 976 488 977 531 978 530 976 488 977 487 979 531 978 487 979 532 980 531 978 487 979 486 981 532 980 486 981 533 982 532 980 486 981 485 983 533 982 485 983 534 984 533 982 485 983 484 985 534 984 484 985 535 986 534 984 484 985 483 987 535 986 483 987 536 988 535 986 483 987 482 989 536 988 482 989 537 990 536 988 482 989 481 991 537 990 481 991 498 913 537 990 481 991 209 914 498 913 146 992 147 993 356 994 356 994 147 993 538 995 356 996 538 997 357 998 357 998 538 997 539 999 357 1000 539 1001 540 1002 357 1000 540 1002 359 1003 359 1004 540 1005 541 1006 359 1004 541 1006 361 1007 361 1008 541 1009 542 1010 361 1008 542 1010 362 1011 362 1012 542 1013 543 1014 362 1012 543 1014 364 1015 364 1016 543 1017 544 1018 364 1016 544 1018 365 1019 365 1020 544 1021 545 1022 365 1020 545 1022 367 1023 367 1024 545 1025 546 1026 367 1024 546 1026 369 1027 369 1028 546 1029 547 1030 369 1028 547 1030 370 1031 370 1032 547 1033 548 1034 370 1032 548 1034 372 1035 372 1036 548 1037 549 1038 372 1036 549 1038 373 1039 373 1040 549 1041 550 1042 373 1040 550 1042 375 1043 375 1044 550 1045 551 1046 375 1044 551 1046 377 1047 377 1048 551 1049 552 1050 377 1048 552 1050 378 1051 378 1052 552 1053 553 1054 378 1052 553 1054 380 1055 380 1056 553 1057 554 1058 380 1056 554 1058 381 1059 381 1060 554 1061 555 1062 381 1060 555 1062 383 1063 383 1064 555 1065 556 1066 383 1064 556 1066 385 1067 385 1068 556 1069 386 1070 386 1070 556 1069 557 1071 386 1072 557 1073 104 1074 104 1074 557 1073 105 1075 102 1076 558 1077 103 1078 558 1077 559 1079 103 1078 558 1080 560 1080 559 1080 558 1080 561 1081 560 1080 561 1082 562 1083 560 1084 561 1082 563 1085 562 1083 563 1086 564 1087 562 1088 563 1086 565 1086 564 1087 565 1089 566 1090 564 1091 565 1089 567 1089 566 1090 567 1092 568 1093 566 1094 567 1092 569 1095 568 1093 569 1096 570 1097 568 1098 569 1096 571 1099 570 1097 571 1100 572 1100 570 1101 571 1100 573 1101 572 1100 573 1102 574 1102 572 1103 573 1102 575 1103 574 1102 575 1104 576 1105 574 1106 575 1104 577 1107 576 1105 577 1108 578 1108 576 1109 577 1108 579 1109 578 1108 579 1110 580 1111 578 1112 579 1110 581 1113 580 1111 581 1114 76 1115 580 1116 76 1115 77 1117 580 1116 582 1118 583 1119 56 1120 56 1120 583 1119 584 1121 56 1120 584 1121 585 1122 585 1123 584 1124 586 1125 585 1123 586 1125 587 1126 587 1127 586 1128 588 1129 587 1127 588 1129 589 1130 589 1131 588 1132 590 1133 590 1133 588 1132 591 1134 590 1135 591 1136 592 1137 592 1137 591 1136 593 1138 592 1139 593 1140 594 1141 594 1141 593 1140 595 1142 594 1143 595 1144 596 1145 596 1145 595 1144 597 1146 596 1147 597 1148 598 1149 598 1149 597 1148 599 1150 598 1151 599 1152 600 1153 600 1153 599 1152 601 1154 600 1155 601 1156 602 1157 602 1157 601 1156 603 1158 602 1159 603 1160 604 1161 604 1161 603 1160 605 1162 604 1163 605 1164 606 1165 606 1165 605 1164 607 1166 606 1167 607 1168 2 1169 2 1169 607 1168 608 1170 2 1169 608 1170 609 1171 609 1172 608 1173 610 1174 609 1172 610 1174 611 1175 611 1176 610 1177 612 1178 611 1176 612 1178 613 1179 613 1180 612 1181 614 1182 614 1182 612 1181 615 1183 614 1184 615 1185 616 1186 616 1186 615 1185 617 1187 616 1188 617 1189 618 1190 618 1190 617 1189 619 1191 618 1192 619 1193 620 1194 620 1194 619 1193 621 1195 620 1196 621 1197 622 1198 622 1198 621 1197 623 1199 622 1200 623 1201 624 1202 624 1202 623 1201 625 1203 624 1204 625 1205 626 1206 626 1206 625 1205 627 1207 626 1208 627 1209 628 1210 628 1210 627 1209 629 1211 628 1212 629 1213 582 1214 582 1214 629 1213 583 1215 613 1179 630 1216 611 1176 611 1175 630 1217 631 1218 611 1175 631 1218 609 1172 609 1171 631 1219 0 1220 609 1171 0 1220 2 1169 630 1217 632 1221 631 1218 631 1219 632 1222 0 1220 589 1130 633 1223 587 1127 587 1126 633 1224 634 1225 587 1126 634 1225 585 1123 585 1122 634 1226 27 1227 585 1122 27 1227 56 1120 633 1224 635 1228 634 1225 634 1226 635 1229 27 1227 584 1124 583 1215 636 1230 636 1230 583 1215 629 1213 636 1231 629 1211 637 1232 637 1232 629 1211 627 1209 637 1233 627 1207 638 1234 638 1234 627 1207 625 1205 638 1235 625 1203 639 1236 639 1236 625 1203 623 1201 639 1237 623 1199 640 1238 640 1238 623 1199 621 1197 640 1239 621 1195 641 1239 641 1239 621 1195 619 1193 641 1240 619 1191 642 1241 642 1241 619 1191 617 1189 642 1242 617 1187 643 1243 643 1243 617 1187 615 1185 643 1244 615 1183 644 1245 644 1245 615 1183 612 1181 644 1246 612 1178 610 1177 584 1124 636 1230 586 1125 586 1128 636 1231 645 1247 586 1128 645 1247 588 1129 588 1132 645 1248 591 1134 645 1247 636 1231 637 1232 645 1248 637 1233 646 1249 646 1249 637 1233 638 1234 646 1250 638 1235 647 1251 647 1251 638 1235 639 1236 647 1252 639 1237 648 1253 648 1253 639 1237 640 1238 648 1254 640 1239 649 1255 649 1255 640 1239 641 1239 649 1256 641 1240 650 1257 650 1257 641 1240 642 1241 650 1258 642 1242 651 1259 651 1259 642 1242 643 1243 651 1260 643 1244 652 1261 652 1261 643 1244 644 1245 652 1262 644 1246 653 1263 653 1263 644 1246 610 1177 653 1264 610 1174 608 1173 593 1138 591 1136 646 1250 646 1249 591 1134 645 1248 593 1138 646 1250 647 1251 595 1142 593 1140 647 1252 595 1142 647 1252 648 1253 597 1146 595 1144 648 1254 597 1146 648 1254 649 1255 599 1150 597 1148 649 1256 599 1150 649 1256 650 1257 601 1154 599 1152 650 1258 601 1154 650 1258 651 1259 603 1158 601 1156 651 1260 603 1158 651 1260 652 1261 605 1162 603 1160 652 1262 605 1162 652 1262 653 1263 607 1166 605 1164 653 1264 607 1166 653 1264 608 1173 654 1265 27 1266 655 1267 655 1267 27 1266 656 1268 655 1267 656 1268 657 1269 657 1269 658 1270 655 1267 655 1267 658 1270 659 1271 655 1267 659 1271 660 1272 661 1273 662 1274 660 1272 660 1272 662 1274 655 1267 663 1275 664 1276 655 1267 655 1267 664 1276 665 1277 655 1267 665 1277 666 1278 664 1276 663 1275 667 1279 667 1279 663 1275 668 1280 667 1279 668 1280 669 1281 669 1281 668 1280 670 1282 669 1281 670 1282 671 1283 671 1283 670 1282 672 1284 671 1283 672 1284 673 1285 666 1278 674 1286 655 1267 655 1267 674 1286 675 1287 655 1267 675 1287 676 1288 676 1288 677 1289 655 1267 655 1267 677 1289 654 1265 678 1290 679 1291 680 1292 680 1292 679 1291 681 1293 680 1292 681 1293 682 1294 682 1295 681 1296 683 1297 683 1297 681 1296 684 1298 683 1299 684 1300 685 1301 685 1301 684 1300 686 1302 685 1303 686 1304 687 1305 687 1305 686 1304 688 1306 687 1307 688 1308 689 1309 689 1309 688 1308 690 1310 689 1311 690 1312 691 1313 691 1313 690 1312 692 1314 691 1315 692 1316 693 1317 693 1317 692 1316 694 1318 693 1319 694 1320 695 1321 695 1321 694 1320 696 1322 695 1323 696 1324 697 1325 697 1325 696 1324 698 1326 697 1327 698 1328 699 1329 699 1329 698 1328 700 1330 699 1331 700 1332 701 1333 701 1333 700 1332 702 1334 701 1335 702 1336 703 1337 703 1337 702 1336 704 1338 703 1339 704 1340 705 1341 705 1341 704 1340 706 1342 705 1341 706 1342 707 1343 707 1344 706 1345 708 1346 707 1344 708 1346 709 1347 709 1348 708 1349 710 1350 709 1348 710 1350 711 1351 711 1352 710 1353 712 1354 712 1354 710 1353 713 1355 712 1356 713 1357 714 1358 714 1358 713 1357 715 1359 714 1360 715 1361 716 1362 716 1362 715 1361 717 1363 716 1364 717 1365 718 1366 718 1366 717 1365 719 1367 718 1368 719 1369 720 1370 720 1370 719 1369 721 1371 720 1372 721 1373 722 1374 722 1374 721 1373 723 1375 722 1376 723 1377 724 1378 724 1378 723 1377 725 1379 724 1380 725 1381 726 1382 726 1382 725 1381 727 1383 726 1384 727 1385 728 1386 728 1386 727 1385 729 1387 728 1388 729 1389 678 1290 678 1290 729 1389 730 1390 678 1290 730 1390 679 1291 679 1391 730 1392 731 1393 679 1391 731 1393 684 1298 684 1300 731 1394 686 1302 711 1351 732 1395 709 1348 709 1347 732 1396 733 1397 709 1347 733 1397 707 1344 707 1343 733 1398 734 1399 707 1343 734 1399 705 1341 732 1396 735 1400 733 1397 733 1398 735 1401 734 1399 730 1392 729 1387 736 1402 736 1402 729 1387 727 1385 736 1403 727 1383 737 1404 737 1404 727 1383 725 1381 737 1405 725 1379 738 1406 738 1406 725 1379 723 1377 738 1407 723 1375 739 1408 739 1408 723 1375 721 1373 739 1409 721 1371 740 1410 740 1410 721 1371 719 1369 740 1411 719 1367 741 1412 741 1412 719 1367 717 1365 741 1413 717 1363 742 1414 742 1414 717 1363 715 1361 742 1415 715 1359 743 1416 743 1416 715 1359 713 1357 743 1417 713 1355 744 1418 744 1418 713 1355 710 1353 744 1419 710 1350 708 1349 684 1298 681 1296 679 1391 730 1392 736 1402 731 1393 731 1394 736 1403 745 1420 731 1394 745 1420 686 1302 686 1304 745 1421 688 1306 745 1420 736 1403 737 1404 745 1421 737 1405 746 1422 746 1422 737 1405 738 1406 746 1423 738 1407 747 1424 747 1424 738 1407 739 1408 747 1425 739 1409 748 1426 748 1426 739 1409 740 1410 748 1427 740 1411 749 1428 749 1428 740 1411 741 1412 749 1429 741 1413 750 1430 750 1430 741 1413 742 1414 750 1431 742 1415 751 1432 751 1432 742 1415 743 1416 751 1433 743 1417 752 1434 752 1434 743 1417 744 1418 752 1435 744 1419 753 1436 753 1436 744 1419 708 1349 753 1437 708 1346 706 1345 690 1310 688 1308 746 1423 746 1422 688 1306 745 1421 690 1310 746 1423 747 1424 692 1314 690 1312 747 1425 692 1314 747 1425 748 1426 694 1318 692 1316 748 1427 694 1318 748 1427 749 1428 696 1322 694 1320 749 1429 696 1322 749 1429 750 1430 698 1326 696 1324 750 1431 698 1326 750 1431 751 1432 700 1330 698 1328 751 1433 700 1330 751 1433 752 1434 702 1334 700 1332 752 1435 702 1334 752 1435 753 1436 704 1338 702 1336 753 1437 704 1338 753 1437 706 1345 754 1438 756 1439 755 1440 756 1439 757 1441 755 1440 756 1442 758 1443 757 1444 756 1442 759 1445 758 1443 759 1446 760 1447 758 1448 759 1446 761 1449 760 1447 761 156 762 155 760 155 761 156 763 157 762 155 763 158 764 159 762 159 763 158 765 160 764 159 765 1450 766 1451 764 1452 765 1450 767 1453 766 1451 767 1454 768 1454 766 168 767 1454 769 168 768 1454 769 169 770 170 768 171 769 169 771 172 770 170 771 1455 772 1455 770 1456 771 1455 773 1456 772 1455 773 1457 774 1458 772 1459 773 1457 775 1460 774 1458 775 1461 776 1462 774 1463 775 1461 777 1464 776 1462 777 1465 778 1466 776 1467 777 1465 779 1468 778 1466 779 184 780 1469 778 1469 780 1469 781 184 778 1469 782 1470 783 1471 784 1472 784 1472 783 1471 785 1473 784 1474 785 1475 786 1476 786 1476 785 1475 787 1477 786 1478 787 1479 788 1480 786 1478 788 1480 789 1481 789 1482 788 1483 790 1484 789 1482 790 1484 791 1485 791 1486 790 1487 792 1488 791 1486 792 1488 793 1489 793 1490 792 1491 794 1492 793 1490 794 1492 795 1493 795 1494 794 1495 796 1496 795 1494 796 1496 797 1497 797 1498 796 1499 798 1500 797 1498 798 1500 799 1501 799 1502 798 1503 800 1504 799 1502 800 1504 801 1505 801 1506 800 1507 802 1508 801 1506 802 1508 803 1509 803 1510 802 1511 804 1512 803 1510 804 1512 805 1513 805 1514 804 1515 806 1516 805 1514 806 1516 807 1517 807 1518 806 1519 808 1520 807 1518 808 1520 809 1521 809 1522 808 1523 810 1524 809 1522 810 1524 811 1525 811 1526 810 1527 812 1528 811 1526 812 1528 813 1529 813 1530 812 1531 814 1532 813 1530 814 1532 815 1533 815 1534 814 1535 816 1536 815 1534 816 1536 817 1537 817 1538 816 1539 818 1540 817 1538 818 1540 819 1541 819 1542 818 1543 820 1544 819 1542 820 1544 821 1545 821 1546 820 1547 822 1548 822 1548 820 1547 823 1549 822 1550 823 1551 824 1552 824 1552 823 1551 825 1553 826 1554 827 1554 828 1554 828 1555 827 1556 829 1557 828 1558 829 1559 830 1560 830 1561 829 1562 831 1563 830 1561 831 1563 832 1564 832 1564 831 1563 833 1565 827 1566 826 1567 834 1568 834 1569 826 1569 835 1569 834 1570 835 1571 836 1572 836 1573 835 1573 837 1573 836 1574 837 1575 838 1576 838 1576 837 1575 839 1577 838 1578 839 1579 840 1580 840 1580 839 1579 841 1581 840 1582 841 1582 842 1582 840 1583 842 1584 843 1585 843 1585 842 1584 844 1586 843 1585 844 1586 845 1587 845 1587 844 1586 846 1588 845 1589 846 1590 847 1591 847 1591 846 1590 848 1592 847 1593 848 1594 849 1595 849 1595 848 1594 850 1596 849 1597 850 1598 851 1599 851 1599 850 1598 852 1600 851 1601 852 1602 853 1603 853 1603 852 1602 854 1604 853 1605 854 1606 855 1607 855 1607 854 1606 856 1608 855 1609 856 1610 857 1611 857 1611 856 1610 858 1612 857 1613 858 1614 859 1615 859 1615 858 1614 860 1616 859 1617 860 1618 861 1619 861 1619 860 1618 862 1620 861 1621 862 1622 863 1623 863 1623 862 1622 864 1624 863 1625 864 1626 865 1627 866 1628 867 1629 865 1630 865 1630 867 1629 868 1631 865 1627 868 1632 863 1625 863 1625 868 1632 869 1633 863 1625 869 1633 870 1634 870 1634 869 1633 871 1635 870 1634 871 1635 872 1636 872 1636 871 1635 873 1637 872 1638 873 1638 874 1638 867 1639 866 1640 875 1641 875 1641 866 1640 876 1642 875 1643 876 1644 877 1645 877 1645 876 1644 878 1646 877 1647 878 1648 879 1649 879 1649 878 1648 880 1650 879 1651 880 1652 881 1653 881 1653 880 1652 882 1654 881 1655 882 1656 883 1657 883 1657 882 1656 884 1658 883 1659 884 1660 885 1661 885 1661 884 1660 886 1662 885 1663 886 1664 887 1665 887 1665 888 1666 885 1663 885 1663 888 1666 889 1667 885 1661 889 1668 883 1659 883 1659 889 1668 890 1669 883 1657 890 1670 881 1655 881 1655 890 1670 891 1671 881 1653 891 1672 879 1651 879 1651 891 1672 892 1673 879 1649 892 1674 877 1647 877 1647 892 1674 893 1675 877 1645 893 1676 875 1643 875 1643 893 1676 894 1677 875 1641 894 1678 867 1639 867 1639 894 1678 895 1679 867 1629 895 1680 868 1631 868 1631 895 1680 869 1681 889 1667 888 1666 896 1682 896 1682 888 1666 897 1683 896 1684 897 1684 898 1684 896 1685 898 1686 899 1687 899 1688 898 1688 900 1688 899 1689 900 1690 901 1691 901 1692 900 1692 902 1692 901 1693 902 1694 903 1695 903 1696 902 1696 904 1696 903 1697 904 1698 905 1699 905 1700 904 1700 906 1700 905 1701 906 1702 907 1703 907 1704 906 1705 908 1706 907 1707 908 1708 909 1709 909 1710 908 1710 910 1710 909 1711 910 1712 871 1713 871 1714 910 1714 873 1714 906 1705 911 1715 908 1706 908 1706 911 1715 912 1716 908 1706 912 1716 913 1717 874 1718 914 1718 872 1718 872 1719 914 1720 915 1721 872 1719 915 1721 916 1722 916 1723 915 1724 917 1725 916 1723 917 1725 859 1617 859 1615 917 1726 857 1613 914 1727 918 1727 915 1727 915 1728 918 1728 919 1728 915 1724 919 1729 920 1730 920 1731 919 1731 921 1731 920 1732 921 1733 922 1734 922 1735 921 1735 831 1735 922 1736 831 1737 829 1738 827 1556 923 1739 829 1557 829 1557 923 1739 924 1740 829 1738 924 1741 922 1736 922 1736 924 1741 925 1742 922 1734 925 1743 920 1732 920 1732 925 1743 917 1726 920 1730 917 1725 915 1724 923 1739 853 1605 924 1740 924 1740 853 1605 855 1607 924 1741 855 1609 925 1742 925 1742 855 1609 857 1611 925 1743 857 1613 917 1726 923 1744 827 1566 926 1745 926 1745 827 1566 834 1568 926 1746 834 1570 927 1747 927 1747 834 1570 836 1572 927 1748 836 1574 928 1749 928 1749 836 1574 838 1576 928 1750 838 1578 843 1751 843 1751 838 1578 840 1580 853 1603 923 1744 851 1601 851 1601 923 1744 926 1745 851 1599 926 1746 849 1597 849 1597 926 1746 927 1747 849 1595 927 1748 847 1593 847 1593 927 1748 928 1749 847 1591 928 1750 845 1589 845 1589 928 1750 843 1751 916 1723 859 1617 861 1619 863 1623 870 1752 861 1621 861 1621 870 1752 916 1722 870 1752 872 1719 916 1722 909 1711 871 1713 869 1681 909 1711 869 1681 895 1680 907 1707 909 1709 895 1679 907 1707 895 1679 894 1678 905 1701 907 1703 894 1677 905 1701 894 1677 893 1676 903 1697 905 1699 893 1675 903 1697 893 1675 892 1674 901 1693 903 1695 892 1673 901 1693 892 1673 891 1672 899 1689 901 1691 891 1671 899 1689 891 1671 890 1670 896 1685 899 1687 890 1669 896 1685 890 1669 889 1668 929 1753 930 1754 833 1755 833 1755 930 1754 913 1756 833 473 913 1757 931 1758 931 1758 913 1757 932 1759 931 1760 932 1760 933 1760 933 1760 932 1760 934 1760 933 1761 934 1762 935 1763 935 1763 934 1762 936 1764 935 1765 936 1766 937 1767 937 1767 936 1766 938 1768 937 1769 938 1770 939 1771 939 1771 938 1770 940 1772 939 1773 940 1774 941 1773 941 1773 940 1774 942 1774 941 497 942 495 943 495 943 495 942 495 944 497 943 501 944 500 945 499 945 499 944 500 946 1775 945 1776 946 1777 947 1778 947 1778 946 1777 948 1779 947 1780 948 1781 949 1780 949 1780 948 1781 950 1782 949 1783 950 1784 951 1785 951 1785 950 1784 952 1786 951 1787 952 1788 953 1789 953 1789 952 1788 954 1790 953 1791 954 1791 955 1791 930 1792 929 1793 956 1794 956 1794 929 1793 957 1795 956 1796 957 1796 958 1796 956 1797 958 1797 959 1797 959 1798 958 1798 960 1798 959 1799 960 1800 961 1801 961 1801 960 1800 962 1802 961 1803 962 1803 914 1803 953 1804 955 1804 963 1804 963 1805 955 1805 964 1805 963 1806 964 1807 965 1808 965 1808 964 1807 966 1809 965 1810 966 1810 967 1810 906 1811 969 1812 968 1813 969 1812 970 1814 968 1813 969 1812 971 1815 970 1814 911 1816 906 1811 972 1817 906 1811 973 1818 972 1817 906 1811 968 1813 973 1818 912 1819 911 1816 974 1820 911 1816 975 1821 974 1820 911 1816 976 1822 975 1821 913 1823 912 1819 977 1824 912 1819 978 1825 977 1824 912 1819 979 1826 978 1825 977 1824 980 1827 913 1823 980 1827 932 1828 913 1823 980 1827 934 1829 932 1828 980 1827 981 1830 934 1829 981 1830 936 1831 934 1829 981 1830 982 1832 936 1831 982 1832 938 1833 936 1831 982 1832 755 1834 938 1833 755 1834 940 1835 938 1833 755 1834 942 1836 940 1835 755 1834 983 1837 942 1836 983 1837 944 1838 942 1836 983 1837 984 1839 944 1838 984 1839 946 1840 944 1838 984 1839 985 1841 946 1840 985 1841 948 1842 946 1840 985 1841 950 1843 948 1842 985 1841 986 1844 950 1843 986 1844 987 1845 950 1843 986 1844 988 1846 987 1845 988 1846 989 1847 987 1845 989 1847 990 1848 987 1845 990 1848 991 1849 987 1845 990 1848 992 1850 991 1849 992 1850 993 1851 991 1849 993 1851 994 1852 991 1849 994 1852 969 1812 991 1849 994 1852 971 1815 969 1812 979 1826 912 1819 974 1820 976 1822 911 1816 972 1817 832 619 833 1853 995 1854 995 1854 833 1853 931 1855 995 1854 931 1855 996 1856 996 1856 931 1855 933 1857 996 1856 933 1857 935 1858 996 1856 935 1858 997 1859 997 1859 935 1858 937 1860 997 1859 937 1860 998 1861 998 1861 937 1860 939 1862 998 1861 939 1862 999 1863 999 1863 939 1862 941 1864 999 1863 941 1864 1000 1865 1000 1865 941 1864 943 1866 1000 1865 943 1866 1001 1867 1001 1867 943 1866 945 1868 1001 1867 945 1868 947 1869 1001 1867 947 1869 1002 1870 1002 1870 947 1869 949 1871 1002 1870 949 1871 1003 1872 1004 1873 1005 1874 1003 1872 1003 1872 1005 1874 1006 1875 1003 1872 1006 1875 1007 1876 1008 1877 1009 1878 1004 1873 1004 1873 1009 1878 1010 1879 1004 1873 1010 1879 1011 1880 828 1881 780 1882 1008 1877 1008 1877 780 1882 1012 1883 1008 1877 1012 1883 1013 1884 830 1885 1014 1886 828 1881 828 1881 1014 1886 1015 1887 828 1881 1015 1887 1016 1888 832 619 1017 1889 830 1885 830 1885 1017 1889 1018 1890 830 1885 1018 1890 1019 1891 1013 1884 1009 1878 1008 1877 1011 1880 1005 1874 1004 1873 1007 1876 1002 1870 1003 1872 995 1854 1020 1892 832 619 832 619 1020 1892 1021 619 832 619 1021 619 1017 1889 1019 1891 1014 1886 830 1885 1016 1888 780 1882 828 1881 969 1893 906 1894 1022 1895 906 1894 1023 1896 1022 1895 1023 1896 1024 1897 1022 1895 1023 1896 1025 1898 1024 1897 1025 1898 1026 1899 1024 1897 1025 1898 1027 1900 1026 1899 1027 1900 1028 1901 1026 1899 1027 1900 1029 1902 1028 1901 1029 1902 1030 1903 1028 1901 1029 1902 1031 1904 1030 1903 822 1905 824 1906 1032 1907 824 1906 1033 1908 1032 1907 824 1906 1034 1909 1033 1908 1034 1909 1035 1910 1033 1908 1035 1910 1036 1911 1033 1908 1035 1910 1037 1912 1036 1911 1037 1912 1038 1913 1036 1911 1037 1912 1039 1914 1038 1913 1039 1914 1040 1915 1038 1913 1040 1915 1041 1916 1038 1913 1040 1915 1042 1917 1041 1916 1042 1917 1043 1918 1041 1916 1043 1918 1044 1919 1041 1916 1043 1918 1045 1920 1044 1919 1045 1920 1046 1921 1044 1919 1045 1920 1047 1922 1046 1921 1047 1922 1048 1923 1046 1921 1048 1923 1049 1924 1046 1921 1048 1923 1050 1925 1049 1924 1050 1925 1051 1926 1049 1924 1051 1926 1052 1927 1049 1924 1051 1926 1053 1928 1052 1927 1053 1928 1054 1929 1052 1927 1053 1928 1055 1930 1054 1929 1055 1930 1056 1931 1054 1929 1056 1931 1057 1932 1054 1929 1056 1931 1058 1933 1057 1932 1058 1933 1059 1934 1057 1932 1059 1934 1060 1935 1057 1932 1059 1934 1061 1936 1060 1935 1061 1936 1062 1937 1060 1935 1061 1936 1063 1938 1062 1937 1063 1938 1064 1939 1062 1937 1064 1939 678 1940 1062 1937 1064 1939 782 1941 678 1940 782 1941 784 1942 678 1940 784 1942 1065 1943 678 1940 784 1942 786 1944 1065 1943 786 1944 789 1945 1065 1943 789 1945 1066 1946 1065 1943 789 1945 791 1947 1066 1946 791 1947 1067 1948 1066 1946 791 1947 793 1949 1067 1948 793 1949 795 1950 1067 1948 795 1950 1068 1951 1067 1948 795 1950 797 1952 1068 1951 797 1952 799 1953 1068 1951 799 1953 1069 1954 1068 1951 799 1953 801 1955 1069 1954 801 1955 1070 1956 1069 1954 801 1955 803 1957 1070 1956 803 1957 805 1958 1070 1956 805 1958 1071 1959 1070 1956 805 1958 807 1960 1071 1959 807 1960 809 1961 1071 1959 809 1961 1072 1962 1071 1959 809 1961 811 1963 1072 1962 811 1963 1073 1964 1072 1962 811 1963 813 1965 1073 1964 813 1965 815 1966 1073 1964 815 1966 1074 1967 1073 1964 815 1966 817 1968 1074 1967 817 1968 819 1969 1074 1967 819 1969 1075 1970 1074 1967 819 1969 821 1971 1075 1970 821 1971 1032 1907 1075 1970 821 1971 822 1905 1032 1907 828 1972 1008 1973 1076 1974 1008 1973 1077 1975 1076 1974 1077 1975 1078 1976 1076 1974 1078 1976 1079 1977 1076 1974 1078 1976 1080 1978 1079 1977 1080 1978 1081 1979 1079 1977 1080 1978 1082 1980 1081 1979 1082 1980 1083 1981 1081 1979 1082 1980 1084 1982 1083 1981 1084 1982 1085 1983 1083 1981 1086 1984 844 1985 1087 1986 1087 1986 844 1985 842 1987 1087 1986 842 1987 1088 1988 1088 1988 842 1987 1089 1989 1088 1990 1089 1991 1090 1992 1090 1992 1089 1991 1091 1993 1090 1994 1091 1995 1092 1996 1092 1996 1091 1995 1093 1997 1092 1998 1093 1999 1094 2000 1094 2000 1093 1999 1095 2001 1094 2002 1095 2003 1096 2004 1096 2004 1095 2003 1097 2005 1096 2006 1097 2007 1098 2008 1098 2008 1097 2007 1099 2009 1098 2010 1099 2011 1100 2012 1100 2012 1099 2011 1101 2013 1100 2014 1101 2015 1102 2016 1102 2016 1101 2015 1103 2017 1102 2018 1103 2019 1104 2020 1104 2020 1103 2019 1105 2021 1104 2022 1105 2023 1106 2022 1106 2022 1105 2023 1107 2024 1106 2025 1107 2026 1108 2027 1108 2027 1107 2026 1109 2028 1108 2029 1109 2030 1110 2031 1110 2031 1109 2030 1111 2032 1110 2033 1111 2034 1112 2035 1112 2035 1111 2034 1113 2036 1112 2037 1113 2038 1114 2039 1114 2039 1113 2038 1115 2040 1114 2041 1115 2042 1116 2043 1116 2043 1115 2042 1117 2044 1116 2045 1117 2046 1118 2047 1118 2047 1117 2046 1119 2048 1118 2049 1119 2050 1120 2051 1120 2051 1119 2050 1121 2052 1120 2053 1121 2054 1122 2055 1122 2055 1121 2054 1123 2056 1122 2057 1123 2058 888 2059 888 2060 1123 2060 1124 2060 1124 2061 1123 2056 1125 2062 1125 2062 1123 2056 1121 2054 1125 2063 1121 2052 1126 2064 1126 2064 1121 2052 1119 2050 1126 2065 1119 2065 1127 2065 1127 2066 1119 2048 1117 2046 1127 2067 1117 2067 1128 2067 1128 2068 1117 2044 1115 2042 1128 2069 1115 2069 969 2069 969 2070 1115 2040 1113 2038 969 2071 1113 2072 991 2073 991 2074 1113 2075 1129 2076 991 2074 1129 2076 987 2077 987 2077 1129 2076 950 2078 842 1987 1130 2079 1089 1989 1089 2080 1130 2080 1131 2080 1089 1991 1131 2081 1091 1993 1091 2082 1131 2082 1132 2082 1091 1995 1132 2083 1093 1997 1093 2084 1132 2084 1133 2084 1093 1999 1133 2085 1095 2001 1095 2086 1133 2086 1134 2086 1095 2003 1134 2087 1097 2005 1097 2088 1134 2088 1008 2088 1097 2007 1008 2089 1099 2009 1099 2090 1008 2091 1135 2092 1099 2011 1135 2093 1101 2013 1101 2094 1135 2094 1136 2094 1101 2015 1136 2095 1103 2017 1103 2096 1136 2096 1137 2096 1103 2019 1137 2097 1105 2021 1105 2098 1137 2098 1138 2098 1105 2099 1138 2099 1139 2099 1008 2091 1004 2100 1135 2092 1135 2092 1004 2100 1003 2101 1135 2092 1003 2101 949 2102 1105 2023 1139 2103 1107 2024 1107 2104 1139 2104 1140 2104 1107 2105 1140 2105 1141 2105 1107 2026 1141 2106 1109 2028 1109 2107 1141 2107 1142 2107 1109 2030 1142 2108 1111 2032 1111 2109 1142 2109 1129 2109 1111 2034 1129 2110 1113 2036 888 2059 887 2111 1122 2057 1122 2057 887 2111 1143 2112 1122 2055 1143 2113 1120 2053 1120 2053 1143 2113 1144 2114 1120 2051 1144 2115 1118 2049 1118 2049 1144 2115 1145 2116 1118 2047 1145 2117 1116 2045 1116 2045 1145 2117 1146 2118 1116 2043 1146 2119 1114 2041 1114 2041 1146 2119 1147 2120 1114 2039 1147 2121 1112 2037 1112 2037 1147 2121 1148 2122 1112 2035 1148 2123 1110 2033 1110 2033 1148 2123 1149 2124 1110 2031 1149 2125 1108 2029 1108 2029 1149 2125 1150 2126 1108 2027 1150 2127 1106 2025 1106 2025 1150 2127 1151 2128 1106 2022 1151 2129 1104 2022 1104 2022 1151 2129 1152 2130 1104 2020 1152 2131 1102 2018 1102 2018 1152 2131 1153 2132 1102 2016 1153 2133 1100 2014 1100 2014 1153 2133 1154 2134 1100 2012 1154 2135 1098 2010 1098 2010 1154 2135 1155 2136 1098 2008 1155 2137 1096 2006 1096 2006 1155 2137 1156 2138 1096 2004 1156 2139 1094 2002 1094 2002 1156 2139 1157 2140 1094 2000 1157 2141 1092 1998 1092 1998 1157 2141 1158 2142 1092 1996 1158 2143 1090 1994 1090 1994 1158 2143 1159 2144 1090 1992 1159 2145 1088 1990 1088 1990 1159 2145 1087 2146 887 2111 1160 2147 1143 2112 1143 2113 1160 2148 1144 2114 1160 2148 1161 2149 1144 2114 1144 2115 1161 2150 1145 2116 1161 2150 1162 2151 1145 2116 1145 2117 1162 2152 1146 2118 1162 2152 1163 2153 1146 2118 1146 2119 1163 2154 1147 2120 1163 2154 1164 2155 1147 2120 1147 2121 1164 2156 1148 2122 1164 2156 1165 2157 1148 2122 1148 2123 1165 2158 1149 2124 1165 2158 1166 2159 1149 2124 1149 2125 1166 2160 1150 2126 1166 2160 1167 2161 1150 2126 1150 2127 1167 2162 1151 2128 1167 2162 1168 2163 1151 2128 1151 2129 1168 2164 1152 2130 1168 2164 1169 2165 1152 2130 1152 2131 1169 2166 1153 2132 1169 2166 1170 2167 1153 2132 1153 2133 1170 2168 1154 2134 1170 2168 1171 2169 1154 2134 1154 2135 1171 2170 1155 2136 1171 2170 1172 2171 1155 2136 1155 2137 1172 2172 1156 2138 1172 2172 1173 2173 1156 2138 1156 2139 1173 2174 1157 2140 1173 2174 1174 2175 1157 2140 1157 2141 1174 2176 1158 2142 1174 2176 1175 2177 1158 2142 1158 2143 1175 2178 1159 2144 1175 2178 1176 2179 1159 2144 1159 2145 1176 2180 1087 2146 1176 2180 1086 2181 1087 2146 1177 2182 887 2183 783 2184 887 2183 1178 2185 783 2184 887 2183 886 2186 1178 2185 886 2186 1179 2187 1178 2185 886 2186 884 2188 1179 2187 884 2188 1180 2189 1179 2187 884 2188 882 2190 1180 2189 882 2190 1181 2191 1180 2189 882 2190 880 2192 1181 2191 880 2192 1182 2193 1181 2191 880 2192 878 2194 1182 2193 878 2194 1183 2195 1182 2193 878 2194 876 2196 1183 2195 876 2196 1184 2197 1183 2195 876 2196 866 2198 1184 2197 866 2198 1185 2199 1184 2197 866 2198 865 2200 1185 2199 865 2200 1186 2201 1185 2199 865 2200 864 2202 1186 2201 864 2202 1187 2203 1186 2201 864 2202 862 2204 1187 2203 862 2204 1188 2205 1187 2203 862 2204 860 2206 1188 2205 860 2206 1189 2207 1188 2205 860 2206 858 2208 1189 2207 858 2208 1190 2209 1189 2207 858 2208 856 2210 1190 2209 856 2210 1191 2211 1190 2209 856 2210 1192 2212 1191 2211 856 2210 854 2213 1192 2212 854 2213 1193 2214 1192 2212 854 2213 852 2215 1193 2214 852 2215 1194 2216 1193 2214 852 2215 850 2217 1194 2216 850 2217 1195 2218 1194 2216 850 2217 848 2219 1195 2218 848 2219 1196 2220 1195 2218 848 2219 846 2221 1196 2220 846 2221 1197 2222 1196 2220 846 2221 844 2223 1197 2222 844 2223 1198 2224 1197 2222 844 2223 1086 2225 1198 2224 1086 2225 1199 2226 1198 2224 1086 2225 1176 2227 1199 2226 1176 2227 1200 2228 1199 2226 1176 2227 1175 2229 1200 2228 1175 2229 1201 2230 1200 2228 1175 2229 1174 2231 1201 2230 1174 2231 1202 2232 1201 2230 1174 2231 1173 2233 1202 2232 1173 2233 1203 2234 1202 2232 1173 2233 1172 2235 1203 2234 1172 2235 1204 2236 1203 2234 1172 2235 1205 2237 1204 2236 1172 2235 1171 2238 1205 2237 1171 2238 1206 2239 1205 2237 1171 2238 1170 2240 1206 2239 1170 2240 1207 2241 1206 2239 1170 2240 1169 2242 1207 2241 1169 2242 1208 2243 1207 2241 1169 2242 1168 2244 1208 2243 1168 2244 1209 2245 1208 2243 1168 2244 1167 2246 1209 2245 1167 2246 1210 2247 1209 2245 1167 2246 1166 2248 1210 2247 1166 2248 1211 2249 1210 2247 1166 2248 1165 2250 1211 2249 1165 2250 1212 2251 1211 2249 1165 2250 1164 2252 1212 2251 1164 2252 1213 2253 1212 2251 1164 2252 1163 2254 1213 2253 1163 2254 1214 2255 1213 2253 1163 2254 1162 2256 1214 2255 1162 2256 1215 2257 1214 2255 1162 2256 1161 2258 1215 2257 1161 2258 1216 2259 1215 2257 1161 2258 1160 2260 1216 2259 1160 2260 1177 2182 1216 2259 1160 2260 887 2183 1177 2182 824 2261 825 2262 1034 2263 1034 2263 825 2262 1217 2264 1034 2265 1217 2266 1035 2267 1035 2267 1217 2266 1218 2268 1035 2269 1218 2270 1219 2271 1035 2269 1219 2271 1037 2272 1037 2273 1219 2274 1220 2275 1037 2273 1220 2275 1039 2276 1039 2277 1220 2278 1221 2279 1039 2277 1221 2279 1040 2280 1040 2281 1221 2282 1222 2283 1040 2281 1222 2283 1042 2284 1042 2285 1222 2286 1223 2287 1042 2285 1223 2287 1043 2288 1043 2289 1223 2290 1224 2291 1043 2289 1224 2291 1045 2292 1045 2293 1224 2294 1225 2295 1045 2293 1225 2295 1047 2296 1047 2297 1225 2298 1226 2299 1047 2297 1226 2299 1048 2300 1048 2301 1226 2302 1227 2303 1048 2301 1227 2303 1050 2304 1050 2305 1227 2306 1228 2307 1050 2305 1228 2307 1051 2308 1051 2309 1228 2310 1229 2311 1051 2309 1229 2311 1053 2312 1053 2313 1229 2314 1230 2315 1053 2313 1230 2315 1055 2316 1055 2317 1230 2318 1231 2319 1055 2317 1231 2319 1056 2320 1056 2321 1231 2322 1232 2323 1056 2321 1232 2323 1058 2324 1058 2325 1232 2326 1233 2327 1058 2325 1233 2327 1059 2328 1059 2329 1233 2330 1234 2331 1059 2329 1234 2331 1061 2332 1061 2333 1234 2334 1235 2335 1061 2333 1235 2335 1063 2336 1063 2337 1235 2338 1064 2339 1064 2339 1235 2338 1236 2340 1064 2341 1236 2342 782 2343 782 2343 1236 2342 783 2344 780 1079 1237 2345 781 2345 1237 2345 1238 1079 781 2345 1237 2346 1239 2347 1238 2348 1237 2346 1240 2349 1239 2347 1240 2350 1241 2351 1239 2352 1240 2350 1242 1084 1241 2351 1242 1086 1243 1087 1241 1088 1242 1086 1244 1086 1243 1087 1244 2353 1245 2354 1243 2355 1244 2353 1246 2356 1245 2354 1246 2357 1247 2358 1245 2359 1246 2357 1248 2360 1247 2358 1248 1096 1249 1097 1247 1098 1248 1096 1250 1099 1249 1097 1250 2361 1251 2362 1249 2363 1250 2361 1252 2364 1251 2362 1252 2365 1253 2366 1251 2367 1252 2365 1254 1103 1253 2366 1254 2368 1255 2369 1253 2370 1254 2368 1256 2371 1255 2369 1256 2372 1257 2372 1255 2372 1256 2372 1258 2372 1257 2372 1258 2373 1259 2374 1257 2375 1258 2373 1260 1112 1259 2374 1260 2376 754 2377 1259 2377 754 2377 755 2376 1259 2377 1261 2378 1262 2379 734 2380 734 2380 1262 2379 1263 2381 734 2380 1263 2381 1264 2382 1264 2383 1263 2384 1265 2385 1264 2383 1265 2385 1266 2386 1266 2387 1265 2388 1267 2389 1266 2387 1267 2389 1268 2390 1268 2391 1267 2392 1269 2393 1269 2393 1267 2392 1270 2392 1269 2394 1270 2395 1271 2396 1271 2396 1270 2395 1272 2397 1271 2398 1272 2399 1273 2400 1273 2400 1272 2399 1274 2401 1273 2402 1274 2403 1275 2404 1275 2404 1274 2403 1276 2405 1275 2406 1276 2407 1277 2408 1277 2408 1276 2407 1278 2409 1277 2410 1278 2411 1279 2412 1279 2412 1278 2411 1280 2413 1279 2414 1280 2415 1281 2416 1281 2416 1280 2415 1282 2417 1281 2418 1282 2419 1283 2420 1283 2420 1282 2419 1284 2421 1283 2422 1284 2423 1285 2424 1285 2424 1284 2423 1286 2425 1285 2426 1286 2427 680 2428 680 2428 1286 2427 1287 2429 680 2428 1287 2429 1288 2430 1288 2431 1287 2432 1289 2433 1288 2431 1289 2433 1290 2434 1290 2435 1289 2436 1291 2437 1290 2435 1291 2437 1292 2438 1292 2439 1291 2440 1293 2441 1293 2441 1291 2440 1294 2442 1293 2443 1294 2444 1295 2445 1295 2445 1294 2444 1296 2446 1295 2447 1296 2448 1297 2449 1297 2449 1296 2448 1298 2450 1297 2451 1298 2405 1299 2452 1299 2452 1298 2405 1300 2453 1299 2454 1300 2455 1301 2456 1301 2456 1300 2455 1302 2457 1301 2458 1302 2459 1303 2460 1303 2460 1302 2459 1304 2461 1303 2462 1304 2463 1305 2464 1305 2464 1304 2463 1306 2465 1305 2466 1306 2467 1307 2468 1307 2468 1306 2467 1308 2469 1307 2470 1308 2471 1261 2472 1261 2472 1308 2471 1262 2473 1292 2438 1309 2474 1290 2435 1290 2434 1309 2475 1310 2476 1290 2434 1310 2476 1288 2431 1288 2430 1310 2477 678 2478 1288 2430 678 2478 680 2428 1309 2475 1311 2479 1310 2476 1310 2477 1311 2480 678 2478 1268 2390 1312 2481 1266 2387 1266 2386 1312 2482 1313 2483 1266 2386 1313 2483 1264 2383 1264 2382 1313 2484 705 2485 1264 2382 705 2485 734 2380 1312 2482 1314 2486 1313 2483 1313 2484 1314 2487 705 2485 1263 2384 1262 2473 1315 2488 1315 2488 1262 2473 1308 2471 1315 2489 1308 2469 1316 2490 1316 2490 1308 2469 1306 2467 1316 2491 1306 2465 1317 2492 1317 2492 1306 2465 1304 2463 1317 2493 1304 2461 1318 2494 1318 2494 1304 2461 1302 2459 1318 2495 1302 2457 1319 2496 1319 2496 1302 2457 1300 2455 1319 2497 1300 2453 1320 2498 1320 2498 1300 2453 1298 2405 1320 2499 1298 2450 1321 2500 1321 2500 1298 2450 1296 2448 1321 2501 1296 2446 1322 2502 1322 2502 1296 2446 1294 2444 1322 2503 1294 2442 1323 2504 1323 2504 1294 2442 1291 2440 1323 2505 1291 2437 1289 2436 1263 2384 1315 2488 1265 2385 1265 2388 1315 2489 1324 2506 1265 2388 1324 2506 1267 2389 1267 2392 1324 2507 1270 2392 1324 2506 1315 2489 1316 2490 1324 2507 1316 2491 1325 2508 1325 2508 1316 2491 1317 2492 1325 2509 1317 2493 1326 2510 1326 2510 1317 2493 1318 2494 1326 2511 1318 2495 1327 2512 1327 2512 1318 2495 1319 2496 1327 2513 1319 2497 1328 2514 1328 2514 1319 2497 1320 2498 1328 2515 1320 2499 1329 2516 1329 2516 1320 2499 1321 2500 1329 2517 1321 2501 1330 2518 1330 2518 1321 2501 1322 2502 1330 2519 1322 2503 1331 2520 1331 2520 1322 2503 1323 2504 1331 2521 1323 2505 1332 2522 1332 2522 1323 2505 1289 2436 1332 2523 1289 2433 1287 2432 1272 2397 1270 2395 1325 2509 1325 2508 1270 2392 1324 2507 1272 2397 1325 2509 1326 2510 1274 2401 1272 2399 1326 2511 1274 2401 1326 2511 1327 2512 1276 2405 1274 2403 1327 2513 1276 2405 1327 2513 1328 2514 1278 2409 1276 2407 1328 2515 1278 2409 1328 2515 1329 2516 1280 2413 1278 2411 1329 2517 1280 2413 1329 2517 1330 2518 1282 2417 1280 2415 1330 2519 1282 2417 1330 2519 1331 2520 1284 2421 1282 2419 1331 2521 1284 2421 1331 2521 1332 2522 1286 2425 1284 2423 1332 2523 1286 2425 1332 2523 1287 2432 1333 2524 705 2525 1334 2526 1334 2526 705 2525 1335 2527 1334 2526 1335 2527 1336 2528 1336 2528 1337 2529 1334 2526 1334 2526 1337 2529 1338 2530 1334 2526 1338 2530 1339 2531 1340 2532 1341 2533 1339 2531 1339 2531 1341 2533 1334 2526 1342 2534 1343 2535 1334 2526 1334 2526 1343 2535 1344 2536 1334 2526 1344 2536 1345 2537 1343 2535 1342 2534 1346 2538 1346 2538 1342 2534 1347 2539 1346 2538 1347 2539 1348 2540 1348 2540 1347 2539 1349 2541 1348 2540 1349 2541 1350 2542 1350 2542 1349 2541 1351 2543 1350 2542 1351 2543 1352 2544 1345 2537 1353 2545 1334 2526 1334 2526 1353 2545 1354 2546 1334 2526 1354 2546 1355 2547 1355 2547 1356 2548 1334 2526 1334 2526 1356 2548 1333 2524 678 2549 1301 2550 711 2551 1217 2552 810 2553 1235 2554 1189 2555 1205 2556 1180 2557 1250 2558 1237 2559 767 2560 89 2561 81 2562 571 2563 0 2564 618 2565 57 2566 138 2567 122 2568 557 2569 968 1813 993 1851 988 1846 1046 1921 1065 1943 1073 1964 318 582 328 601 338 614 1271 2570 680 2571 695 2572 27 2573 598 2574 7 2575 534 2576 509 2577 525 2578 1011 1880 780 1882 1020 1892 576 2579 82 2580 98 2581 290 540 315 576 77 559 1140 2582 1138 2583 1137 2584 1257 2585 758 2586 770 2587 914 2588 874 2589 873 2590 461 2591 451 2592 462 2593 350 632 352 634 347 629 374 658 384 668 390 682 289 2594 460 2595 459 2596 914 2597 831 2598 918 2599 236 2600 196 2601 195 2602 236 2603 153 2604 240 2605 722 2606 724 2607 726 2608 726 2608 728 2609 678 2549 678 2549 1311 2610 1309 2611 1309 2611 1292 2612 678 2549 1292 2612 1293 2613 678 2549 1293 2613 1295 2614 1297 2615 1297 2615 1299 2616 1301 2550 1301 2550 1303 2617 1305 2618 1305 2618 1307 2619 1261 2620 1261 2620 734 2621 711 2551 734 2621 735 2622 711 2551 735 2622 732 2623 711 2551 711 2551 712 2624 718 2625 712 2624 714 2626 718 2625 714 2626 716 2627 718 2625 718 2625 720 2628 722 2606 722 2606 726 2608 678 2549 1293 2613 1297 2615 678 2549 1297 2615 1301 2550 678 2549 1301 2550 1305 2618 711 2551 1305 2618 1261 2620 711 2551 718 2625 722 2606 678 2549 711 2551 718 2625 678 2549 1229 2629 1228 2630 1227 2631 1227 2631 1226 2632 1229 2629 1226 2632 1225 2633 1229 2629 1225 2633 1224 2634 1223 2635 1223 2635 1222 2636 1221 2637 1221 2637 1220 2638 1219 2639 1219 2639 1218 2640 1221 2637 1218 2640 1217 2552 1221 2637 1217 2552 825 2641 823 2642 823 2642 820 2643 818 2644 818 2644 816 2645 814 2646 814 2646 812 2647 818 2644 812 2647 810 2553 818 2644 810 2553 808 2648 806 2649 806 2649 804 2650 802 2651 802 2651 800 2652 798 2653 798 2653 796 2654 802 2651 796 2654 794 2655 802 2651 794 2655 792 2656 787 2657 792 2656 790 2658 787 2657 790 2658 788 2659 787 2657 787 2657 785 2660 783 2661 783 2661 1236 2662 1235 2554 1235 2554 1234 2663 1233 2664 1233 2664 1232 2665 1231 2666 1231 2666 1230 2667 1225 2633 1230 2667 1229 2629 1225 2633 1225 2633 1223 2635 1217 2552 1223 2635 1221 2637 1217 2552 1217 2552 823 2642 810 2553 823 2642 818 2644 810 2553 810 2553 806 2649 794 2655 806 2649 802 2651 794 2655 787 2657 783 2661 1235 2554 1235 2554 1233 2664 1225 2633 1233 2664 1231 2666 1225 2633 794 2655 787 2657 810 2553 787 2657 1235 2554 810 2553 1225 2633 1217 2552 1235 2554 1187 2668 1188 2669 1186 2670 1188 2669 1189 2555 1186 2670 1189 2555 1190 2671 1193 2672 1190 2671 1191 2673 1193 2672 1191 2673 1192 2674 1193 2672 1193 2672 1194 2675 1195 2676 1195 2676 1196 2677 1193 2672 1196 2677 1197 2678 1193 2672 1197 2678 1198 2679 1199 2680 1199 2680 1200 2681 1201 2682 1201 2682 1202 2683 1203 2684 1203 2684 1204 2685 1201 2682 1204 2685 1205 2556 1201 2682 1205 2556 1206 2686 1207 2687 1207 2687 1208 2688 1205 2556 1208 2688 1209 2689 1205 2556 1209 2689 1210 2690 1211 2691 1211 2691 1212 2692 1213 2693 1213 2693 1214 2694 1215 2695 1215 2695 1216 2696 1177 2697 1177 2697 783 2698 1180 2557 783 2698 1178 2699 1180 2557 1178 2699 1179 2700 1180 2557 1180 2557 1181 2701 1182 2702 1182 2702 1183 2703 1184 2704 1184 2704 1185 2705 1186 2670 1197 2678 1199 2680 1205 2556 1199 2680 1201 2682 1205 2556 1209 2689 1211 2691 1205 2556 1211 2691 1213 2693 1205 2556 1213 2693 1215 2695 1177 2697 1180 2557 1182 2702 1184 2704 1184 2704 1186 2670 1180 2557 1186 2670 1189 2555 1180 2557 1189 2555 1193 2672 1205 2556 1193 2672 1197 2678 1205 2556 1213 2693 1177 2697 1205 2556 1177 2697 1180 2557 1205 2556 1246 2706 1244 2707 1242 2708 1242 2708 1240 2709 1237 2559 1237 2559 780 2710 779 2711 779 2711 777 546 1237 2559 777 546 775 2712 1237 2559 775 2712 773 2713 771 2714 771 2714 769 2715 767 2560 767 2560 765 2716 763 2717 763 2717 761 546 767 2560 761 546 759 2718 767 2560 759 2718 756 2719 754 2720 754 2720 1260 2721 759 2718 1260 2721 1258 2722 759 2718 1258 2722 1256 546 1254 2723 1254 2723 1252 2724 1258 2722 1252 2724 1250 2558 1258 2722 1250 2558 1248 546 1246 2706 1246 2706 1242 2708 1250 2558 1242 2708 1237 2559 1250 2558 775 2712 771 2714 767 2560 1237 2559 775 2712 767 2560 767 2560 759 2718 1258 2722 1258 2722 1250 2558 767 2560 558 2725 102 2726 101 2727 101 2727 99 2728 558 2725 99 2728 97 2729 558 2725 97 2729 95 2730 89 2561 95 2730 93 2731 89 2561 93 2731 91 2715 89 2561 89 2561 87 2732 81 2562 87 2732 85 2733 81 2562 85 2733 83 2734 81 2562 81 2562 78 546 76 2735 76 2735 581 2736 579 2737 579 2737 577 2738 571 2563 577 2738 575 546 571 2563 575 546 573 546 571 2563 571 2563 569 2739 567 2740 567 2740 565 2741 563 2742 563 2742 561 2743 97 2729 561 2743 558 2725 97 2729 81 2562 76 2735 571 2563 76 2735 579 2737 571 2563 571 2563 567 2740 97 2729 567 2740 563 2742 97 2729 97 2729 89 2561 571 2563 630 2744 613 2745 614 2746 614 2746 616 2747 618 2565 618 2565 620 2748 622 2749 622 2749 624 2750 626 2751 626 2751 628 2752 582 2753 582 2753 56 2754 626 2751 56 2754 57 2566 626 2751 57 2566 54 2755 36 2756 54 2755 33 2757 36 2756 33 2757 34 2758 36 2756 36 2756 38 2759 40 2760 40 2760 42 2761 44 2762 44 2762 46 2763 0 2564 46 2763 48 2764 0 2564 48 2764 50 2765 0 2564 0 2564 632 2766 630 2744 630 2744 614 2746 0 2564 614 2746 618 2565 0 2564 618 2565 622 2749 626 2751 36 2756 40 2760 57 2566 40 2760 44 2762 57 2566 618 2565 626 2751 57 2566 44 2762 0 2564 57 2566 110 2767 109 2768 557 2569 109 2768 107 2769 557 2569 107 2769 105 2770 557 2569 557 2569 556 2771 553 2772 556 2771 555 2773 553 2772 555 2773 554 2774 553 2772 553 2772 552 2775 551 2776 551 2776 550 2777 549 2778 549 2778 548 2779 547 2780 547 2780 546 2781 549 2778 546 2781 545 2782 549 2778 545 2782 544 2783 543 2784 543 2784 542 2785 541 2786 541 2786 540 2787 539 2788 539 2788 538 2789 147 2790 147 2790 145 2791 142 2792 142 2792 140 2793 138 2567 138 2567 136 2794 134 2795 134 2795 132 2796 130 2797 130 2797 128 2798 122 2568 128 2798 126 2799 122 2568 126 2799 124 2800 122 2568 122 2568 120 2801 118 2802 118 2802 116 2803 114 2804 114 2804 112 2805 110 2767 553 2772 551 2776 557 2569 551 2776 549 2778 557 2569 545 2782 543 2784 549 2778 543 2784 541 2786 549 2778 541 2786 539 2788 138 2567 539 2788 147 2790 138 2567 147 2790 142 2792 138 2567 138 2567 134 2795 130 2797 122 2568 118 2802 557 2569 118 2802 114 2804 557 2569 114 2804 110 2767 557 2569 138 2567 130 2797 122 2568 557 2569 549 2778 541 2786 541 2786 138 2567 557 2569 981 1830 980 1827 977 1824 977 1824 978 1825 979 1826 979 1826 974 1820 977 1824 974 1820 975 1821 977 1824 975 1821 976 1822 972 1817 972 1817 973 1818 975 1821 973 1818 968 1813 975 1821 968 1813 970 1814 993 1851 970 1814 971 1815 993 1851 971 1815 994 1852 993 1851 993 1851 992 1850 990 1848 990 1848 989 1847 988 1846 988 1846 986 1844 985 1841 985 1841 984 1839 988 1846 984 1839 983 1837 988 1846 983 1837 755 1834 982 1832 982 1832 981 1830 977 1824 993 1851 990 1848 988 1846 983 1837 982 1832 988 1846 982 1832 977 1824 988 1846 977 1824 975 1821 988 1846 975 1821 968 1813 988 1846 1041 1916 1044 1919 1038 1913 1044 1919 1046 1921 1038 1913 1046 1921 1049 1924 1052 1927 1052 1927 1054 1929 1046 1921 1054 1929 1057 1932 1046 1921 1057 1932 1060 1935 1062 1937 1062 1937 678 1940 1057 1932 678 1940 1065 1943 1057 1932 1065 1943 1066 1946 1069 1954 1066 1946 1067 1948 1069 1954 1067 1948 1068 1951 1069 1954 1069 1954 1070 1956 1071 1959 1071 1959 1072 1962 1073 1964 1073 1964 1074 1967 1033 1908 1074 1967 1075 1970 1033 1908 1075 1970 1032 1907 1033 1908 1033 1908 1036 1911 1038 1913 1069 1954 1071 1959 1065 1943 1071 1959 1073 1964 1065 1943 1033 1908 1038 1913 1073 1964 1038 1913 1046 1921 1073 1964 1046 1921 1057 1932 1065 1943 342 618 317 580 318 582 318 582 319 585 322 591 319 585 320 587 322 591 320 587 321 589 322 591 322 591 323 593 324 596 324 596 329 602 328 601 328 601 327 600 333 606 333 606 332 605 331 604 331 604 335 610 334 609 334 609 102 608 331 604 102 608 338 614 331 604 338 614 337 613 336 612 336 612 341 617 340 616 340 616 339 615 343 619 343 619 342 618 340 616 342 618 318 582 340 616 322 591 324 596 318 582 324 596 328 601 318 582 328 601 333 606 338 614 333 606 331 604 338 614 338 614 336 612 318 582 336 612 340 616 318 582 1314 2806 1312 2807 1268 2808 1268 2808 1269 2809 1271 2570 1271 2570 1273 2810 1275 2811 1275 2811 1277 2812 1271 2570 1277 2812 1279 2813 1271 2570 1279 2813 1281 2814 680 2571 1281 2814 1283 2815 680 2571 1283 2815 1285 2816 680 2571 680 2571 682 2817 683 2818 683 2818 685 2819 680 2571 685 2819 687 2820 680 2571 687 2820 689 2821 691 2822 691 2822 693 2823 695 2572 695 2572 697 2824 699 2825 699 2825 701 2826 703 2827 703 2827 705 2828 1271 2570 705 2828 1314 2806 1271 2570 1314 2806 1268 2808 1271 2570 687 2820 691 2822 680 2571 691 2822 695 2572 680 2571 695 2572 699 2825 1271 2570 699 2825 703 2827 1271 2570 1271 2570 1279 2813 680 2571 19 2829 21 2830 27 2573 21 2830 23 2831 27 2573 23 2831 25 2832 27 2573 27 2573 635 2833 633 2834 633 2834 589 2835 27 2573 589 2835 590 2836 27 2573 590 2836 592 2837 598 2574 592 2837 594 2838 598 2574 594 2838 596 2839 598 2574 598 2574 600 2840 602 2841 602 2841 604 2842 598 2574 604 2842 606 2843 598 2574 606 2843 2 2844 7 2575 2 2844 4 2845 7 2575 4 2845 5 2846 7 2575 7 2575 9 2847 15 2848 9 2847 11 2849 15 2848 11 2849 13 2850 15 2848 15 2848 17 2851 19 2829 15 2848 19 2829 7 2575 19 2829 27 2573 7 2575 27 2573 590 2836 598 2574 598 2574 606 2843 7 2575 532 2852 533 2853 534 2576 534 2576 535 2854 498 2855 535 2854 536 2856 498 2855 536 2856 537 2857 498 2855 498 2855 105 2858 499 2859 499 2859 500 2860 498 2855 500 2860 501 2861 498 2855 501 2861 502 2862 505 2863 502 2862 503 2864 505 2863 503 2864 504 2865 505 2863 505 2863 506 2866 507 2867 507 2867 508 2868 509 2577 509 2577 510 2869 513 2870 510 2869 511 2871 513 2870 511 2871 512 2872 513 2870 513 2870 514 2873 515 2874 515 2874 516 2875 513 2870 516 2875 517 2876 513 2870 517 2876 518 2877 519 2878 519 2878 520 2879 517 2876 520 2879 521 2880 517 2876 521 2880 522 2881 523 2882 523 2882 524 2883 521 2880 524 2883 525 2578 521 2880 525 2578 526 2884 527 2885 527 2885 528 2886 525 2578 528 2886 529 2887 525 2578 529 2887 530 2888 531 2889 531 2889 532 2852 529 2887 532 2852 534 2576 529 2887 505 2863 507 2867 509 2577 534 2576 498 2855 509 2577 498 2855 501 2861 509 2577 501 2861 505 2863 509 2577 509 2577 513 2870 525 2578 513 2870 517 2876 525 2578 517 2876 521 2880 525 2578 525 2578 529 2887 534 2576 1013 1884 1012 1883 1009 1878 1012 1883 780 1882 1009 1878 780 1882 1016 1888 1015 1887 1015 1887 1014 1886 780 1882 1014 1886 1019 1891 780 1882 1019 1891 1018 1890 1017 1889 1017 1889 1021 619 1019 1891 1021 619 1020 1892 1019 1891 1020 1892 995 1854 998 1861 995 1854 996 1856 998 1861 996 1856 997 1859 998 1861 998 1861 999 1863 1000 1865 1000 1865 1001 1867 998 1861 1001 1867 1002 1870 998 1861 1002 1870 1007 1876 1011 1880 1007 1876 1006 1875 1011 1880 1006 1875 1005 1874 1011 1880 1011 1880 1010 1879 780 1882 1010 1879 1009 1878 780 1882 780 1882 1019 1891 1020 1892 1020 1892 998 1861 1002 1870 1002 1870 1011 1880 1020 1892 580 2890 77 2891 79 2892 79 2892 80 619 82 2580 82 2580 84 619 86 619 86 619 88 619 82 2580 88 619 90 2893 82 2580 90 2893 92 619 94 2894 94 2894 96 2895 98 2581 98 2581 100 2896 560 2897 100 2896 103 2898 560 2897 103 2898 559 2899 560 2897 560 2897 562 619 564 619 564 619 566 619 560 2897 566 619 568 2900 560 2897 568 2900 570 2901 576 2579 570 2901 572 2902 576 2579 572 2902 574 2903 576 2579 576 2579 578 2904 580 2890 580 2890 79 2892 576 2579 79 2892 82 2580 576 2579 90 2893 94 2894 82 2580 94 2894 98 2581 82 2580 98 2581 560 2897 568 2900 568 2900 576 2579 98 2581 306 564 305 562 77 559 77 559 304 557 303 555 303 555 302 552 77 559 302 552 299 551 77 559 299 551 300 546 301 546 301 546 296 547 297 548 297 548 298 549 290 540 298 549 294 544 290 540 294 544 295 545 290 540 290 540 292 541 293 542 293 542 316 577 290 540 316 577 315 576 290 540 315 576 314 575 312 573 312 573 311 572 310 571 310 571 308 569 307 566 307 566 306 564 310 571 306 564 77 559 310 571 299 551 301 546 77 559 301 546 297 548 77 559 315 576 312 573 77 559 312 573 310 571 77 559 297 548 290 540 77 559 966 2905 964 2906 952 2907 964 2906 955 2908 952 2907 952 2907 950 2909 1129 2910 952 2907 1129 2910 967 2911 1129 2910 1142 2912 967 2911 955 2908 954 2913 952 2907 967 2911 966 2905 952 2907 963 2914 965 2915 967 2911 1135 2916 949 2917 951 2918 1136 2919 1135 2916 953 2920 1135 2916 951 2918 953 2920 953 2920 963 2914 967 2911 1137 2584 1136 2919 1140 2582 1136 2919 953 2920 967 2911 1142 2912 1136 2919 967 2911 1136 2919 1142 2912 1141 2921 1140 2582 1139 2922 1138 2583 1136 2919 1141 2921 1140 2582 762 2923 764 619 766 2924 766 2924 768 2925 770 2587 770 2587 772 619 774 2926 774 2926 776 2927 778 2928 778 2928 781 619 1238 619 1238 619 1239 2929 778 2928 1239 2929 1241 2930 778 2928 1241 2930 1243 2931 1249 2932 1243 2931 1245 2933 1249 2932 1245 2933 1247 2934 1249 2932 1249 2932 1251 2935 1257 2585 1251 2935 1253 2936 1257 2585 1253 2936 1255 2937 1257 2585 1257 2585 1259 2938 755 2939 755 2939 757 619 1257 2585 757 619 758 2586 1257 2585 758 2586 760 619 762 2923 762 2923 766 2924 758 2586 766 2924 770 2587 758 2586 770 2587 774 2926 1241 2930 774 2926 778 2928 1241 2930 1241 2930 1249 2932 770 2587 1249 2932 1257 2585 770 2587 908 2940 913 2941 930 2942 956 2943 959 2944 961 2945 908 2940 930 2942 956 2943 910 2946 908 2940 956 2943 956 2943 961 2945 910 2946 961 2945 914 2588 910 2946 873 2590 910 2946 914 2588 289 2947 288 2948 451 2592 288 2948 286 2949 451 2592 286 2949 277 2950 451 2592 277 2950 276 2951 451 2592 276 2951 274 2952 272 2953 276 2951 272 2953 451 2592 289 2947 451 2592 461 2591 451 2592 463 2954 462 2593 345 623 228 621 226 2955 226 2955 224 2956 219 2957 224 2956 222 2958 219 2957 222 2958 220 2959 219 2957 219 2957 210 2960 446 2961 446 2961 447 2962 448 2963 448 2963 449 2964 450 2965 450 2965 291 620 344 622 448 2963 450 2965 344 622 219 2957 446 2961 344 622 446 2961 448 2963 344 622 345 623 226 2955 219 2957 345 623 219 2957 344 622 351 633 349 630 353 635 349 630 347 629 353 635 345 625 346 627 348 628 352 634 353 635 347 629 345 625 348 628 347 626 348 631 350 632 347 629 388 677 389 679 390 682 390 682 391 685 392 687 392 687 393 690 394 693 394 693 395 695 396 698 396 698 397 701 354 638 354 638 355 639 358 642 358 642 360 644 354 638 360 644 363 647 354 638 363 647 366 650 368 652 368 652 371 655 363 647 371 655 374 658 363 647 374 658 376 660 379 663 379 663 382 666 374 658 382 666 384 668 374 658 384 668 0 671 390 682 0 671 387 674 390 682 387 674 388 677 390 682 390 682 392 687 394 693 394 693 396 698 354 638 390 682 394 693 374 658 394 693 354 638 374 658 354 638 363 647 374 658 285 2966 287 2967 289 2594 457 2968 271 2969 273 2970 458 2971 457 2968 275 2972 457 2968 273 2970 275 2972 275 2972 285 2966 458 2971 285 2966 289 2594 458 2971 459 2596 458 2971 289 2594 958 2973 957 2974 929 2975 929 2975 833 2976 831 2598 958 2973 929 2975 831 2598 962 2977 960 2978 831 2598 960 2978 958 2973 831 2598 914 2597 962 2977 831 2598 921 2979 919 2980 831 2598 919 2980 918 2599 831 2598 278 2981 281 2982 236 2600 281 2982 283 2983 236 2600 230 2984 235 2985 252 2986 232 2987 230 2984 278 2981 230 2984 252 2986 278 2981 232 2987 278 2981 236 2600 195 2602 232 2987 236 2600 280 2988 279 2989 251 2990 251 2990 155 2991 153 2604 280 2988 251 2990 153 2604 284 2992 282 2993 153 2604 282 2993 280 2988 153 2604 236 2603 284 2992 153 2604 243 2994 241 2995 153 2604 241 2995 240 2605 153 2604</p>
        </triangles>
      </mesh>
    </geometry>
  </library_geometries>
  <library_visual_scenes>
    <visual_scene id="Scene" name="Scene">
      <node id="BucketCylinder_001" name="BucketCylinder.001" type="NODE">
        <matrix sid="transform">1 0 0 0 0 1 0 0 0 0 1 0 0 0 0 1</matrix>
        <instance_geometry url="#wheel_loader_v1_074-mesh" name="BucketCylinder.001">
          <bind_material>
            <technique_common>
              <instance_material symbol="main_color-material" target="#main_color-material"/>
              <instance_material symbol="silver-material" target="#silver-material"/>
            </technique_common>
          </bind_material>
        </instance_geometry>
      </node>
    </visual_scene>
  </library_visual_scenes>
  <scene>
    <instance_visual_scene url="#Scene"/>
  </scene>
</COLLADA>